solid OpenSCAD_Model
  facet normal -0.857698 -0.514154 0
    outer loop
      vertex -4.94169 0.565676 -2
      vertex -5.00224 0.666684 2
      vertex -5.00224 0.666684 -2
    endloop
  endfacet
  facet normal -0.857698 -0.514154 0
    outer loop
      vertex -5.00224 0.666684 2
      vertex -4.94169 0.565676 -2
      vertex -4.94169 0.565676 2
    endloop
  endfacet
  facet normal -0.336939 -0.941527 0
    outer loop
      vertex -5.65166 1.14833 -2
      vertex -5.54078 1.10865 2
      vertex -5.65166 1.14833 2
    endloop
  endfacet
  facet normal -0.336939 -0.941527 -0
    outer loop
      vertex -5.54078 1.10865 2
      vertex -5.65166 1.14833 -2
      vertex -5.54078 1.10865 -2
    endloop
  endfacet
  facet normal 0.336939 -0.941527 0
    outer loop
      vertex -6.45922 1.10865 -2
      vertex -6.34834 1.14833 2
      vertex -6.45922 1.10865 2
    endloop
  endfacet
  facet normal 0.336939 -0.941527 0
    outer loop
      vertex -6.34834 1.14833 2
      vertex -6.45922 1.10865 -2
      vertex -6.34834 1.14833 -2
    endloop
  endfacet
  facet normal 0.903989 -0.427556 0
    outer loop
      vertex -7.10865 0.45922 2
      vertex -7.0583 0.565676 -2
      vertex -7.0583 0.565676 2
    endloop
  endfacet
  facet normal 0.903989 -0.427556 0
    outer loop
      vertex -7.0583 0.565676 -2
      vertex -7.10865 0.45922 2
      vertex -7.10865 0.45922 -2
    endloop
  endfacet
  facet normal -0.998795 0.0490821 0
    outer loop
      vertex -4.80578 -0.11762 -2
      vertex -4.8 0 2
      vertex -4.8 0 -2
    endloop
  endfacet
  facet normal -0.998795 0.0490821 0
    outer loop
      vertex -4.8 0 2
      vertex -4.80578 -0.11762 -2
      vertex -4.80578 -0.11762 2
    endloop
  endfacet
  facet normal -0.0490821 -0.998795 0
    outer loop
      vertex -6 1.2 -2
      vertex -5.88238 1.19422 2
      vertex -6 1.2 2
    endloop
  endfacet
  facet normal -0.0490821 -0.998795 -0
    outer loop
      vertex -5.88238 1.19422 2
      vertex -6 1.2 -2
      vertex -5.88238 1.19422 -2
    endloop
  endfacet
  facet normal -0.514065 -0.857751 0
    outer loop
      vertex -5.43432 1.0583 -2
      vertex -5.33331 0.997763 2
      vertex -5.43432 1.0583 2
    endloop
  endfacet
  facet normal -0.514065 -0.857751 -0
    outer loop
      vertex -5.33331 0.997763 2
      vertex -5.43432 1.0583 -2
      vertex -5.33331 0.997763 -2
    endloop
  endfacet
  facet normal 0.989176 -0.146736 0
    outer loop
      vertex -7.19422 0.11762 2
      vertex -7.17694 0.234108 -2
      vertex -7.17694 0.234108 2
    endloop
  endfacet
  facet normal 0.989176 -0.146736 0
    outer loop
      vertex -7.17694 0.234108 -2
      vertex -7.19422 0.11762 2
      vertex -7.19422 0.11762 -2
    endloop
  endfacet
  facet normal 0.740973 -0.671535 0
    outer loop
      vertex -6.92761 0.761271 2
      vertex -6.84853 0.848528 -2
      vertex -6.84853 0.848528 2
    endloop
  endfacet
  facet normal 0.740973 -0.671535 0
    outer loop
      vertex -6.84853 0.848528 -2
      vertex -6.92761 0.761271 2
      vertex -6.92761 0.761271 -2
    endloop
  endfacet
  facet normal 0.146733 -0.989176 0
    outer loop
      vertex -6.23411 1.17694 -2
      vertex -6.11762 1.19422 2
      vertex -6.23411 1.17694 2
    endloop
  endfacet
  facet normal 0.146733 -0.989176 0
    outer loop
      vertex -6.11762 1.19422 2
      vertex -6.23411 1.17694 -2
      vertex -6.11762 1.19422 -2
    endloop
  endfacet
  facet normal -0.514065 0.857751 0
    outer loop
      vertex -5.33331 -0.997763 -2
      vertex -5.43432 -1.0583 2
      vertex -5.33331 -0.997763 2
    endloop
  endfacet
  facet normal -0.514065 0.857751 0
    outer loop
      vertex -5.43432 -1.0583 2
      vertex -5.33331 -0.997763 -2
      vertex -5.43432 -1.0583 -2
    endloop
  endfacet
  facet normal 0.671541 0.740967 -0
    outer loop
      vertex -6.76127 -0.927612 -2
      vertex -6.84853 -0.848528 2
      vertex -6.76127 -0.927612 2
    endloop
  endfacet
  facet normal 0.671541 0.740967 0
    outer loop
      vertex -6.84853 -0.848528 2
      vertex -6.76127 -0.927612 -2
      vertex -6.84853 -0.848528 -2
    endloop
  endfacet
  facet normal -0.989176 -0.146736 0
    outer loop
      vertex -4.80578 0.11762 -2
      vertex -4.82306 0.234108 2
      vertex -4.82306 0.234108 -2
    endloop
  endfacet
  facet normal -0.989176 -0.146736 0
    outer loop
      vertex -4.82306 0.234108 2
      vertex -4.80578 0.11762 -2
      vertex -4.80578 0.11762 2
    endloop
  endfacet
  facet normal -0.80321 -0.595697 0
    outer loop
      vertex -5.00224 0.666684 -2
      vertex -5.07239 0.761271 2
      vertex -5.07239 0.761271 -2
    endloop
  endfacet
  facet normal -0.80321 -0.595697 0
    outer loop
      vertex -5.07239 0.761271 2
      vertex -5.00224 0.666684 -2
      vertex -5.00224 0.666684 2
    endloop
  endfacet
  facet normal -0.671541 -0.740967 0
    outer loop
      vertex -5.23873 0.927612 -2
      vertex -5.15147 0.848528 2
      vertex -5.23873 0.927612 2
    endloop
  endfacet
  facet normal -0.671541 -0.740967 -0
    outer loop
      vertex -5.15147 0.848528 2
      vertex -5.23873 0.927612 -2
      vertex -5.15147 0.848528 -2
    endloop
  endfacet
  facet normal 0.0490821 -0.998795 0
    outer loop
      vertex -6.11762 1.19422 -2
      vertex -6 1.2 2
      vertex -6.11762 1.19422 2
    endloop
  endfacet
  facet normal 0.0490821 -0.998795 0
    outer loop
      vertex -6 1.2 2
      vertex -6.11762 1.19422 -2
      vertex -6 1.2 -2
    endloop
  endfacet
  facet normal -0.242955 -0.970038 0
    outer loop
      vertex -5.76589 1.17694 -2
      vertex -5.65166 1.14833 2
      vertex -5.76589 1.17694 2
    endloop
  endfacet
  facet normal -0.242955 -0.970038 -0
    outer loop
      vertex -5.65166 1.14833 2
      vertex -5.76589 1.17694 -2
      vertex -5.65166 1.14833 -2
    endloop
  endfacet
  facet normal -0.146733 -0.989176 0
    outer loop
      vertex -5.88238 1.19422 -2
      vertex -5.76589 1.17694 2
      vertex -5.88238 1.19422 2
    endloop
  endfacet
  facet normal -0.146733 -0.989176 -0
    outer loop
      vertex -5.76589 1.17694 2
      vertex -5.88238 1.19422 -2
      vertex -5.76589 1.17694 -2
    endloop
  endfacet
  facet normal -0.427542 -0.903995 0
    outer loop
      vertex -5.54078 1.10865 -2
      vertex -5.43432 1.0583 2
      vertex -5.54078 1.10865 2
    endloop
  endfacet
  facet normal -0.427542 -0.903995 -0
    outer loop
      vertex -5.43432 1.0583 2
      vertex -5.54078 1.10865 -2
      vertex -5.43432 1.0583 -2
    endloop
  endfacet
  facet normal -0.59573 -0.803184 0
    outer loop
      vertex -5.33331 0.997763 -2
      vertex -5.23873 0.927612 2
      vertex -5.33331 0.997763 2
    endloop
  endfacet
  facet normal -0.59573 -0.803184 -0
    outer loop
      vertex -5.23873 0.927612 2
      vertex -5.33331 0.997763 -2
      vertex -5.23873 0.927612 -2
    endloop
  endfacet
  facet normal 0.998795 -0.0490821 0
    outer loop
      vertex -7.2 0 2
      vertex -7.19422 0.11762 -2
      vertex -7.19422 0.11762 2
    endloop
  endfacet
  facet normal 0.998795 -0.0490821 0
    outer loop
      vertex -7.19422 0.11762 -2
      vertex -7.2 0 2
      vertex -7.2 0 -2
    endloop
  endfacet
  facet normal 0.941526 -0.336941 0
    outer loop
      vertex -7.14833 0.348341 2
      vertex -7.10865 0.45922 -2
      vertex -7.10865 0.45922 2
    endloop
  endfacet
  facet normal 0.941526 -0.336941 0
    outer loop
      vertex -7.10865 0.45922 -2
      vertex -7.14833 0.348341 2
      vertex -7.14833 0.348341 -2
    endloop
  endfacet
  facet normal 0.970039 -0.242949 0
    outer loop
      vertex -7.17694 0.234108 2
      vertex -7.14833 0.348341 -2
      vertex -7.14833 0.348341 2
    endloop
  endfacet
  facet normal 0.970039 -0.242949 0
    outer loop
      vertex -7.14833 0.348341 -2
      vertex -7.17694 0.234108 2
      vertex -7.17694 0.234108 -2
    endloop
  endfacet
  facet normal 0.857736 -0.514091 0
    outer loop
      vertex -7.0583 0.565676 2
      vertex -6.99776 0.666684 -2
      vertex -6.99776 0.666684 2
    endloop
  endfacet
  facet normal 0.857736 -0.514091 0
    outer loop
      vertex -6.99776 0.666684 -2
      vertex -7.0583 0.565676 2
      vertex -7.0583 0.565676 -2
    endloop
  endfacet
  facet normal 0.80321 -0.595697 0
    outer loop
      vertex -6.99776 0.666684 2
      vertex -6.92761 0.761271 -2
      vertex -6.92761 0.761271 2
    endloop
  endfacet
  facet normal 0.80321 -0.595697 0
    outer loop
      vertex -6.92761 0.761271 -2
      vertex -6.99776 0.666684 2
      vertex -6.99776 0.666684 -2
    endloop
  endfacet
  facet normal 0.242955 -0.970038 0
    outer loop
      vertex -6.34834 1.14833 -2
      vertex -6.23411 1.17694 2
      vertex -6.34834 1.14833 2
    endloop
  endfacet
  facet normal 0.242955 -0.970038 0
    outer loop
      vertex -6.23411 1.17694 2
      vertex -6.34834 1.14833 -2
      vertex -6.23411 1.17694 -2
    endloop
  endfacet
  facet normal 0.514102 -0.857729 0
    outer loop
      vertex -6.66668 0.997763 -2
      vertex -6.56568 1.0583 2
      vertex -6.66668 0.997763 2
    endloop
  endfacet
  facet normal 0.514102 -0.857729 0
    outer loop
      vertex -6.56568 1.0583 2
      vertex -6.66668 0.997763 -2
      vertex -6.56568 1.0583 -2
    endloop
  endfacet
  facet normal 0.59569 -0.803215 0
    outer loop
      vertex -6.76127 0.927612 -2
      vertex -6.66668 0.997763 2
      vertex -6.76127 0.927612 2
    endloop
  endfacet
  facet normal 0.59569 -0.803215 0
    outer loop
      vertex -6.66668 0.997763 2
      vertex -6.76127 0.927612 -2
      vertex -6.66668 0.997763 -2
    endloop
  endfacet
  facet normal 0.427542 -0.903995 0
    outer loop
      vertex -6.56568 1.0583 -2
      vertex -6.45922 1.10865 2
      vertex -6.56568 1.0583 2
    endloop
  endfacet
  facet normal 0.427542 -0.903995 0
    outer loop
      vertex -6.45922 1.10865 2
      vertex -6.56568 1.0583 -2
      vertex -6.45922 1.10865 -2
    endloop
  endfacet
  facet normal 0.671541 -0.740967 0
    outer loop
      vertex -6.84853 0.848528 -2
      vertex -6.76127 0.927612 2
      vertex -6.84853 0.848528 2
    endloop
  endfacet
  facet normal 0.671541 -0.740967 0
    outer loop
      vertex -6.76127 0.927612 2
      vertex -6.84853 0.848528 -2
      vertex -6.76127 0.927612 -2
    endloop
  endfacet
  facet normal -0.998795 -0.0490821 0
    outer loop
      vertex -4.8 0 -2
      vertex -4.80578 0.11762 2
      vertex -4.80578 0.11762 -2
    endloop
  endfacet
  facet normal -0.998795 -0.0490821 0
    outer loop
      vertex -4.80578 0.11762 2
      vertex -4.8 0 -2
      vertex -4.8 0 2
    endloop
  endfacet
  facet normal -0.970039 0.242949 0
    outer loop
      vertex -4.85167 -0.348341 -2
      vertex -4.82306 -0.234108 2
      vertex -4.82306 -0.234108 -2
    endloop
  endfacet
  facet normal -0.970039 0.242949 0
    outer loop
      vertex -4.82306 -0.234108 2
      vertex -4.85167 -0.348341 -2
      vertex -4.85167 -0.348341 2
    endloop
  endfacet
  facet normal -0.0490821 0.998795 0
    outer loop
      vertex -5.88238 -1.19422 -2
      vertex -6 -1.2 2
      vertex -5.88238 -1.19422 2
    endloop
  endfacet
  facet normal -0.0490821 0.998795 0
    outer loop
      vertex -6 -1.2 2
      vertex -5.88238 -1.19422 -2
      vertex -6 -1.2 -2
    endloop
  endfacet
  facet normal 0.970039 0.242949 0
    outer loop
      vertex -7.14833 -0.348341 2
      vertex -7.17694 -0.234108 -2
      vertex -7.17694 -0.234108 2
    endloop
  endfacet
  facet normal 0.970039 0.242949 0
    outer loop
      vertex -7.17694 -0.234108 -2
      vertex -7.14833 -0.348341 2
      vertex -7.14833 -0.348341 -2
    endloop
  endfacet
  facet normal 0.80321 0.595697 0
    outer loop
      vertex -6.92761 -0.761271 2
      vertex -6.99776 -0.666684 -2
      vertex -6.99776 -0.666684 2
    endloop
  endfacet
  facet normal 0.80321 0.595697 0
    outer loop
      vertex -6.99776 -0.666684 -2
      vertex -6.92761 -0.761271 2
      vertex -6.92761 -0.761271 -2
    endloop
  endfacet
  facet normal -0.146733 0.989176 0
    outer loop
      vertex -5.76589 -1.17694 -2
      vertex -5.88238 -1.19422 2
      vertex -5.76589 -1.17694 2
    endloop
  endfacet
  facet normal -0.146733 0.989176 0
    outer loop
      vertex -5.88238 -1.19422 2
      vertex -5.76589 -1.17694 -2
      vertex -5.88238 -1.19422 -2
    endloop
  endfacet
  facet normal -0.903989 -0.427556 0
    outer loop
      vertex -4.89134 0.45922 -2
      vertex -4.94169 0.565676 2
      vertex -4.94169 0.565676 -2
    endloop
  endfacet
  facet normal -0.903989 -0.427556 0
    outer loop
      vertex -4.94169 0.565676 2
      vertex -4.89134 0.45922 -2
      vertex -4.89134 0.45922 2
    endloop
  endfacet
  facet normal -0.941553 -0.336866 0
    outer loop
      vertex -4.85167 0.348341 -2
      vertex -4.89134 0.45922 2
      vertex -4.89134 0.45922 -2
    endloop
  endfacet
  facet normal -0.941553 -0.336866 0
    outer loop
      vertex -4.89134 0.45922 2
      vertex -4.85167 0.348341 -2
      vertex -4.85167 0.348341 2
    endloop
  endfacet
  facet normal -0.970039 -0.242949 0
    outer loop
      vertex -4.82306 0.234108 -2
      vertex -4.85167 0.348341 2
      vertex -4.85167 0.348341 -2
    endloop
  endfacet
  facet normal -0.970039 -0.242949 0
    outer loop
      vertex -4.85167 0.348341 2
      vertex -4.82306 0.234108 -2
      vertex -4.82306 0.234108 2
    endloop
  endfacet
  facet normal -0.740973 -0.671535 0
    outer loop
      vertex -5.07239 0.761271 -2
      vertex -5.15147 0.848528 2
      vertex -5.15147 0.848528 -2
    endloop
  endfacet
  facet normal -0.740973 -0.671535 0
    outer loop
      vertex -5.15147 0.848528 2
      vertex -5.07239 0.761271 -2
      vertex -5.07239 0.761271 2
    endloop
  endfacet
  facet normal -0.989176 0.146736 0
    outer loop
      vertex -4.82306 -0.234108 -2
      vertex -4.80578 -0.11762 2
      vertex -4.80578 -0.11762 -2
    endloop
  endfacet
  facet normal -0.989176 0.146736 0
    outer loop
      vertex -4.80578 -0.11762 2
      vertex -4.82306 -0.234108 -2
      vertex -4.82306 -0.234108 2
    endloop
  endfacet
  facet normal -0.740973 0.671535 0
    outer loop
      vertex -5.15147 -0.848528 -2
      vertex -5.07239 -0.761271 2
      vertex -5.07239 -0.761271 -2
    endloop
  endfacet
  facet normal -0.740973 0.671535 0
    outer loop
      vertex -5.07239 -0.761271 2
      vertex -5.15147 -0.848528 -2
      vertex -5.15147 -0.848528 2
    endloop
  endfacet
  facet normal -0.80321 0.595697 0
    outer loop
      vertex -5.07239 -0.761271 -2
      vertex -5.00224 -0.666684 2
      vertex -5.00224 -0.666684 -2
    endloop
  endfacet
  facet normal -0.80321 0.595697 0
    outer loop
      vertex -5.00224 -0.666684 2
      vertex -5.07239 -0.761271 -2
      vertex -5.07239 -0.761271 2
    endloop
  endfacet
  facet normal -0.903989 0.427556 0
    outer loop
      vertex -4.94169 -0.565676 -2
      vertex -4.89134 -0.45922 2
      vertex -4.89134 -0.45922 -2
    endloop
  endfacet
  facet normal -0.903989 0.427556 0
    outer loop
      vertex -4.89134 -0.45922 2
      vertex -4.94169 -0.565676 -2
      vertex -4.94169 -0.565676 2
    endloop
  endfacet
  facet normal -0.857698 0.514154 0
    outer loop
      vertex -5.00224 -0.666684 -2
      vertex -4.94169 -0.565676 2
      vertex -4.94169 -0.565676 -2
    endloop
  endfacet
  facet normal -0.857698 0.514154 0
    outer loop
      vertex -4.94169 -0.565676 2
      vertex -5.00224 -0.666684 -2
      vertex -5.00224 -0.666684 2
    endloop
  endfacet
  facet normal 0.941526 0.336941 0
    outer loop
      vertex -7.10865 -0.45922 2
      vertex -7.14833 -0.348341 -2
      vertex -7.14833 -0.348341 2
    endloop
  endfacet
  facet normal 0.941526 0.336941 0
    outer loop
      vertex -7.14833 -0.348341 -2
      vertex -7.10865 -0.45922 2
      vertex -7.10865 -0.45922 -2
    endloop
  endfacet
  facet normal 0.740973 0.671535 0
    outer loop
      vertex -6.84853 -0.848528 2
      vertex -6.92761 -0.761271 -2
      vertex -6.92761 -0.761271 2
    endloop
  endfacet
  facet normal 0.740973 0.671535 0
    outer loop
      vertex -6.92761 -0.761271 -2
      vertex -6.84853 -0.848528 2
      vertex -6.84853 -0.848528 -2
    endloop
  endfacet
  facet normal -0.242955 0.970038 0
    outer loop
      vertex -5.65166 -1.14833 -2
      vertex -5.76589 -1.17694 2
      vertex -5.65166 -1.14833 2
    endloop
  endfacet
  facet normal -0.242955 0.970038 0
    outer loop
      vertex -5.76589 -1.17694 2
      vertex -5.65166 -1.14833 -2
      vertex -5.76589 -1.17694 -2
    endloop
  endfacet
  facet normal -0.427542 0.903995 0
    outer loop
      vertex -5.43432 -1.0583 -2
      vertex -5.54078 -1.10865 2
      vertex -5.43432 -1.0583 2
    endloop
  endfacet
  facet normal -0.427542 0.903995 0
    outer loop
      vertex -5.54078 -1.10865 2
      vertex -5.43432 -1.0583 -2
      vertex -5.54078 -1.10865 -2
    endloop
  endfacet
  facet normal -0.336939 0.941527 0
    outer loop
      vertex -5.54078 -1.10865 -2
      vertex -5.65166 -1.14833 2
      vertex -5.54078 -1.10865 2
    endloop
  endfacet
  facet normal -0.336939 0.941527 0
    outer loop
      vertex -5.65166 -1.14833 2
      vertex -5.54078 -1.10865 -2
      vertex -5.65166 -1.14833 -2
    endloop
  endfacet
  facet normal -0.671541 0.740967 0
    outer loop
      vertex -5.15147 -0.848528 -2
      vertex -5.23873 -0.927612 2
      vertex -5.15147 -0.848528 2
    endloop
  endfacet
  facet normal -0.671541 0.740967 0
    outer loop
      vertex -5.23873 -0.927612 2
      vertex -5.15147 -0.848528 -2
      vertex -5.23873 -0.927612 -2
    endloop
  endfacet
  facet normal -0.941553 0.336866 0
    outer loop
      vertex -4.89134 -0.45922 -2
      vertex -4.85167 -0.348341 2
      vertex -4.85167 -0.348341 -2
    endloop
  endfacet
  facet normal -0.941553 0.336866 0
    outer loop
      vertex -4.85167 -0.348341 2
      vertex -4.89134 -0.45922 -2
      vertex -4.89134 -0.45922 2
    endloop
  endfacet
  facet normal 0.0490821 0.998795 -0
    outer loop
      vertex -6 -1.2 -2
      vertex -6.11762 -1.19422 2
      vertex -6 -1.2 2
    endloop
  endfacet
  facet normal 0.0490821 0.998795 0
    outer loop
      vertex -6.11762 -1.19422 2
      vertex -6 -1.2 -2
      vertex -6.11762 -1.19422 -2
    endloop
  endfacet
  facet normal 0.514102 0.857729 -0
    outer loop
      vertex -6.56568 -1.0583 -2
      vertex -6.66668 -0.997763 2
      vertex -6.56568 -1.0583 2
    endloop
  endfacet
  facet normal 0.514102 0.857729 0
    outer loop
      vertex -6.66668 -0.997763 2
      vertex -6.56568 -1.0583 -2
      vertex -6.66668 -0.997763 -2
    endloop
  endfacet
  facet normal 0.989176 0.146736 0
    outer loop
      vertex -7.17694 -0.234108 2
      vertex -7.19422 -0.11762 -2
      vertex -7.19422 -0.11762 2
    endloop
  endfacet
  facet normal 0.989176 0.146736 0
    outer loop
      vertex -7.19422 -0.11762 -2
      vertex -7.17694 -0.234108 2
      vertex -7.17694 -0.234108 -2
    endloop
  endfacet
  facet normal 0.998795 0.0490821 0
    outer loop
      vertex -7.19422 -0.11762 2
      vertex -7.2 0 -2
      vertex -7.2 0 2
    endloop
  endfacet
  facet normal 0.998795 0.0490821 0
    outer loop
      vertex -7.2 0 -2
      vertex -7.19422 -0.11762 2
      vertex -7.19422 -0.11762 -2
    endloop
  endfacet
  facet normal 0.857736 0.514091 0
    outer loop
      vertex -6.99776 -0.666684 2
      vertex -7.0583 -0.565676 -2
      vertex -7.0583 -0.565676 2
    endloop
  endfacet
  facet normal 0.857736 0.514091 0
    outer loop
      vertex -7.0583 -0.565676 -2
      vertex -6.99776 -0.666684 2
      vertex -6.99776 -0.666684 -2
    endloop
  endfacet
  facet normal 0.903989 0.427556 0
    outer loop
      vertex -7.0583 -0.565676 2
      vertex -7.10865 -0.45922 -2
      vertex -7.10865 -0.45922 2
    endloop
  endfacet
  facet normal 0.903989 0.427556 0
    outer loop
      vertex -7.10865 -0.45922 -2
      vertex -7.0583 -0.565676 2
      vertex -7.0583 -0.565676 -2
    endloop
  endfacet
  facet normal -0.59573 0.803184 0
    outer loop
      vertex -5.23873 -0.927612 -2
      vertex -5.33331 -0.997763 2
      vertex -5.23873 -0.927612 2
    endloop
  endfacet
  facet normal -0.59573 0.803184 0
    outer loop
      vertex -5.33331 -0.997763 2
      vertex -5.23873 -0.927612 -2
      vertex -5.33331 -0.997763 -2
    endloop
  endfacet
  facet normal 0.59569 0.803215 -0
    outer loop
      vertex -6.66668 -0.997763 -2
      vertex -6.76127 -0.927612 2
      vertex -6.66668 -0.997763 2
    endloop
  endfacet
  facet normal 0.59569 0.803215 0
    outer loop
      vertex -6.76127 -0.927612 2
      vertex -6.66668 -0.997763 -2
      vertex -6.76127 -0.927612 -2
    endloop
  endfacet
  facet normal 0.427542 0.903995 -0
    outer loop
      vertex -6.45922 -1.10865 -2
      vertex -6.56568 -1.0583 2
      vertex -6.45922 -1.10865 2
    endloop
  endfacet
  facet normal 0.427542 0.903995 0
    outer loop
      vertex -6.56568 -1.0583 2
      vertex -6.45922 -1.10865 -2
      vertex -6.56568 -1.0583 -2
    endloop
  endfacet
  facet normal 0.146733 0.989176 -0
    outer loop
      vertex -6.11762 -1.19422 -2
      vertex -6.23411 -1.17694 2
      vertex -6.11762 -1.19422 2
    endloop
  endfacet
  facet normal 0.146733 0.989176 0
    outer loop
      vertex -6.23411 -1.17694 2
      vertex -6.11762 -1.19422 -2
      vertex -6.23411 -1.17694 -2
    endloop
  endfacet
  facet normal 0.336939 0.941527 -0
    outer loop
      vertex -6.34834 -1.14833 -2
      vertex -6.45922 -1.10865 2
      vertex -6.34834 -1.14833 2
    endloop
  endfacet
  facet normal 0.336939 0.941527 0
    outer loop
      vertex -6.45922 -1.10865 2
      vertex -6.34834 -1.14833 -2
      vertex -6.45922 -1.10865 -2
    endloop
  endfacet
  facet normal 0.242955 0.970038 -0
    outer loop
      vertex -6.23411 -1.17694 -2
      vertex -6.34834 -1.14833 2
      vertex -6.23411 -1.17694 2
    endloop
  endfacet
  facet normal 0.242955 0.970038 0
    outer loop
      vertex -6.34834 -1.14833 2
      vertex -6.23411 -1.17694 -2
      vertex -6.34834 -1.14833 -2
    endloop
  endfacet
  facet normal -0.998795 -0.0490821 0
    outer loop
      vertex 7.2 0 -2
      vertex 7.19422 0.11762 2
      vertex 7.19422 0.11762 -2
    endloop
  endfacet
  facet normal -0.998795 -0.0490821 0
    outer loop
      vertex 7.19422 0.11762 2
      vertex 7.2 0 -2
      vertex 7.2 0 2
    endloop
  endfacet
  facet normal 0.998795 -0.0490821 0
    outer loop
      vertex 4.8 0 2
      vertex 4.80578 0.11762 -2
      vertex 4.80578 0.11762 2
    endloop
  endfacet
  facet normal 0.998795 -0.0490821 0
    outer loop
      vertex 4.80578 0.11762 -2
      vertex 4.8 0 2
      vertex 4.8 0 -2
    endloop
  endfacet
  facet normal 0.0490821 -0.998795 0
    outer loop
      vertex 5.88238 1.19422 -2
      vertex 6 1.2 2
      vertex 5.88238 1.19422 2
    endloop
  endfacet
  facet normal 0.0490821 -0.998795 0
    outer loop
      vertex 6 1.2 2
      vertex 5.88238 1.19422 -2
      vertex 6 1.2 -2
    endloop
  endfacet
  facet normal -0.0490821 0.998795 0
    outer loop
      vertex 6.11762 -1.19422 -2
      vertex 6 -1.2 2
      vertex 6.11762 -1.19422 2
    endloop
  endfacet
  facet normal -0.0490821 0.998795 0
    outer loop
      vertex 6 -1.2 2
      vertex 6.11762 -1.19422 -2
      vertex 6 -1.2 -2
    endloop
  endfacet
  facet normal -0.671541 -0.740967 0
    outer loop
      vertex 6.76127 0.927612 -2
      vertex 6.84853 0.848528 2
      vertex 6.76127 0.927612 2
    endloop
  endfacet
  facet normal -0.671541 -0.740967 -0
    outer loop
      vertex 6.84853 0.848528 2
      vertex 6.76127 0.927612 -2
      vertex 6.84853 0.848528 -2
    endloop
  endfacet
  facet normal 0.671541 -0.740967 0
    outer loop
      vertex 5.15147 0.848528 -2
      vertex 5.23873 0.927612 2
      vertex 5.15147 0.848528 2
    endloop
  endfacet
  facet normal 0.671541 -0.740967 0
    outer loop
      vertex 5.23873 0.927612 2
      vertex 5.15147 0.848528 -2
      vertex 5.23873 0.927612 -2
    endloop
  endfacet
  facet normal 0.336939 -0.941527 0
    outer loop
      vertex 5.54078 1.10865 -2
      vertex 5.65166 1.14833 2
      vertex 5.54078 1.10865 2
    endloop
  endfacet
  facet normal 0.336939 -0.941527 0
    outer loop
      vertex 5.65166 1.14833 2
      vertex 5.54078 1.10865 -2
      vertex 5.65166 1.14833 -2
    endloop
  endfacet
  facet normal -0.857736 0.514091 0
    outer loop
      vertex 6.99776 -0.666684 -2
      vertex 7.0583 -0.565676 2
      vertex 7.0583 -0.565676 -2
    endloop
  endfacet
  facet normal -0.857736 0.514091 0
    outer loop
      vertex 7.0583 -0.565676 2
      vertex 6.99776 -0.666684 -2
      vertex 6.99776 -0.666684 2
    endloop
  endfacet
  facet normal -0.903989 -0.427556 0
    outer loop
      vertex 7.10865 0.45922 -2
      vertex 7.0583 0.565676 2
      vertex 7.0583 0.565676 -2
    endloop
  endfacet
  facet normal -0.903989 -0.427556 0
    outer loop
      vertex 7.0583 0.565676 2
      vertex 7.10865 0.45922 -2
      vertex 7.10865 0.45922 2
    endloop
  endfacet
  facet normal -0.336939 -0.941527 0
    outer loop
      vertex 6.34834 1.14833 -2
      vertex 6.45922 1.10865 2
      vertex 6.34834 1.14833 2
    endloop
  endfacet
  facet normal -0.336939 -0.941527 -0
    outer loop
      vertex 6.45922 1.10865 2
      vertex 6.34834 1.14833 -2
      vertex 6.45922 1.10865 -2
    endloop
  endfacet
  facet normal -0.514102 -0.857729 0
    outer loop
      vertex 6.56568 1.0583 -2
      vertex 6.66668 0.997763 2
      vertex 6.56568 1.0583 2
    endloop
  endfacet
  facet normal -0.514102 -0.857729 -0
    outer loop
      vertex 6.66668 0.997763 2
      vertex 6.56568 1.0583 -2
      vertex 6.66668 0.997763 -2
    endloop
  endfacet
  facet normal 0.903989 -0.427556 0
    outer loop
      vertex 4.89134 0.45922 2
      vertex 4.94169 0.565676 -2
      vertex 4.94169 0.565676 2
    endloop
  endfacet
  facet normal 0.903989 -0.427556 0
    outer loop
      vertex 4.94169 0.565676 -2
      vertex 4.89134 0.45922 2
      vertex 4.89134 0.45922 -2
    endloop
  endfacet
  facet normal 0.146733 -0.989176 0
    outer loop
      vertex 5.76589 1.17694 -2
      vertex 5.88238 1.19422 2
      vertex 5.76589 1.17694 2
    endloop
  endfacet
  facet normal 0.146733 -0.989176 0
    outer loop
      vertex 5.88238 1.19422 2
      vertex 5.76589 1.17694 -2
      vertex 5.88238 1.19422 -2
    endloop
  endfacet
  facet normal -0.989176 0.146736 0
    outer loop
      vertex 7.17694 -0.234108 -2
      vertex 7.19422 -0.11762 2
      vertex 7.19422 -0.11762 -2
    endloop
  endfacet
  facet normal -0.989176 0.146736 0
    outer loop
      vertex 7.19422 -0.11762 2
      vertex 7.17694 -0.234108 -2
      vertex 7.17694 -0.234108 2
    endloop
  endfacet
  facet normal -0.146733 0.989176 0
    outer loop
      vertex 6.23411 -1.17694 -2
      vertex 6.11762 -1.19422 2
      vertex 6.23411 -1.17694 2
    endloop
  endfacet
  facet normal -0.146733 0.989176 0
    outer loop
      vertex 6.11762 -1.19422 2
      vertex 6.23411 -1.17694 -2
      vertex 6.11762 -1.19422 -2
    endloop
  endfacet
  facet normal -0.970039 -0.242949 0
    outer loop
      vertex 7.17694 0.234108 -2
      vertex 7.14833 0.348341 2
      vertex 7.14833 0.348341 -2
    endloop
  endfacet
  facet normal -0.970039 -0.242949 0
    outer loop
      vertex 7.14833 0.348341 2
      vertex 7.17694 0.234108 -2
      vertex 7.17694 0.234108 2
    endloop
  endfacet
  facet normal -0.989176 -0.146736 0
    outer loop
      vertex 7.19422 0.11762 -2
      vertex 7.17694 0.234108 2
      vertex 7.17694 0.234108 -2
    endloop
  endfacet
  facet normal -0.989176 -0.146736 0
    outer loop
      vertex 7.17694 0.234108 2
      vertex 7.19422 0.11762 -2
      vertex 7.19422 0.11762 2
    endloop
  endfacet
  facet normal -0.941526 -0.336941 0
    outer loop
      vertex 7.14833 0.348341 -2
      vertex 7.10865 0.45922 2
      vertex 7.10865 0.45922 -2
    endloop
  endfacet
  facet normal -0.941526 -0.336941 0
    outer loop
      vertex 7.10865 0.45922 2
      vertex 7.14833 0.348341 -2
      vertex 7.14833 0.348341 2
    endloop
  endfacet
  facet normal -0.80321 -0.595697 0
    outer loop
      vertex 6.99776 0.666684 -2
      vertex 6.92761 0.761271 2
      vertex 6.92761 0.761271 -2
    endloop
  endfacet
  facet normal -0.80321 -0.595697 0
    outer loop
      vertex 6.92761 0.761271 2
      vertex 6.99776 0.666684 -2
      vertex 6.99776 0.666684 2
    endloop
  endfacet
  facet normal -0.740973 -0.671535 0
    outer loop
      vertex 6.92761 0.761271 -2
      vertex 6.84853 0.848528 2
      vertex 6.84853 0.848528 -2
    endloop
  endfacet
  facet normal -0.740973 -0.671535 0
    outer loop
      vertex 6.84853 0.848528 2
      vertex 6.92761 0.761271 -2
      vertex 6.92761 0.761271 2
    endloop
  endfacet
  facet normal -0.857736 -0.514091 0
    outer loop
      vertex 7.0583 0.565676 -2
      vertex 6.99776 0.666684 2
      vertex 6.99776 0.666684 -2
    endloop
  endfacet
  facet normal -0.857736 -0.514091 0
    outer loop
      vertex 6.99776 0.666684 2
      vertex 7.0583 0.565676 -2
      vertex 7.0583 0.565676 2
    endloop
  endfacet
  facet normal -0.146733 -0.989176 0
    outer loop
      vertex 6.11762 1.19422 -2
      vertex 6.23411 1.17694 2
      vertex 6.11762 1.19422 2
    endloop
  endfacet
  facet normal -0.146733 -0.989176 -0
    outer loop
      vertex 6.23411 1.17694 2
      vertex 6.11762 1.19422 -2
      vertex 6.23411 1.17694 -2
    endloop
  endfacet
  facet normal -0.242955 -0.970038 0
    outer loop
      vertex 6.23411 1.17694 -2
      vertex 6.34834 1.14833 2
      vertex 6.23411 1.17694 2
    endloop
  endfacet
  facet normal -0.242955 -0.970038 -0
    outer loop
      vertex 6.34834 1.14833 2
      vertex 6.23411 1.17694 -2
      vertex 6.34834 1.14833 -2
    endloop
  endfacet
  facet normal -0.0490821 -0.998795 0
    outer loop
      vertex 6 1.2 -2
      vertex 6.11762 1.19422 2
      vertex 6 1.2 2
    endloop
  endfacet
  facet normal -0.0490821 -0.998795 -0
    outer loop
      vertex 6.11762 1.19422 2
      vertex 6 1.2 -2
      vertex 6.11762 1.19422 -2
    endloop
  endfacet
  facet normal -0.427542 -0.903995 0
    outer loop
      vertex 6.45922 1.10865 -2
      vertex 6.56568 1.0583 2
      vertex 6.45922 1.10865 2
    endloop
  endfacet
  facet normal -0.427542 -0.903995 -0
    outer loop
      vertex 6.56568 1.0583 2
      vertex 6.45922 1.10865 -2
      vertex 6.56568 1.0583 -2
    endloop
  endfacet
  facet normal -0.59569 -0.803215 0
    outer loop
      vertex 6.66668 0.997763 -2
      vertex 6.76127 0.927612 2
      vertex 6.66668 0.997763 2
    endloop
  endfacet
  facet normal -0.59569 -0.803215 -0
    outer loop
      vertex 6.76127 0.927612 2
      vertex 6.66668 0.997763 -2
      vertex 6.76127 0.927612 -2
    endloop
  endfacet
  facet normal 0.970039 -0.242949 0
    outer loop
      vertex 4.82306 0.234108 2
      vertex 4.85167 0.348341 -2
      vertex 4.85167 0.348341 2
    endloop
  endfacet
  facet normal 0.970039 -0.242949 0
    outer loop
      vertex 4.85167 0.348341 -2
      vertex 4.82306 0.234108 2
      vertex 4.82306 0.234108 -2
    endloop
  endfacet
  facet normal 0.80321 -0.595697 0
    outer loop
      vertex 5.00224 0.666684 2
      vertex 5.07239 0.761271 -2
      vertex 5.07239 0.761271 2
    endloop
  endfacet
  facet normal 0.80321 -0.595697 0
    outer loop
      vertex 5.07239 0.761271 -2
      vertex 5.00224 0.666684 2
      vertex 5.00224 0.666684 -2
    endloop
  endfacet
  facet normal 0.740973 -0.671535 0
    outer loop
      vertex 5.07239 0.761271 2
      vertex 5.15147 0.848528 -2
      vertex 5.15147 0.848528 2
    endloop
  endfacet
  facet normal 0.740973 -0.671535 0
    outer loop
      vertex 5.15147 0.848528 -2
      vertex 5.07239 0.761271 2
      vertex 5.07239 0.761271 -2
    endloop
  endfacet
  facet normal 0.857698 -0.514154 0
    outer loop
      vertex 4.94169 0.565676 2
      vertex 5.00224 0.666684 -2
      vertex 5.00224 0.666684 2
    endloop
  endfacet
  facet normal 0.857698 -0.514154 0
    outer loop
      vertex 5.00224 0.666684 -2
      vertex 4.94169 0.565676 2
      vertex 4.94169 0.565676 -2
    endloop
  endfacet
  facet normal 0.941553 -0.336866 0
    outer loop
      vertex 4.85167 0.348341 2
      vertex 4.89134 0.45922 -2
      vertex 4.89134 0.45922 2
    endloop
  endfacet
  facet normal 0.941553 -0.336866 0
    outer loop
      vertex 4.89134 0.45922 -2
      vertex 4.85167 0.348341 2
      vertex 4.85167 0.348341 -2
    endloop
  endfacet
  facet normal 0.989176 -0.146736 0
    outer loop
      vertex 4.80578 0.11762 2
      vertex 4.82306 0.234108 -2
      vertex 4.82306 0.234108 2
    endloop
  endfacet
  facet normal 0.989176 -0.146736 0
    outer loop
      vertex 4.82306 0.234108 -2
      vertex 4.80578 0.11762 2
      vertex 4.80578 0.11762 -2
    endloop
  endfacet
  facet normal 0.514065 -0.857751 0
    outer loop
      vertex 5.33331 0.997763 -2
      vertex 5.43432 1.0583 2
      vertex 5.33331 0.997763 2
    endloop
  endfacet
  facet normal 0.514065 -0.857751 0
    outer loop
      vertex 5.43432 1.0583 2
      vertex 5.33331 0.997763 -2
      vertex 5.43432 1.0583 -2
    endloop
  endfacet
  facet normal 0.427542 -0.903995 0
    outer loop
      vertex 5.43432 1.0583 -2
      vertex 5.54078 1.10865 2
      vertex 5.43432 1.0583 2
    endloop
  endfacet
  facet normal 0.427542 -0.903995 0
    outer loop
      vertex 5.54078 1.10865 2
      vertex 5.43432 1.0583 -2
      vertex 5.54078 1.10865 -2
    endloop
  endfacet
  facet normal 0.59573 -0.803184 0
    outer loop
      vertex 5.23873 0.927612 -2
      vertex 5.33331 0.997763 2
      vertex 5.23873 0.927612 2
    endloop
  endfacet
  facet normal 0.59573 -0.803184 0
    outer loop
      vertex 5.33331 0.997763 2
      vertex 5.23873 0.927612 -2
      vertex 5.33331 0.997763 -2
    endloop
  endfacet
  facet normal 0.242955 -0.970038 0
    outer loop
      vertex 5.65166 1.14833 -2
      vertex 5.76589 1.17694 2
      vertex 5.65166 1.14833 2
    endloop
  endfacet
  facet normal 0.242955 -0.970038 0
    outer loop
      vertex 5.76589 1.17694 2
      vertex 5.65166 1.14833 -2
      vertex 5.76589 1.17694 -2
    endloop
  endfacet
  facet normal -0.998795 0.0490821 0
    outer loop
      vertex 7.19422 -0.11762 -2
      vertex 7.2 0 2
      vertex 7.2 0 -2
    endloop
  endfacet
  facet normal -0.998795 0.0490821 0
    outer loop
      vertex 7.2 0 2
      vertex 7.19422 -0.11762 -2
      vertex 7.19422 -0.11762 2
    endloop
  endfacet
  facet normal -0.740973 0.671535 0
    outer loop
      vertex 6.84853 -0.848528 -2
      vertex 6.92761 -0.761271 2
      vertex 6.92761 -0.761271 -2
    endloop
  endfacet
  facet normal -0.740973 0.671535 0
    outer loop
      vertex 6.92761 -0.761271 2
      vertex 6.84853 -0.848528 -2
      vertex 6.84853 -0.848528 2
    endloop
  endfacet
  facet normal 0.671541 0.740967 -0
    outer loop
      vertex 5.23873 -0.927612 -2
      vertex 5.15147 -0.848528 2
      vertex 5.23873 -0.927612 2
    endloop
  endfacet
  facet normal 0.671541 0.740967 0
    outer loop
      vertex 5.15147 -0.848528 2
      vertex 5.23873 -0.927612 -2
      vertex 5.15147 -0.848528 -2
    endloop
  endfacet
  facet normal 0.903989 0.427556 0
    outer loop
      vertex 4.94169 -0.565676 2
      vertex 4.89134 -0.45922 -2
      vertex 4.89134 -0.45922 2
    endloop
  endfacet
  facet normal 0.903989 0.427556 0
    outer loop
      vertex 4.89134 -0.45922 -2
      vertex 4.94169 -0.565676 2
      vertex 4.94169 -0.565676 -2
    endloop
  endfacet
  facet normal 0.80321 0.595697 0
    outer loop
      vertex 5.07239 -0.761271 2
      vertex 5.00224 -0.666684 -2
      vertex 5.00224 -0.666684 2
    endloop
  endfacet
  facet normal 0.80321 0.595697 0
    outer loop
      vertex 5.00224 -0.666684 -2
      vertex 5.07239 -0.761271 2
      vertex 5.07239 -0.761271 -2
    endloop
  endfacet
  facet normal -0.970039 0.242949 0
    outer loop
      vertex 7.14833 -0.348341 -2
      vertex 7.17694 -0.234108 2
      vertex 7.17694 -0.234108 -2
    endloop
  endfacet
  facet normal -0.970039 0.242949 0
    outer loop
      vertex 7.17694 -0.234108 2
      vertex 7.14833 -0.348341 -2
      vertex 7.14833 -0.348341 2
    endloop
  endfacet
  facet normal -0.671541 0.740967 0
    outer loop
      vertex 6.84853 -0.848528 -2
      vertex 6.76127 -0.927612 2
      vertex 6.84853 -0.848528 2
    endloop
  endfacet
  facet normal -0.671541 0.740967 0
    outer loop
      vertex 6.76127 -0.927612 2
      vertex 6.84853 -0.848528 -2
      vertex 6.76127 -0.927612 -2
    endloop
  endfacet
  facet normal -0.903989 0.427556 0
    outer loop
      vertex 7.0583 -0.565676 -2
      vertex 7.10865 -0.45922 2
      vertex 7.10865 -0.45922 -2
    endloop
  endfacet
  facet normal -0.903989 0.427556 0
    outer loop
      vertex 7.10865 -0.45922 2
      vertex 7.0583 -0.565676 -2
      vertex 7.0583 -0.565676 2
    endloop
  endfacet
  facet normal -0.80321 0.595697 0
    outer loop
      vertex 6.92761 -0.761271 -2
      vertex 6.99776 -0.666684 2
      vertex 6.99776 -0.666684 -2
    endloop
  endfacet
  facet normal -0.80321 0.595697 0
    outer loop
      vertex 6.99776 -0.666684 2
      vertex 6.92761 -0.761271 -2
      vertex 6.92761 -0.761271 2
    endloop
  endfacet
  facet normal 0.740973 0.671535 0
    outer loop
      vertex 5.15147 -0.848528 2
      vertex 5.07239 -0.761271 -2
      vertex 5.07239 -0.761271 2
    endloop
  endfacet
  facet normal 0.740973 0.671535 0
    outer loop
      vertex 5.07239 -0.761271 -2
      vertex 5.15147 -0.848528 2
      vertex 5.15147 -0.848528 -2
    endloop
  endfacet
  facet normal 0.970039 0.242949 0
    outer loop
      vertex 4.85167 -0.348341 2
      vertex 4.82306 -0.234108 -2
      vertex 4.82306 -0.234108 2
    endloop
  endfacet
  facet normal 0.970039 0.242949 0
    outer loop
      vertex 4.82306 -0.234108 -2
      vertex 4.85167 -0.348341 2
      vertex 4.85167 -0.348341 -2
    endloop
  endfacet
  facet normal 0.941553 0.336866 0
    outer loop
      vertex 4.89134 -0.45922 2
      vertex 4.85167 -0.348341 -2
      vertex 4.85167 -0.348341 2
    endloop
  endfacet
  facet normal 0.941553 0.336866 0
    outer loop
      vertex 4.85167 -0.348341 -2
      vertex 4.89134 -0.45922 2
      vertex 4.89134 -0.45922 -2
    endloop
  endfacet
  facet normal -0.242955 0.970038 0
    outer loop
      vertex 6.34834 -1.14833 -2
      vertex 6.23411 -1.17694 2
      vertex 6.34834 -1.14833 2
    endloop
  endfacet
  facet normal -0.242955 0.970038 0
    outer loop
      vertex 6.23411 -1.17694 2
      vertex 6.34834 -1.14833 -2
      vertex 6.23411 -1.17694 -2
    endloop
  endfacet
  facet normal -0.427542 0.903995 0
    outer loop
      vertex 6.56568 -1.0583 -2
      vertex 6.45922 -1.10865 2
      vertex 6.56568 -1.0583 2
    endloop
  endfacet
  facet normal -0.427542 0.903995 0
    outer loop
      vertex 6.45922 -1.10865 2
      vertex 6.56568 -1.0583 -2
      vertex 6.45922 -1.10865 -2
    endloop
  endfacet
  facet normal -0.336939 0.941527 0
    outer loop
      vertex 6.45922 -1.10865 -2
      vertex 6.34834 -1.14833 2
      vertex 6.45922 -1.10865 2
    endloop
  endfacet
  facet normal -0.336939 0.941527 0
    outer loop
      vertex 6.34834 -1.14833 2
      vertex 6.45922 -1.10865 -2
      vertex 6.34834 -1.14833 -2
    endloop
  endfacet
  facet normal -0.941526 0.336941 0
    outer loop
      vertex 7.10865 -0.45922 -2
      vertex 7.14833 -0.348341 2
      vertex 7.14833 -0.348341 -2
    endloop
  endfacet
  facet normal -0.941526 0.336941 0
    outer loop
      vertex 7.14833 -0.348341 2
      vertex 7.10865 -0.45922 -2
      vertex 7.10865 -0.45922 2
    endloop
  endfacet
  facet normal 0.0490821 0.998795 -0
    outer loop
      vertex 6 -1.2 -2
      vertex 5.88238 -1.19422 2
      vertex 6 -1.2 2
    endloop
  endfacet
  facet normal 0.0490821 0.998795 0
    outer loop
      vertex 5.88238 -1.19422 2
      vertex 6 -1.2 -2
      vertex 5.88238 -1.19422 -2
    endloop
  endfacet
  facet normal 0.514065 0.857751 -0
    outer loop
      vertex 5.43432 -1.0583 -2
      vertex 5.33331 -0.997763 2
      vertex 5.43432 -1.0583 2
    endloop
  endfacet
  facet normal 0.514065 0.857751 0
    outer loop
      vertex 5.33331 -0.997763 2
      vertex 5.43432 -1.0583 -2
      vertex 5.33331 -0.997763 -2
    endloop
  endfacet
  facet normal 0.857698 0.514154 0
    outer loop
      vertex 5.00224 -0.666684 2
      vertex 4.94169 -0.565676 -2
      vertex 4.94169 -0.565676 2
    endloop
  endfacet
  facet normal 0.857698 0.514154 0
    outer loop
      vertex 4.94169 -0.565676 -2
      vertex 5.00224 -0.666684 2
      vertex 5.00224 -0.666684 -2
    endloop
  endfacet
  facet normal 0.989176 0.146736 0
    outer loop
      vertex 4.82306 -0.234108 2
      vertex 4.80578 -0.11762 -2
      vertex 4.80578 -0.11762 2
    endloop
  endfacet
  facet normal 0.989176 0.146736 0
    outer loop
      vertex 4.80578 -0.11762 -2
      vertex 4.82306 -0.234108 2
      vertex 4.82306 -0.234108 -2
    endloop
  endfacet
  facet normal 0.998795 0.0490821 0
    outer loop
      vertex 4.80578 -0.11762 2
      vertex 4.8 0 -2
      vertex 4.8 0 2
    endloop
  endfacet
  facet normal 0.998795 0.0490821 0
    outer loop
      vertex 4.8 0 -2
      vertex 4.80578 -0.11762 2
      vertex 4.80578 -0.11762 -2
    endloop
  endfacet
  facet normal -0.59569 0.803215 0
    outer loop
      vertex 6.76127 -0.927612 -2
      vertex 6.66668 -0.997763 2
      vertex 6.76127 -0.927612 2
    endloop
  endfacet
  facet normal -0.59569 0.803215 0
    outer loop
      vertex 6.66668 -0.997763 2
      vertex 6.76127 -0.927612 -2
      vertex 6.66668 -0.997763 -2
    endloop
  endfacet
  facet normal -0.514102 0.857729 0
    outer loop
      vertex 6.66668 -0.997763 -2
      vertex 6.56568 -1.0583 2
      vertex 6.66668 -0.997763 2
    endloop
  endfacet
  facet normal -0.514102 0.857729 0
    outer loop
      vertex 6.56568 -1.0583 2
      vertex 6.66668 -0.997763 -2
      vertex 6.56568 -1.0583 -2
    endloop
  endfacet
  facet normal 0.146733 0.989176 -0
    outer loop
      vertex 5.88238 -1.19422 -2
      vertex 5.76589 -1.17694 2
      vertex 5.88238 -1.19422 2
    endloop
  endfacet
  facet normal 0.146733 0.989176 0
    outer loop
      vertex 5.76589 -1.17694 2
      vertex 5.88238 -1.19422 -2
      vertex 5.76589 -1.17694 -2
    endloop
  endfacet
  facet normal 0.336939 0.941527 -0
    outer loop
      vertex 5.65166 -1.14833 -2
      vertex 5.54078 -1.10865 2
      vertex 5.65166 -1.14833 2
    endloop
  endfacet
  facet normal 0.336939 0.941527 0
    outer loop
      vertex 5.54078 -1.10865 2
      vertex 5.65166 -1.14833 -2
      vertex 5.54078 -1.10865 -2
    endloop
  endfacet
  facet normal 0.59573 0.803184 -0
    outer loop
      vertex 5.33331 -0.997763 -2
      vertex 5.23873 -0.927612 2
      vertex 5.33331 -0.997763 2
    endloop
  endfacet
  facet normal 0.59573 0.803184 0
    outer loop
      vertex 5.23873 -0.927612 2
      vertex 5.33331 -0.997763 -2
      vertex 5.23873 -0.927612 -2
    endloop
  endfacet
  facet normal 0.427542 0.903995 -0
    outer loop
      vertex 5.54078 -1.10865 -2
      vertex 5.43432 -1.0583 2
      vertex 5.54078 -1.10865 2
    endloop
  endfacet
  facet normal 0.427542 0.903995 0
    outer loop
      vertex 5.43432 -1.0583 2
      vertex 5.54078 -1.10865 -2
      vertex 5.43432 -1.0583 -2
    endloop
  endfacet
  facet normal 0.242955 0.970038 -0
    outer loop
      vertex 5.76589 -1.17694 -2
      vertex 5.65166 -1.14833 2
      vertex 5.76589 -1.17694 2
    endloop
  endfacet
  facet normal 0.242955 0.970038 0
    outer loop
      vertex 5.65166 -1.14833 2
      vertex 5.76589 -1.17694 -2
      vertex 5.65166 -1.14833 -2
    endloop
  endfacet
  facet normal -0.857703 -0.514146 0
    outer loop
      vertex -6.94169 -3.43432 -2
      vertex -7.00224 -3.33331 2
      vertex -7.00224 -3.33331 -2
    endloop
  endfacet
  facet normal -0.857703 -0.514146 0
    outer loop
      vertex -7.00224 -3.33331 2
      vertex -6.94169 -3.43432 -2
      vertex -6.94169 -3.43432 2
    endloop
  endfacet
  facet normal -0.336864 -0.941553 0
    outer loop
      vertex -7.65166 -2.85167 -2
      vertex -7.54078 -2.89134 2
      vertex -7.65166 -2.85167 2
    endloop
  endfacet
  facet normal -0.336864 -0.941553 -0
    outer loop
      vertex -7.54078 -2.89134 2
      vertex -7.65166 -2.85167 -2
      vertex -7.54078 -2.89134 -2
    endloop
  endfacet
  facet normal 0.336864 -0.941553 0
    outer loop
      vertex -8.45922 -2.89134 -2
      vertex -8.34834 -2.85167 2
      vertex -8.45922 -2.89134 2
    endloop
  endfacet
  facet normal 0.336864 -0.941553 0
    outer loop
      vertex -8.34834 -2.85167 2
      vertex -8.45922 -2.89134 -2
      vertex -8.34834 -2.85167 -2
    endloop
  endfacet
  facet normal 0.903995 -0.427542 0
    outer loop
      vertex -9.10865 -3.54078 2
      vertex -9.0583 -3.43432 -2
      vertex -9.0583 -3.43432 2
    endloop
  endfacet
  facet normal 0.903995 -0.427542 0
    outer loop
      vertex -9.0583 -3.43432 -2
      vertex -9.10865 -3.54078 2
      vertex -9.10865 -3.54078 -2
    endloop
  endfacet
  facet normal -0.998795 0.0490821 0
    outer loop
      vertex -6.80578 -4.11762 -2
      vertex -6.8 -4 2
      vertex -6.8 -4 -2
    endloop
  endfacet
  facet normal -0.998795 0.0490821 0
    outer loop
      vertex -6.8 -4 2
      vertex -6.80578 -4.11762 -2
      vertex -6.80578 -4.11762 2
    endloop
  endfacet
  facet normal -0.0490821 -0.998795 0
    outer loop
      vertex -8 -2.8 -2
      vertex -7.88238 -2.80578 2
      vertex -8 -2.8 2
    endloop
  endfacet
  facet normal -0.0490821 -0.998795 -0
    outer loop
      vertex -7.88238 -2.80578 2
      vertex -8 -2.8 -2
      vertex -7.88238 -2.80578 -2
    endloop
  endfacet
  facet normal -0.514146 -0.857703 0
    outer loop
      vertex -7.43432 -2.94169 -2
      vertex -7.33331 -3.00224 2
      vertex -7.43432 -2.94169 2
    endloop
  endfacet
  facet normal -0.514146 -0.857703 -0
    outer loop
      vertex -7.33331 -3.00224 2
      vertex -7.43432 -2.94169 -2
      vertex -7.33331 -3.00224 -2
    endloop
  endfacet
  facet normal 0.989176 -0.146733 0
    outer loop
      vertex -9.19422 -3.88238 2
      vertex -9.17694 -3.76589 -2
      vertex -9.17694 -3.76589 2
    endloop
  endfacet
  facet normal 0.989176 -0.146733 0
    outer loop
      vertex -9.17694 -3.76589 -2
      vertex -9.19422 -3.88238 2
      vertex -9.19422 -3.88238 -2
    endloop
  endfacet
  facet normal 0.740984 -0.671522 0
    outer loop
      vertex -8.92761 -3.23873 2
      vertex -8.84853 -3.15147 -2
      vertex -8.84853 -3.15147 2
    endloop
  endfacet
  facet normal 0.740984 -0.671522 0
    outer loop
      vertex -8.84853 -3.15147 -2
      vertex -8.92761 -3.23873 2
      vertex -8.92761 -3.23873 -2
    endloop
  endfacet
  facet normal 0.146733 -0.989176 0
    outer loop
      vertex -8.23411 -2.82306 -2
      vertex -8.11762 -2.80578 2
      vertex -8.23411 -2.82306 2
    endloop
  endfacet
  facet normal 0.146733 -0.989176 0
    outer loop
      vertex -8.11762 -2.80578 2
      vertex -8.23411 -2.82306 -2
      vertex -8.11762 -2.80578 -2
    endloop
  endfacet
  facet normal -0.514084 0.85774 0
    outer loop
      vertex -7.33331 -4.99776 -2
      vertex -7.43432 -5.0583 2
      vertex -7.33331 -4.99776 2
    endloop
  endfacet
  facet normal -0.514084 0.85774 0
    outer loop
      vertex -7.43432 -5.0583 2
      vertex -7.33331 -4.99776 -2
      vertex -7.43432 -5.0583 -2
    endloop
  endfacet
  facet normal 0.671522 0.740984 -0
    outer loop
      vertex -8.76127 -4.92761 -2
      vertex -8.84853 -4.84853 2
      vertex -8.76127 -4.92761 2
    endloop
  endfacet
  facet normal 0.671522 0.740984 0
    outer loop
      vertex -8.84853 -4.84853 2
      vertex -8.76127 -4.92761 -2
      vertex -8.84853 -4.84853 -2
    endloop
  endfacet
  facet normal 0.903995 0.427542 0
    outer loop
      vertex -9.0583 -4.56568 2
      vertex -9.10865 -4.45922 -2
      vertex -9.10865 -4.45922 2
    endloop
  endfacet
  facet normal 0.903995 0.427542 0
    outer loop
      vertex -9.10865 -4.45922 -2
      vertex -9.0583 -4.56568 2
      vertex -9.0583 -4.56568 -2
    endloop
  endfacet
  facet normal -0.989176 -0.146733 0
    outer loop
      vertex -6.80578 -3.88238 -2
      vertex -6.82306 -3.76589 2
      vertex -6.82306 -3.76589 -2
    endloop
  endfacet
  facet normal -0.989176 -0.146733 0
    outer loop
      vertex -6.82306 -3.76589 2
      vertex -6.80578 -3.88238 -2
      vertex -6.80578 -3.88238 2
    endloop
  endfacet
  facet normal -0.803188 -0.595725 0
    outer loop
      vertex -7.00224 -3.33331 -2
      vertex -7.07239 -3.23873 2
      vertex -7.07239 -3.23873 -2
    endloop
  endfacet
  facet normal -0.803188 -0.595725 0
    outer loop
      vertex -7.07239 -3.23873 2
      vertex -7.00224 -3.33331 -2
      vertex -7.00224 -3.33331 2
    endloop
  endfacet
  facet normal -0.671522 -0.740984 0
    outer loop
      vertex -7.23873 -3.07239 -2
      vertex -7.15147 -3.15147 2
      vertex -7.23873 -3.07239 2
    endloop
  endfacet
  facet normal -0.671522 -0.740984 -0
    outer loop
      vertex -7.15147 -3.15147 2
      vertex -7.23873 -3.07239 -2
      vertex -7.15147 -3.15147 -2
    endloop
  endfacet
  facet normal -0.740984 -0.671522 0
    outer loop
      vertex -7.07239 -3.23873 -2
      vertex -7.15147 -3.15147 2
      vertex -7.15147 -3.15147 -2
    endloop
  endfacet
  facet normal -0.740984 -0.671522 0
    outer loop
      vertex -7.15147 -3.15147 2
      vertex -7.07239 -3.23873 -2
      vertex -7.07239 -3.23873 2
    endloop
  endfacet
  facet normal 0.0490821 -0.998795 0
    outer loop
      vertex -8.11762 -2.80578 -2
      vertex -8 -2.8 2
      vertex -8.11762 -2.80578 2
    endloop
  endfacet
  facet normal 0.0490821 -0.998795 0
    outer loop
      vertex -8 -2.8 2
      vertex -8.11762 -2.80578 -2
      vertex -8 -2.8 -2
    endloop
  endfacet
  facet normal -0.242955 -0.970038 0
    outer loop
      vertex -7.76589 -2.82306 -2
      vertex -7.65166 -2.85167 2
      vertex -7.76589 -2.82306 2
    endloop
  endfacet
  facet normal -0.242955 -0.970038 -0
    outer loop
      vertex -7.65166 -2.85167 2
      vertex -7.76589 -2.82306 -2
      vertex -7.65166 -2.85167 -2
    endloop
  endfacet
  facet normal -0.146733 -0.989176 0
    outer loop
      vertex -7.88238 -2.80578 -2
      vertex -7.76589 -2.82306 2
      vertex -7.88238 -2.80578 2
    endloop
  endfacet
  facet normal -0.146733 -0.989176 -0
    outer loop
      vertex -7.76589 -2.82306 2
      vertex -7.88238 -2.80578 -2
      vertex -7.76589 -2.82306 -2
    endloop
  endfacet
  facet normal -0.427542 -0.903995 0
    outer loop
      vertex -7.54078 -2.89134 -2
      vertex -7.43432 -2.94169 2
      vertex -7.54078 -2.89134 2
    endloop
  endfacet
  facet normal -0.427542 -0.903995 -0
    outer loop
      vertex -7.43432 -2.94169 2
      vertex -7.54078 -2.89134 -2
      vertex -7.43432 -2.94169 -2
    endloop
  endfacet
  facet normal -0.595725 -0.803188 0
    outer loop
      vertex -7.33331 -3.00224 -2
      vertex -7.23873 -3.07239 2
      vertex -7.33331 -3.00224 2
    endloop
  endfacet
  facet normal -0.595725 -0.803188 -0
    outer loop
      vertex -7.23873 -3.07239 2
      vertex -7.33331 -3.00224 -2
      vertex -7.23873 -3.07239 -2
    endloop
  endfacet
  facet normal 0.998795 -0.0490821 0
    outer loop
      vertex -9.2 -4 2
      vertex -9.19422 -3.88238 -2
      vertex -9.19422 -3.88238 2
    endloop
  endfacet
  facet normal 0.998795 -0.0490821 0
    outer loop
      vertex -9.19422 -3.88238 -2
      vertex -9.2 -4 2
      vertex -9.2 -4 -2
    endloop
  endfacet
  facet normal 0.941527 -0.336939 0
    outer loop
      vertex -9.14833 -3.65166 2
      vertex -9.10865 -3.54078 -2
      vertex -9.10865 -3.54078 2
    endloop
  endfacet
  facet normal 0.941527 -0.336939 0
    outer loop
      vertex -9.10865 -3.54078 -2
      vertex -9.14833 -3.65166 2
      vertex -9.14833 -3.65166 -2
    endloop
  endfacet
  facet normal 0.970038 -0.242955 0
    outer loop
      vertex -9.17694 -3.76589 2
      vertex -9.14833 -3.65166 -2
      vertex -9.14833 -3.65166 2
    endloop
  endfacet
  facet normal 0.970038 -0.242955 0
    outer loop
      vertex -9.14833 -3.65166 -2
      vertex -9.17694 -3.76589 2
      vertex -9.17694 -3.76589 -2
    endloop
  endfacet
  facet normal 0.85774 -0.514084 0
    outer loop
      vertex -9.0583 -3.43432 2
      vertex -8.99776 -3.33331 -2
      vertex -8.99776 -3.33331 2
    endloop
  endfacet
  facet normal 0.85774 -0.514084 0
    outer loop
      vertex -8.99776 -3.33331 -2
      vertex -9.0583 -3.43432 2
      vertex -9.0583 -3.43432 -2
    endloop
  endfacet
  facet normal 0.803188 -0.595725 0
    outer loop
      vertex -8.99776 -3.33331 2
      vertex -8.92761 -3.23873 -2
      vertex -8.92761 -3.23873 2
    endloop
  endfacet
  facet normal 0.803188 -0.595725 0
    outer loop
      vertex -8.92761 -3.23873 -2
      vertex -8.99776 -3.33331 2
      vertex -8.99776 -3.33331 -2
    endloop
  endfacet
  facet normal 0.242955 -0.970038 0
    outer loop
      vertex -8.34834 -2.85167 -2
      vertex -8.23411 -2.82306 2
      vertex -8.34834 -2.85167 2
    endloop
  endfacet
  facet normal 0.242955 -0.970038 0
    outer loop
      vertex -8.23411 -2.82306 2
      vertex -8.34834 -2.85167 -2
      vertex -8.23411 -2.82306 -2
    endloop
  endfacet
  facet normal 0.514184 -0.85768 0
    outer loop
      vertex -8.66668 -3.00224 -2
      vertex -8.56568 -2.94169 2
      vertex -8.66668 -3.00224 2
    endloop
  endfacet
  facet normal 0.514184 -0.85768 0
    outer loop
      vertex -8.56568 -2.94169 2
      vertex -8.66668 -3.00224 -2
      vertex -8.56568 -2.94169 -2
    endloop
  endfacet
  facet normal 0.595684 -0.803219 0
    outer loop
      vertex -8.76127 -3.07239 -2
      vertex -8.66668 -3.00224 2
      vertex -8.76127 -3.07239 2
    endloop
  endfacet
  facet normal 0.595684 -0.803219 0
    outer loop
      vertex -8.66668 -3.00224 2
      vertex -8.76127 -3.07239 -2
      vertex -8.66668 -3.00224 -2
    endloop
  endfacet
  facet normal 0.427542 -0.903995 0
    outer loop
      vertex -8.56568 -2.94169 -2
      vertex -8.45922 -2.89134 2
      vertex -8.56568 -2.94169 2
    endloop
  endfacet
  facet normal 0.427542 -0.903995 0
    outer loop
      vertex -8.45922 -2.89134 2
      vertex -8.56568 -2.94169 -2
      vertex -8.45922 -2.89134 -2
    endloop
  endfacet
  facet normal 0.671522 -0.740984 0
    outer loop
      vertex -8.84853 -3.15147 -2
      vertex -8.76127 -3.07239 2
      vertex -8.84853 -3.15147 2
    endloop
  endfacet
  facet normal 0.671522 -0.740984 0
    outer loop
      vertex -8.76127 -3.07239 2
      vertex -8.84853 -3.15147 -2
      vertex -8.76127 -3.07239 -2
    endloop
  endfacet
  facet normal -0.998795 -0.0490821 0
    outer loop
      vertex -6.8 -4 -2
      vertex -6.80578 -3.88238 2
      vertex -6.80578 -3.88238 -2
    endloop
  endfacet
  facet normal -0.998795 -0.0490821 0
    outer loop
      vertex -6.80578 -3.88238 2
      vertex -6.8 -4 -2
      vertex -6.8 -4 2
    endloop
  endfacet
  facet normal -0.970038 0.242955 0
    outer loop
      vertex -6.85167 -4.34834 -2
      vertex -6.82306 -4.23411 2
      vertex -6.82306 -4.23411 -2
    endloop
  endfacet
  facet normal -0.970038 0.242955 0
    outer loop
      vertex -6.82306 -4.23411 2
      vertex -6.85167 -4.34834 -2
      vertex -6.85167 -4.34834 2
    endloop
  endfacet
  facet normal 0.803219 0.595684 0
    outer loop
      vertex -8.92761 -4.76127 2
      vertex -8.99776 -4.66668 -2
      vertex -8.99776 -4.66668 2
    endloop
  endfacet
  facet normal 0.803219 0.595684 0
    outer loop
      vertex -8.99776 -4.66668 -2
      vertex -8.92761 -4.76127 2
      vertex -8.92761 -4.76127 -2
    endloop
  endfacet
  facet normal -0.146733 0.989176 0
    outer loop
      vertex -7.76589 -5.17694 -2
      vertex -7.88238 -5.19422 2
      vertex -7.76589 -5.17694 2
    endloop
  endfacet
  facet normal -0.146733 0.989176 0
    outer loop
      vertex -7.88238 -5.19422 2
      vertex -7.76589 -5.17694 -2
      vertex -7.88238 -5.19422 -2
    endloop
  endfacet
  facet normal -0.903995 -0.427542 0
    outer loop
      vertex -6.89134 -3.54078 -2
      vertex -6.94169 -3.43432 2
      vertex -6.94169 -3.43432 -2
    endloop
  endfacet
  facet normal -0.903995 -0.427542 0
    outer loop
      vertex -6.94169 -3.43432 2
      vertex -6.89134 -3.54078 -2
      vertex -6.89134 -3.54078 2
    endloop
  endfacet
  facet normal -0.941553 -0.336864 0
    outer loop
      vertex -6.85167 -3.65166 -2
      vertex -6.89134 -3.54078 2
      vertex -6.89134 -3.54078 -2
    endloop
  endfacet
  facet normal -0.941553 -0.336864 0
    outer loop
      vertex -6.89134 -3.54078 2
      vertex -6.85167 -3.65166 -2
      vertex -6.85167 -3.65166 2
    endloop
  endfacet
  facet normal -0.989176 0.146733 0
    outer loop
      vertex -6.82306 -4.23411 -2
      vertex -6.80578 -4.11762 2
      vertex -6.80578 -4.11762 -2
    endloop
  endfacet
  facet normal -0.989176 0.146733 0
    outer loop
      vertex -6.80578 -4.11762 2
      vertex -6.82306 -4.23411 -2
      vertex -6.82306 -4.23411 2
    endloop
  endfacet
  facet normal -0.803219 0.595684 0
    outer loop
      vertex -7.07239 -4.76127 -2
      vertex -7.00224 -4.66668 2
      vertex -7.00224 -4.66668 -2
    endloop
  endfacet
  facet normal -0.803219 0.595684 0
    outer loop
      vertex -7.00224 -4.66668 2
      vertex -7.07239 -4.76127 -2
      vertex -7.07239 -4.76127 2
    endloop
  endfacet
  facet normal -0.903995 0.427542 0
    outer loop
      vertex -6.94169 -4.56568 -2
      vertex -6.89134 -4.45922 2
      vertex -6.89134 -4.45922 -2
    endloop
  endfacet
  facet normal -0.903995 0.427542 0
    outer loop
      vertex -6.89134 -4.45922 2
      vertex -6.94169 -4.56568 -2
      vertex -6.94169 -4.56568 2
    endloop
  endfacet
  facet normal 0.0490821 0.998795 -0
    outer loop
      vertex -8 -5.2 -2
      vertex -8.11762 -5.19422 2
      vertex -8 -5.2 2
    endloop
  endfacet
  facet normal 0.0490821 0.998795 0
    outer loop
      vertex -8.11762 -5.19422 2
      vertex -8 -5.2 -2
      vertex -8.11762 -5.19422 -2
    endloop
  endfacet
  facet normal 0.998795 0.0490821 0
    outer loop
      vertex -9.19422 -4.11762 2
      vertex -9.2 -4 -2
      vertex -9.2 -4 2
    endloop
  endfacet
  facet normal 0.998795 0.0490821 0
    outer loop
      vertex -9.2 -4 -2
      vertex -9.19422 -4.11762 2
      vertex -9.19422 -4.11762 -2
    endloop
  endfacet
  facet normal 0.970038 0.242955 0
    outer loop
      vertex -9.14833 -4.34834 2
      vertex -9.17694 -4.23411 -2
      vertex -9.17694 -4.23411 2
    endloop
  endfacet
  facet normal 0.970038 0.242955 0
    outer loop
      vertex -9.17694 -4.23411 -2
      vertex -9.14833 -4.34834 2
      vertex -9.14833 -4.34834 -2
    endloop
  endfacet
  facet normal 0.740984 0.671522 0
    outer loop
      vertex -8.84853 -4.84853 2
      vertex -8.92761 -4.76127 -2
      vertex -8.92761 -4.76127 2
    endloop
  endfacet
  facet normal 0.740984 0.671522 0
    outer loop
      vertex -8.92761 -4.76127 -2
      vertex -8.84853 -4.84853 2
      vertex -8.84853 -4.84853 -2
    endloop
  endfacet
  facet normal -0.242955 0.970038 0
    outer loop
      vertex -7.65166 -5.14833 -2
      vertex -7.76589 -5.17694 2
      vertex -7.65166 -5.14833 2
    endloop
  endfacet
  facet normal -0.242955 0.970038 0
    outer loop
      vertex -7.76589 -5.17694 2
      vertex -7.65166 -5.14833 -2
      vertex -7.76589 -5.17694 -2
    endloop
  endfacet
  facet normal -0.427542 0.903995 0
    outer loop
      vertex -7.43432 -5.0583 -2
      vertex -7.54078 -5.10865 2
      vertex -7.43432 -5.0583 2
    endloop
  endfacet
  facet normal -0.427542 0.903995 0
    outer loop
      vertex -7.54078 -5.10865 2
      vertex -7.43432 -5.0583 -2
      vertex -7.54078 -5.10865 -2
    endloop
  endfacet
  facet normal -0.970038 -0.242955 0
    outer loop
      vertex -6.82306 -3.76589 -2
      vertex -6.85167 -3.65166 2
      vertex -6.85167 -3.65166 -2
    endloop
  endfacet
  facet normal -0.970038 -0.242955 0
    outer loop
      vertex -6.85167 -3.65166 2
      vertex -6.82306 -3.76589 -2
      vertex -6.82306 -3.76589 2
    endloop
  endfacet
  facet normal -0.671522 0.740984 0
    outer loop
      vertex -7.15147 -4.84853 -2
      vertex -7.23873 -4.92761 2
      vertex -7.15147 -4.84853 2
    endloop
  endfacet
  facet normal -0.671522 0.740984 0
    outer loop
      vertex -7.23873 -4.92761 2
      vertex -7.15147 -4.84853 -2
      vertex -7.23873 -4.92761 -2
    endloop
  endfacet
  facet normal -0.941553 0.336864 0
    outer loop
      vertex -6.89134 -4.45922 -2
      vertex -6.85167 -4.34834 2
      vertex -6.85167 -4.34834 -2
    endloop
  endfacet
  facet normal -0.941553 0.336864 0
    outer loop
      vertex -6.85167 -4.34834 2
      vertex -6.89134 -4.45922 -2
      vertex -6.89134 -4.45922 2
    endloop
  endfacet
  facet normal -0.85768 0.514184 0
    outer loop
      vertex -7.00224 -4.66668 -2
      vertex -6.94169 -4.56568 2
      vertex -6.94169 -4.56568 -2
    endloop
  endfacet
  facet normal -0.85768 0.514184 0
    outer loop
      vertex -6.94169 -4.56568 2
      vertex -7.00224 -4.66668 -2
      vertex -7.00224 -4.66668 2
    endloop
  endfacet
  facet normal -0.0490821 0.998795 0
    outer loop
      vertex -7.88238 -5.19422 -2
      vertex -8 -5.2 2
      vertex -7.88238 -5.19422 2
    endloop
  endfacet
  facet normal -0.0490821 0.998795 0
    outer loop
      vertex -8 -5.2 2
      vertex -7.88238 -5.19422 -2
      vertex -8 -5.2 -2
    endloop
  endfacet
  facet normal 0.514121 0.857718 -0
    outer loop
      vertex -8.56568 -5.0583 -2
      vertex -8.66668 -4.99776 2
      vertex -8.56568 -5.0583 2
    endloop
  endfacet
  facet normal 0.514121 0.857718 0
    outer loop
      vertex -8.66668 -4.99776 2
      vertex -8.56568 -5.0583 -2
      vertex -8.66668 -4.99776 -2
    endloop
  endfacet
  facet normal 0.336939 0.941527 -0
    outer loop
      vertex -8.34834 -5.14833 -2
      vertex -8.45922 -5.10865 2
      vertex -8.34834 -5.14833 2
    endloop
  endfacet
  facet normal 0.336939 0.941527 0
    outer loop
      vertex -8.45922 -5.10865 2
      vertex -8.34834 -5.14833 -2
      vertex -8.45922 -5.10865 -2
    endloop
  endfacet
  facet normal 0.989176 0.146733 0
    outer loop
      vertex -9.17694 -4.23411 2
      vertex -9.19422 -4.11762 -2
      vertex -9.19422 -4.11762 2
    endloop
  endfacet
  facet normal 0.989176 0.146733 0
    outer loop
      vertex -9.19422 -4.11762 -2
      vertex -9.17694 -4.23411 2
      vertex -9.17694 -4.23411 -2
    endloop
  endfacet
  facet normal 0.941527 0.336939 0
    outer loop
      vertex -9.10865 -4.45922 2
      vertex -9.14833 -4.34834 -2
      vertex -9.14833 -4.34834 2
    endloop
  endfacet
  facet normal 0.941527 0.336939 0
    outer loop
      vertex -9.14833 -4.34834 -2
      vertex -9.10865 -4.45922 2
      vertex -9.10865 -4.45922 -2
    endloop
  endfacet
  facet normal 0.857718 0.514121 0
    outer loop
      vertex -8.99776 -4.66668 2
      vertex -9.0583 -4.56568 -2
      vertex -9.0583 -4.56568 2
    endloop
  endfacet
  facet normal 0.857718 0.514121 0
    outer loop
      vertex -9.0583 -4.56568 -2
      vertex -8.99776 -4.66668 2
      vertex -8.99776 -4.66668 -2
    endloop
  endfacet
  facet normal -0.740984 0.671522 0
    outer loop
      vertex -7.15147 -4.84853 -2
      vertex -7.07239 -4.76127 2
      vertex -7.07239 -4.76127 -2
    endloop
  endfacet
  facet normal -0.740984 0.671522 0
    outer loop
      vertex -7.07239 -4.76127 2
      vertex -7.15147 -4.84853 -2
      vertex -7.15147 -4.84853 2
    endloop
  endfacet
  facet normal -0.595725 0.803188 0
    outer loop
      vertex -7.23873 -4.92761 -2
      vertex -7.33331 -4.99776 2
      vertex -7.23873 -4.92761 2
    endloop
  endfacet
  facet normal -0.595725 0.803188 0
    outer loop
      vertex -7.33331 -4.99776 2
      vertex -7.23873 -4.92761 -2
      vertex -7.33331 -4.99776 -2
    endloop
  endfacet
  facet normal 0.595684 0.803219 -0
    outer loop
      vertex -8.66668 -4.99776 -2
      vertex -8.76127 -4.92761 2
      vertex -8.66668 -4.99776 2
    endloop
  endfacet
  facet normal 0.595684 0.803219 0
    outer loop
      vertex -8.76127 -4.92761 2
      vertex -8.66668 -4.99776 -2
      vertex -8.76127 -4.92761 -2
    endloop
  endfacet
  facet normal 0.427542 0.903995 -0
    outer loop
      vertex -8.45922 -5.10865 -2
      vertex -8.56568 -5.0583 2
      vertex -8.45922 -5.10865 2
    endloop
  endfacet
  facet normal 0.427542 0.903995 0
    outer loop
      vertex -8.56568 -5.0583 2
      vertex -8.45922 -5.10865 -2
      vertex -8.56568 -5.0583 -2
    endloop
  endfacet
  facet normal 0.146733 0.989176 -0
    outer loop
      vertex -8.11762 -5.19422 -2
      vertex -8.23411 -5.17694 2
      vertex -8.11762 -5.19422 2
    endloop
  endfacet
  facet normal 0.146733 0.989176 0
    outer loop
      vertex -8.23411 -5.17694 2
      vertex -8.11762 -5.19422 -2
      vertex -8.23411 -5.17694 -2
    endloop
  endfacet
  facet normal -0.336939 0.941527 0
    outer loop
      vertex -7.54078 -5.10865 -2
      vertex -7.65166 -5.14833 2
      vertex -7.54078 -5.10865 2
    endloop
  endfacet
  facet normal -0.336939 0.941527 0
    outer loop
      vertex -7.65166 -5.14833 2
      vertex -7.54078 -5.10865 -2
      vertex -7.65166 -5.14833 -2
    endloop
  endfacet
  facet normal 0.242955 0.970038 -0
    outer loop
      vertex -8.23411 -5.17694 -2
      vertex -8.34834 -5.14833 2
      vertex -8.23411 -5.17694 2
    endloop
  endfacet
  facet normal 0.242955 0.970038 0
    outer loop
      vertex -8.34834 -5.14833 2
      vertex -8.23411 -5.17694 -2
      vertex -8.34834 -5.14833 -2
    endloop
  endfacet
  facet normal -0.85774 -0.514084 0
    outer loop
      vertex 9.0583 -3.43432 -2
      vertex 8.99776 -3.33331 2
      vertex 8.99776 -3.33331 -2
    endloop
  endfacet
  facet normal -0.85774 -0.514084 0
    outer loop
      vertex 8.99776 -3.33331 2
      vertex 9.0583 -3.43432 -2
      vertex 9.0583 -3.43432 2
    endloop
  endfacet
  facet normal -0.336864 -0.941553 0
    outer loop
      vertex 8.34834 -2.85167 -2
      vertex 8.45922 -2.89134 2
      vertex 8.34834 -2.85167 2
    endloop
  endfacet
  facet normal -0.336864 -0.941553 -0
    outer loop
      vertex 8.45922 -2.89134 2
      vertex 8.34834 -2.85167 -2
      vertex 8.45922 -2.89134 -2
    endloop
  endfacet
  facet normal 0.336864 -0.941553 0
    outer loop
      vertex 7.54078 -2.89134 -2
      vertex 7.65166 -2.85167 2
      vertex 7.54078 -2.89134 2
    endloop
  endfacet
  facet normal 0.336864 -0.941553 0
    outer loop
      vertex 7.65166 -2.85167 2
      vertex 7.54078 -2.89134 -2
      vertex 7.65166 -2.85167 -2
    endloop
  endfacet
  facet normal 0.903995 -0.427542 0
    outer loop
      vertex 6.89134 -3.54078 2
      vertex 6.94169 -3.43432 -2
      vertex 6.94169 -3.43432 2
    endloop
  endfacet
  facet normal 0.903995 -0.427542 0
    outer loop
      vertex 6.94169 -3.43432 -2
      vertex 6.89134 -3.54078 2
      vertex 6.89134 -3.54078 -2
    endloop
  endfacet
  facet normal -0.998795 0.0490821 0
    outer loop
      vertex 9.19422 -4.11762 -2
      vertex 9.2 -4 2
      vertex 9.2 -4 -2
    endloop
  endfacet
  facet normal -0.998795 0.0490821 0
    outer loop
      vertex 9.2 -4 2
      vertex 9.19422 -4.11762 -2
      vertex 9.19422 -4.11762 2
    endloop
  endfacet
  facet normal -0.0490821 -0.998795 0
    outer loop
      vertex 8 -2.8 -2
      vertex 8.11762 -2.80578 2
      vertex 8 -2.8 2
    endloop
  endfacet
  facet normal -0.0490821 -0.998795 -0
    outer loop
      vertex 8.11762 -2.80578 2
      vertex 8 -2.8 -2
      vertex 8.11762 -2.80578 -2
    endloop
  endfacet
  facet normal -0.514184 -0.85768 0
    outer loop
      vertex 8.56568 -2.94169 -2
      vertex 8.66668 -3.00224 2
      vertex 8.56568 -2.94169 2
    endloop
  endfacet
  facet normal -0.514184 -0.85768 -0
    outer loop
      vertex 8.66668 -3.00224 2
      vertex 8.56568 -2.94169 -2
      vertex 8.66668 -3.00224 -2
    endloop
  endfacet
  facet normal 0.989176 -0.146733 0
    outer loop
      vertex 6.80578 -3.88238 2
      vertex 6.82306 -3.76589 -2
      vertex 6.82306 -3.76589 2
    endloop
  endfacet
  facet normal 0.989176 -0.146733 0
    outer loop
      vertex 6.82306 -3.76589 -2
      vertex 6.80578 -3.88238 2
      vertex 6.80578 -3.88238 -2
    endloop
  endfacet
  facet normal 0.740984 -0.671522 0
    outer loop
      vertex 7.07239 -3.23873 2
      vertex 7.15147 -3.15147 -2
      vertex 7.15147 -3.15147 2
    endloop
  endfacet
  facet normal 0.740984 -0.671522 0
    outer loop
      vertex 7.15147 -3.15147 -2
      vertex 7.07239 -3.23873 2
      vertex 7.07239 -3.23873 -2
    endloop
  endfacet
  facet normal 0.146733 -0.989176 0
    outer loop
      vertex 7.76589 -2.82306 -2
      vertex 7.88238 -2.80578 2
      vertex 7.76589 -2.82306 2
    endloop
  endfacet
  facet normal 0.146733 -0.989176 0
    outer loop
      vertex 7.88238 -2.80578 2
      vertex 7.76589 -2.82306 -2
      vertex 7.88238 -2.80578 -2
    endloop
  endfacet
  facet normal -0.514121 0.857718 0
    outer loop
      vertex 8.66668 -4.99776 -2
      vertex 8.56568 -5.0583 2
      vertex 8.66668 -4.99776 2
    endloop
  endfacet
  facet normal -0.514121 0.857718 0
    outer loop
      vertex 8.56568 -5.0583 2
      vertex 8.66668 -4.99776 -2
      vertex 8.56568 -5.0583 -2
    endloop
  endfacet
  facet normal 0.903995 0.427542 0
    outer loop
      vertex 6.94169 -4.56568 2
      vertex 6.89134 -4.45922 -2
      vertex 6.89134 -4.45922 2
    endloop
  endfacet
  facet normal 0.903995 0.427542 0
    outer loop
      vertex 6.89134 -4.45922 -2
      vertex 6.94169 -4.56568 2
      vertex 6.94169 -4.56568 -2
    endloop
  endfacet
  facet normal -0.989176 -0.146733 0
    outer loop
      vertex 9.19422 -3.88238 -2
      vertex 9.17694 -3.76589 2
      vertex 9.17694 -3.76589 -2
    endloop
  endfacet
  facet normal -0.989176 -0.146733 0
    outer loop
      vertex 9.17694 -3.76589 2
      vertex 9.19422 -3.88238 -2
      vertex 9.19422 -3.88238 2
    endloop
  endfacet
  facet normal -0.803188 -0.595725 0
    outer loop
      vertex 8.99776 -3.33331 -2
      vertex 8.92761 -3.23873 2
      vertex 8.92761 -3.23873 -2
    endloop
  endfacet
  facet normal -0.803188 -0.595725 0
    outer loop
      vertex 8.92761 -3.23873 2
      vertex 8.99776 -3.33331 -2
      vertex 8.99776 -3.33331 2
    endloop
  endfacet
  facet normal -0.671522 -0.740984 0
    outer loop
      vertex 8.76127 -3.07239 -2
      vertex 8.84853 -3.15147 2
      vertex 8.76127 -3.07239 2
    endloop
  endfacet
  facet normal -0.671522 -0.740984 -0
    outer loop
      vertex 8.84853 -3.15147 2
      vertex 8.76127 -3.07239 -2
      vertex 8.84853 -3.15147 -2
    endloop
  endfacet
  facet normal -0.740984 -0.671522 0
    outer loop
      vertex 8.92761 -3.23873 -2
      vertex 8.84853 -3.15147 2
      vertex 8.84853 -3.15147 -2
    endloop
  endfacet
  facet normal -0.740984 -0.671522 0
    outer loop
      vertex 8.84853 -3.15147 2
      vertex 8.92761 -3.23873 -2
      vertex 8.92761 -3.23873 2
    endloop
  endfacet
  facet normal 0.0490821 -0.998795 0
    outer loop
      vertex 7.88238 -2.80578 -2
      vertex 8 -2.8 2
      vertex 7.88238 -2.80578 2
    endloop
  endfacet
  facet normal 0.0490821 -0.998795 0
    outer loop
      vertex 8 -2.8 2
      vertex 7.88238 -2.80578 -2
      vertex 8 -2.8 -2
    endloop
  endfacet
  facet normal -0.242955 -0.970038 0
    outer loop
      vertex 8.23411 -2.82306 -2
      vertex 8.34834 -2.85167 2
      vertex 8.23411 -2.82306 2
    endloop
  endfacet
  facet normal -0.242955 -0.970038 -0
    outer loop
      vertex 8.34834 -2.85167 2
      vertex 8.23411 -2.82306 -2
      vertex 8.34834 -2.85167 -2
    endloop
  endfacet
  facet normal -0.146733 -0.989176 0
    outer loop
      vertex 8.11762 -2.80578 -2
      vertex 8.23411 -2.82306 2
      vertex 8.11762 -2.80578 2
    endloop
  endfacet
  facet normal -0.146733 -0.989176 -0
    outer loop
      vertex 8.23411 -2.82306 2
      vertex 8.11762 -2.80578 -2
      vertex 8.23411 -2.82306 -2
    endloop
  endfacet
  facet normal -0.427542 -0.903995 0
    outer loop
      vertex 8.45922 -2.89134 -2
      vertex 8.56568 -2.94169 2
      vertex 8.45922 -2.89134 2
    endloop
  endfacet
  facet normal -0.427542 -0.903995 -0
    outer loop
      vertex 8.56568 -2.94169 2
      vertex 8.45922 -2.89134 -2
      vertex 8.56568 -2.94169 -2
    endloop
  endfacet
  facet normal -0.595684 -0.803219 0
    outer loop
      vertex 8.66668 -3.00224 -2
      vertex 8.76127 -3.07239 2
      vertex 8.66668 -3.00224 2
    endloop
  endfacet
  facet normal -0.595684 -0.803219 -0
    outer loop
      vertex 8.76127 -3.07239 2
      vertex 8.66668 -3.00224 -2
      vertex 8.76127 -3.07239 -2
    endloop
  endfacet
  facet normal 0.998795 -0.0490821 0
    outer loop
      vertex 6.8 -4 2
      vertex 6.80578 -3.88238 -2
      vertex 6.80578 -3.88238 2
    endloop
  endfacet
  facet normal 0.998795 -0.0490821 0
    outer loop
      vertex 6.80578 -3.88238 -2
      vertex 6.8 -4 2
      vertex 6.8 -4 -2
    endloop
  endfacet
  facet normal 0.941553 -0.336864 0
    outer loop
      vertex 6.85167 -3.65166 2
      vertex 6.89134 -3.54078 -2
      vertex 6.89134 -3.54078 2
    endloop
  endfacet
  facet normal 0.941553 -0.336864 0
    outer loop
      vertex 6.89134 -3.54078 -2
      vertex 6.85167 -3.65166 2
      vertex 6.85167 -3.65166 -2
    endloop
  endfacet
  facet normal 0.970038 -0.242955 0
    outer loop
      vertex 6.82306 -3.76589 2
      vertex 6.85167 -3.65166 -2
      vertex 6.85167 -3.65166 2
    endloop
  endfacet
  facet normal 0.970038 -0.242955 0
    outer loop
      vertex 6.85167 -3.65166 -2
      vertex 6.82306 -3.76589 2
      vertex 6.82306 -3.76589 -2
    endloop
  endfacet
  facet normal 0.857703 -0.514146 0
    outer loop
      vertex 6.94169 -3.43432 2
      vertex 7.00224 -3.33331 -2
      vertex 7.00224 -3.33331 2
    endloop
  endfacet
  facet normal 0.857703 -0.514146 0
    outer loop
      vertex 7.00224 -3.33331 -2
      vertex 6.94169 -3.43432 2
      vertex 6.94169 -3.43432 -2
    endloop
  endfacet
  facet normal 0.803188 -0.595725 0
    outer loop
      vertex 7.00224 -3.33331 2
      vertex 7.07239 -3.23873 -2
      vertex 7.07239 -3.23873 2
    endloop
  endfacet
  facet normal 0.803188 -0.595725 0
    outer loop
      vertex 7.07239 -3.23873 -2
      vertex 7.00224 -3.33331 2
      vertex 7.00224 -3.33331 -2
    endloop
  endfacet
  facet normal 0.242955 -0.970038 0
    outer loop
      vertex 7.65166 -2.85167 -2
      vertex 7.76589 -2.82306 2
      vertex 7.65166 -2.85167 2
    endloop
  endfacet
  facet normal 0.242955 -0.970038 0
    outer loop
      vertex 7.76589 -2.82306 2
      vertex 7.65166 -2.85167 -2
      vertex 7.76589 -2.82306 -2
    endloop
  endfacet
  facet normal 0.514146 -0.857703 0
    outer loop
      vertex 7.33331 -3.00224 -2
      vertex 7.43432 -2.94169 2
      vertex 7.33331 -3.00224 2
    endloop
  endfacet
  facet normal 0.514146 -0.857703 0
    outer loop
      vertex 7.43432 -2.94169 2
      vertex 7.33331 -3.00224 -2
      vertex 7.43432 -2.94169 -2
    endloop
  endfacet
  facet normal 0.595725 -0.803188 0
    outer loop
      vertex 7.23873 -3.07239 -2
      vertex 7.33331 -3.00224 2
      vertex 7.23873 -3.07239 2
    endloop
  endfacet
  facet normal 0.595725 -0.803188 0
    outer loop
      vertex 7.33331 -3.00224 2
      vertex 7.23873 -3.07239 -2
      vertex 7.33331 -3.00224 -2
    endloop
  endfacet
  facet normal 0.427542 -0.903995 0
    outer loop
      vertex 7.43432 -2.94169 -2
      vertex 7.54078 -2.89134 2
      vertex 7.43432 -2.94169 2
    endloop
  endfacet
  facet normal 0.427542 -0.903995 0
    outer loop
      vertex 7.54078 -2.89134 2
      vertex 7.43432 -2.94169 -2
      vertex 7.54078 -2.89134 -2
    endloop
  endfacet
  facet normal 0.671522 -0.740984 0
    outer loop
      vertex 7.15147 -3.15147 -2
      vertex 7.23873 -3.07239 2
      vertex 7.15147 -3.15147 2
    endloop
  endfacet
  facet normal 0.671522 -0.740984 0
    outer loop
      vertex 7.23873 -3.07239 2
      vertex 7.15147 -3.15147 -2
      vertex 7.23873 -3.07239 -2
    endloop
  endfacet
  facet normal -0.998795 -0.0490821 0
    outer loop
      vertex 9.2 -4 -2
      vertex 9.19422 -3.88238 2
      vertex 9.19422 -3.88238 -2
    endloop
  endfacet
  facet normal -0.998795 -0.0490821 0
    outer loop
      vertex 9.19422 -3.88238 2
      vertex 9.2 -4 -2
      vertex 9.2 -4 2
    endloop
  endfacet
  facet normal -0.970038 0.242955 0
    outer loop
      vertex 9.14833 -4.34834 -2
      vertex 9.17694 -4.23411 2
      vertex 9.17694 -4.23411 -2
    endloop
  endfacet
  facet normal -0.970038 0.242955 0
    outer loop
      vertex 9.17694 -4.23411 2
      vertex 9.14833 -4.34834 -2
      vertex 9.14833 -4.34834 2
    endloop
  endfacet
  facet normal -0.857718 0.514121 0
    outer loop
      vertex 8.99776 -4.66668 -2
      vertex 9.0583 -4.56568 2
      vertex 9.0583 -4.56568 -2
    endloop
  endfacet
  facet normal -0.857718 0.514121 0
    outer loop
      vertex 9.0583 -4.56568 2
      vertex 8.99776 -4.66668 -2
      vertex 8.99776 -4.66668 2
    endloop
  endfacet
  facet normal -0.146733 0.989176 0
    outer loop
      vertex 8.23411 -5.17694 -2
      vertex 8.11762 -5.19422 2
      vertex 8.23411 -5.17694 2
    endloop
  endfacet
  facet normal -0.146733 0.989176 0
    outer loop
      vertex 8.11762 -5.19422 2
      vertex 8.23411 -5.17694 -2
      vertex 8.11762 -5.19422 -2
    endloop
  endfacet
  facet normal -0.903995 -0.427542 0
    outer loop
      vertex 9.10865 -3.54078 -2
      vertex 9.0583 -3.43432 2
      vertex 9.0583 -3.43432 -2
    endloop
  endfacet
  facet normal -0.903995 -0.427542 0
    outer loop
      vertex 9.0583 -3.43432 2
      vertex 9.10865 -3.54078 -2
      vertex 9.10865 -3.54078 2
    endloop
  endfacet
  facet normal -0.941527 -0.336939 0
    outer loop
      vertex 9.14833 -3.65166 -2
      vertex 9.10865 -3.54078 2
      vertex 9.10865 -3.54078 -2
    endloop
  endfacet
  facet normal -0.941527 -0.336939 0
    outer loop
      vertex 9.10865 -3.54078 2
      vertex 9.14833 -3.65166 -2
      vertex 9.14833 -3.65166 2
    endloop
  endfacet
  facet normal -0.989176 0.146733 0
    outer loop
      vertex 9.17694 -4.23411 -2
      vertex 9.19422 -4.11762 2
      vertex 9.19422 -4.11762 -2
    endloop
  endfacet
  facet normal -0.989176 0.146733 0
    outer loop
      vertex 9.19422 -4.11762 2
      vertex 9.17694 -4.23411 -2
      vertex 9.17694 -4.23411 2
    endloop
  endfacet
  facet normal -0.941527 0.336939 0
    outer loop
      vertex 9.10865 -4.45922 -2
      vertex 9.14833 -4.34834 2
      vertex 9.14833 -4.34834 -2
    endloop
  endfacet
  facet normal -0.941527 0.336939 0
    outer loop
      vertex 9.14833 -4.34834 2
      vertex 9.10865 -4.45922 -2
      vertex 9.10865 -4.45922 2
    endloop
  endfacet
  facet normal -0.803219 0.595684 0
    outer loop
      vertex 8.92761 -4.76127 -2
      vertex 8.99776 -4.66668 2
      vertex 8.99776 -4.66668 -2
    endloop
  endfacet
  facet normal -0.803219 0.595684 0
    outer loop
      vertex 8.99776 -4.66668 2
      vertex 8.92761 -4.76127 -2
      vertex 8.92761 -4.76127 2
    endloop
  endfacet
  facet normal -0.903995 0.427542 0
    outer loop
      vertex 9.0583 -4.56568 -2
      vertex 9.10865 -4.45922 2
      vertex 9.10865 -4.45922 -2
    endloop
  endfacet
  facet normal -0.903995 0.427542 0
    outer loop
      vertex 9.10865 -4.45922 2
      vertex 9.0583 -4.56568 -2
      vertex 9.0583 -4.56568 2
    endloop
  endfacet
  facet normal 0.0490821 0.998795 -0
    outer loop
      vertex 8 -5.2 -2
      vertex 7.88238 -5.19422 2
      vertex 8 -5.2 2
    endloop
  endfacet
  facet normal 0.0490821 0.998795 0
    outer loop
      vertex 7.88238 -5.19422 2
      vertex 8 -5.2 -2
      vertex 7.88238 -5.19422 -2
    endloop
  endfacet
  facet normal 0.514084 0.85774 -0
    outer loop
      vertex 7.43432 -5.0583 -2
      vertex 7.33331 -4.99776 2
      vertex 7.43432 -5.0583 2
    endloop
  endfacet
  facet normal 0.514084 0.85774 0
    outer loop
      vertex 7.33331 -4.99776 2
      vertex 7.43432 -5.0583 -2
      vertex 7.33331 -4.99776 -2
    endloop
  endfacet
  facet normal 0.998795 0.0490821 0
    outer loop
      vertex 6.80578 -4.11762 2
      vertex 6.8 -4 -2
      vertex 6.8 -4 2
    endloop
  endfacet
  facet normal 0.998795 0.0490821 0
    outer loop
      vertex 6.8 -4 -2
      vertex 6.80578 -4.11762 2
      vertex 6.80578 -4.11762 -2
    endloop
  endfacet
  facet normal 0.970038 0.242955 0
    outer loop
      vertex 6.85167 -4.34834 2
      vertex 6.82306 -4.23411 -2
      vertex 6.82306 -4.23411 2
    endloop
  endfacet
  facet normal 0.970038 0.242955 0
    outer loop
      vertex 6.82306 -4.23411 -2
      vertex 6.85167 -4.34834 2
      vertex 6.85167 -4.34834 -2
    endloop
  endfacet
  facet normal -0.427542 0.903995 0
    outer loop
      vertex 8.56568 -5.0583 -2
      vertex 8.45922 -5.10865 2
      vertex 8.56568 -5.0583 2
    endloop
  endfacet
  facet normal -0.427542 0.903995 0
    outer loop
      vertex 8.45922 -5.10865 2
      vertex 8.56568 -5.0583 -2
      vertex 8.45922 -5.10865 -2
    endloop
  endfacet
  facet normal -0.242955 0.970038 0
    outer loop
      vertex 8.34834 -5.14833 -2
      vertex 8.23411 -5.17694 2
      vertex 8.34834 -5.14833 2
    endloop
  endfacet
  facet normal -0.242955 0.970038 0
    outer loop
      vertex 8.23411 -5.17694 2
      vertex 8.34834 -5.14833 -2
      vertex 8.23411 -5.17694 -2
    endloop
  endfacet
  facet normal -0.970038 -0.242955 0
    outer loop
      vertex 9.17694 -3.76589 -2
      vertex 9.14833 -3.65166 2
      vertex 9.14833 -3.65166 -2
    endloop
  endfacet
  facet normal -0.970038 -0.242955 0
    outer loop
      vertex 9.14833 -3.65166 2
      vertex 9.17694 -3.76589 -2
      vertex 9.17694 -3.76589 2
    endloop
  endfacet
  facet normal 0.671522 0.740984 -0
    outer loop
      vertex 7.23873 -4.92761 -2
      vertex 7.15147 -4.84853 2
      vertex 7.23873 -4.92761 2
    endloop
  endfacet
  facet normal 0.671522 0.740984 0
    outer loop
      vertex 7.15147 -4.84853 2
      vertex 7.23873 -4.92761 -2
      vertex 7.15147 -4.84853 -2
    endloop
  endfacet
  facet normal -0.0490821 0.998795 0
    outer loop
      vertex 8.11762 -5.19422 -2
      vertex 8 -5.2 2
      vertex 8.11762 -5.19422 2
    endloop
  endfacet
  facet normal -0.0490821 0.998795 0
    outer loop
      vertex 8 -5.2 2
      vertex 8.11762 -5.19422 -2
      vertex 8 -5.2 -2
    endloop
  endfacet
  facet normal 0.336939 0.941527 -0
    outer loop
      vertex 7.65166 -5.14833 -2
      vertex 7.54078 -5.10865 2
      vertex 7.65166 -5.14833 2
    endloop
  endfacet
  facet normal 0.336939 0.941527 0
    outer loop
      vertex 7.54078 -5.10865 2
      vertex 7.65166 -5.14833 -2
      vertex 7.54078 -5.10865 -2
    endloop
  endfacet
  facet normal 0.595725 0.803188 -0
    outer loop
      vertex 7.33331 -4.99776 -2
      vertex 7.23873 -4.92761 2
      vertex 7.33331 -4.99776 2
    endloop
  endfacet
  facet normal 0.595725 0.803188 0
    outer loop
      vertex 7.23873 -4.92761 2
      vertex 7.33331 -4.99776 -2
      vertex 7.23873 -4.92761 -2
    endloop
  endfacet
  facet normal 0.989176 0.146733 0
    outer loop
      vertex 6.82306 -4.23411 2
      vertex 6.80578 -4.11762 -2
      vertex 6.80578 -4.11762 2
    endloop
  endfacet
  facet normal 0.989176 0.146733 0
    outer loop
      vertex 6.80578 -4.11762 -2
      vertex 6.82306 -4.23411 2
      vertex 6.82306 -4.23411 -2
    endloop
  endfacet
  facet normal 0.941553 0.336864 0
    outer loop
      vertex 6.89134 -4.45922 2
      vertex 6.85167 -4.34834 -2
      vertex 6.85167 -4.34834 2
    endloop
  endfacet
  facet normal 0.941553 0.336864 0
    outer loop
      vertex 6.85167 -4.34834 -2
      vertex 6.89134 -4.45922 2
      vertex 6.89134 -4.45922 -2
    endloop
  endfacet
  facet normal 0.85768 0.514184 0
    outer loop
      vertex 7.00224 -4.66668 2
      vertex 6.94169 -4.56568 -2
      vertex 6.94169 -4.56568 2
    endloop
  endfacet
  facet normal 0.85768 0.514184 0
    outer loop
      vertex 6.94169 -4.56568 -2
      vertex 7.00224 -4.66668 2
      vertex 7.00224 -4.66668 -2
    endloop
  endfacet
  facet normal 0.740984 0.671522 0
    outer loop
      vertex 7.15147 -4.84853 2
      vertex 7.07239 -4.76127 -2
      vertex 7.07239 -4.76127 2
    endloop
  endfacet
  facet normal 0.740984 0.671522 0
    outer loop
      vertex 7.07239 -4.76127 -2
      vertex 7.15147 -4.84853 2
      vertex 7.15147 -4.84853 -2
    endloop
  endfacet
  facet normal 0.803219 0.595684 0
    outer loop
      vertex 7.07239 -4.76127 2
      vertex 7.00224 -4.66668 -2
      vertex 7.00224 -4.66668 2
    endloop
  endfacet
  facet normal 0.803219 0.595684 0
    outer loop
      vertex 7.00224 -4.66668 -2
      vertex 7.07239 -4.76127 2
      vertex 7.07239 -4.76127 -2
    endloop
  endfacet
  facet normal -0.595684 0.803219 0
    outer loop
      vertex 8.76127 -4.92761 -2
      vertex 8.66668 -4.99776 2
      vertex 8.76127 -4.92761 2
    endloop
  endfacet
  facet normal -0.595684 0.803219 0
    outer loop
      vertex 8.66668 -4.99776 2
      vertex 8.76127 -4.92761 -2
      vertex 8.66668 -4.99776 -2
    endloop
  endfacet
  facet normal -0.740984 0.671522 0
    outer loop
      vertex 8.84853 -4.84853 -2
      vertex 8.92761 -4.76127 2
      vertex 8.92761 -4.76127 -2
    endloop
  endfacet
  facet normal -0.740984 0.671522 0
    outer loop
      vertex 8.92761 -4.76127 2
      vertex 8.84853 -4.84853 -2
      vertex 8.84853 -4.84853 2
    endloop
  endfacet
  facet normal -0.671522 0.740984 0
    outer loop
      vertex 8.84853 -4.84853 -2
      vertex 8.76127 -4.92761 2
      vertex 8.84853 -4.84853 2
    endloop
  endfacet
  facet normal -0.671522 0.740984 0
    outer loop
      vertex 8.76127 -4.92761 2
      vertex 8.84853 -4.84853 -2
      vertex 8.76127 -4.92761 -2
    endloop
  endfacet
  facet normal 0.146733 0.989176 -0
    outer loop
      vertex 7.88238 -5.19422 -2
      vertex 7.76589 -5.17694 2
      vertex 7.88238 -5.19422 2
    endloop
  endfacet
  facet normal 0.146733 0.989176 0
    outer loop
      vertex 7.76589 -5.17694 2
      vertex 7.88238 -5.19422 -2
      vertex 7.76589 -5.17694 -2
    endloop
  endfacet
  facet normal 0.427542 0.903995 -0
    outer loop
      vertex 7.54078 -5.10865 -2
      vertex 7.43432 -5.0583 2
      vertex 7.54078 -5.10865 2
    endloop
  endfacet
  facet normal 0.427542 0.903995 0
    outer loop
      vertex 7.43432 -5.0583 2
      vertex 7.54078 -5.10865 -2
      vertex 7.43432 -5.0583 -2
    endloop
  endfacet
  facet normal -0.336939 0.941527 0
    outer loop
      vertex 8.45922 -5.10865 -2
      vertex 8.34834 -5.14833 2
      vertex 8.45922 -5.10865 2
    endloop
  endfacet
  facet normal -0.336939 0.941527 0
    outer loop
      vertex 8.34834 -5.14833 2
      vertex 8.45922 -5.10865 -2
      vertex 8.34834 -5.14833 -2
    endloop
  endfacet
  facet normal 0.242955 0.970038 -0
    outer loop
      vertex 7.76589 -5.17694 -2
      vertex 7.65166 -5.14833 2
      vertex 7.76589 -5.17694 2
    endloop
  endfacet
  facet normal 0.242955 0.970038 0
    outer loop
      vertex 7.65166 -5.14833 2
      vertex 7.76589 -5.17694 -2
      vertex 7.65166 -5.14833 -2
    endloop
  endfacet
  facet normal 0 0 -1
    outer loop
      vertex 8.66668 -3.00224 -2
      vertex 7.19422 -0.11762 -2
      vertex 7.2 0 -2
    endloop
  endfacet
  facet normal 0 0 -1
    outer loop
      vertex 7.33331 -3.00224 -2
      vertex 7.17694 -0.234108 -2
      vertex 7.19422 -0.11762 -2
    endloop
  endfacet
  facet normal 0 0 -1
    outer loop
      vertex 6.23411 -1.17694 -2
      vertex 7.23873 -3.07239 -2
      vertex 7.15147 -3.15147 -2
    endloop
  endfacet
  facet normal 0 0 -1
    outer loop
      vertex 7.33331 -3.00224 -2
      vertex 7.14833 -0.348341 -2
      vertex 7.17694 -0.234108 -2
    endloop
  endfacet
  facet normal 0 0 -1
    outer loop
      vertex 7.33331 -3.00224 -2
      vertex 7.10865 -0.45922 -2
      vertex 7.14833 -0.348341 -2
    endloop
  endfacet
  facet normal 0 0 -1
    outer loop
      vertex 6.11762 -1.19422 -2
      vertex 7.15147 -3.15147 -2
      vertex 7.07239 -3.23873 -2
    endloop
  endfacet
  facet normal 0 0 -1
    outer loop
      vertex 7.33331 -3.00224 -2
      vertex 7.0583 -0.565676 -2
      vertex 7.10865 -0.45922 -2
    endloop
  endfacet
  facet normal 0 0 -1
    outer loop
      vertex 6 -1.2 -2
      vertex 7.07239 -3.23873 -2
      vertex 7.00224 -3.33331 -2
    endloop
  endfacet
  facet normal 0 0 -1
    outer loop
      vertex 7.33331 -3.00224 -2
      vertex 6.99776 -0.666684 -2
      vertex 7.0583 -0.565676 -2
    endloop
  endfacet
  facet normal 0 0 -1
    outer loop
      vertex 5.88238 -1.19422 -2
      vertex 7.00224 -3.33331 -2
      vertex 6.94169 -3.43432 -2
    endloop
  endfacet
  facet normal 0 0 -1
    outer loop
      vertex 7.33331 -3.00224 -2
      vertex 6.92761 -0.761271 -2
      vertex 6.99776 -0.666684 -2
    endloop
  endfacet
  facet normal 0 0 -1
    outer loop
      vertex 5.76589 -1.17694 -2
      vertex 6.94169 -3.43432 -2
      vertex 6.89134 -3.54078 -2
    endloop
  endfacet
  facet normal 0 0 -1
    outer loop
      vertex 5.65166 -1.14833 -2
      vertex 6.89134 -3.54078 -2
      vertex 6.85167 -3.65166 -2
    endloop
  endfacet
  facet normal 0 0 -1
    outer loop
      vertex 7.33331 -3.00224 -2
      vertex 6.84853 -0.848528 -2
      vertex 6.92761 -0.761271 -2
    endloop
  endfacet
  facet normal 0 0 -1
    outer loop
      vertex 5.54078 -1.10865 -2
      vertex 6.85167 -3.65166 -2
      vertex 6.82306 -3.76589 -2
    endloop
  endfacet
  facet normal 0 0 -1
    outer loop
      vertex 5.43432 -1.0583 -2
      vertex 6.82306 -3.76589 -2
      vertex 6.80578 -3.88238 -2
    endloop
  endfacet
  facet normal 0 0 -1
    outer loop
      vertex 5.33331 -0.997763 -2
      vertex 6.80578 -3.88238 -2
      vertex 6.8 -4 -2
    endloop
  endfacet
  facet normal 0 0 -1
    outer loop
      vertex 7.33331 -3.00224 -2
      vertex 6.76127 -0.927612 -2
      vertex 6.84853 -0.848528 -2
    endloop
  endfacet
  facet normal 0 0 -1
    outer loop
      vertex 8.76127 -4.92761 -2
      vertex 15 -8 -2
      vertex 14.9807 -8.39206 -2
    endloop
  endfacet
  facet normal 0 0 -1
    outer loop
      vertex 15 -8 -2
      vertex 9.10865 -3.54078 -2
      vertex 15 8 -2
    endloop
  endfacet
  facet normal 0 0 -1
    outer loop
      vertex 8.76127 -4.92761 -2
      vertex 14.9807 -8.39206 -2
      vertex 14.9231 -8.78035 -2
    endloop
  endfacet
  facet normal 0 0 -1
    outer loop
      vertex 9.0583 -3.43432 -2
      vertex 15 8 -2
      vertex 9.10865 -3.54078 -2
    endloop
  endfacet
  facet normal 0 0 -1
    outer loop
      vertex 8.76127 -4.92761 -2
      vertex 14.9231 -8.78035 -2
      vertex 14.8278 -9.16113 -2
    endloop
  endfacet
  facet normal 0 0 -1
    outer loop
      vertex 8.99776 -3.33331 -2
      vertex 15 8 -2
      vertex 9.0583 -3.43432 -2
    endloop
  endfacet
  facet normal 0 0 -1
    outer loop
      vertex 8.76127 -4.92761 -2
      vertex 14.8278 -9.16113 -2
      vertex 14.6955 -9.53073 -2
    endloop
  endfacet
  facet normal 0 0 -1
    outer loop
      vertex 15 -8 -2
      vertex 9.14833 -3.65166 -2
      vertex 9.10865 -3.54078 -2
    endloop
  endfacet
  facet normal 0 0 -1
    outer loop
      vertex 8.76127 -4.92761 -2
      vertex 14.6955 -9.53073 -2
      vertex 14.5277 -9.88557 -2
    endloop
  endfacet
  facet normal 0 0 -1
    outer loop
      vertex 8.92761 -3.23873 -2
      vertex 15 8 -2
      vertex 8.99776 -3.33331 -2
    endloop
  endfacet
  facet normal 0 0 -1
    outer loop
      vertex 8.76127 -4.92761 -2
      vertex 14.5277 -9.88557 -2
      vertex 14.3259 -10.2223 -2
    endloop
  endfacet
  facet normal 0 0 -1
    outer loop
      vertex 8.84853 -3.15147 -2
      vertex 15 8 -2
      vertex 8.92761 -3.23873 -2
    endloop
  endfacet
  facet normal 0 0 -1
    outer loop
      vertex 8.76127 -4.92761 -2
      vertex 14.3259 -10.2223 -2
      vertex 14.092 -10.5376 -2
    endloop
  endfacet
  facet normal 0 0 -1
    outer loop
      vertex 7.14833 0.348341 -2
      vertex 15 8 -2
      vertex 7.17694 0.234108 -2
    endloop
  endfacet
  facet normal 0 0 -1
    outer loop
      vertex 8.76127 -4.92761 -2
      vertex 14.092 -10.5376 -2
      vertex 13.8284 -10.8284 -2
    endloop
  endfacet
  facet normal 0 0 -1
    outer loop
      vertex 7.10865 0.45922 -2
      vertex 15 8 -2
      vertex 7.14833 0.348341 -2
    endloop
  endfacet
  facet normal 0 0 -1
    outer loop
      vertex 8.76127 -4.92761 -2
      vertex 13.8284 -10.8284 -2
      vertex 13.5376 -11.092 -2
    endloop
  endfacet
  facet normal 0 0 -1
    outer loop
      vertex 15 -8 -2
      vertex 9.17694 -3.76589 -2
      vertex 9.14833 -3.65166 -2
    endloop
  endfacet
  facet normal 0 0 -1
    outer loop
      vertex 8.76127 -4.92761 -2
      vertex 13.5376 -11.092 -2
      vertex 13.2223 -11.3259 -2
    endloop
  endfacet
  facet normal 0 0 -1
    outer loop
      vertex 7.0583 0.565676 -2
      vertex 15 8 -2
      vertex 7.10865 0.45922 -2
    endloop
  endfacet
  facet normal 0 0 -1
    outer loop
      vertex 8.76127 -4.92761 -2
      vertex 13.2223 -11.3259 -2
      vertex 12.8856 -11.5277 -2
    endloop
  endfacet
  facet normal 0 0 -1
    outer loop
      vertex 6.99776 0.666684 -2
      vertex 15 8 -2
      vertex 7.0583 0.565676 -2
    endloop
  endfacet
  facet normal 0 0 -1
    outer loop
      vertex 8.76127 -4.92761 -2
      vertex 12.8856 -11.5277 -2
      vertex 12.5307 -11.6955 -2
    endloop
  endfacet
  facet normal 0 0 -1
    outer loop
      vertex 6.92761 0.761271 -2
      vertex 15 8 -2
      vertex 6.99776 0.666684 -2
    endloop
  endfacet
  facet normal 0 0 -1
    outer loop
      vertex 8.76127 -4.92761 -2
      vertex 12.5307 -11.6955 -2
      vertex 12.1611 -11.8278 -2
    endloop
  endfacet
  facet normal 0 0 -1
    outer loop
      vertex 6.84853 0.848528 -2
      vertex 15 8 -2
      vertex 6.92761 0.761271 -2
    endloop
  endfacet
  facet normal 0 0 -1
    outer loop
      vertex 8.76127 -4.92761 -2
      vertex 12.1611 -11.8278 -2
      vertex 11.7803 -11.9231 -2
    endloop
  endfacet
  facet normal 0 0 -1
    outer loop
      vertex 15 -8 -2
      vertex 9.19422 -3.88238 -2
      vertex 9.17694 -3.76589 -2
    endloop
  endfacet
  facet normal 0 0 -1
    outer loop
      vertex 8.76127 -4.92761 -2
      vertex 11.7803 -11.9231 -2
      vertex 11.3921 -11.9807 -2
    endloop
  endfacet
  facet normal 0 0 -1
    outer loop
      vertex 6.76127 0.927612 -2
      vertex 15 8 -2
      vertex 6.84853 0.848528 -2
    endloop
  endfacet
  facet normal 0 0 -1
    outer loop
      vertex 8.76127 -4.92761 -2
      vertex 11.3921 -11.9807 -2
      vertex 11 -12 -2
    endloop
  endfacet
  facet normal 0 0 -1
    outer loop
      vertex 6.66668 0.997763 -2
      vertex 15 8 -2
      vertex 6.76127 0.927612 -2
    endloop
  endfacet
  facet normal 0 0 -1
    outer loop
      vertex 15 -8 -2
      vertex 9.2 -4 -2
      vertex 9.19422 -3.88238 -2
    endloop
  endfacet
  facet normal 0 0 -1
    outer loop
      vertex 15 -8 -2
      vertex 9.19422 -4.11762 -2
      vertex 9.2 -4 -2
    endloop
  endfacet
  facet normal 0 0 -1
    outer loop
      vertex 15 -8 -2
      vertex 9.17694 -4.23411 -2
      vertex 9.19422 -4.11762 -2
    endloop
  endfacet
  facet normal 0 0 -1
    outer loop
      vertex 15 -8 -2
      vertex 9.14833 -4.34834 -2
      vertex 9.17694 -4.23411 -2
    endloop
  endfacet
  facet normal 0 0 -1
    outer loop
      vertex 15 -8 -2
      vertex 9.10865 -4.45922 -2
      vertex 9.14833 -4.34834 -2
    endloop
  endfacet
  facet normal 0 0 -1
    outer loop
      vertex 15 -8 -2
      vertex 9.0583 -4.56568 -2
      vertex 9.10865 -4.45922 -2
    endloop
  endfacet
  facet normal 0 0 -1
    outer loop
      vertex 15 -8 -2
      vertex 8.99776 -4.66668 -2
      vertex 9.0583 -4.56568 -2
    endloop
  endfacet
  facet normal 0 0 -1
    outer loop
      vertex 15 -8 -2
      vertex 8.92761 -4.76127 -2
      vertex 8.99776 -4.66668 -2
    endloop
  endfacet
  facet normal 0 0 -1
    outer loop
      vertex 15 -8 -2
      vertex 8.84853 -4.84853 -2
      vertex 8.92761 -4.76127 -2
    endloop
  endfacet
  facet normal 0 0 -1
    outer loop
      vertex 15 -8 -2
      vertex 8.76127 -4.92761 -2
      vertex 8.84853 -4.84853 -2
    endloop
  endfacet
  facet normal 0 0 -1
    outer loop
      vertex 11 -12 -2
      vertex 8.66668 -4.99776 -2
      vertex 8.76127 -4.92761 -2
    endloop
  endfacet
  facet normal 0 0 -1
    outer loop
      vertex 11 -12 -2
      vertex 8.56568 -5.0583 -2
      vertex 8.66668 -4.99776 -2
    endloop
  endfacet
  facet normal 0 0 -1
    outer loop
      vertex 11 -12 -2
      vertex 8.45922 -5.10865 -2
      vertex 8.56568 -5.0583 -2
    endloop
  endfacet
  facet normal 0 0 -1
    outer loop
      vertex 11 -12 -2
      vertex 8.34834 -5.14833 -2
      vertex 8.45922 -5.10865 -2
    endloop
  endfacet
  facet normal 0 0 -1
    outer loop
      vertex 11 -12 -2
      vertex 8.23411 -5.17694 -2
      vertex 8.34834 -5.14833 -2
    endloop
  endfacet
  facet normal 0 0 -1
    outer loop
      vertex 11 -12 -2
      vertex 8.11762 -5.19422 -2
      vertex 8.23411 -5.17694 -2
    endloop
  endfacet
  facet normal 0 0 -1
    outer loop
      vertex 11 -12 -2
      vertex 8 -5.2 -2
      vertex 8.11762 -5.19422 -2
    endloop
  endfacet
  facet normal 0 0 -1
    outer loop
      vertex 11 -12 -2
      vertex 7.88238 -5.19422 -2
      vertex 8 -5.2 -2
    endloop
  endfacet
  facet normal 0 0 -1
    outer loop
      vertex 11 -12 -2
      vertex 7.76589 -5.17694 -2
      vertex 7.88238 -5.19422 -2
    endloop
  endfacet
  facet normal 0 0 -1
    outer loop
      vertex 11 -12 -2
      vertex 7.65166 -5.14833 -2
      vertex 7.76589 -5.17694 -2
    endloop
  endfacet
  facet normal 0 0 -1
    outer loop
      vertex 11 -12 -2
      vertex 7.54078 -5.10865 -2
      vertex 7.65166 -5.14833 -2
    endloop
  endfacet
  facet normal 0 0 -1
    outer loop
      vertex 11 -12 -2
      vertex 7.43432 -5.0583 -2
      vertex 7.54078 -5.10865 -2
    endloop
  endfacet
  facet normal 0 0 -1
    outer loop
      vertex 11 -12 -2
      vertex 7.33331 -4.99776 -2
      vertex 7.43432 -5.0583 -2
    endloop
  endfacet
  facet normal 0 0 -1
    outer loop
      vertex 11 -12 -2
      vertex 7.23873 -4.92761 -2
      vertex 7.33331 -4.99776 -2
    endloop
  endfacet
  facet normal 0 0 -1
    outer loop
      vertex -7.23873 -4.92761 -2
      vertex 7.23873 -4.92761 -2
      vertex 11 -12 -2
    endloop
  endfacet
  facet normal 0 0 -1
    outer loop
      vertex 7.23873 -4.92761 -2
      vertex -7.23873 -4.92761 -2
      vertex 7.15147 -4.84853 -2
    endloop
  endfacet
  facet normal 0 -0 -1
    outer loop
      vertex -7.15147 -4.84853 -2
      vertex 7.15147 -4.84853 -2
      vertex -7.23873 -4.92761 -2
    endloop
  endfacet
  facet normal 0 0 -1
    outer loop
      vertex 7.15147 -4.84853 -2
      vertex -7.15147 -4.84853 -2
      vertex 7.07239 -4.76127 -2
    endloop
  endfacet
  facet normal 0 0 -1
    outer loop
      vertex 7.33331 -3.00224 -2
      vertex 6.66668 -0.997763 -2
      vertex 6.76127 -0.927612 -2
    endloop
  endfacet
  facet normal 0 0 -1
    outer loop
      vertex 7.33331 -3.00224 -2
      vertex 6.56568 -1.0583 -2
      vertex 6.66668 -0.997763 -2
    endloop
  endfacet
  facet normal 0 0 -1
    outer loop
      vertex 5.23873 -0.927612 -2
      vertex 6.8 -4 -2
      vertex 6.80578 -4.11762 -2
    endloop
  endfacet
  facet normal 0 0 -1
    outer loop
      vertex 7.33331 -3.00224 -2
      vertex 6.45922 -1.10865 -2
      vertex 6.56568 -1.0583 -2
    endloop
  endfacet
  facet normal 0 0 -1
    outer loop
      vertex 7.33331 -3.00224 -2
      vertex 6.34834 -1.14833 -2
      vertex 6.45922 -1.10865 -2
    endloop
  endfacet
  facet normal 0 0 -1
    outer loop
      vertex 5.15147 -0.848528 -2
      vertex 6.80578 -4.11762 -2
      vertex 6.82306 -4.23411 -2
    endloop
  endfacet
  facet normal 0 0 -1
    outer loop
      vertex 7.23873 -3.07239 -2
      vertex 6.23411 -1.17694 -2
      vertex 6.34834 -1.14833 -2
    endloop
  endfacet
  facet normal 0 0 -1
    outer loop
      vertex 7.15147 -3.15147 -2
      vertex 6.11762 -1.19422 -2
      vertex 6.23411 -1.17694 -2
    endloop
  endfacet
  facet normal 0 0 -1
    outer loop
      vertex 7.07239 -3.23873 -2
      vertex 6 -1.2 -2
      vertex 6.11762 -1.19422 -2
    endloop
  endfacet
  facet normal 0 0 -1
    outer loop
      vertex -6.82306 -4.23411 -2
      vertex 6.82306 -4.23411 -2
      vertex 6.85167 -4.34834 -2
    endloop
  endfacet
  facet normal 0 0 -1
    outer loop
      vertex 7.00224 -3.33331 -2
      vertex 5.88238 -1.19422 -2
      vertex 6 -1.2 -2
    endloop
  endfacet
  facet normal 0 0 -1
    outer loop
      vertex 6.94169 -3.43432 -2
      vertex 5.76589 -1.17694 -2
      vertex 5.88238 -1.19422 -2
    endloop
  endfacet
  facet normal 0 0 -1
    outer loop
      vertex 6.89134 -3.54078 -2
      vertex 5.65166 -1.14833 -2
      vertex 5.76589 -1.17694 -2
    endloop
  endfacet
  facet normal 0 0 -1
    outer loop
      vertex -6.85167 -4.34834 -2
      vertex 6.85167 -4.34834 -2
      vertex 6.89134 -4.45922 -2
    endloop
  endfacet
  facet normal 0 0 -1
    outer loop
      vertex 6.85167 -3.65166 -2
      vertex 5.54078 -1.10865 -2
      vertex 5.65166 -1.14833 -2
    endloop
  endfacet
  facet normal 0 0 -1
    outer loop
      vertex 6.82306 -3.76589 -2
      vertex 5.43432 -1.0583 -2
      vertex 5.54078 -1.10865 -2
    endloop
  endfacet
  facet normal 0 0 -1
    outer loop
      vertex 6.80578 -3.88238 -2
      vertex 5.33331 -0.997763 -2
      vertex 5.43432 -1.0583 -2
    endloop
  endfacet
  facet normal 0 0 -1
    outer loop
      vertex 6.8 -4 -2
      vertex 5.23873 -0.927612 -2
      vertex 5.33331 -0.997763 -2
    endloop
  endfacet
  facet normal 0 0 -1
    outer loop
      vertex 6.80578 -4.11762 -2
      vertex 5.15147 -0.848528 -2
      vertex 5.23873 -0.927612 -2
    endloop
  endfacet
  facet normal 0 0 -1
    outer loop
      vertex -6.89134 -4.45922 -2
      vertex 6.89134 -4.45922 -2
      vertex 6.94169 -4.56568 -2
    endloop
  endfacet
  facet normal 0 0 -1
    outer loop
      vertex 6.82306 -4.23411 -2
      vertex -6.82306 -4.23411 -2
      vertex 5.15147 -0.848528 -2
    endloop
  endfacet
  facet normal -0 0 -1
    outer loop
      vertex 5.15147 -0.848528 -2
      vertex -6.82306 -4.23411 -2
      vertex 5.07239 -0.761271 -2
    endloop
  endfacet
  facet normal 0 0 -1
    outer loop
      vertex 5.07239 -0.761271 -2
      vertex -5.07239 -0.761271 -2
      vertex 5.00224 -0.666684 -2
    endloop
  endfacet
  facet normal 0 0 -1
    outer loop
      vertex 4.80578 -0.11762 -2
      vertex -4.8 0 -2
      vertex 4.8 0 -2
    endloop
  endfacet
  facet normal 0 0 -1
    outer loop
      vertex -4.80578 -0.11762 -2
      vertex 4.80578 -0.11762 -2
      vertex 4.82306 -0.234108 -2
    endloop
  endfacet
  facet normal 0 0 -1
    outer loop
      vertex -4.82306 -0.234108 -2
      vertex 4.82306 -0.234108 -2
      vertex 4.85167 -0.348341 -2
    endloop
  endfacet
  facet normal 0 0 -1
    outer loop
      vertex -4.85167 -0.348341 -2
      vertex 4.85167 -0.348341 -2
      vertex 4.89134 -0.45922 -2
    endloop
  endfacet
  facet normal 0 0 -1
    outer loop
      vertex -4.89134 -0.45922 -2
      vertex 4.89134 -0.45922 -2
      vertex 4.94169 -0.565676 -2
    endloop
  endfacet
  facet normal 0 -0 -1
    outer loop
      vertex -5.00224 -0.666684 -2
      vertex 5.00224 -0.666684 -2
      vertex -5.07239 -0.761271 -2
    endloop
  endfacet
  facet normal 0 -0 -1
    outer loop
      vertex -7.07239 -4.76127 -2
      vertex 7.07239 -4.76127 -2
      vertex -7.15147 -4.84853 -2
    endloop
  endfacet
  facet normal 0 0 -1
    outer loop
      vertex 4.80578 -0.11762 -2
      vertex -4.80578 -0.11762 -2
      vertex -4.8 0 -2
    endloop
  endfacet
  facet normal 0 0 -1
    outer loop
      vertex 4.82306 -0.234108 -2
      vertex -4.82306 -0.234108 -2
      vertex -4.80578 -0.11762 -2
    endloop
  endfacet
  facet normal 0 0 -1
    outer loop
      vertex 4.85167 -0.348341 -2
      vertex -4.85167 -0.348341 -2
      vertex -4.82306 -0.234108 -2
    endloop
  endfacet
  facet normal 0 0 -1
    outer loop
      vertex 4.89134 -0.45922 -2
      vertex -4.89134 -0.45922 -2
      vertex -4.85167 -0.348341 -2
    endloop
  endfacet
  facet normal 0 0 -1
    outer loop
      vertex 4.94169 -0.565676 -2
      vertex -4.94169 -0.565676 -2
      vertex -4.89134 -0.45922 -2
    endloop
  endfacet
  facet normal -0 0 -1
    outer loop
      vertex 4.94169 -0.565676 -2
      vertex -5.00224 -0.666684 -2
      vertex -4.94169 -0.565676 -2
    endloop
  endfacet
  facet normal 0 0 -1
    outer loop
      vertex 5.00224 -0.666684 -2
      vertex -5.00224 -0.666684 -2
      vertex 4.94169 -0.565676 -2
    endloop
  endfacet
  facet normal 0 0 -1
    outer loop
      vertex 6.85167 -4.34834 -2
      vertex -6.85167 -4.34834 -2
      vertex -6.82306 -4.23411 -2
    endloop
  endfacet
  facet normal -0 0 -1
    outer loop
      vertex 5.07239 -0.761271 -2
      vertex -6.82306 -4.23411 -2
      vertex -5.07239 -0.761271 -2
    endloop
  endfacet
  facet normal 0 -0 -1
    outer loop
      vertex -6.80578 -4.11762 -2
      vertex -5.15147 -0.848528 -2
      vertex -6.82306 -4.23411 -2
    endloop
  endfacet
  facet normal 0 0 -1
    outer loop
      vertex -5.15147 -0.848528 -2
      vertex -6.80578 -4.11762 -2
      vertex -5.23873 -0.927612 -2
    endloop
  endfacet
  facet normal 0 -0 -1
    outer loop
      vertex -6.8 -4 -2
      vertex -5.23873 -0.927612 -2
      vertex -6.80578 -4.11762 -2
    endloop
  endfacet
  facet normal 0 0 -1
    outer loop
      vertex -5.23873 -0.927612 -2
      vertex -6.8 -4 -2
      vertex -5.33331 -0.997763 -2
    endloop
  endfacet
  facet normal 0 0 -1
    outer loop
      vertex -6.80578 -3.88238 -2
      vertex -5.33331 -0.997763 -2
      vertex -6.8 -4 -2
    endloop
  endfacet
  facet normal 0 0 -1
    outer loop
      vertex -5.33331 -0.997763 -2
      vertex -6.80578 -3.88238 -2
      vertex -5.43432 -1.0583 -2
    endloop
  endfacet
  facet normal 0 0 -1
    outer loop
      vertex -5.43432 -1.0583 -2
      vertex -6.82306 -3.76589 -2
      vertex -5.54078 -1.10865 -2
    endloop
  endfacet
  facet normal 0 0 -1
    outer loop
      vertex -6.85167 -3.65166 -2
      vertex -5.54078 -1.10865 -2
      vertex -6.82306 -3.76589 -2
    endloop
  endfacet
  facet normal 0 0 -1
    outer loop
      vertex -5.54078 -1.10865 -2
      vertex -6.85167 -3.65166 -2
      vertex -5.65166 -1.14833 -2
    endloop
  endfacet
  facet normal 0 0 -1
    outer loop
      vertex -5.65166 -1.14833 -2
      vertex -6.89134 -3.54078 -2
      vertex -5.76589 -1.17694 -2
    endloop
  endfacet
  facet normal 0 0 -1
    outer loop
      vertex -6.94169 -3.43432 -2
      vertex -5.76589 -1.17694 -2
      vertex -6.89134 -3.54078 -2
    endloop
  endfacet
  facet normal 0 0 -1
    outer loop
      vertex -5.76589 -1.17694 -2
      vertex -6.94169 -3.43432 -2
      vertex -5.88238 -1.19422 -2
    endloop
  endfacet
  facet normal 0 0 -1
    outer loop
      vertex -5.88238 -1.19422 -2
      vertex -7.00224 -3.33331 -2
      vertex -6 -1.2 -2
    endloop
  endfacet
  facet normal 0 0 -1
    outer loop
      vertex -7.07239 -3.23873 -2
      vertex -6 -1.2 -2
      vertex -7.00224 -3.33331 -2
    endloop
  endfacet
  facet normal 0 0 -1
    outer loop
      vertex -7.00224 -3.33331 -2
      vertex -5.88238 -1.19422 -2
      vertex -6.94169 -3.43432 -2
    endloop
  endfacet
  facet normal 0 0 -1
    outer loop
      vertex -6.89134 -3.54078 -2
      vertex -5.65166 -1.14833 -2
      vertex -6.85167 -3.65166 -2
    endloop
  endfacet
  facet normal 0 0 -1
    outer loop
      vertex -6.82306 -3.76589 -2
      vertex -5.43432 -1.0583 -2
      vertex -6.80578 -3.88238 -2
    endloop
  endfacet
  facet normal 0 0 -1
    outer loop
      vertex -5.07239 -0.761271 -2
      vertex -6.82306 -4.23411 -2
      vertex -5.15147 -0.848528 -2
    endloop
  endfacet
  facet normal 0 0 -1
    outer loop
      vertex 6.89134 -4.45922 -2
      vertex -6.89134 -4.45922 -2
      vertex -6.85167 -4.34834 -2
    endloop
  endfacet
  facet normal 0 0 -1
    outer loop
      vertex 6.94169 -4.56568 -2
      vertex -6.94169 -4.56568 -2
      vertex -6.89134 -4.45922 -2
    endloop
  endfacet
  facet normal -0 0 -1
    outer loop
      vertex 6.94169 -4.56568 -2
      vertex -7.00224 -4.66668 -2
      vertex -6.94169 -4.56568 -2
    endloop
  endfacet
  facet normal 0 0 -1
    outer loop
      vertex 7.00224 -4.66668 -2
      vertex -7.00224 -4.66668 -2
      vertex 6.94169 -4.56568 -2
    endloop
  endfacet
  facet normal 0 -0 -1
    outer loop
      vertex -7.00224 -4.66668 -2
      vertex 7.00224 -4.66668 -2
      vertex -7.07239 -4.76127 -2
    endloop
  endfacet
  facet normal 0 0 -1
    outer loop
      vertex 7.07239 -4.76127 -2
      vertex -7.07239 -4.76127 -2
      vertex 7.00224 -4.66668 -2
    endloop
  endfacet
  facet normal 0 0 -1
    outer loop
      vertex -11 -12 -2
      vertex -7.23873 -4.92761 -2
      vertex 11 -12 -2
    endloop
  endfacet
  facet normal 0 0 -1
    outer loop
      vertex -7.23873 -4.92761 -2
      vertex -11 -12 -2
      vertex -7.33331 -4.99776 -2
    endloop
  endfacet
  facet normal 0 0 -1
    outer loop
      vertex -7.33331 -4.99776 -2
      vertex -11 -12 -2
      vertex -7.43432 -5.0583 -2
    endloop
  endfacet
  facet normal 0 0 -1
    outer loop
      vertex -7.43432 -5.0583 -2
      vertex -11 -12 -2
      vertex -7.54078 -5.10865 -2
    endloop
  endfacet
  facet normal 0 0 -1
    outer loop
      vertex -7.54078 -5.10865 -2
      vertex -11 -12 -2
      vertex -7.65166 -5.14833 -2
    endloop
  endfacet
  facet normal 0 0 -1
    outer loop
      vertex -7.65166 -5.14833 -2
      vertex -11 -12 -2
      vertex -7.76589 -5.17694 -2
    endloop
  endfacet
  facet normal 0 0 -1
    outer loop
      vertex -7.76589 -5.17694 -2
      vertex -11 -12 -2
      vertex -7.88238 -5.19422 -2
    endloop
  endfacet
  facet normal 0 0 -1
    outer loop
      vertex -7.88238 -5.19422 -2
      vertex -11 -12 -2
      vertex -8 -5.2 -2
    endloop
  endfacet
  facet normal -0 0 -1
    outer loop
      vertex -8 -5.2 -2
      vertex -11 -12 -2
      vertex -8.11762 -5.19422 -2
    endloop
  endfacet
  facet normal -0 0 -1
    outer loop
      vertex -8.11762 -5.19422 -2
      vertex -11 -12 -2
      vertex -8.23411 -5.17694 -2
    endloop
  endfacet
  facet normal -0 0 -1
    outer loop
      vertex -9.17694 -4.23411 -2
      vertex -15 -8 -2
      vertex -9.19422 -4.11762 -2
    endloop
  endfacet
  facet normal -0 0 -1
    outer loop
      vertex -9.14833 -4.34834 -2
      vertex -15 -8 -2
      vertex -9.17694 -4.23411 -2
    endloop
  endfacet
  facet normal -0 0 -1
    outer loop
      vertex -9.10865 -4.45922 -2
      vertex -15 -8 -2
      vertex -9.14833 -4.34834 -2
    endloop
  endfacet
  facet normal -0 0 -1
    outer loop
      vertex -9.0583 -4.56568 -2
      vertex -15 -8 -2
      vertex -9.10865 -4.45922 -2
    endloop
  endfacet
  facet normal -0 0 -1
    outer loop
      vertex -8.99776 -4.66668 -2
      vertex -15 -8 -2
      vertex -9.0583 -4.56568 -2
    endloop
  endfacet
  facet normal -0 0 -1
    outer loop
      vertex -8.92761 -4.76127 -2
      vertex -15 -8 -2
      vertex -8.99776 -4.66668 -2
    endloop
  endfacet
  facet normal -0 0 -1
    outer loop
      vertex -8.84853 -4.84853 -2
      vertex -15 -8 -2
      vertex -8.92761 -4.76127 -2
    endloop
  endfacet
  facet normal -0 0 -1
    outer loop
      vertex -8.76127 -4.92761 -2
      vertex -15 -8 -2
      vertex -8.84853 -4.84853 -2
    endloop
  endfacet
  facet normal 0 0 -1
    outer loop
      vertex -15 -8 -2
      vertex -8.76127 -4.92761 -2
      vertex -11 -12 -2
    endloop
  endfacet
  facet normal -0 0 -1
    outer loop
      vertex -8.66668 -4.99776 -2
      vertex -11 -12 -2
      vertex -8.76127 -4.92761 -2
    endloop
  endfacet
  facet normal -0 0 -1
    outer loop
      vertex -8.56568 -5.0583 -2
      vertex -11 -12 -2
      vertex -8.66668 -4.99776 -2
    endloop
  endfacet
  facet normal -0 0 -1
    outer loop
      vertex -8.45922 -5.10865 -2
      vertex -11 -12 -2
      vertex -8.56568 -5.0583 -2
    endloop
  endfacet
  facet normal -0 0 -1
    outer loop
      vertex -8.34834 -5.14833 -2
      vertex -11 -12 -2
      vertex -8.45922 -5.10865 -2
    endloop
  endfacet
  facet normal -0 0 -1
    outer loop
      vertex -8.23411 -5.17694 -2
      vertex -11 -12 -2
      vertex -8.34834 -5.14833 -2
    endloop
  endfacet
  facet normal 0 -0 -1
    outer loop
      vertex 11 12 -2
      vertex 15 8 -2
      vertex 6.56568 1.0583 -2
    endloop
  endfacet
  facet normal 0 0 -1
    outer loop
      vertex 15 8 -2
      vertex 11 12 -2
      vertex 14.9807 8.39206 -2
    endloop
  endfacet
  facet normal 0 0 -1
    outer loop
      vertex 14.9231 8.78035 -2
      vertex 11 12 -2
      vertex 14.8278 9.16113 -2
    endloop
  endfacet
  facet normal 0 0 -1
    outer loop
      vertex 14.8278 9.16113 -2
      vertex 11 12 -2
      vertex 14.6955 9.53073 -2
    endloop
  endfacet
  facet normal 0 0 -1
    outer loop
      vertex 14.6955 9.53073 -2
      vertex 11 12 -2
      vertex 14.5277 9.88557 -2
    endloop
  endfacet
  facet normal 0 0 -1
    outer loop
      vertex 14.5277 9.88557 -2
      vertex 11 12 -2
      vertex 14.3259 10.2223 -2
    endloop
  endfacet
  facet normal 0 0 -1
    outer loop
      vertex 14.3259 10.2223 -2
      vertex 11 12 -2
      vertex 14.092 10.5376 -2
    endloop
  endfacet
  facet normal 0 0 -1
    outer loop
      vertex 15 8 -2
      vertex 8.84853 -3.15147 -2
      vertex 7.17694 0.234108 -2
    endloop
  endfacet
  facet normal 0 0 -1
    outer loop
      vertex 7.19422 0.11762 -2
      vertex 8.84853 -3.15147 -2
      vertex 8.76127 -3.07239 -2
    endloop
  endfacet
  facet normal 0 0 -1
    outer loop
      vertex 7.2 0 -2
      vertex 8.76127 -3.07239 -2
      vertex 8.66668 -3.00224 -2
    endloop
  endfacet
  facet normal 0 0 -1
    outer loop
      vertex 7.19422 -0.11762 -2
      vertex 8.66668 -3.00224 -2
      vertex 8.56568 -2.94169 -2
    endloop
  endfacet
  facet normal 0 0 -1
    outer loop
      vertex 7.19422 -0.11762 -2
      vertex 8.56568 -2.94169 -2
      vertex 8.45922 -2.89134 -2
    endloop
  endfacet
  facet normal 0 0 -1
    outer loop
      vertex 7.19422 -0.11762 -2
      vertex 8.45922 -2.89134 -2
      vertex 8.34834 -2.85167 -2
    endloop
  endfacet
  facet normal 0 0 -1
    outer loop
      vertex 7.19422 -0.11762 -2
      vertex 8.34834 -2.85167 -2
      vertex 8.23411 -2.82306 -2
    endloop
  endfacet
  facet normal 0 0 -1
    outer loop
      vertex 7.19422 -0.11762 -2
      vertex 8.23411 -2.82306 -2
      vertex 8.11762 -2.80578 -2
    endloop
  endfacet
  facet normal 0 0 -1
    outer loop
      vertex 7.19422 -0.11762 -2
      vertex 8.11762 -2.80578 -2
      vertex 8 -2.8 -2
    endloop
  endfacet
  facet normal 0 0 -1
    outer loop
      vertex 7.19422 -0.11762 -2
      vertex 8 -2.8 -2
      vertex 7.88238 -2.80578 -2
    endloop
  endfacet
  facet normal 0 0 -1
    outer loop
      vertex 7.19422 -0.11762 -2
      vertex 7.88238 -2.80578 -2
      vertex 7.76589 -2.82306 -2
    endloop
  endfacet
  facet normal 0 0 -1
    outer loop
      vertex 7.19422 -0.11762 -2
      vertex 7.76589 -2.82306 -2
      vertex 7.65166 -2.85167 -2
    endloop
  endfacet
  facet normal 0 0 -1
    outer loop
      vertex 7.19422 -0.11762 -2
      vertex 7.65166 -2.85167 -2
      vertex 7.54078 -2.89134 -2
    endloop
  endfacet
  facet normal 0 0 -1
    outer loop
      vertex 7.19422 -0.11762 -2
      vertex 7.54078 -2.89134 -2
      vertex 7.43432 -2.94169 -2
    endloop
  endfacet
  facet normal 0 0 -1
    outer loop
      vertex 7.19422 -0.11762 -2
      vertex 7.43432 -2.94169 -2
      vertex 7.33331 -3.00224 -2
    endloop
  endfacet
  facet normal 0 0 -1
    outer loop
      vertex 6.34834 -1.14833 -2
      vertex 7.33331 -3.00224 -2
      vertex 7.23873 -3.07239 -2
    endloop
  endfacet
  facet normal 0 0 -1
    outer loop
      vertex 8.76127 -3.07239 -2
      vertex 7.2 0 -2
      vertex 7.19422 0.11762 -2
    endloop
  endfacet
  facet normal 0 0 -1
    outer loop
      vertex 8.84853 -3.15147 -2
      vertex 7.19422 0.11762 -2
      vertex 7.17694 0.234108 -2
    endloop
  endfacet
  facet normal 0 0 -1
    outer loop
      vertex 6.56568 1.0583 -2
      vertex 15 8 -2
      vertex 6.66668 0.997763 -2
    endloop
  endfacet
  facet normal 0 0 -1
    outer loop
      vertex 14.092 10.5376 -2
      vertex 11 12 -2
      vertex 13.8284 10.8284 -2
    endloop
  endfacet
  facet normal 0 0 -1
    outer loop
      vertex 13.5376 11.092 -2
      vertex 11 12 -2
      vertex 13.2223 11.3259 -2
    endloop
  endfacet
  facet normal 0 0 -1
    outer loop
      vertex 13.2223 11.3259 -2
      vertex 11 12 -2
      vertex 12.8856 11.5277 -2
    endloop
  endfacet
  facet normal 0 0 -1
    outer loop
      vertex 12.8856 11.5277 -2
      vertex 11 12 -2
      vertex 12.5307 11.6955 -2
    endloop
  endfacet
  facet normal 0 0 -1
    outer loop
      vertex 12.5307 11.6955 -2
      vertex 11 12 -2
      vertex 12.1611 11.8278 -2
    endloop
  endfacet
  facet normal 0 0 -1
    outer loop
      vertex 12.1611 11.8278 -2
      vertex 11 12 -2
      vertex 11.7803 11.9231 -2
    endloop
  endfacet
  facet normal 0 0 -1
    outer loop
      vertex 11.7803 11.9231 -2
      vertex 11 12 -2
      vertex 11.3921 11.9807 -2
    endloop
  endfacet
  facet normal 0 0 -1
    outer loop
      vertex 13.8284 10.8284 -2
      vertex 11 12 -2
      vertex 13.5376 11.092 -2
    endloop
  endfacet
  facet normal 0 0 -1
    outer loop
      vertex 14.9807 8.39206 -2
      vertex 11 12 -2
      vertex 14.9231 8.78035 -2
    endloop
  endfacet
  facet normal 0 0 -1
    outer loop
      vertex 6.45922 1.10865 -2
      vertex 11 12 -2
      vertex 6.56568 1.0583 -2
    endloop
  endfacet
  facet normal 0 0 -1
    outer loop
      vertex 6.34834 1.14833 -2
      vertex 11 12 -2
      vertex 6.45922 1.10865 -2
    endloop
  endfacet
  facet normal 0 0 -1
    outer loop
      vertex 6.23411 1.17694 -2
      vertex 11 12 -2
      vertex 6.34834 1.14833 -2
    endloop
  endfacet
  facet normal 0 0 -1
    outer loop
      vertex 6.11762 1.19422 -2
      vertex 11 12 -2
      vertex 6.23411 1.17694 -2
    endloop
  endfacet
  facet normal 0 0 -1
    outer loop
      vertex 6 1.2 -2
      vertex 11 12 -2
      vertex 6.11762 1.19422 -2
    endloop
  endfacet
  facet normal 0 0 -1
    outer loop
      vertex 5.88238 1.19422 -2
      vertex 11 12 -2
      vertex 6 1.2 -2
    endloop
  endfacet
  facet normal 0 0 -1
    outer loop
      vertex 5.76589 1.17694 -2
      vertex 11 12 -2
      vertex 5.88238 1.19422 -2
    endloop
  endfacet
  facet normal 0 0 -1
    outer loop
      vertex 5.65166 1.14833 -2
      vertex 11 12 -2
      vertex 5.76589 1.17694 -2
    endloop
  endfacet
  facet normal 0 0 -1
    outer loop
      vertex 5.54078 1.10865 -2
      vertex 11 12 -2
      vertex 5.65166 1.14833 -2
    endloop
  endfacet
  facet normal 0 0 -1
    outer loop
      vertex 5.43432 1.0583 -2
      vertex 11 12 -2
      vertex 5.54078 1.10865 -2
    endloop
  endfacet
  facet normal 0 0 -1
    outer loop
      vertex -5.43432 1.0583 -2
      vertex 5.43432 1.0583 -2
      vertex 5.33331 0.997763 -2
    endloop
  endfacet
  facet normal 0 0 -1
    outer loop
      vertex -5.33331 0.997763 -2
      vertex 5.33331 0.997763 -2
      vertex 5.23873 0.927612 -2
    endloop
  endfacet
  facet normal 0 0 -1
    outer loop
      vertex -5.23873 0.927612 -2
      vertex 5.23873 0.927612 -2
      vertex 5.15147 0.848528 -2
    endloop
  endfacet
  facet normal 0 0 -1
    outer loop
      vertex -5.15147 0.848528 -2
      vertex 5.15147 0.848528 -2
      vertex 5.07239 0.761271 -2
    endloop
  endfacet
  facet normal 0 0 -1
    outer loop
      vertex -5.07239 0.761271 -2
      vertex 5.07239 0.761271 -2
      vertex 5.00224 0.666684 -2
    endloop
  endfacet
  facet normal 0 0 -1
    outer loop
      vertex -5.00224 0.666684 -2
      vertex 5.00224 0.666684 -2
      vertex 4.94169 0.565676 -2
    endloop
  endfacet
  facet normal 0 0 -1
    outer loop
      vertex -4.8 0 -2
      vertex 4.80578 0.11762 -2
      vertex 4.8 0 -2
    endloop
  endfacet
  facet normal 0 0 -1
    outer loop
      vertex -4.80578 0.11762 -2
      vertex 4.80578 0.11762 -2
      vertex -4.8 0 -2
    endloop
  endfacet
  facet normal 0 0 -1
    outer loop
      vertex 4.80578 0.11762 -2
      vertex -4.80578 0.11762 -2
      vertex 4.82306 0.234108 -2
    endloop
  endfacet
  facet normal 0 0 -1
    outer loop
      vertex -4.82306 0.234108 -2
      vertex 4.82306 0.234108 -2
      vertex -4.80578 0.11762 -2
    endloop
  endfacet
  facet normal 0 0 -1
    outer loop
      vertex 4.82306 0.234108 -2
      vertex -4.82306 0.234108 -2
      vertex 4.85167 0.348341 -2
    endloop
  endfacet
  facet normal 0 0 -1
    outer loop
      vertex -4.85167 0.348341 -2
      vertex 4.85167 0.348341 -2
      vertex -4.82306 0.234108 -2
    endloop
  endfacet
  facet normal 0 0 -1
    outer loop
      vertex 4.85167 0.348341 -2
      vertex -4.85167 0.348341 -2
      vertex 4.89134 0.45922 -2
    endloop
  endfacet
  facet normal 0 0 -1
    outer loop
      vertex -4.89134 0.45922 -2
      vertex 4.89134 0.45922 -2
      vertex -4.85167 0.348341 -2
    endloop
  endfacet
  facet normal 0 0 -1
    outer loop
      vertex 4.89134 0.45922 -2
      vertex -4.89134 0.45922 -2
      vertex 4.94169 0.565676 -2
    endloop
  endfacet
  facet normal 0 0 -1
    outer loop
      vertex -4.94169 0.565676 -2
      vertex 4.94169 0.565676 -2
      vertex -4.89134 0.45922 -2
    endloop
  endfacet
  facet normal 0 0 -1
    outer loop
      vertex -5.00224 0.666684 -2
      vertex 4.94169 0.565676 -2
      vertex -4.94169 0.565676 -2
    endloop
  endfacet
  facet normal 0 0 -1
    outer loop
      vertex 5.00224 0.666684 -2
      vertex -5.00224 0.666684 -2
      vertex -5.07239 0.761271 -2
    endloop
  endfacet
  facet normal 0 0 -1
    outer loop
      vertex 5.07239 0.761271 -2
      vertex -5.07239 0.761271 -2
      vertex -5.15147 0.848528 -2
    endloop
  endfacet
  facet normal 0 0 -1
    outer loop
      vertex 5.15147 0.848528 -2
      vertex -5.15147 0.848528 -2
      vertex -5.23873 0.927612 -2
    endloop
  endfacet
  facet normal 0 0 -1
    outer loop
      vertex 5.23873 0.927612 -2
      vertex -5.23873 0.927612 -2
      vertex -5.33331 0.997763 -2
    endloop
  endfacet
  facet normal 0 0 -1
    outer loop
      vertex 5.33331 0.997763 -2
      vertex -5.33331 0.997763 -2
      vertex -5.43432 1.0583 -2
    endloop
  endfacet
  facet normal 0 0 -1
    outer loop
      vertex 5.43432 1.0583 -2
      vertex -5.43432 1.0583 -2
      vertex 11 12 -2
    endloop
  endfacet
  facet normal 0 0 -1
    outer loop
      vertex -11 12 -2
      vertex -5.43432 1.0583 -2
      vertex -5.54078 1.10865 -2
    endloop
  endfacet
  facet normal 0 0 -1
    outer loop
      vertex -11 12 -2
      vertex -5.54078 1.10865 -2
      vertex -5.65166 1.14833 -2
    endloop
  endfacet
  facet normal 0 0 -1
    outer loop
      vertex -11 12 -2
      vertex -5.65166 1.14833 -2
      vertex -5.76589 1.17694 -2
    endloop
  endfacet
  facet normal 0 0 -1
    outer loop
      vertex -11 12 -2
      vertex -5.76589 1.17694 -2
      vertex -5.88238 1.19422 -2
    endloop
  endfacet
  facet normal 0 0 -1
    outer loop
      vertex -11 12 -2
      vertex -5.88238 1.19422 -2
      vertex -6 1.2 -2
    endloop
  endfacet
  facet normal 0 0 -1
    outer loop
      vertex -11 12 -2
      vertex -6 1.2 -2
      vertex -6.11762 1.19422 -2
    endloop
  endfacet
  facet normal 0 0 -1
    outer loop
      vertex -11 12 -2
      vertex -6.11762 1.19422 -2
      vertex -6.23411 1.17694 -2
    endloop
  endfacet
  facet normal 0 0 -1
    outer loop
      vertex -11 12 -2
      vertex -6.23411 1.17694 -2
      vertex -6.34834 1.14833 -2
    endloop
  endfacet
  facet normal 0 0 -1
    outer loop
      vertex -11 12 -2
      vertex -6.34834 1.14833 -2
      vertex -6.45922 1.10865 -2
    endloop
  endfacet
  facet normal 0 0 -1
    outer loop
      vertex -11 12 -2
      vertex -6.45922 1.10865 -2
      vertex -6.56568 1.0583 -2
    endloop
  endfacet
  facet normal 0 0 -1
    outer loop
      vertex -15 8 -2
      vertex -6.56568 1.0583 -2
      vertex -6.66668 0.997763 -2
    endloop
  endfacet
  facet normal -0 0 -1
    outer loop
      vertex -6.92761 -0.761271 -2
      vertex -8 -2.8 -2
      vertex -6.99776 -0.666684 -2
    endloop
  endfacet
  facet normal 0 0 -1
    outer loop
      vertex -8.11762 -2.80578 -2
      vertex -6.99776 -0.666684 -2
      vertex -8 -2.8 -2
    endloop
  endfacet
  facet normal -0 0 -1
    outer loop
      vertex -6.99776 -0.666684 -2
      vertex -8.11762 -2.80578 -2
      vertex -7.0583 -0.565676 -2
    endloop
  endfacet
  facet normal 0 0 -1
    outer loop
      vertex -8.23411 -2.82306 -2
      vertex -7.0583 -0.565676 -2
      vertex -8.11762 -2.80578 -2
    endloop
  endfacet
  facet normal -0 0 -1
    outer loop
      vertex -7.0583 -0.565676 -2
      vertex -8.23411 -2.82306 -2
      vertex -7.10865 -0.45922 -2
    endloop
  endfacet
  facet normal 0 0 -1
    outer loop
      vertex -8.34834 -2.85167 -2
      vertex -7.10865 -0.45922 -2
      vertex -8.23411 -2.82306 -2
    endloop
  endfacet
  facet normal -0 0 -1
    outer loop
      vertex -7.10865 -0.45922 -2
      vertex -8.34834 -2.85167 -2
      vertex -7.14833 -0.348341 -2
    endloop
  endfacet
  facet normal 0 0 -1
    outer loop
      vertex -8.45922 -2.89134 -2
      vertex -7.14833 -0.348341 -2
      vertex -8.34834 -2.85167 -2
    endloop
  endfacet
  facet normal -0 0 -1
    outer loop
      vertex -7.14833 -0.348341 -2
      vertex -8.45922 -2.89134 -2
      vertex -7.17694 -0.234108 -2
    endloop
  endfacet
  facet normal 0 0 -1
    outer loop
      vertex -8.56568 -2.94169 -2
      vertex -7.17694 -0.234108 -2
      vertex -8.45922 -2.89134 -2
    endloop
  endfacet
  facet normal -0 0 -1
    outer loop
      vertex -7.17694 -0.234108 -2
      vertex -8.56568 -2.94169 -2
      vertex -7.19422 -0.11762 -2
    endloop
  endfacet
  facet normal 0 0 -1
    outer loop
      vertex -8.66668 -3.00224 -2
      vertex -7.19422 -0.11762 -2
      vertex -8.56568 -2.94169 -2
    endloop
  endfacet
  facet normal -0 0 -1
    outer loop
      vertex -7.19422 -0.11762 -2
      vertex -8.66668 -3.00224 -2
      vertex -7.2 0 -2
    endloop
  endfacet
  facet normal 0 0 -1
    outer loop
      vertex -8.76127 -3.07239 -2
      vertex -7.2 0 -2
      vertex -8.66668 -3.00224 -2
    endloop
  endfacet
  facet normal -0 0 -1
    outer loop
      vertex -7.2 0 -2
      vertex -8.76127 -3.07239 -2
      vertex -7.19422 0.11762 -2
    endloop
  endfacet
  facet normal 0 0 -1
    outer loop
      vertex -8.84853 -3.15147 -2
      vertex -7.19422 0.11762 -2
      vertex -8.76127 -3.07239 -2
    endloop
  endfacet
  facet normal -0 0 -1
    outer loop
      vertex -7.19422 0.11762 -2
      vertex -8.84853 -3.15147 -2
      vertex -7.17694 0.234108 -2
    endloop
  endfacet
  facet normal 0 0 -1
    outer loop
      vertex -15 8 -2
      vertex -7.17694 0.234108 -2
      vertex -8.84853 -3.15147 -2
    endloop
  endfacet
  facet normal 0 0 -1
    outer loop
      vertex -7.17694 0.234108 -2
      vertex -15 8 -2
      vertex -7.14833 0.348341 -2
    endloop
  endfacet
  facet normal 0 0 -1
    outer loop
      vertex -7.14833 0.348341 -2
      vertex -15 8 -2
      vertex -7.10865 0.45922 -2
    endloop
  endfacet
  facet normal 0 0 -1
    outer loop
      vertex -15 8 -2
      vertex -8.84853 -3.15147 -2
      vertex -8.92761 -3.23873 -2
    endloop
  endfacet
  facet normal 0 0 -1
    outer loop
      vertex -15 8 -2
      vertex -8.92761 -3.23873 -2
      vertex -8.99776 -3.33331 -2
    endloop
  endfacet
  facet normal 0 0 -1
    outer loop
      vertex -15 8 -2
      vertex -8.99776 -3.33331 -2
      vertex -9.0583 -3.43432 -2
    endloop
  endfacet
  facet normal -0 0 -1
    outer loop
      vertex -9.19422 -4.11762 -2
      vertex -15 -8 -2
      vertex -9.2 -4 -2
    endloop
  endfacet
  facet normal -0 0 -1
    outer loop
      vertex -9.2 -4 -2
      vertex -15 -8 -2
      vertex -9.19422 -3.88238 -2
    endloop
  endfacet
  facet normal 0 0 -1
    outer loop
      vertex -5.43432 1.0583 -2
      vertex -11 12 -2
      vertex 11 12 -2
    endloop
  endfacet
  facet normal 0 0 -1
    outer loop
      vertex -15 8 -2
      vertex -6.66668 0.997763 -2
      vertex -6.76127 0.927612 -2
    endloop
  endfacet
  facet normal 0 0 -1
    outer loop
      vertex -15 8 -2
      vertex -6.76127 0.927612 -2
      vertex -6.84853 0.848528 -2
    endloop
  endfacet
  facet normal 0 0 -1
    outer loop
      vertex -15 8 -2
      vertex -6.84853 0.848528 -2
      vertex -6.92761 0.761271 -2
    endloop
  endfacet
  facet normal 0 0 -1
    outer loop
      vertex -15 8 -2
      vertex -6.92761 0.761271 -2
      vertex -6.99776 0.666684 -2
    endloop
  endfacet
  facet normal 0 0 -1
    outer loop
      vertex -15 8 -2
      vertex -6.99776 0.666684 -2
      vertex -7.0583 0.565676 -2
    endloop
  endfacet
  facet normal 0 0 -1
    outer loop
      vertex -7.10865 0.45922 -2
      vertex -15 8 -2
      vertex -7.0583 0.565676 -2
    endloop
  endfacet
  facet normal 0 0 -1
    outer loop
      vertex -15 8 -2
      vertex -9.0583 -3.43432 -2
      vertex -9.10865 -3.54078 -2
    endloop
  endfacet
  facet normal 0 0 -1
    outer loop
      vertex -15 -8 -2
      vertex -9.10865 -3.54078 -2
      vertex -9.14833 -3.65166 -2
    endloop
  endfacet
  facet normal 0 0 -1
    outer loop
      vertex -15 -8 -2
      vertex -9.14833 -3.65166 -2
      vertex -9.17694 -3.76589 -2
    endloop
  endfacet
  facet normal -0 0 -1
    outer loop
      vertex -9.19422 -3.88238 -2
      vertex -15 -8 -2
      vertex -9.17694 -3.76589 -2
    endloop
  endfacet
  facet normal 0 0 -1
    outer loop
      vertex -15 -8 -2
      vertex -11 -12 -2
      vertex -11.3921 -11.9807 -2
    endloop
  endfacet
  facet normal -0 0 -1
    outer loop
      vertex -9.10865 -3.54078 -2
      vertex -15 -8 -2
      vertex -15 8 -2
    endloop
  endfacet
  facet normal 0 0 -1
    outer loop
      vertex -15 -8 -2
      vertex -11.3921 -11.9807 -2
      vertex -11.7803 -11.9231 -2
    endloop
  endfacet
  facet normal 0 0 -1
    outer loop
      vertex -6.56568 1.0583 -2
      vertex -15 8 -2
      vertex -11 12 -2
    endloop
  endfacet
  facet normal 0 0 -1
    outer loop
      vertex -15 -8 -2
      vertex -11.7803 -11.9231 -2
      vertex -12.1611 -11.8278 -2
    endloop
  endfacet
  facet normal 0 0 -1
    outer loop
      vertex -11 12 -2
      vertex -15 8 -2
      vertex -11.3921 11.9807 -2
    endloop
  endfacet
  facet normal 0 0 -1
    outer loop
      vertex -15 -8 -2
      vertex -12.1611 -11.8278 -2
      vertex -12.5307 -11.6955 -2
    endloop
  endfacet
  facet normal 0 0 -1
    outer loop
      vertex -11.3921 11.9807 -2
      vertex -15 8 -2
      vertex -11.7803 11.9231 -2
    endloop
  endfacet
  facet normal 0 0 -1
    outer loop
      vertex -15 -8 -2
      vertex -12.5307 -11.6955 -2
      vertex -12.8856 -11.5277 -2
    endloop
  endfacet
  facet normal 0 0 -1
    outer loop
      vertex -11.7803 11.9231 -2
      vertex -15 8 -2
      vertex -12.1611 11.8278 -2
    endloop
  endfacet
  facet normal 0 0 -1
    outer loop
      vertex -15 -8 -2
      vertex -12.8856 -11.5277 -2
      vertex -13.2223 -11.3259 -2
    endloop
  endfacet
  facet normal 0 0 -1
    outer loop
      vertex -12.1611 11.8278 -2
      vertex -15 8 -2
      vertex -12.5307 11.6955 -2
    endloop
  endfacet
  facet normal 0 0 -1
    outer loop
      vertex -15 -8 -2
      vertex -13.2223 -11.3259 -2
      vertex -13.5376 -11.092 -2
    endloop
  endfacet
  facet normal 0 0 -1
    outer loop
      vertex -12.5307 11.6955 -2
      vertex -15 8 -2
      vertex -12.8856 11.5277 -2
    endloop
  endfacet
  facet normal 0 0 -1
    outer loop
      vertex -15 -8 -2
      vertex -13.5376 -11.092 -2
      vertex -13.8284 -10.8284 -2
    endloop
  endfacet
  facet normal 0 0 -1
    outer loop
      vertex -12.8856 11.5277 -2
      vertex -15 8 -2
      vertex -13.2223 11.3259 -2
    endloop
  endfacet
  facet normal 0 0 -1
    outer loop
      vertex -15 -8 -2
      vertex -13.8284 -10.8284 -2
      vertex -14.092 -10.5376 -2
    endloop
  endfacet
  facet normal 0 0 -1
    outer loop
      vertex -13.2223 11.3259 -2
      vertex -15 8 -2
      vertex -13.5376 11.092 -2
    endloop
  endfacet
  facet normal 0 0 -1
    outer loop
      vertex -15 -8 -2
      vertex -14.092 -10.5376 -2
      vertex -14.3259 -10.2223 -2
    endloop
  endfacet
  facet normal 0 0 -1
    outer loop
      vertex -13.5376 11.092 -2
      vertex -15 8 -2
      vertex -13.8284 10.8284 -2
    endloop
  endfacet
  facet normal 0 0 -1
    outer loop
      vertex -15 -8 -2
      vertex -14.3259 -10.2223 -2
      vertex -14.5277 -9.88557 -2
    endloop
  endfacet
  facet normal 0 0 -1
    outer loop
      vertex -13.8284 10.8284 -2
      vertex -15 8 -2
      vertex -14.092 10.5376 -2
    endloop
  endfacet
  facet normal 0 0 -1
    outer loop
      vertex -15 -8 -2
      vertex -14.5277 -9.88557 -2
      vertex -14.6955 -9.53073 -2
    endloop
  endfacet
  facet normal 0 0 -1
    outer loop
      vertex -14.092 10.5376 -2
      vertex -15 8 -2
      vertex -14.3259 10.2223 -2
    endloop
  endfacet
  facet normal 0 0 -1
    outer loop
      vertex -15 -8 -2
      vertex -14.6955 -9.53073 -2
      vertex -14.8278 -9.16113 -2
    endloop
  endfacet
  facet normal 0 0 -1
    outer loop
      vertex -14.3259 10.2223 -2
      vertex -15 8 -2
      vertex -14.5277 9.88557 -2
    endloop
  endfacet
  facet normal 0 0 -1
    outer loop
      vertex -15 -8 -2
      vertex -14.8278 -9.16113 -2
      vertex -14.9231 -8.78035 -2
    endloop
  endfacet
  facet normal 0 0 -1
    outer loop
      vertex -14.5277 9.88557 -2
      vertex -15 8 -2
      vertex -14.6955 9.53073 -2
    endloop
  endfacet
  facet normal 0 0 -1
    outer loop
      vertex -15 -8 -2
      vertex -14.9231 -8.78035 -2
      vertex -14.9807 -8.39206 -2
    endloop
  endfacet
  facet normal 0 0 -1
    outer loop
      vertex -14.6955 9.53073 -2
      vertex -15 8 -2
      vertex -14.8278 9.16113 -2
    endloop
  endfacet
  facet normal 0 0 -1
    outer loop
      vertex -14.8278 9.16113 -2
      vertex -15 8 -2
      vertex -14.9231 8.78035 -2
    endloop
  endfacet
  facet normal 0 0 -1
    outer loop
      vertex -14.9231 8.78035 -2
      vertex -15 8 -2
      vertex -14.9807 8.39206 -2
    endloop
  endfacet
  facet normal -0 0 -1
    outer loop
      vertex -6 -1.2 -2
      vertex -7.07239 -3.23873 -2
      vertex -6.11762 -1.19422 -2
    endloop
  endfacet
  facet normal 0 0 -1
    outer loop
      vertex -7.15147 -3.15147 -2
      vertex -6.11762 -1.19422 -2
      vertex -7.07239 -3.23873 -2
    endloop
  endfacet
  facet normal -0 0 -1
    outer loop
      vertex -6.11762 -1.19422 -2
      vertex -7.15147 -3.15147 -2
      vertex -6.23411 -1.17694 -2
    endloop
  endfacet
  facet normal 0 0 -1
    outer loop
      vertex -7.23873 -3.07239 -2
      vertex -6.23411 -1.17694 -2
      vertex -7.15147 -3.15147 -2
    endloop
  endfacet
  facet normal -0 0 -1
    outer loop
      vertex -6.23411 -1.17694 -2
      vertex -7.23873 -3.07239 -2
      vertex -6.34834 -1.14833 -2
    endloop
  endfacet
  facet normal 0 0 -1
    outer loop
      vertex -7.33331 -3.00224 -2
      vertex -6.34834 -1.14833 -2
      vertex -7.23873 -3.07239 -2
    endloop
  endfacet
  facet normal -0 0 -1
    outer loop
      vertex -6.34834 -1.14833 -2
      vertex -7.33331 -3.00224 -2
      vertex -6.45922 -1.10865 -2
    endloop
  endfacet
  facet normal 0 0 -1
    outer loop
      vertex -7.43432 -2.94169 -2
      vertex -6.45922 -1.10865 -2
      vertex -7.33331 -3.00224 -2
    endloop
  endfacet
  facet normal -0 0 -1
    outer loop
      vertex -6.45922 -1.10865 -2
      vertex -7.43432 -2.94169 -2
      vertex -6.56568 -1.0583 -2
    endloop
  endfacet
  facet normal 0 0 -1
    outer loop
      vertex -7.54078 -2.89134 -2
      vertex -6.56568 -1.0583 -2
      vertex -7.43432 -2.94169 -2
    endloop
  endfacet
  facet normal -0 0 -1
    outer loop
      vertex -6.56568 -1.0583 -2
      vertex -7.54078 -2.89134 -2
      vertex -6.66668 -0.997763 -2
    endloop
  endfacet
  facet normal 0 0 -1
    outer loop
      vertex -7.65166 -2.85167 -2
      vertex -6.66668 -0.997763 -2
      vertex -7.54078 -2.89134 -2
    endloop
  endfacet
  facet normal -0 0 -1
    outer loop
      vertex -6.66668 -0.997763 -2
      vertex -7.65166 -2.85167 -2
      vertex -6.76127 -0.927612 -2
    endloop
  endfacet
  facet normal 0 0 -1
    outer loop
      vertex -7.76589 -2.82306 -2
      vertex -6.76127 -0.927612 -2
      vertex -7.65166 -2.85167 -2
    endloop
  endfacet
  facet normal -0 0 -1
    outer loop
      vertex -6.76127 -0.927612 -2
      vertex -7.76589 -2.82306 -2
      vertex -6.84853 -0.848528 -2
    endloop
  endfacet
  facet normal 0 0 -1
    outer loop
      vertex -7.88238 -2.80578 -2
      vertex -6.84853 -0.848528 -2
      vertex -7.76589 -2.82306 -2
    endloop
  endfacet
  facet normal -0 0 -1
    outer loop
      vertex -6.84853 -0.848528 -2
      vertex -7.88238 -2.80578 -2
      vertex -6.92761 -0.761271 -2
    endloop
  endfacet
  facet normal 0 0 -1
    outer loop
      vertex -8 -2.8 -2
      vertex -6.92761 -0.761271 -2
      vertex -7.88238 -2.80578 -2
    endloop
  endfacet
  facet normal -0.85776 -0.51405 0
    outer loop
      vertex -14.3259 -10.2223 -2
      vertex -14.5277 -9.88557 2
      vertex -14.5277 -9.88557 -2
    endloop
  endfacet
  facet normal -0.85776 -0.51405 0
    outer loop
      vertex -14.5277 -9.88557 2
      vertex -14.3259 -10.2223 -2
      vertex -14.3259 -10.2223 2
    endloop
  endfacet
  facet normal -0.97008 -0.242787 0
    outer loop
      vertex -14.8278 -9.16113 -2
      vertex -14.9231 -8.78035 2
      vertex -14.9231 -8.78035 -2
    endloop
  endfacet
  facet normal -0.97008 -0.242787 0
    outer loop
      vertex -14.9231 -8.78035 2
      vertex -14.8278 -9.16113 -2
      vertex -14.8278 -9.16113 2
    endloop
  endfacet
  facet normal -0.9415 -0.337014 0
    outer loop
      vertex -14.6955 -9.53073 -2
      vertex -14.8278 -9.16113 2
      vertex -14.8278 -9.16113 -2
    endloop
  endfacet
  facet normal -0.9415 -0.337014 0
    outer loop
      vertex -14.8278 -9.16113 2
      vertex -14.6955 -9.53073 -2
      vertex -14.6955 -9.53073 2
    endloop
  endfacet
  facet normal -0.904016 -0.427499 0
    outer loop
      vertex -14.5277 -9.88557 -2
      vertex -14.6955 -9.53073 2
      vertex -14.6955 -9.53073 -2
    endloop
  endfacet
  facet normal -0.904016 -0.427499 0
    outer loop
      vertex -14.6955 -9.53073 2
      vertex -14.5277 -9.88557 -2
      vertex -14.5277 -9.88557 2
    endloop
  endfacet
  facet normal -0.989176 -0.146737 0
    outer loop
      vertex -14.9231 -8.78035 -2
      vertex -14.9807 -8.39206 2
      vertex -14.9807 -8.39206 -2
    endloop
  endfacet
  facet normal -0.989176 -0.146737 0
    outer loop
      vertex -14.9807 -8.39206 2
      vertex -14.9231 -8.78035 -2
      vertex -14.9231 -8.78035 2
    endloop
  endfacet
  facet normal -1 0 0
    outer loop
      vertex -15 -8 -2
      vertex -15 8 2
      vertex -15 8 -2
    endloop
  endfacet
  facet normal -1 -0 0
    outer loop
      vertex -15 8 2
      vertex -15 -8 -2
      vertex -15 -8 2
    endloop
  endfacet
  facet normal -0.904016 0.427499 0
    outer loop
      vertex -14.6955 9.53073 -2
      vertex -14.5277 9.88557 2
      vertex -14.5277 9.88557 -2
    endloop
  endfacet
  facet normal -0.904016 0.427499 0
    outer loop
      vertex -14.5277 9.88557 2
      vertex -14.6955 9.53073 -2
      vertex -14.6955 9.53073 2
    endloop
  endfacet
  facet normal 0.85776 -0.51405 0
    outer loop
      vertex 14.3259 -10.2223 2
      vertex 14.5277 -9.88557 -2
      vertex 14.5277 -9.88557 2
    endloop
  endfacet
  facet normal 0.85776 -0.51405 0
    outer loop
      vertex 14.5277 -9.88557 -2
      vertex 14.3259 -10.2223 2
      vertex 14.3259 -10.2223 -2
    endloop
  endfacet
  facet normal 0.904016 0.427499 0
    outer loop
      vertex 14.6955 9.53073 2
      vertex 14.5277 9.88557 -2
      vertex 14.5277 9.88557 2
    endloop
  endfacet
  facet normal 0.904016 0.427499 0
    outer loop
      vertex 14.5277 9.88557 -2
      vertex 14.6955 9.53073 2
      vertex 14.6955 9.53073 -2
    endloop
  endfacet
  facet normal 0.337014 0.9415 -0
    outer loop
      vertex 12.5307 11.6955 -2
      vertex 12.1611 11.8278 2
      vertex 12.5307 11.6955 2
    endloop
  endfacet
  facet normal 0.337014 0.9415 0
    outer loop
      vertex 12.1611 11.8278 2
      vertex 12.5307 11.6955 -2
      vertex 12.1611 11.8278 -2
    endloop
  endfacet
  facet normal -0.998791 -0.0491676 0
    outer loop
      vertex -14.9807 -8.39206 -2
      vertex -15 -8 2
      vertex -15 -8 -2
    endloop
  endfacet
  facet normal -0.998791 -0.0491676 0
    outer loop
      vertex -15 -8 2
      vertex -14.9807 -8.39206 -2
      vertex -14.9807 -8.39206 2
    endloop
  endfacet
  facet normal -0.998791 0.0491676 0
    outer loop
      vertex -15 8 -2
      vertex -14.9807 8.39206 2
      vertex -14.9807 8.39206 -2
    endloop
  endfacet
  facet normal -0.998791 0.0491676 0
    outer loop
      vertex -14.9807 8.39206 2
      vertex -15 8 -2
      vertex -15 8 2
    endloop
  endfacet
  facet normal -0.803137 0.595794 0
    outer loop
      vertex -14.3259 10.2223 -2
      vertex -14.092 10.5376 2
      vertex -14.092 10.5376 -2
    endloop
  endfacet
  facet normal -0.803137 0.595794 0
    outer loop
      vertex -14.092 10.5376 2
      vertex -14.3259 10.2223 -2
      vertex -14.3259 10.2223 2
    endloop
  endfacet
  facet normal 0.998791 -0.0491676 0
    outer loop
      vertex 14.9807 -8.39206 2
      vertex 15 -8 -2
      vertex 15 -8 2
    endloop
  endfacet
  facet normal 0.998791 -0.0491676 0
    outer loop
      vertex 15 -8 -2
      vertex 14.9807 -8.39206 2
      vertex 14.9807 -8.39206 -2
    endloop
  endfacet
  facet normal 0.989176 -0.146737 0
    outer loop
      vertex 14.9231 -8.78035 2
      vertex 14.9807 -8.39206 -2
      vertex 14.9807 -8.39206 2
    endloop
  endfacet
  facet normal 0.989176 -0.146737 0
    outer loop
      vertex 14.9807 -8.39206 -2
      vertex 14.9231 -8.78035 2
      vertex 14.9231 -8.78035 -2
    endloop
  endfacet
  facet normal 0.803137 -0.595794 0
    outer loop
      vertex 14.092 -10.5376 2
      vertex 14.3259 -10.2223 -2
      vertex 14.3259 -10.2223 2
    endloop
  endfacet
  facet normal 0.803137 -0.595794 0
    outer loop
      vertex 14.3259 -10.2223 -2
      vertex 14.092 -10.5376 2
      vertex 14.092 -10.5376 -2
    endloop
  endfacet
  facet normal 0.671607 0.740908 -0
    outer loop
      vertex 13.8284 10.8284 -2
      vertex 13.5376 11.092 2
      vertex 13.8284 10.8284 2
    endloop
  endfacet
  facet normal 0.671607 0.740908 0
    outer loop
      vertex 13.5376 11.092 2
      vertex 13.8284 10.8284 -2
      vertex 13.5376 11.092 -2
    endloop
  endfacet
  facet normal 0 0 1
    outer loop
      vertex -5.33331 -0.997763 2
      vertex -6.80578 -3.88238 2
      vertex -6.8 -4 2
    endloop
  endfacet
  facet normal 0 0 1
    outer loop
      vertex -6.66668 -0.997763 2
      vertex -6.82306 -3.76589 2
      vertex -6.80578 -3.88238 2
    endloop
  endfacet
  facet normal 0 0 1
    outer loop
      vertex -7.76589 -2.82306 2
      vertex -6.76127 -0.927612 2
      vertex -6.84853 -0.848528 2
    endloop
  endfacet
  facet normal 0 0 1
    outer loop
      vertex -6.66668 -0.997763 2
      vertex -6.85167 -3.65166 2
      vertex -6.82306 -3.76589 2
    endloop
  endfacet
  facet normal 0 0 1
    outer loop
      vertex -6.66668 -0.997763 2
      vertex -6.89134 -3.54078 2
      vertex -6.85167 -3.65166 2
    endloop
  endfacet
  facet normal 0 0 1
    outer loop
      vertex -7.88238 -2.80578 2
      vertex -6.84853 -0.848528 2
      vertex -6.92761 -0.761271 2
    endloop
  endfacet
  facet normal 0 0 1
    outer loop
      vertex -6.66668 -0.997763 2
      vertex -6.94169 -3.43432 2
      vertex -6.89134 -3.54078 2
    endloop
  endfacet
  facet normal 0 0 1
    outer loop
      vertex -8 -2.8 2
      vertex -6.92761 -0.761271 2
      vertex -6.99776 -0.666684 2
    endloop
  endfacet
  facet normal 0 0 1
    outer loop
      vertex -6.66668 -0.997763 2
      vertex -7.00224 -3.33331 2
      vertex -6.94169 -3.43432 2
    endloop
  endfacet
  facet normal 0 0 1
    outer loop
      vertex -8.11762 -2.80578 2
      vertex -6.99776 -0.666684 2
      vertex -7.0583 -0.565676 2
    endloop
  endfacet
  facet normal 0 0 1
    outer loop
      vertex -6.66668 -0.997763 2
      vertex -7.07239 -3.23873 2
      vertex -7.00224 -3.33331 2
    endloop
  endfacet
  facet normal 0 0 1
    outer loop
      vertex -8.23411 -2.82306 2
      vertex -7.0583 -0.565676 2
      vertex -7.10865 -0.45922 2
    endloop
  endfacet
  facet normal 0 0 1
    outer loop
      vertex -8.34834 -2.85167 2
      vertex -7.10865 -0.45922 2
      vertex -7.14833 -0.348341 2
    endloop
  endfacet
  facet normal 0 0 1
    outer loop
      vertex -6.66668 -0.997763 2
      vertex -7.15147 -3.15147 2
      vertex -7.07239 -3.23873 2
    endloop
  endfacet
  facet normal 0 0 1
    outer loop
      vertex -8.45922 -2.89134 2
      vertex -7.14833 -0.348341 2
      vertex -7.17694 -0.234108 2
    endloop
  endfacet
  facet normal 0 0 1
    outer loop
      vertex -8.56568 -2.94169 2
      vertex -7.17694 -0.234108 2
      vertex -7.19422 -0.11762 2
    endloop
  endfacet
  facet normal 0 0 1
    outer loop
      vertex -8.66668 -3.00224 2
      vertex -7.19422 -0.11762 2
      vertex -7.2 0 2
    endloop
  endfacet
  facet normal 0 0 1
    outer loop
      vertex -6.66668 -0.997763 2
      vertex -7.23873 -3.07239 2
      vertex -7.15147 -3.15147 2
    endloop
  endfacet
  facet normal 0 0 1
    outer loop
      vertex 11 12 2
      vertex 15 8 2
      vertex 14.9807 8.39206 2
    endloop
  endfacet
  facet normal 0 0 1
    outer loop
      vertex 15 8 2
      vertex 9.0583 -3.43432 2
      vertex 15 -8 2
    endloop
  endfacet
  facet normal 0 0 1
    outer loop
      vertex 11 12 2
      vertex 14.9807 8.39206 2
      vertex 14.9231 8.78035 2
    endloop
  endfacet
  facet normal -0 -0 1
    outer loop
      vertex 9.14833 -3.65166 2
      vertex 15 -8 2
      vertex 9.10865 -3.54078 2
    endloop
  endfacet
  facet normal 0 0 1
    outer loop
      vertex 11 12 2
      vertex 14.9231 8.78035 2
      vertex 14.8278 9.16113 2
    endloop
  endfacet
  facet normal -0 -0 1
    outer loop
      vertex 9.17694 -3.76589 2
      vertex 15 -8 2
      vertex 9.14833 -3.65166 2
    endloop
  endfacet
  facet normal 0 0 1
    outer loop
      vertex 11 12 2
      vertex 14.8278 9.16113 2
      vertex 14.6955 9.53073 2
    endloop
  endfacet
  facet normal -0 -0 1
    outer loop
      vertex 9.19422 -3.88238 2
      vertex 15 -8 2
      vertex 9.17694 -3.76589 2
    endloop
  endfacet
  facet normal 0 0 1
    outer loop
      vertex 11 12 2
      vertex 14.6955 9.53073 2
      vertex 14.5277 9.88557 2
    endloop
  endfacet
  facet normal -0 -0 1
    outer loop
      vertex 9.2 -4 2
      vertex 15 -8 2
      vertex 9.19422 -3.88238 2
    endloop
  endfacet
  facet normal 0 0 1
    outer loop
      vertex 11 12 2
      vertex 14.5277 9.88557 2
      vertex 14.3259 10.2223 2
    endloop
  endfacet
  facet normal -0 0 1
    outer loop
      vertex 9.17694 -4.23411 2
      vertex 15 -8 2
      vertex 9.19422 -4.11762 2
    endloop
  endfacet
  facet normal 0 0 1
    outer loop
      vertex 11 12 2
      vertex 14.3259 10.2223 2
      vertex 14.092 10.5376 2
    endloop
  endfacet
  facet normal -0 0 1
    outer loop
      vertex 9.14833 -4.34834 2
      vertex 15 -8 2
      vertex 9.17694 -4.23411 2
    endloop
  endfacet
  facet normal 0 0 1
    outer loop
      vertex 11 12 2
      vertex 14.092 10.5376 2
      vertex 13.8284 10.8284 2
    endloop
  endfacet
  facet normal -0 0 1
    outer loop
      vertex 9.10865 -4.45922 2
      vertex 15 -8 2
      vertex 9.14833 -4.34834 2
    endloop
  endfacet
  facet normal 0 0 1
    outer loop
      vertex 11 12 2
      vertex 13.8284 10.8284 2
      vertex 13.5376 11.092 2
    endloop
  endfacet
  facet normal -0 0 1
    outer loop
      vertex 9.0583 -4.56568 2
      vertex 15 -8 2
      vertex 9.10865 -4.45922 2
    endloop
  endfacet
  facet normal 0 0 1
    outer loop
      vertex 11 12 2
      vertex 13.5376 11.092 2
      vertex 13.2223 11.3259 2
    endloop
  endfacet
  facet normal -0 0 1
    outer loop
      vertex 8.99776 -4.66668 2
      vertex 15 -8 2
      vertex 9.0583 -4.56568 2
    endloop
  endfacet
  facet normal 0 0 1
    outer loop
      vertex 11 12 2
      vertex 13.2223 11.3259 2
      vertex 12.8856 11.5277 2
    endloop
  endfacet
  facet normal -0 0 1
    outer loop
      vertex 8.84853 -4.84853 2
      vertex 15 -8 2
      vertex 8.92761 -4.76127 2
    endloop
  endfacet
  facet normal 0 0 1
    outer loop
      vertex 11 12 2
      vertex 12.8856 11.5277 2
      vertex 12.5307 11.6955 2
    endloop
  endfacet
  facet normal -0 0 1
    outer loop
      vertex 8.76127 -4.92761 2
      vertex 15 -8 2
      vertex 8.84853 -4.84853 2
    endloop
  endfacet
  facet normal 0 0 1
    outer loop
      vertex 11 12 2
      vertex 12.5307 11.6955 2
      vertex 12.1611 11.8278 2
    endloop
  endfacet
  facet normal 0 0 1
    outer loop
      vertex 15 -8 2
      vertex 8.76127 -4.92761 2
      vertex 14.9807 -8.39206 2
    endloop
  endfacet
  facet normal 0 0 1
    outer loop
      vertex 11 12 2
      vertex 12.1611 11.8278 2
      vertex 11.7803 11.9231 2
    endloop
  endfacet
  facet normal 0 0 1
    outer loop
      vertex 14.9807 -8.39206 2
      vertex 8.76127 -4.92761 2
      vertex 14.9231 -8.78035 2
    endloop
  endfacet
  facet normal 0 0 1
    outer loop
      vertex 11 12 2
      vertex 11.7803 11.9231 2
      vertex 11.3921 11.9807 2
    endloop
  endfacet
  facet normal 0 0 1
    outer loop
      vertex 14.8278 -9.16113 2
      vertex 8.76127 -4.92761 2
      vertex 14.6955 -9.53073 2
    endloop
  endfacet
  facet normal 0 0 1
    outer loop
      vertex 15 8 2
      vertex 11 12 2
      vertex 6.56568 1.0583 2
    endloop
  endfacet
  facet normal 0 0 1
    outer loop
      vertex 14.6955 -9.53073 2
      vertex 8.76127 -4.92761 2
      vertex 14.5277 -9.88557 2
    endloop
  endfacet
  facet normal 0 0 1
    outer loop
      vertex 14.5277 -9.88557 2
      vertex 8.76127 -4.92761 2
      vertex 14.3259 -10.2223 2
    endloop
  endfacet
  facet normal 0 0 1
    outer loop
      vertex 14.3259 -10.2223 2
      vertex 8.76127 -4.92761 2
      vertex 14.092 -10.5376 2
    endloop
  endfacet
  facet normal 0 0 1
    outer loop
      vertex 14.9231 -8.78035 2
      vertex 8.76127 -4.92761 2
      vertex 14.8278 -9.16113 2
    endloop
  endfacet
  facet normal -0 0 1
    outer loop
      vertex 8.92761 -4.76127 2
      vertex 15 -8 2
      vertex 8.99776 -4.66668 2
    endloop
  endfacet
  facet normal -0 0 1
    outer loop
      vertex 9.19422 -4.11762 2
      vertex 15 -8 2
      vertex 9.2 -4 2
    endloop
  endfacet
  facet normal 0 0 1
    outer loop
      vertex 15 -8 2
      vertex 9.0583 -3.43432 2
      vertex 9.10865 -3.54078 2
    endloop
  endfacet
  facet normal 0 0 1
    outer loop
      vertex 15 8 2
      vertex 8.99776 -3.33331 2
      vertex 9.0583 -3.43432 2
    endloop
  endfacet
  facet normal 0 0 1
    outer loop
      vertex 15 8 2
      vertex 8.92761 -3.23873 2
      vertex 8.99776 -3.33331 2
    endloop
  endfacet
  facet normal 0 0 1
    outer loop
      vertex 15 8 2
      vertex 7.14833 0.348341 2
      vertex 7.17694 0.234108 2
    endloop
  endfacet
  facet normal 0 -0 1
    outer loop
      vertex 8.84853 -3.15147 2
      vertex 15 8 2
      vertex 7.17694 0.234108 2
    endloop
  endfacet
  facet normal 0 0 1
    outer loop
      vertex 15 8 2
      vertex 8.84853 -3.15147 2
      vertex 8.92761 -3.23873 2
    endloop
  endfacet
  facet normal -0 -0 1
    outer loop
      vertex 7.19422 0.11762 2
      vertex 8.84853 -3.15147 2
      vertex 7.17694 0.234108 2
    endloop
  endfacet
  facet normal -0 -0 1
    outer loop
      vertex 7.2 0 2
      vertex 8.76127 -3.07239 2
      vertex 7.19422 0.11762 2
    endloop
  endfacet
  facet normal 0 0 1
    outer loop
      vertex 8.76127 -3.07239 2
      vertex 7.2 0 2
      vertex 8.66668 -3.00224 2
    endloop
  endfacet
  facet normal -0 0 1
    outer loop
      vertex 7.19422 -0.11762 2
      vertex 8.66668 -3.00224 2
      vertex 7.2 0 2
    endloop
  endfacet
  facet normal 0 0 1
    outer loop
      vertex 8.66668 -3.00224 2
      vertex 7.19422 -0.11762 2
      vertex 8.56568 -2.94169 2
    endloop
  endfacet
  facet normal -0 0 1
    outer loop
      vertex 7.17694 -0.234108 2
      vertex 8.56568 -2.94169 2
      vertex 7.19422 -0.11762 2
    endloop
  endfacet
  facet normal -0 0 1
    outer loop
      vertex 7.14833 -0.348341 2
      vertex 8.45922 -2.89134 2
      vertex 7.17694 -0.234108 2
    endloop
  endfacet
  facet normal 0 0 1
    outer loop
      vertex 8.45922 -2.89134 2
      vertex 7.14833 -0.348341 2
      vertex 8.34834 -2.85167 2
    endloop
  endfacet
  facet normal -0 0 1
    outer loop
      vertex 7.10865 -0.45922 2
      vertex 8.34834 -2.85167 2
      vertex 7.14833 -0.348341 2
    endloop
  endfacet
  facet normal 0 0 1
    outer loop
      vertex 8.34834 -2.85167 2
      vertex 7.10865 -0.45922 2
      vertex 8.23411 -2.82306 2
    endloop
  endfacet
  facet normal 0 0 1
    outer loop
      vertex 8.23411 -2.82306 2
      vertex 7.0583 -0.565676 2
      vertex 8.11762 -2.80578 2
    endloop
  endfacet
  facet normal -0 0 1
    outer loop
      vertex 6.99776 -0.666684 2
      vertex 8.11762 -2.80578 2
      vertex 7.0583 -0.565676 2
    endloop
  endfacet
  facet normal 0 0 1
    outer loop
      vertex 8.11762 -2.80578 2
      vertex 6.99776 -0.666684 2
      vertex 8 -2.8 2
    endloop
  endfacet
  facet normal -0 0 1
    outer loop
      vertex 6.92761 -0.761271 2
      vertex 8 -2.8 2
      vertex 6.99776 -0.666684 2
    endloop
  endfacet
  facet normal -0 0 1
    outer loop
      vertex 7.0583 -0.565676 2
      vertex 8.23411 -2.82306 2
      vertex 7.10865 -0.45922 2
    endloop
  endfacet
  facet normal 0 0 1
    outer loop
      vertex 8.56568 -2.94169 2
      vertex 7.17694 -0.234108 2
      vertex 8.45922 -2.89134 2
    endloop
  endfacet
  facet normal 0 0 1
    outer loop
      vertex 8.84853 -3.15147 2
      vertex 7.19422 0.11762 2
      vertex 8.76127 -3.07239 2
    endloop
  endfacet
  facet normal 0 0 1
    outer loop
      vertex 15 8 2
      vertex 7.10865 0.45922 2
      vertex 7.14833 0.348341 2
    endloop
  endfacet
  facet normal 0 0 1
    outer loop
      vertex 15 8 2
      vertex 7.0583 0.565676 2
      vertex 7.10865 0.45922 2
    endloop
  endfacet
  facet normal 0 0 1
    outer loop
      vertex 15 8 2
      vertex 6.99776 0.666684 2
      vertex 7.0583 0.565676 2
    endloop
  endfacet
  facet normal 0 0 1
    outer loop
      vertex 15 8 2
      vertex 6.92761 0.761271 2
      vertex 6.99776 0.666684 2
    endloop
  endfacet
  facet normal 0 0 1
    outer loop
      vertex 15 8 2
      vertex 6.84853 0.848528 2
      vertex 6.92761 0.761271 2
    endloop
  endfacet
  facet normal 0 0 1
    outer loop
      vertex 15 8 2
      vertex 6.76127 0.927612 2
      vertex 6.84853 0.848528 2
    endloop
  endfacet
  facet normal 0 0 1
    outer loop
      vertex 15 8 2
      vertex 6.66668 0.997763 2
      vertex 6.76127 0.927612 2
    endloop
  endfacet
  facet normal 0 0 1
    outer loop
      vertex 15 8 2
      vertex 6.56568 1.0583 2
      vertex 6.66668 0.997763 2
    endloop
  endfacet
  facet normal 0 0 1
    outer loop
      vertex 11 12 2
      vertex 6.45922 1.10865 2
      vertex 6.56568 1.0583 2
    endloop
  endfacet
  facet normal 0 0 1
    outer loop
      vertex 11 12 2
      vertex 6.34834 1.14833 2
      vertex 6.45922 1.10865 2
    endloop
  endfacet
  facet normal 0 0 1
    outer loop
      vertex 11 12 2
      vertex 6.23411 1.17694 2
      vertex 6.34834 1.14833 2
    endloop
  endfacet
  facet normal 0 0 1
    outer loop
      vertex 11 12 2
      vertex 6.11762 1.19422 2
      vertex 6.23411 1.17694 2
    endloop
  endfacet
  facet normal 0 0 1
    outer loop
      vertex 11 12 2
      vertex 6 1.2 2
      vertex 6.11762 1.19422 2
    endloop
  endfacet
  facet normal 0 0 1
    outer loop
      vertex 11 12 2
      vertex 5.88238 1.19422 2
      vertex 6 1.2 2
    endloop
  endfacet
  facet normal 0 0 1
    outer loop
      vertex 11 12 2
      vertex 5.76589 1.17694 2
      vertex 5.88238 1.19422 2
    endloop
  endfacet
  facet normal 0 0 1
    outer loop
      vertex 11 12 2
      vertex 5.65166 1.14833 2
      vertex 5.76589 1.17694 2
    endloop
  endfacet
  facet normal 0 0 1
    outer loop
      vertex 11 12 2
      vertex 5.54078 1.10865 2
      vertex 5.65166 1.14833 2
    endloop
  endfacet
  facet normal 0 0 1
    outer loop
      vertex 11 12 2
      vertex 5.43432 1.0583 2
      vertex 5.54078 1.10865 2
    endloop
  endfacet
  facet normal 0 0 1
    outer loop
      vertex -5.43432 1.0583 2
      vertex 5.43432 1.0583 2
      vertex 11 12 2
    endloop
  endfacet
  facet normal 0 0 1
    outer loop
      vertex 5.43432 1.0583 2
      vertex -5.43432 1.0583 2
      vertex 5.33331 0.997763 2
    endloop
  endfacet
  facet normal 0 -0 1
    outer loop
      vertex -5.33331 0.997763 2
      vertex 5.33331 0.997763 2
      vertex -5.43432 1.0583 2
    endloop
  endfacet
  facet normal 0 0 1
    outer loop
      vertex 5.33331 0.997763 2
      vertex -5.33331 0.997763 2
      vertex 5.23873 0.927612 2
    endloop
  endfacet
  facet normal 0 -0 1
    outer loop
      vertex -5.23873 0.927612 2
      vertex 5.23873 0.927612 2
      vertex -5.33331 0.997763 2
    endloop
  endfacet
  facet normal 0 0 1
    outer loop
      vertex 5.23873 0.927612 2
      vertex -5.23873 0.927612 2
      vertex 5.15147 0.848528 2
    endloop
  endfacet
  facet normal 0 0 1
    outer loop
      vertex 4.80578 0.11762 2
      vertex -4.8 0 2
      vertex 4.8 0 2
    endloop
  endfacet
  facet normal 0 0 1
    outer loop
      vertex -4.80578 0.11762 2
      vertex 4.80578 0.11762 2
      vertex 4.82306 0.234108 2
    endloop
  endfacet
  facet normal 0 0 1
    outer loop
      vertex -4.82306 0.234108 2
      vertex 4.82306 0.234108 2
      vertex 4.85167 0.348341 2
    endloop
  endfacet
  facet normal 0 0 1
    outer loop
      vertex -4.85167 0.348341 2
      vertex 4.85167 0.348341 2
      vertex 4.89134 0.45922 2
    endloop
  endfacet
  facet normal 0 0 1
    outer loop
      vertex -4.89134 0.45922 2
      vertex 4.89134 0.45922 2
      vertex 4.94169 0.565676 2
    endloop
  endfacet
  facet normal 0 0 1
    outer loop
      vertex 5.15147 0.848528 2
      vertex -5.15147 0.848528 2
      vertex 5.07239 0.761271 2
    endloop
  endfacet
  facet normal 0 0 1
    outer loop
      vertex 4.80578 0.11762 2
      vertex -4.80578 0.11762 2
      vertex -4.8 0 2
    endloop
  endfacet
  facet normal 0 0 1
    outer loop
      vertex 4.82306 0.234108 2
      vertex -4.82306 0.234108 2
      vertex -4.80578 0.11762 2
    endloop
  endfacet
  facet normal 0 0 1
    outer loop
      vertex 4.85167 0.348341 2
      vertex -4.85167 0.348341 2
      vertex -4.82306 0.234108 2
    endloop
  endfacet
  facet normal 0 0 1
    outer loop
      vertex 4.89134 0.45922 2
      vertex -4.89134 0.45922 2
      vertex -4.85167 0.348341 2
    endloop
  endfacet
  facet normal 0 0 1
    outer loop
      vertex 4.94169 0.565676 2
      vertex -4.94169 0.565676 2
      vertex -4.89134 0.45922 2
    endloop
  endfacet
  facet normal 0 0 1
    outer loop
      vertex 4.94169 0.565676 2
      vertex -5.00224 0.666684 2
      vertex -4.94169 0.565676 2
    endloop
  endfacet
  facet normal 0 0 1
    outer loop
      vertex 5.00224 0.666684 2
      vertex -5.00224 0.666684 2
      vertex 4.94169 0.565676 2
    endloop
  endfacet
  facet normal 0 -0 1
    outer loop
      vertex -5.00224 0.666684 2
      vertex 5.00224 0.666684 2
      vertex -5.07239 0.761271 2
    endloop
  endfacet
  facet normal 0 0 1
    outer loop
      vertex 5.07239 0.761271 2
      vertex -5.07239 0.761271 2
      vertex 5.00224 0.666684 2
    endloop
  endfacet
  facet normal 0 -0 1
    outer loop
      vertex -5.07239 0.761271 2
      vertex 5.07239 0.761271 2
      vertex -5.15147 0.848528 2
    endloop
  endfacet
  facet normal 0 -0 1
    outer loop
      vertex -5.15147 0.848528 2
      vertex 5.15147 0.848528 2
      vertex -5.23873 0.927612 2
    endloop
  endfacet
  facet normal -0 0 1
    outer loop
      vertex -11 12 2
      vertex -5.43432 1.0583 2
      vertex 11 12 2
    endloop
  endfacet
  facet normal 0 0 1
    outer loop
      vertex -5.43432 1.0583 2
      vertex -11 12 2
      vertex -5.54078 1.10865 2
    endloop
  endfacet
  facet normal 0 0 1
    outer loop
      vertex -5.54078 1.10865 2
      vertex -11 12 2
      vertex -5.65166 1.14833 2
    endloop
  endfacet
  facet normal 0 0 1
    outer loop
      vertex -5.65166 1.14833 2
      vertex -11 12 2
      vertex -5.76589 1.17694 2
    endloop
  endfacet
  facet normal 0 0 1
    outer loop
      vertex -5.76589 1.17694 2
      vertex -11 12 2
      vertex -5.88238 1.19422 2
    endloop
  endfacet
  facet normal 0 0 1
    outer loop
      vertex -5.88238 1.19422 2
      vertex -11 12 2
      vertex -6 1.2 2
    endloop
  endfacet
  facet normal 0 0 1
    outer loop
      vertex -6 1.2 2
      vertex -11 12 2
      vertex -6.11762 1.19422 2
    endloop
  endfacet
  facet normal 0 0 1
    outer loop
      vertex -6.11762 1.19422 2
      vertex -11 12 2
      vertex -6.23411 1.17694 2
    endloop
  endfacet
  facet normal 0 0 1
    outer loop
      vertex -6.23411 1.17694 2
      vertex -11 12 2
      vertex -6.34834 1.14833 2
    endloop
  endfacet
  facet normal 0 0 1
    outer loop
      vertex -6.34834 1.14833 2
      vertex -11 12 2
      vertex -6.45922 1.10865 2
    endloop
  endfacet
  facet normal 0 0 1
    outer loop
      vertex -6.45922 1.10865 2
      vertex -11 12 2
      vertex -6.56568 1.0583 2
    endloop
  endfacet
  facet normal 0 0 1
    outer loop
      vertex -6.66668 -0.997763 2
      vertex -7.33331 -3.00224 2
      vertex -7.23873 -3.07239 2
    endloop
  endfacet
  facet normal 0 0 1
    outer loop
      vertex -6.66668 -0.997763 2
      vertex -7.43432 -2.94169 2
      vertex -7.33331 -3.00224 2
    endloop
  endfacet
  facet normal 0 0 1
    outer loop
      vertex -8.76127 -3.07239 2
      vertex -7.2 0 2
      vertex -7.19422 0.11762 2
    endloop
  endfacet
  facet normal 0 0 1
    outer loop
      vertex -6.66668 -0.997763 2
      vertex -7.54078 -2.89134 2
      vertex -7.43432 -2.94169 2
    endloop
  endfacet
  facet normal 0 0 1
    outer loop
      vertex -6.66668 -0.997763 2
      vertex -7.65166 -2.85167 2
      vertex -7.54078 -2.89134 2
    endloop
  endfacet
  facet normal 0 0 1
    outer loop
      vertex -8.84853 -3.15147 2
      vertex -7.19422 0.11762 2
      vertex -7.17694 0.234108 2
    endloop
  endfacet
  facet normal 0 0 1
    outer loop
      vertex -6.76127 -0.927612 2
      vertex -7.76589 -2.82306 2
      vertex -7.65166 -2.85167 2
    endloop
  endfacet
  facet normal 0 0 1
    outer loop
      vertex -6.84853 -0.848528 2
      vertex -7.88238 -2.80578 2
      vertex -7.76589 -2.82306 2
    endloop
  endfacet
  facet normal 0 0 1
    outer loop
      vertex -6.92761 -0.761271 2
      vertex -8 -2.8 2
      vertex -7.88238 -2.80578 2
    endloop
  endfacet
  facet normal 0 0 1
    outer loop
      vertex -15 8 2
      vertex -7.17694 0.234108 2
      vertex -7.14833 0.348341 2
    endloop
  endfacet
  facet normal 0 0 1
    outer loop
      vertex -6.99776 -0.666684 2
      vertex -8.11762 -2.80578 2
      vertex -8 -2.8 2
    endloop
  endfacet
  facet normal 0 0 1
    outer loop
      vertex -7.0583 -0.565676 2
      vertex -8.23411 -2.82306 2
      vertex -8.11762 -2.80578 2
    endloop
  endfacet
  facet normal 0 0 1
    outer loop
      vertex -7.10865 -0.45922 2
      vertex -8.34834 -2.85167 2
      vertex -8.23411 -2.82306 2
    endloop
  endfacet
  facet normal 0 0 1
    outer loop
      vertex -15 8 2
      vertex -7.14833 0.348341 2
      vertex -7.10865 0.45922 2
    endloop
  endfacet
  facet normal 0 0 1
    outer loop
      vertex -7.14833 -0.348341 2
      vertex -8.45922 -2.89134 2
      vertex -8.34834 -2.85167 2
    endloop
  endfacet
  facet normal 0 0 1
    outer loop
      vertex -7.17694 -0.234108 2
      vertex -8.56568 -2.94169 2
      vertex -8.45922 -2.89134 2
    endloop
  endfacet
  facet normal 0 0 1
    outer loop
      vertex -7.19422 -0.11762 2
      vertex -8.66668 -3.00224 2
      vertex -8.56568 -2.94169 2
    endloop
  endfacet
  facet normal 0 0 1
    outer loop
      vertex -7.2 0 2
      vertex -8.76127 -3.07239 2
      vertex -8.66668 -3.00224 2
    endloop
  endfacet
  facet normal 0 0 1
    outer loop
      vertex -7.19422 0.11762 2
      vertex -8.84853 -3.15147 2
      vertex -8.76127 -3.07239 2
    endloop
  endfacet
  facet normal 0 0 1
    outer loop
      vertex -15 8 2
      vertex -7.10865 0.45922 2
      vertex -7.0583 0.565676 2
    endloop
  endfacet
  facet normal 0 0 1
    outer loop
      vertex -7.17694 0.234108 2
      vertex -15 8 2
      vertex -8.84853 -3.15147 2
    endloop
  endfacet
  facet normal 0 0 1
    outer loop
      vertex -8.84853 -3.15147 2
      vertex -15 8 2
      vertex -8.92761 -3.23873 2
    endloop
  endfacet
  facet normal 0 0 1
    outer loop
      vertex -8.92761 -3.23873 2
      vertex -15 8 2
      vertex -8.99776 -3.33331 2
    endloop
  endfacet
  facet normal 0 0 1
    outer loop
      vertex -9.14833 -3.65166 2
      vertex -15 -8 2
      vertex -9.17694 -3.76589 2
    endloop
  endfacet
  facet normal 0 0 1
    outer loop
      vertex -9.10865 -3.54078 2
      vertex -15 -8 2
      vertex -9.14833 -3.65166 2
    endloop
  endfacet
  facet normal 0 0 1
    outer loop
      vertex -15 -8 2
      vertex -9.10865 -3.54078 2
      vertex -15 8 2
    endloop
  endfacet
  facet normal 0 0 1
    outer loop
      vertex -9.0583 -3.43432 2
      vertex -15 8 2
      vertex -9.10865 -3.54078 2
    endloop
  endfacet
  facet normal 0 0 1
    outer loop
      vertex -8.99776 -3.33331 2
      vertex -15 8 2
      vertex -9.0583 -3.43432 2
    endloop
  endfacet
  facet normal 0 0 1
    outer loop
      vertex -6.99776 0.666684 2
      vertex -15 8 2
      vertex -7.0583 0.565676 2
    endloop
  endfacet
  facet normal 0 0 1
    outer loop
      vertex -6.92761 0.761271 2
      vertex -15 8 2
      vertex -6.99776 0.666684 2
    endloop
  endfacet
  facet normal 0 0 1
    outer loop
      vertex -6.84853 0.848528 2
      vertex -15 8 2
      vertex -6.92761 0.761271 2
    endloop
  endfacet
  facet normal 0 0 1
    outer loop
      vertex -6.76127 0.927612 2
      vertex -15 8 2
      vertex -6.84853 0.848528 2
    endloop
  endfacet
  facet normal 0 0 1
    outer loop
      vertex -6.66668 0.997763 2
      vertex -15 8 2
      vertex -6.76127 0.927612 2
    endloop
  endfacet
  facet normal 0 0 1
    outer loop
      vertex -6.56568 1.0583 2
      vertex -15 8 2
      vertex -6.66668 0.997763 2
    endloop
  endfacet
  facet normal -0 0 1
    outer loop
      vertex -15 8 2
      vertex -6.56568 1.0583 2
      vertex -11 12 2
    endloop
  endfacet
  facet normal 0 0 1
    outer loop
      vertex 14.092 -10.5376 2
      vertex 8.76127 -4.92761 2
      vertex 13.8284 -10.8284 2
    endloop
  endfacet
  facet normal 0 0 1
    outer loop
      vertex 13.8284 -10.8284 2
      vertex 8.76127 -4.92761 2
      vertex 13.5376 -11.092 2
    endloop
  endfacet
  facet normal 0 0 1
    outer loop
      vertex 13.5376 -11.092 2
      vertex 8.76127 -4.92761 2
      vertex 13.2223 -11.3259 2
    endloop
  endfacet
  facet normal 0 0 1
    outer loop
      vertex 13.2223 -11.3259 2
      vertex 8.76127 -4.92761 2
      vertex 12.8856 -11.5277 2
    endloop
  endfacet
  facet normal 0 0 1
    outer loop
      vertex 12.8856 -11.5277 2
      vertex 8.76127 -4.92761 2
      vertex 12.5307 -11.6955 2
    endloop
  endfacet
  facet normal 0 0 1
    outer loop
      vertex 12.5307 -11.6955 2
      vertex 8.76127 -4.92761 2
      vertex 12.1611 -11.8278 2
    endloop
  endfacet
  facet normal 0 0 1
    outer loop
      vertex 12.1611 -11.8278 2
      vertex 8.76127 -4.92761 2
      vertex 11.7803 -11.9231 2
    endloop
  endfacet
  facet normal 0 0 1
    outer loop
      vertex 11.7803 -11.9231 2
      vertex 8.76127 -4.92761 2
      vertex 11.3921 -11.9807 2
    endloop
  endfacet
  facet normal 0 0 1
    outer loop
      vertex 11.3921 -11.9807 2
      vertex 8.76127 -4.92761 2
      vertex 11 -12 2
    endloop
  endfacet
  facet normal -0 0 1
    outer loop
      vertex 8.66668 -4.99776 2
      vertex 11 -12 2
      vertex 8.76127 -4.92761 2
    endloop
  endfacet
  facet normal -0 0 1
    outer loop
      vertex 8.56568 -5.0583 2
      vertex 11 -12 2
      vertex 8.66668 -4.99776 2
    endloop
  endfacet
  facet normal -0 0 1
    outer loop
      vertex 8.45922 -5.10865 2
      vertex 11 -12 2
      vertex 8.56568 -5.0583 2
    endloop
  endfacet
  facet normal -0 0 1
    outer loop
      vertex 8.34834 -5.14833 2
      vertex 11 -12 2
      vertex 8.45922 -5.10865 2
    endloop
  endfacet
  facet normal -0 0 1
    outer loop
      vertex 8.23411 -5.17694 2
      vertex 11 -12 2
      vertex 8.34834 -5.14833 2
    endloop
  endfacet
  facet normal -0 0 1
    outer loop
      vertex 8.11762 -5.19422 2
      vertex 11 -12 2
      vertex 8.23411 -5.17694 2
    endloop
  endfacet
  facet normal -0 0 1
    outer loop
      vertex 8 -5.2 2
      vertex 11 -12 2
      vertex 8.11762 -5.19422 2
    endloop
  endfacet
  facet normal 0 0 1
    outer loop
      vertex 7.88238 -5.19422 2
      vertex 11 -12 2
      vertex 8 -5.2 2
    endloop
  endfacet
  facet normal 0 0 1
    outer loop
      vertex 7.76589 -5.17694 2
      vertex 11 -12 2
      vertex 7.88238 -5.19422 2
    endloop
  endfacet
  facet normal 0 0 1
    outer loop
      vertex 7.65166 -5.14833 2
      vertex 11 -12 2
      vertex 7.76589 -5.17694 2
    endloop
  endfacet
  facet normal 0 0 1
    outer loop
      vertex 7.54078 -5.10865 2
      vertex 11 -12 2
      vertex 7.65166 -5.14833 2
    endloop
  endfacet
  facet normal 0 0 1
    outer loop
      vertex 7.43432 -5.0583 2
      vertex 11 -12 2
      vertex 7.54078 -5.10865 2
    endloop
  endfacet
  facet normal 0 0 1
    outer loop
      vertex 7.33331 -4.99776 2
      vertex 11 -12 2
      vertex 7.43432 -5.0583 2
    endloop
  endfacet
  facet normal 0 0 1
    outer loop
      vertex 7.23873 -4.92761 2
      vertex 11 -12 2
      vertex 7.33331 -4.99776 2
    endloop
  endfacet
  facet normal 0 0 1
    outer loop
      vertex -7.23873 -4.92761 2
      vertex 7.23873 -4.92761 2
      vertex 7.15147 -4.84853 2
    endloop
  endfacet
  facet normal 0 0 1
    outer loop
      vertex -7.15147 -4.84853 2
      vertex 7.15147 -4.84853 2
      vertex 7.07239 -4.76127 2
    endloop
  endfacet
  facet normal 0 0 1
    outer loop
      vertex -7.07239 -4.76127 2
      vertex 7.07239 -4.76127 2
      vertex 7.00224 -4.66668 2
    endloop
  endfacet
  facet normal 0 0 1
    outer loop
      vertex -7.00224 -4.66668 2
      vertex 7.00224 -4.66668 2
      vertex 6.94169 -4.56568 2
    endloop
  endfacet
  facet normal 0 0 1
    outer loop
      vertex 7.07239 -3.23873 2
      vertex 6 -1.2 2
      vertex 7.00224 -3.33331 2
    endloop
  endfacet
  facet normal 0 0 1
    outer loop
      vertex 5.88238 -1.19422 2
      vertex 7.00224 -3.33331 2
      vertex 6 -1.2 2
    endloop
  endfacet
  facet normal 0 0 1
    outer loop
      vertex 7.00224 -3.33331 2
      vertex 5.88238 -1.19422 2
      vertex 6.94169 -3.43432 2
    endloop
  endfacet
  facet normal 0 0 1
    outer loop
      vertex 5.76589 -1.17694 2
      vertex 6.94169 -3.43432 2
      vertex 5.88238 -1.19422 2
    endloop
  endfacet
  facet normal 0 0 1
    outer loop
      vertex 6.94169 -3.43432 2
      vertex 5.76589 -1.17694 2
      vertex 6.89134 -3.54078 2
    endloop
  endfacet
  facet normal 0 0 1
    outer loop
      vertex 5.65166 -1.14833 2
      vertex 6.89134 -3.54078 2
      vertex 5.76589 -1.17694 2
    endloop
  endfacet
  facet normal 0 0 1
    outer loop
      vertex 6.89134 -3.54078 2
      vertex 5.65166 -1.14833 2
      vertex 6.85167 -3.65166 2
    endloop
  endfacet
  facet normal 0 0 1
    outer loop
      vertex 5.54078 -1.10865 2
      vertex 6.85167 -3.65166 2
      vertex 5.65166 -1.14833 2
    endloop
  endfacet
  facet normal 0 0 1
    outer loop
      vertex 6.85167 -3.65166 2
      vertex 5.54078 -1.10865 2
      vertex 6.82306 -3.76589 2
    endloop
  endfacet
  facet normal 0 0 1
    outer loop
      vertex 5.43432 -1.0583 2
      vertex 6.82306 -3.76589 2
      vertex 5.54078 -1.10865 2
    endloop
  endfacet
  facet normal 0 0 1
    outer loop
      vertex 6.82306 -3.76589 2
      vertex 5.43432 -1.0583 2
      vertex 6.80578 -3.88238 2
    endloop
  endfacet
  facet normal 0 0 1
    outer loop
      vertex 5.33331 -0.997763 2
      vertex 6.80578 -3.88238 2
      vertex 5.43432 -1.0583 2
    endloop
  endfacet
  facet normal 0 0 1
    outer loop
      vertex 6.80578 -3.88238 2
      vertex 5.33331 -0.997763 2
      vertex 6.8 -4 2
    endloop
  endfacet
  facet normal 0 0 1
    outer loop
      vertex 5.23873 -0.927612 2
      vertex 6.8 -4 2
      vertex 5.33331 -0.997763 2
    endloop
  endfacet
  facet normal 0 0 1
    outer loop
      vertex 6.8 -4 2
      vertex 5.23873 -0.927612 2
      vertex 6.80578 -4.11762 2
    endloop
  endfacet
  facet normal 0 0 1
    outer loop
      vertex 5.15147 -0.848528 2
      vertex 6.80578 -4.11762 2
      vertex 5.23873 -0.927612 2
    endloop
  endfacet
  facet normal 0 0 1
    outer loop
      vertex 6.80578 -4.11762 2
      vertex 5.15147 -0.848528 2
      vertex 6.82306 -4.23411 2
    endloop
  endfacet
  facet normal 0 0 1
    outer loop
      vertex -6.82306 -4.23411 2
      vertex 6.82306 -4.23411 2
      vertex 5.15147 -0.848528 2
    endloop
  endfacet
  facet normal 0 0 1
    outer loop
      vertex 6.82306 -4.23411 2
      vertex -6.82306 -4.23411 2
      vertex 6.85167 -4.34834 2
    endloop
  endfacet
  facet normal 0 0 1
    outer loop
      vertex -6.85167 -4.34834 2
      vertex 6.85167 -4.34834 2
      vertex -6.82306 -4.23411 2
    endloop
  endfacet
  facet normal 0 0 1
    outer loop
      vertex -6.82306 -4.23411 2
      vertex 5.15147 -0.848528 2
      vertex 5.07239 -0.761271 2
    endloop
  endfacet
  facet normal 0 0 1
    outer loop
      vertex -5.07239 -0.761271 2
      vertex 5.07239 -0.761271 2
      vertex 5.00224 -0.666684 2
    endloop
  endfacet
  facet normal 0 0 1
    outer loop
      vertex -5.00224 -0.666684 2
      vertex 5.00224 -0.666684 2
      vertex 4.94169 -0.565676 2
    endloop
  endfacet
  facet normal -0 0 1
    outer loop
      vertex -4.8 0 2
      vertex 4.80578 -0.11762 2
      vertex 4.8 0 2
    endloop
  endfacet
  facet normal 0 0 1
    outer loop
      vertex -4.80578 -0.11762 2
      vertex 4.80578 -0.11762 2
      vertex -4.8 0 2
    endloop
  endfacet
  facet normal 0 0 1
    outer loop
      vertex 4.80578 -0.11762 2
      vertex -4.80578 -0.11762 2
      vertex 4.82306 -0.234108 2
    endloop
  endfacet
  facet normal 0 0 1
    outer loop
      vertex -4.82306 -0.234108 2
      vertex 4.82306 -0.234108 2
      vertex -4.80578 -0.11762 2
    endloop
  endfacet
  facet normal 0 0 1
    outer loop
      vertex 4.82306 -0.234108 2
      vertex -4.82306 -0.234108 2
      vertex 4.85167 -0.348341 2
    endloop
  endfacet
  facet normal 0 0 1
    outer loop
      vertex -4.85167 -0.348341 2
      vertex 4.85167 -0.348341 2
      vertex -4.82306 -0.234108 2
    endloop
  endfacet
  facet normal 0 0 1
    outer loop
      vertex 4.85167 -0.348341 2
      vertex -4.85167 -0.348341 2
      vertex 4.89134 -0.45922 2
    endloop
  endfacet
  facet normal 0 0 1
    outer loop
      vertex -4.89134 -0.45922 2
      vertex 4.89134 -0.45922 2
      vertex -4.85167 -0.348341 2
    endloop
  endfacet
  facet normal 0 0 1
    outer loop
      vertex 4.89134 -0.45922 2
      vertex -4.89134 -0.45922 2
      vertex 4.94169 -0.565676 2
    endloop
  endfacet
  facet normal 0 0 1
    outer loop
      vertex -4.94169 -0.565676 2
      vertex 4.94169 -0.565676 2
      vertex -4.89134 -0.45922 2
    endloop
  endfacet
  facet normal 0 0 1
    outer loop
      vertex -5.00224 -0.666684 2
      vertex 4.94169 -0.565676 2
      vertex -4.94169 -0.565676 2
    endloop
  endfacet
  facet normal 0 0 1
    outer loop
      vertex 5.00224 -0.666684 2
      vertex -5.00224 -0.666684 2
      vertex -5.07239 -0.761271 2
    endloop
  endfacet
  facet normal 0 0 1
    outer loop
      vertex -6.82306 -4.23411 2
      vertex 5.07239 -0.761271 2
      vertex -5.07239 -0.761271 2
    endloop
  endfacet
  facet normal 0 0 1
    outer loop
      vertex 6.85167 -4.34834 2
      vertex -6.85167 -4.34834 2
      vertex 6.89134 -4.45922 2
    endloop
  endfacet
  facet normal 0 0 1
    outer loop
      vertex -6.82306 -4.23411 2
      vertex -5.07239 -0.761271 2
      vertex -5.15147 -0.848528 2
    endloop
  endfacet
  facet normal 0 0 1
    outer loop
      vertex -6.80578 -4.11762 2
      vertex -5.15147 -0.848528 2
      vertex -5.23873 -0.927612 2
    endloop
  endfacet
  facet normal 0 0 1
    outer loop
      vertex -6.8 -4 2
      vertex -5.23873 -0.927612 2
      vertex -5.33331 -0.997763 2
    endloop
  endfacet
  facet normal 0 0 1
    outer loop
      vertex -6.80578 -3.88238 2
      vertex -5.33331 -0.997763 2
      vertex -5.43432 -1.0583 2
    endloop
  endfacet
  facet normal 0 0 1
    outer loop
      vertex -6.80578 -3.88238 2
      vertex -5.43432 -1.0583 2
      vertex -5.54078 -1.10865 2
    endloop
  endfacet
  facet normal 0 0 1
    outer loop
      vertex -6.80578 -3.88238 2
      vertex -5.54078 -1.10865 2
      vertex -5.65166 -1.14833 2
    endloop
  endfacet
  facet normal 0 0 1
    outer loop
      vertex -6.80578 -3.88238 2
      vertex -5.65166 -1.14833 2
      vertex -5.76589 -1.17694 2
    endloop
  endfacet
  facet normal 0 0 1
    outer loop
      vertex -6.80578 -3.88238 2
      vertex -5.76589 -1.17694 2
      vertex -5.88238 -1.19422 2
    endloop
  endfacet
  facet normal 0 0 1
    outer loop
      vertex -6.80578 -3.88238 2
      vertex -5.88238 -1.19422 2
      vertex -6 -1.2 2
    endloop
  endfacet
  facet normal 0 0 1
    outer loop
      vertex -6.80578 -3.88238 2
      vertex -6 -1.2 2
      vertex -6.11762 -1.19422 2
    endloop
  endfacet
  facet normal 0 0 1
    outer loop
      vertex -6.80578 -3.88238 2
      vertex -6.11762 -1.19422 2
      vertex -6.23411 -1.17694 2
    endloop
  endfacet
  facet normal 0 0 1
    outer loop
      vertex -6.80578 -3.88238 2
      vertex -6.23411 -1.17694 2
      vertex -6.34834 -1.14833 2
    endloop
  endfacet
  facet normal 0 0 1
    outer loop
      vertex -6.80578 -3.88238 2
      vertex -6.34834 -1.14833 2
      vertex -6.45922 -1.10865 2
    endloop
  endfacet
  facet normal 0 0 1
    outer loop
      vertex -6.80578 -3.88238 2
      vertex -6.45922 -1.10865 2
      vertex -6.56568 -1.0583 2
    endloop
  endfacet
  facet normal 0 0 1
    outer loop
      vertex -6.80578 -3.88238 2
      vertex -6.56568 -1.0583 2
      vertex -6.66668 -0.997763 2
    endloop
  endfacet
  facet normal 0 0 1
    outer loop
      vertex -7.65166 -2.85167 2
      vertex -6.66668 -0.997763 2
      vertex -6.76127 -0.927612 2
    endloop
  endfacet
  facet normal 0 0 1
    outer loop
      vertex -5.23873 -0.927612 2
      vertex -6.8 -4 2
      vertex -6.80578 -4.11762 2
    endloop
  endfacet
  facet normal 0 0 1
    outer loop
      vertex -5.15147 -0.848528 2
      vertex -6.80578 -4.11762 2
      vertex -6.82306 -4.23411 2
    endloop
  endfacet
  facet normal 0 0 1
    outer loop
      vertex -6.89134 -4.45922 2
      vertex 6.89134 -4.45922 2
      vertex -6.85167 -4.34834 2
    endloop
  endfacet
  facet normal 0 0 1
    outer loop
      vertex 6.89134 -4.45922 2
      vertex -6.89134 -4.45922 2
      vertex 6.94169 -4.56568 2
    endloop
  endfacet
  facet normal 0 0 1
    outer loop
      vertex -6.94169 -4.56568 2
      vertex 6.94169 -4.56568 2
      vertex -6.89134 -4.45922 2
    endloop
  endfacet
  facet normal 0 0 1
    outer loop
      vertex -7.00224 -4.66668 2
      vertex 6.94169 -4.56568 2
      vertex -6.94169 -4.56568 2
    endloop
  endfacet
  facet normal 0 0 1
    outer loop
      vertex 7.00224 -4.66668 2
      vertex -7.00224 -4.66668 2
      vertex -7.07239 -4.76127 2
    endloop
  endfacet
  facet normal 0 0 1
    outer loop
      vertex 7.07239 -4.76127 2
      vertex -7.07239 -4.76127 2
      vertex -7.15147 -4.84853 2
    endloop
  endfacet
  facet normal 0 0 1
    outer loop
      vertex 7.15147 -4.84853 2
      vertex -7.15147 -4.84853 2
      vertex -7.23873 -4.92761 2
    endloop
  endfacet
  facet normal 0 0 1
    outer loop
      vertex 7.23873 -4.92761 2
      vertex -7.23873 -4.92761 2
      vertex 11 -12 2
    endloop
  endfacet
  facet normal 0 0 1
    outer loop
      vertex -11 -12 2
      vertex -7.23873 -4.92761 2
      vertex -7.33331 -4.99776 2
    endloop
  endfacet
  facet normal 0 0 1
    outer loop
      vertex -11 -12 2
      vertex -7.33331 -4.99776 2
      vertex -7.43432 -5.0583 2
    endloop
  endfacet
  facet normal 0 0 1
    outer loop
      vertex -11 -12 2
      vertex -7.43432 -5.0583 2
      vertex -7.54078 -5.10865 2
    endloop
  endfacet
  facet normal 0 0 1
    outer loop
      vertex -11 -12 2
      vertex -7.54078 -5.10865 2
      vertex -7.65166 -5.14833 2
    endloop
  endfacet
  facet normal 0 0 1
    outer loop
      vertex -11 -12 2
      vertex -7.65166 -5.14833 2
      vertex -7.76589 -5.17694 2
    endloop
  endfacet
  facet normal 0 0 1
    outer loop
      vertex -11 -12 2
      vertex -7.76589 -5.17694 2
      vertex -7.88238 -5.19422 2
    endloop
  endfacet
  facet normal 0 0 1
    outer loop
      vertex -11 -12 2
      vertex -7.88238 -5.19422 2
      vertex -8 -5.2 2
    endloop
  endfacet
  facet normal 0 0 1
    outer loop
      vertex -11 -12 2
      vertex -8 -5.2 2
      vertex -8.11762 -5.19422 2
    endloop
  endfacet
  facet normal 0 0 1
    outer loop
      vertex -11 -12 2
      vertex -8.11762 -5.19422 2
      vertex -8.23411 -5.17694 2
    endloop
  endfacet
  facet normal 0 0 1
    outer loop
      vertex -11 -12 2
      vertex -8.23411 -5.17694 2
      vertex -8.34834 -5.14833 2
    endloop
  endfacet
  facet normal 0 0 1
    outer loop
      vertex -9.17694 -3.76589 2
      vertex -15 -8 2
      vertex -9.19422 -3.88238 2
    endloop
  endfacet
  facet normal 0 0 1
    outer loop
      vertex -7.23873 -4.92761 2
      vertex -11 -12 2
      vertex 11 -12 2
    endloop
  endfacet
  facet normal 0 0 1
    outer loop
      vertex -8.45922 -5.10865 2
      vertex -11 -12 2
      vertex -8.34834 -5.14833 2
    endloop
  endfacet
  facet normal 0 0 1
    outer loop
      vertex -8.56568 -5.0583 2
      vertex -11 -12 2
      vertex -8.45922 -5.10865 2
    endloop
  endfacet
  facet normal 0 0 1
    outer loop
      vertex -8.66668 -4.99776 2
      vertex -11 -12 2
      vertex -8.56568 -5.0583 2
    endloop
  endfacet
  facet normal 0 0 1
    outer loop
      vertex -8.76127 -4.92761 2
      vertex -11 -12 2
      vertex -8.66668 -4.99776 2
    endloop
  endfacet
  facet normal 0 0 1
    outer loop
      vertex -15 -8 2
      vertex -8.76127 -4.92761 2
      vertex -8.84853 -4.84853 2
    endloop
  endfacet
  facet normal 0 0 1
    outer loop
      vertex -15 -8 2
      vertex -8.84853 -4.84853 2
      vertex -8.92761 -4.76127 2
    endloop
  endfacet
  facet normal 0 0 1
    outer loop
      vertex -15 -8 2
      vertex -8.92761 -4.76127 2
      vertex -8.99776 -4.66668 2
    endloop
  endfacet
  facet normal 0 0 1
    outer loop
      vertex -15 -8 2
      vertex -8.99776 -4.66668 2
      vertex -9.0583 -4.56568 2
    endloop
  endfacet
  facet normal 0 0 1
    outer loop
      vertex -15 -8 2
      vertex -9.0583 -4.56568 2
      vertex -9.10865 -4.45922 2
    endloop
  endfacet
  facet normal 0 0 1
    outer loop
      vertex -15 -8 2
      vertex -9.10865 -4.45922 2
      vertex -9.14833 -4.34834 2
    endloop
  endfacet
  facet normal 0 0 1
    outer loop
      vertex -15 -8 2
      vertex -9.14833 -4.34834 2
      vertex -9.17694 -4.23411 2
    endloop
  endfacet
  facet normal 0 0 1
    outer loop
      vertex -15 -8 2
      vertex -9.17694 -4.23411 2
      vertex -9.19422 -4.11762 2
    endloop
  endfacet
  facet normal 0 0 1
    outer loop
      vertex -9.19422 -3.88238 2
      vertex -15 -8 2
      vertex -9.2 -4 2
    endloop
  endfacet
  facet normal 0 0 1
    outer loop
      vertex -15 8 2
      vertex -11 12 2
      vertex -11.3921 11.9807 2
    endloop
  endfacet
  facet normal 0 0 1
    outer loop
      vertex -9.2 -4 2
      vertex -15 -8 2
      vertex -9.19422 -4.11762 2
    endloop
  endfacet
  facet normal 0 0 1
    outer loop
      vertex -15 8 2
      vertex -11.3921 11.9807 2
      vertex -11.7803 11.9231 2
    endloop
  endfacet
  facet normal 0 0 1
    outer loop
      vertex -8.76127 -4.92761 2
      vertex -15 -8 2
      vertex -14.092 -10.5376 2
    endloop
  endfacet
  facet normal 0 0 1
    outer loop
      vertex -15 8 2
      vertex -11.7803 11.9231 2
      vertex -12.1611 11.8278 2
    endloop
  endfacet
  facet normal 0 0 1
    outer loop
      vertex -8.76127 -4.92761 2
      vertex -11.3921 -11.9807 2
      vertex -11 -12 2
    endloop
  endfacet
  facet normal 0 0 1
    outer loop
      vertex -15 8 2
      vertex -12.1611 11.8278 2
      vertex -12.5307 11.6955 2
    endloop
  endfacet
  facet normal 0 0 1
    outer loop
      vertex -8.76127 -4.92761 2
      vertex -11.7803 -11.9231 2
      vertex -11.3921 -11.9807 2
    endloop
  endfacet
  facet normal 0 0 1
    outer loop
      vertex -15 8 2
      vertex -12.5307 11.6955 2
      vertex -12.8856 11.5277 2
    endloop
  endfacet
  facet normal 0 0 1
    outer loop
      vertex -8.76127 -4.92761 2
      vertex -12.1611 -11.8278 2
      vertex -11.7803 -11.9231 2
    endloop
  endfacet
  facet normal 0 0 1
    outer loop
      vertex -15 8 2
      vertex -12.8856 11.5277 2
      vertex -13.2223 11.3259 2
    endloop
  endfacet
  facet normal 0 0 1
    outer loop
      vertex -8.76127 -4.92761 2
      vertex -12.5307 -11.6955 2
      vertex -12.1611 -11.8278 2
    endloop
  endfacet
  facet normal 0 0 1
    outer loop
      vertex -15 8 2
      vertex -13.2223 11.3259 2
      vertex -13.5376 11.092 2
    endloop
  endfacet
  facet normal 0 0 1
    outer loop
      vertex -8.76127 -4.92761 2
      vertex -12.8856 -11.5277 2
      vertex -12.5307 -11.6955 2
    endloop
  endfacet
  facet normal 0 0 1
    outer loop
      vertex -15 8 2
      vertex -13.5376 11.092 2
      vertex -13.8284 10.8284 2
    endloop
  endfacet
  facet normal 0 0 1
    outer loop
      vertex -8.76127 -4.92761 2
      vertex -13.2223 -11.3259 2
      vertex -12.8856 -11.5277 2
    endloop
  endfacet
  facet normal 0 0 1
    outer loop
      vertex -15 8 2
      vertex -13.8284 10.8284 2
      vertex -14.092 10.5376 2
    endloop
  endfacet
  facet normal 0 0 1
    outer loop
      vertex -8.76127 -4.92761 2
      vertex -13.5376 -11.092 2
      vertex -13.2223 -11.3259 2
    endloop
  endfacet
  facet normal 0 0 1
    outer loop
      vertex -15 8 2
      vertex -14.092 10.5376 2
      vertex -14.3259 10.2223 2
    endloop
  endfacet
  facet normal 0 0 1
    outer loop
      vertex -8.76127 -4.92761 2
      vertex -13.8284 -10.8284 2
      vertex -13.5376 -11.092 2
    endloop
  endfacet
  facet normal 0 0 1
    outer loop
      vertex -15 8 2
      vertex -14.3259 10.2223 2
      vertex -14.5277 9.88557 2
    endloop
  endfacet
  facet normal 0 0 1
    outer loop
      vertex -8.76127 -4.92761 2
      vertex -14.092 -10.5376 2
      vertex -13.8284 -10.8284 2
    endloop
  endfacet
  facet normal 0 0 1
    outer loop
      vertex -15 8 2
      vertex -14.5277 9.88557 2
      vertex -14.6955 9.53073 2
    endloop
  endfacet
  facet normal 0 0 1
    outer loop
      vertex -14.092 -10.5376 2
      vertex -15 -8 2
      vertex -14.3259 -10.2223 2
    endloop
  endfacet
  facet normal 0 0 1
    outer loop
      vertex -15 8 2
      vertex -14.6955 9.53073 2
      vertex -14.8278 9.16113 2
    endloop
  endfacet
  facet normal 0 0 1
    outer loop
      vertex -14.3259 -10.2223 2
      vertex -15 -8 2
      vertex -14.5277 -9.88557 2
    endloop
  endfacet
  facet normal 0 0 1
    outer loop
      vertex -15 8 2
      vertex -14.8278 9.16113 2
      vertex -14.9231 8.78035 2
    endloop
  endfacet
  facet normal 0 0 1
    outer loop
      vertex -14.5277 -9.88557 2
      vertex -15 -8 2
      vertex -14.6955 -9.53073 2
    endloop
  endfacet
  facet normal 0 0 1
    outer loop
      vertex -15 8 2
      vertex -14.9231 8.78035 2
      vertex -14.9807 8.39206 2
    endloop
  endfacet
  facet normal 0 0 1
    outer loop
      vertex -14.6955 -9.53073 2
      vertex -15 -8 2
      vertex -14.8278 -9.16113 2
    endloop
  endfacet
  facet normal 0 0 1
    outer loop
      vertex -14.8278 -9.16113 2
      vertex -15 -8 2
      vertex -14.9231 -8.78035 2
    endloop
  endfacet
  facet normal 0 0 1
    outer loop
      vertex -14.9231 -8.78035 2
      vertex -15 -8 2
      vertex -14.9807 -8.39206 2
    endloop
  endfacet
  facet normal 0 0 1
    outer loop
      vertex 8 -2.8 2
      vertex 6.92761 -0.761271 2
      vertex 7.88238 -2.80578 2
    endloop
  endfacet
  facet normal -0 0 1
    outer loop
      vertex 6.84853 -0.848528 2
      vertex 7.88238 -2.80578 2
      vertex 6.92761 -0.761271 2
    endloop
  endfacet
  facet normal 0 0 1
    outer loop
      vertex 7.88238 -2.80578 2
      vertex 6.84853 -0.848528 2
      vertex 7.76589 -2.82306 2
    endloop
  endfacet
  facet normal -0 0 1
    outer loop
      vertex 6.76127 -0.927612 2
      vertex 7.76589 -2.82306 2
      vertex 6.84853 -0.848528 2
    endloop
  endfacet
  facet normal 0 0 1
    outer loop
      vertex 7.76589 -2.82306 2
      vertex 6.76127 -0.927612 2
      vertex 7.65166 -2.85167 2
    endloop
  endfacet
  facet normal -0 0 1
    outer loop
      vertex 6.66668 -0.997763 2
      vertex 7.65166 -2.85167 2
      vertex 6.76127 -0.927612 2
    endloop
  endfacet
  facet normal 0 0 1
    outer loop
      vertex 7.65166 -2.85167 2
      vertex 6.66668 -0.997763 2
      vertex 7.54078 -2.89134 2
    endloop
  endfacet
  facet normal -0 0 1
    outer loop
      vertex 6.56568 -1.0583 2
      vertex 7.54078 -2.89134 2
      vertex 6.66668 -0.997763 2
    endloop
  endfacet
  facet normal 0 0 1
    outer loop
      vertex 7.54078 -2.89134 2
      vertex 6.56568 -1.0583 2
      vertex 7.43432 -2.94169 2
    endloop
  endfacet
  facet normal -0 0 1
    outer loop
      vertex 6.45922 -1.10865 2
      vertex 7.43432 -2.94169 2
      vertex 6.56568 -1.0583 2
    endloop
  endfacet
  facet normal 0 0 1
    outer loop
      vertex 7.43432 -2.94169 2
      vertex 6.45922 -1.10865 2
      vertex 7.33331 -3.00224 2
    endloop
  endfacet
  facet normal -0 0 1
    outer loop
      vertex 6.34834 -1.14833 2
      vertex 7.33331 -3.00224 2
      vertex 6.45922 -1.10865 2
    endloop
  endfacet
  facet normal 0 0 1
    outer loop
      vertex 7.33331 -3.00224 2
      vertex 6.34834 -1.14833 2
      vertex 7.23873 -3.07239 2
    endloop
  endfacet
  facet normal -0 0 1
    outer loop
      vertex 6.23411 -1.17694 2
      vertex 7.23873 -3.07239 2
      vertex 6.34834 -1.14833 2
    endloop
  endfacet
  facet normal 0 0 1
    outer loop
      vertex 7.23873 -3.07239 2
      vertex 6.23411 -1.17694 2
      vertex 7.15147 -3.15147 2
    endloop
  endfacet
  facet normal -0 0 1
    outer loop
      vertex 6.11762 -1.19422 2
      vertex 7.15147 -3.15147 2
      vertex 6.23411 -1.17694 2
    endloop
  endfacet
  facet normal 0 0 1
    outer loop
      vertex 7.15147 -3.15147 2
      vertex 6.11762 -1.19422 2
      vertex 7.07239 -3.23873 2
    endloop
  endfacet
  facet normal -0 0 1
    outer loop
      vertex 6 -1.2 2
      vertex 7.07239 -3.23873 2
      vertex 6.11762 -1.19422 2
    endloop
  endfacet
  facet normal -0.989176 0.146737 0
    outer loop
      vertex -14.9807 8.39206 -2
      vertex -14.9231 8.78035 2
      vertex -14.9231 8.78035 -2
    endloop
  endfacet
  facet normal -0.989176 0.146737 0
    outer loop
      vertex -14.9231 8.78035 2
      vertex -14.9807 8.39206 -2
      vertex -14.9807 8.39206 2
    endloop
  endfacet
  facet normal 0.0491626 0.998791 -0
    outer loop
      vertex 11.3921 11.9807 -2
      vertex 11 12 2
      vertex 11.3921 11.9807 2
    endloop
  endfacet
  facet normal 0.0491626 0.998791 0
    outer loop
      vertex 11 12 2
      vertex 11.3921 11.9807 -2
      vertex 11 12 -2
    endloop
  endfacet
  facet normal 0 1 -0
    outer loop
      vertex 11 12 -2
      vertex -11 12 2
      vertex 11 12 2
    endloop
  endfacet
  facet normal 0 1 0
    outer loop
      vertex -11 12 2
      vertex 11 12 -2
      vertex -11 12 -2
    endloop
  endfacet
  facet normal -0.595794 0.803137 0
    outer loop
      vertex -13.2223 11.3259 -2
      vertex -13.5376 11.092 2
      vertex -13.2223 11.3259 2
    endloop
  endfacet
  facet normal -0.595794 0.803137 0
    outer loop
      vertex -13.5376 11.092 2
      vertex -13.2223 11.3259 -2
      vertex -13.5376 11.092 -2
    endloop
  endfacet
  facet normal -0.85776 0.51405 0
    outer loop
      vertex -14.5277 9.88557 -2
      vertex -14.3259 10.2223 2
      vertex -14.3259 10.2223 -2
    endloop
  endfacet
  facet normal -0.85776 0.51405 0
    outer loop
      vertex -14.3259 10.2223 2
      vertex -14.5277 9.88557 -2
      vertex -14.5277 9.88557 2
    endloop
  endfacet
  facet normal 0.9415 0.337014 0
    outer loop
      vertex 14.8278 9.16113 2
      vertex 14.6955 9.53073 -2
      vertex 14.6955 9.53073 2
    endloop
  endfacet
  facet normal 0.9415 0.337014 0
    outer loop
      vertex 14.6955 9.53073 -2
      vertex 14.8278 9.16113 2
      vertex 14.8278 9.16113 -2
    endloop
  endfacet
  facet normal 0.97008 0.242787 0
    outer loop
      vertex 14.9231 8.78035 2
      vertex 14.8278 9.16113 -2
      vertex 14.8278 9.16113 2
    endloop
  endfacet
  facet normal 0.97008 0.242787 0
    outer loop
      vertex 14.8278 9.16113 -2
      vertex 14.9231 8.78035 2
      vertex 14.9231 8.78035 -2
    endloop
  endfacet
  facet normal 1 -0 0
    outer loop
      vertex 15 -8 2
      vertex 15 8 -2
      vertex 15 8 2
    endloop
  endfacet
  facet normal 1 0 0
    outer loop
      vertex 15 8 -2
      vertex 15 -8 2
      vertex 15 -8 -2
    endloop
  endfacet
  facet normal 0.0491626 -0.998791 0
    outer loop
      vertex 11 -12 -2
      vertex 11.3921 -11.9807 2
      vertex 11 -12 2
    endloop
  endfacet
  facet normal 0.0491626 -0.998791 0
    outer loop
      vertex 11.3921 -11.9807 2
      vertex 11 -12 -2
      vertex 11.3921 -11.9807 -2
    endloop
  endfacet
  facet normal 0.9415 -0.337014 0
    outer loop
      vertex 14.6955 -9.53073 2
      vertex 14.8278 -9.16113 -2
      vertex 14.8278 -9.16113 2
    endloop
  endfacet
  facet normal 0.9415 -0.337014 0
    outer loop
      vertex 14.8278 -9.16113 -2
      vertex 14.6955 -9.53073 2
      vertex 14.6955 -9.53073 -2
    endloop
  endfacet
  facet normal 0.904016 -0.427499 0
    outer loop
      vertex 14.5277 -9.88557 2
      vertex 14.6955 -9.53073 -2
      vertex 14.6955 -9.53073 2
    endloop
  endfacet
  facet normal 0.904016 -0.427499 0
    outer loop
      vertex 14.6955 -9.53073 -2
      vertex 14.5277 -9.88557 2
      vertex 14.5277 -9.88557 -2
    endloop
  endfacet
  facet normal 0.97008 -0.242787 0
    outer loop
      vertex 14.8278 -9.16113 2
      vertex 14.9231 -8.78035 -2
      vertex 14.9231 -8.78035 2
    endloop
  endfacet
  facet normal 0.97008 -0.242787 0
    outer loop
      vertex 14.9231 -8.78035 -2
      vertex 14.8278 -9.16113 2
      vertex 14.8278 -9.16113 -2
    endloop
  endfacet
  facet normal 0.595794 -0.803137 0
    outer loop
      vertex 13.2223 -11.3259 -2
      vertex 13.5376 -11.092 2
      vertex 13.2223 -11.3259 2
    endloop
  endfacet
  facet normal 0.595794 -0.803137 0
    outer loop
      vertex 13.5376 -11.092 2
      vertex 13.2223 -11.3259 -2
      vertex 13.5376 -11.092 -2
    endloop
  endfacet
  facet normal 0.803137 0.595794 0
    outer loop
      vertex 14.3259 10.2223 2
      vertex 14.092 10.5376 -2
      vertex 14.092 10.5376 2
    endloop
  endfacet
  facet normal 0.803137 0.595794 0
    outer loop
      vertex 14.092 10.5376 -2
      vertex 14.3259 10.2223 2
      vertex 14.3259 10.2223 -2
    endloop
  endfacet
  facet normal 0.42744 0.904044 -0
    outer loop
      vertex 12.8856 11.5277 -2
      vertex 12.5307 11.6955 2
      vertex 12.8856 11.5277 2
    endloop
  endfacet
  facet normal 0.42744 0.904044 0
    outer loop
      vertex 12.5307 11.6955 2
      vertex 12.8856 11.5277 -2
      vertex 12.5307 11.6955 -2
    endloop
  endfacet
  facet normal 0.14677 0.989171 -0
    outer loop
      vertex 11.7803 11.9231 -2
      vertex 11.3921 11.9807 2
      vertex 11.7803 11.9231 2
    endloop
  endfacet
  facet normal 0.14677 0.989171 0
    outer loop
      vertex 11.3921 11.9807 2
      vertex 11.7803 11.9231 -2
      vertex 11.3921 11.9807 -2
    endloop
  endfacet
  facet normal 0.242775 0.970083 -0
    outer loop
      vertex 12.1611 11.8278 -2
      vertex 11.7803 11.9231 2
      vertex 12.1611 11.8278 2
    endloop
  endfacet
  facet normal 0.242775 0.970083 0
    outer loop
      vertex 11.7803 11.9231 2
      vertex 12.1611 11.8278 -2
      vertex 11.7803 11.9231 -2
    endloop
  endfacet
  facet normal -0.9415 0.337014 0
    outer loop
      vertex -14.8278 9.16113 -2
      vertex -14.6955 9.53073 2
      vertex -14.6955 9.53073 -2
    endloop
  endfacet
  facet normal -0.9415 0.337014 0
    outer loop
      vertex -14.6955 9.53073 2
      vertex -14.8278 9.16113 -2
      vertex -14.8278 9.16113 2
    endloop
  endfacet
  facet normal -0.97008 0.242787 0
    outer loop
      vertex -14.9231 8.78035 -2
      vertex -14.8278 9.16113 2
      vertex -14.8278 9.16113 -2
    endloop
  endfacet
  facet normal -0.97008 0.242787 0
    outer loop
      vertex -14.8278 9.16113 2
      vertex -14.9231 8.78035 -2
      vertex -14.9231 8.78035 2
    endloop
  endfacet
  facet normal -0.14677 0.989171 0
    outer loop
      vertex -11.3921 11.9807 -2
      vertex -11.7803 11.9231 2
      vertex -11.3921 11.9807 2
    endloop
  endfacet
  facet normal -0.14677 0.989171 0
    outer loop
      vertex -11.7803 11.9231 2
      vertex -11.3921 11.9807 -2
      vertex -11.7803 11.9231 -2
    endloop
  endfacet
  facet normal -0.514084 0.85774 0
    outer loop
      vertex -12.8856 11.5277 -2
      vertex -13.2223 11.3259 2
      vertex -12.8856 11.5277 2
    endloop
  endfacet
  facet normal -0.514084 0.85774 0
    outer loop
      vertex -13.2223 11.3259 2
      vertex -12.8856 11.5277 -2
      vertex -13.2223 11.3259 -2
    endloop
  endfacet
  facet normal -0.242775 0.970083 0
    outer loop
      vertex -11.7803 11.9231 -2
      vertex -12.1611 11.8278 2
      vertex -11.7803 11.9231 2
    endloop
  endfacet
  facet normal -0.242775 0.970083 0
    outer loop
      vertex -12.1611 11.8278 2
      vertex -11.7803 11.9231 -2
      vertex -12.1611 11.8278 -2
    endloop
  endfacet
  facet normal -0.0491626 0.998791 0
    outer loop
      vertex -11 12 -2
      vertex -11.3921 11.9807 2
      vertex -11 12 2
    endloop
  endfacet
  facet normal -0.0491626 0.998791 0
    outer loop
      vertex -11.3921 11.9807 2
      vertex -11 12 -2
      vertex -11.3921 11.9807 -2
    endloop
  endfacet
  facet normal -0.671607 0.740908 0
    outer loop
      vertex -13.5376 11.092 -2
      vertex -13.8284 10.8284 2
      vertex -13.5376 11.092 2
    endloop
  endfacet
  facet normal -0.671607 0.740908 0
    outer loop
      vertex -13.8284 10.8284 2
      vertex -13.5376 11.092 -2
      vertex -13.8284 10.8284 -2
    endloop
  endfacet
  facet normal -0.740908 0.671607 0
    outer loop
      vertex -14.092 10.5376 -2
      vertex -13.8284 10.8284 2
      vertex -13.8284 10.8284 -2
    endloop
  endfacet
  facet normal -0.740908 0.671607 0
    outer loop
      vertex -13.8284 10.8284 2
      vertex -14.092 10.5376 -2
      vertex -14.092 10.5376 2
    endloop
  endfacet
  facet normal 0.989176 0.146737 0
    outer loop
      vertex 14.9807 8.39206 2
      vertex 14.9231 8.78035 -2
      vertex 14.9231 8.78035 2
    endloop
  endfacet
  facet normal 0.989176 0.146737 0
    outer loop
      vertex 14.9231 8.78035 -2
      vertex 14.9807 8.39206 2
      vertex 14.9807 8.39206 -2
    endloop
  endfacet
  facet normal 0.998791 0.0491676 0
    outer loop
      vertex 15 8 2
      vertex 14.9807 8.39206 -2
      vertex 14.9807 8.39206 2
    endloop
  endfacet
  facet normal 0.998791 0.0491676 0
    outer loop
      vertex 14.9807 8.39206 -2
      vertex 15 8 2
      vertex 15 8 -2
    endloop
  endfacet
  facet normal -0.803137 -0.595794 0
    outer loop
      vertex -14.092 -10.5376 -2
      vertex -14.3259 -10.2223 2
      vertex -14.3259 -10.2223 -2
    endloop
  endfacet
  facet normal -0.803137 -0.595794 0
    outer loop
      vertex -14.3259 -10.2223 2
      vertex -14.092 -10.5376 -2
      vertex -14.092 -10.5376 2
    endloop
  endfacet
  facet normal -0.337014 -0.9415 0
    outer loop
      vertex -12.5307 -11.6955 -2
      vertex -12.1611 -11.8278 2
      vertex -12.5307 -11.6955 2
    endloop
  endfacet
  facet normal -0.337014 -0.9415 -0
    outer loop
      vertex -12.1611 -11.8278 2
      vertex -12.5307 -11.6955 -2
      vertex -12.1611 -11.8278 -2
    endloop
  endfacet
  facet normal 0 -1 0
    outer loop
      vertex -11 -12 -2
      vertex 11 -12 2
      vertex -11 -12 2
    endloop
  endfacet
  facet normal 0 -1 -0
    outer loop
      vertex 11 -12 2
      vertex -11 -12 -2
      vertex 11 -12 -2
    endloop
  endfacet
  facet normal -0.0491626 -0.998791 0
    outer loop
      vertex -11.3921 -11.9807 -2
      vertex -11 -12 2
      vertex -11.3921 -11.9807 2
    endloop
  endfacet
  facet normal -0.0491626 -0.998791 -0
    outer loop
      vertex -11 -12 2
      vertex -11.3921 -11.9807 -2
      vertex -11 -12 -2
    endloop
  endfacet
  facet normal 0.671607 -0.740908 0
    outer loop
      vertex 13.5376 -11.092 -2
      vertex 13.8284 -10.8284 2
      vertex 13.5376 -11.092 2
    endloop
  endfacet
  facet normal 0.671607 -0.740908 0
    outer loop
      vertex 13.8284 -10.8284 2
      vertex 13.5376 -11.092 -2
      vertex 13.8284 -10.8284 -2
    endloop
  endfacet
  facet normal 0.85776 0.51405 0
    outer loop
      vertex 14.5277 9.88557 2
      vertex 14.3259 10.2223 -2
      vertex 14.3259 10.2223 2
    endloop
  endfacet
  facet normal 0.85776 0.51405 0
    outer loop
      vertex 14.3259 10.2223 -2
      vertex 14.5277 9.88557 2
      vertex 14.5277 9.88557 -2
    endloop
  endfacet
  facet normal 0.740908 0.671607 0
    outer loop
      vertex 14.092 10.5376 2
      vertex 13.8284 10.8284 -2
      vertex 13.8284 10.8284 2
    endloop
  endfacet
  facet normal 0.740908 0.671607 0
    outer loop
      vertex 13.8284 10.8284 -2
      vertex 14.092 10.5376 2
      vertex 14.092 10.5376 -2
    endloop
  endfacet
  facet normal -0.337014 0.9415 0
    outer loop
      vertex -12.1611 11.8278 -2
      vertex -12.5307 11.6955 2
      vertex -12.1611 11.8278 2
    endloop
  endfacet
  facet normal -0.337014 0.9415 0
    outer loop
      vertex -12.5307 11.6955 2
      vertex -12.1611 11.8278 -2
      vertex -12.5307 11.6955 -2
    endloop
  endfacet
  facet normal -0.42744 0.904044 0
    outer loop
      vertex -12.5307 11.6955 -2
      vertex -12.8856 11.5277 2
      vertex -12.5307 11.6955 2
    endloop
  endfacet
  facet normal -0.42744 0.904044 0
    outer loop
      vertex -12.8856 11.5277 2
      vertex -12.5307 11.6955 -2
      vertex -12.8856 11.5277 -2
    endloop
  endfacet
  facet normal -0.740908 -0.671607 0
    outer loop
      vertex -13.8284 -10.8284 -2
      vertex -14.092 -10.5376 2
      vertex -14.092 -10.5376 -2
    endloop
  endfacet
  facet normal -0.740908 -0.671607 0
    outer loop
      vertex -14.092 -10.5376 2
      vertex -13.8284 -10.8284 -2
      vertex -13.8284 -10.8284 2
    endloop
  endfacet
  facet normal -0.595794 -0.803137 0
    outer loop
      vertex -13.5376 -11.092 -2
      vertex -13.2223 -11.3259 2
      vertex -13.5376 -11.092 2
    endloop
  endfacet
  facet normal -0.595794 -0.803137 -0
    outer loop
      vertex -13.2223 -11.3259 2
      vertex -13.5376 -11.092 -2
      vertex -13.2223 -11.3259 -2
    endloop
  endfacet
  facet normal -0.242775 -0.970083 0
    outer loop
      vertex -12.1611 -11.8278 -2
      vertex -11.7803 -11.9231 2
      vertex -12.1611 -11.8278 2
    endloop
  endfacet
  facet normal -0.242775 -0.970083 -0
    outer loop
      vertex -11.7803 -11.9231 2
      vertex -12.1611 -11.8278 -2
      vertex -11.7803 -11.9231 -2
    endloop
  endfacet
  facet normal 0.740908 -0.671607 0
    outer loop
      vertex 13.8284 -10.8284 2
      vertex 14.092 -10.5376 -2
      vertex 14.092 -10.5376 2
    endloop
  endfacet
  facet normal 0.740908 -0.671607 0
    outer loop
      vertex 14.092 -10.5376 -2
      vertex 13.8284 -10.8284 2
      vertex 13.8284 -10.8284 -2
    endloop
  endfacet
  facet normal 0.514084 0.85774 -0
    outer loop
      vertex 13.2223 11.3259 -2
      vertex 12.8856 11.5277 2
      vertex 13.2223 11.3259 2
    endloop
  endfacet
  facet normal 0.514084 0.85774 0
    outer loop
      vertex 12.8856 11.5277 2
      vertex 13.2223 11.3259 -2
      vertex 12.8856 11.5277 -2
    endloop
  endfacet
  facet normal 0.595794 0.803137 -0
    outer loop
      vertex 13.5376 11.092 -2
      vertex 13.2223 11.3259 2
      vertex 13.5376 11.092 2
    endloop
  endfacet
  facet normal 0.595794 0.803137 0
    outer loop
      vertex 13.2223 11.3259 2
      vertex 13.5376 11.092 -2
      vertex 13.2223 11.3259 -2
    endloop
  endfacet
  facet normal -0.42744 -0.904044 0
    outer loop
      vertex -12.8856 -11.5277 -2
      vertex -12.5307 -11.6955 2
      vertex -12.8856 -11.5277 2
    endloop
  endfacet
  facet normal -0.42744 -0.904044 -0
    outer loop
      vertex -12.5307 -11.6955 2
      vertex -12.8856 -11.5277 -2
      vertex -12.5307 -11.6955 -2
    endloop
  endfacet
  facet normal -0.514084 -0.85774 0
    outer loop
      vertex -13.2223 -11.3259 -2
      vertex -12.8856 -11.5277 2
      vertex -13.2223 -11.3259 2
    endloop
  endfacet
  facet normal -0.514084 -0.85774 -0
    outer loop
      vertex -12.8856 -11.5277 2
      vertex -13.2223 -11.3259 -2
      vertex -12.8856 -11.5277 -2
    endloop
  endfacet
  facet normal 0.242775 -0.970083 0
    outer loop
      vertex 11.7803 -11.9231 -2
      vertex 12.1611 -11.8278 2
      vertex 11.7803 -11.9231 2
    endloop
  endfacet
  facet normal 0.242775 -0.970083 0
    outer loop
      vertex 12.1611 -11.8278 2
      vertex 11.7803 -11.9231 -2
      vertex 12.1611 -11.8278 -2
    endloop
  endfacet
  facet normal 0.14677 -0.989171 0
    outer loop
      vertex 11.3921 -11.9807 -2
      vertex 11.7803 -11.9231 2
      vertex 11.3921 -11.9807 2
    endloop
  endfacet
  facet normal 0.14677 -0.989171 0
    outer loop
      vertex 11.7803 -11.9231 2
      vertex 11.3921 -11.9807 -2
      vertex 11.7803 -11.9231 -2
    endloop
  endfacet
  facet normal 0.514084 -0.85774 0
    outer loop
      vertex 12.8856 -11.5277 -2
      vertex 13.2223 -11.3259 2
      vertex 12.8856 -11.5277 2
    endloop
  endfacet
  facet normal 0.514084 -0.85774 0
    outer loop
      vertex 13.2223 -11.3259 2
      vertex 12.8856 -11.5277 -2
      vertex 13.2223 -11.3259 -2
    endloop
  endfacet
  facet normal -0.14677 -0.989171 0
    outer loop
      vertex -11.7803 -11.9231 -2
      vertex -11.3921 -11.9807 2
      vertex -11.7803 -11.9231 2
    endloop
  endfacet
  facet normal -0.14677 -0.989171 -0
    outer loop
      vertex -11.3921 -11.9807 2
      vertex -11.7803 -11.9231 -2
      vertex -11.3921 -11.9807 -2
    endloop
  endfacet
  facet normal -0.671607 -0.740908 0
    outer loop
      vertex -13.8284 -10.8284 -2
      vertex -13.5376 -11.092 2
      vertex -13.8284 -10.8284 2
    endloop
  endfacet
  facet normal -0.671607 -0.740908 -0
    outer loop
      vertex -13.5376 -11.092 2
      vertex -13.8284 -10.8284 -2
      vertex -13.5376 -11.092 -2
    endloop
  endfacet
  facet normal 0.42744 -0.904044 0
    outer loop
      vertex 12.5307 -11.6955 -2
      vertex 12.8856 -11.5277 2
      vertex 12.5307 -11.6955 2
    endloop
  endfacet
  facet normal 0.42744 -0.904044 0
    outer loop
      vertex 12.8856 -11.5277 2
      vertex 12.5307 -11.6955 -2
      vertex 12.8856 -11.5277 -2
    endloop
  endfacet
  facet normal 0.337014 -0.9415 0
    outer loop
      vertex 12.1611 -11.8278 -2
      vertex 12.5307 -11.6955 2
      vertex 12.1611 -11.8278 2
    endloop
  endfacet
  facet normal 0.337014 -0.9415 0
    outer loop
      vertex 12.5307 -11.6955 2
      vertex 12.1611 -11.8278 -2
      vertex 12.5307 -11.6955 -2
    endloop
  endfacet
endsolid OpenSCAD_Model
