solid OpenSCAD_Model
  facet normal -0.998791 -0.0491516 0
    outer loop
      vertex -13.3 0 -19
      vertex -13.3082 0.166629 -9
      vertex -13.3082 0.166629 -19
    endloop
  endfacet
  facet normal -0.998791 -0.0491516 0
    outer loop
      vertex -13.3082 0.166629 -9
      vertex -13.3 0 -19
      vertex -13.3 0 -9
    endloop
  endfacet
  facet normal 0.998791 -0.0491516 0
    outer loop
      vertex -16.7 0 -9
      vertex -16.6918 0.166629 -19
      vertex -16.6918 0.166629 -9
    endloop
  endfacet
  facet normal 0.998791 -0.0491516 0
    outer loop
      vertex -16.6918 0.166629 -19
      vertex -16.7 0 -9
      vertex -16.7 0 -19
    endloop
  endfacet
  facet normal -0.0491004 -0.998794 0
    outer loop
      vertex -15 1.7 -19
      vertex -14.8334 1.69181 -9
      vertex -15 1.7 -9
    endloop
  endfacet
  facet normal -0.0491004 -0.998794 -0
    outer loop
      vertex -14.8334 1.69181 -9
      vertex -15 1.7 -19
      vertex -14.8334 1.69181 -19
    endloop
  endfacet
  facet normal 0.0491004 0.998794 -0
    outer loop
      vertex -15 -1.7 -19
      vertex -15.1666 -1.69181 -9
      vertex -15 -1.7 -9
    endloop
  endfacet
  facet normal 0.0491004 0.998794 0
    outer loop
      vertex -15.1666 -1.69181 -9
      vertex -15 -1.7 -19
      vertex -15.1666 -1.69181 -19
    endloop
  endfacet
  facet normal 0.741051 0.671448 0
    outer loop
      vertex -16.2021 -1.20208 -9
      vertex -16.3141 -1.07847 -19
      vertex -16.3141 -1.07847 -9
    endloop
  endfacet
  facet normal 0.741051 0.671448 0
    outer loop
      vertex -16.3141 -1.07847 -19
      vertex -16.2021 -1.20208 -9
      vertex -16.2021 -1.20208 -19
    endloop
  endfacet
  facet normal -0.67161 -0.740905 0
    outer loop
      vertex -13.9215 1.31412 -19
      vertex -13.7979 1.20208 -9
      vertex -13.9215 1.31412 -9
    endloop
  endfacet
  facet normal -0.67161 -0.740905 -0
    outer loop
      vertex -13.7979 1.20208 -9
      vertex -13.9215 1.31412 -19
      vertex -13.7979 1.20208 -19
    endloop
  endfacet
  facet normal 0.67161 -0.740905 0
    outer loop
      vertex -16.2021 1.20208 -19
      vertex -16.0785 1.31412 -9
      vertex -16.2021 1.20208 -9
    endloop
  endfacet
  facet normal 0.67161 -0.740905 0
    outer loop
      vertex -16.0785 1.31412 -9
      vertex -16.2021 1.20208 -19
      vertex -16.0785 1.31412 -19
    endloop
  endfacet
  facet normal 0.336883 -0.941546 0
    outer loop
      vertex -15.6506 1.57059 -19
      vertex -15.4935 1.6268 -9
      vertex -15.6506 1.57059 -9
    endloop
  endfacet
  facet normal 0.336883 -0.941546 0
    outer loop
      vertex -15.4935 1.6268 -9
      vertex -15.6506 1.57059 -19
      vertex -15.4935 1.6268 -19
    endloop
  endfacet
  facet normal 0.94155 0.336874 0
    outer loop
      vertex -16.5706 -0.650561 -9
      vertex -16.6268 -0.493484 -19
      vertex -16.6268 -0.493484 -9
    endloop
  endfacet
  facet normal 0.94155 0.336874 0
    outer loop
      vertex -16.6268 -0.493484 -19
      vertex -16.5706 -0.650561 -9
      vertex -16.5706 -0.650561 -19
    endloop
  endfacet
  facet normal -0.904057 -0.427412 0
    outer loop
      vertex -13.4294 0.650561 -19
      vertex -13.5007 0.801374 -9
      vertex -13.5007 0.801374 -19
    endloop
  endfacet
  facet normal -0.904057 -0.427412 0
    outer loop
      vertex -13.5007 0.801374 -9
      vertex -13.4294 0.650561 -19
      vertex -13.4294 0.650561 -9
    endloop
  endfacet
  facet normal -0.42754 -0.903996 0
    outer loop
      vertex -14.3494 1.57059 -19
      vertex -14.1986 1.49927 -9
      vertex -14.3494 1.57059 -9
    endloop
  endfacet
  facet normal -0.42754 -0.903996 -0
    outer loop
      vertex -14.1986 1.49927 -9
      vertex -14.3494 1.57059 -19
      vertex -14.1986 1.49927 -19
    endloop
  endfacet
  facet normal -0.514099 -0.857731 0
    outer loop
      vertex -14.1986 1.49927 -19
      vertex -14.0555 1.4135 -9
      vertex -14.1986 1.49927 -9
    endloop
  endfacet
  facet normal -0.514099 -0.857731 -0
    outer loop
      vertex -14.0555 1.4135 -9
      vertex -14.1986 1.49927 -19
      vertex -14.0555 1.4135 -19
    endloop
  endfacet
  facet normal 0.904057 -0.427412 0
    outer loop
      vertex -16.5706 0.650561 -9
      vertex -16.4993 0.801374 -19
      vertex -16.4993 0.801374 -9
    endloop
  endfacet
  facet normal 0.904057 -0.427412 0
    outer loop
      vertex -16.4993 0.801374 -19
      vertex -16.5706 0.650561 -9
      vertex -16.5706 0.650561 -19
    endloop
  endfacet
  facet normal 0.14667 -0.989185 0
    outer loop
      vertex -15.3317 1.66733 -19
      vertex -15.1666 1.69181 -9
      vertex -15.3317 1.66733 -9
    endloop
  endfacet
  facet normal 0.14667 -0.989185 0
    outer loop
      vertex -15.1666 1.69181 -9
      vertex -15.3317 1.66733 -19
      vertex -15.1666 1.69181 -19
    endloop
  endfacet
  facet normal 0 0 -1
    outer loop
      vertex 16 -15 -19
      vertex 20 -11 -19
      vertex 19.9807 -11.3921 -19
    endloop
  endfacet
  facet normal 0 0 -1
    outer loop
      vertex 20 -11 -19
      vertex 16.7 0 -19
      vertex 20 11 -19
    endloop
  endfacet
  facet normal 0 0 -1
    outer loop
      vertex 16 -15 -19
      vertex 19.9807 -11.3921 -19
      vertex 19.9231 -11.7803 -19
    endloop
  endfacet
  facet normal 0 0 -1
    outer loop
      vertex 16.6918 0.166629 -19
      vertex 20 11 -19
      vertex 16.7 0 -19
    endloop
  endfacet
  facet normal 0 0 -1
    outer loop
      vertex 16 -15 -19
      vertex 19.9231 -11.7803 -19
      vertex 19.8278 -12.1611 -19
    endloop
  endfacet
  facet normal 0 0 -1
    outer loop
      vertex 16.6673 0.331653 -19
      vertex 20 11 -19
      vertex 16.6918 0.166629 -19
    endloop
  endfacet
  facet normal 0 0 -1
    outer loop
      vertex 16 -15 -19
      vertex 19.8278 -12.1611 -19
      vertex 19.6955 -12.5307 -19
    endloop
  endfacet
  facet normal 0 0 -1
    outer loop
      vertex 16.6268 0.493484 -19
      vertex 20 11 -19
      vertex 16.6673 0.331653 -19
    endloop
  endfacet
  facet normal 0 0 -1
    outer loop
      vertex 16 -15 -19
      vertex 19.6955 -12.5307 -19
      vertex 19.5277 -12.8856 -19
    endloop
  endfacet
  facet normal 0 0 -1
    outer loop
      vertex 16.5706 0.650561 -19
      vertex 20 11 -19
      vertex 16.6268 0.493484 -19
    endloop
  endfacet
  facet normal 0 0 -1
    outer loop
      vertex 16 -15 -19
      vertex 19.5277 -12.8856 -19
      vertex 19.3259 -13.2223 -19
    endloop
  endfacet
  facet normal 0 0 -1
    outer loop
      vertex 16.4993 0.801374 -19
      vertex 20 11 -19
      vertex 16.5706 0.650561 -19
    endloop
  endfacet
  facet normal 0 0 -1
    outer loop
      vertex 16 -15 -19
      vertex 19.3259 -13.2223 -19
      vertex 19.092 -13.5376 -19
    endloop
  endfacet
  facet normal 0 0 -1
    outer loop
      vertex 16.4135 0.944468 -19
      vertex 20 11 -19
      vertex 16.4993 0.801374 -19
    endloop
  endfacet
  facet normal 0 0 -1
    outer loop
      vertex 16 -15 -19
      vertex 19.092 -13.5376 -19
      vertex 18.8284 -13.8284 -19
    endloop
  endfacet
  facet normal 0 0 -1
    outer loop
      vertex 16.3141 1.07847 -19
      vertex 20 11 -19
      vertex 16.4135 0.944468 -19
    endloop
  endfacet
  facet normal 0 0 -1
    outer loop
      vertex 16 -15 -19
      vertex 18.8284 -13.8284 -19
      vertex 18.5376 -14.092 -19
    endloop
  endfacet
  facet normal 0 0 -1
    outer loop
      vertex 16.2021 1.20208 -19
      vertex 20 11 -19
      vertex 16.3141 1.07847 -19
    endloop
  endfacet
  facet normal 0 0 -1
    outer loop
      vertex 16 -15 -19
      vertex 18.5376 -14.092 -19
      vertex 18.2223 -14.3259 -19
    endloop
  endfacet
  facet normal 0 0 -1
    outer loop
      vertex 16.0785 1.31412 -19
      vertex 20 11 -19
      vertex 16.2021 1.20208 -19
    endloop
  endfacet
  facet normal 0 0 -1
    outer loop
      vertex 16 -15 -19
      vertex 18.2223 -14.3259 -19
      vertex 17.8856 -14.5277 -19
    endloop
  endfacet
  facet normal 0 0 -1
    outer loop
      vertex 15.9445 1.4135 -19
      vertex 20 11 -19
      vertex 16.0785 1.31412 -19
    endloop
  endfacet
  facet normal 0 0 -1
    outer loop
      vertex 16 -15 -19
      vertex 17.8856 -14.5277 -19
      vertex 17.5307 -14.6955 -19
    endloop
  endfacet
  facet normal 0 0 -1
    outer loop
      vertex 15.8014 1.49927 -19
      vertex 20 11 -19
      vertex 15.9445 1.4135 -19
    endloop
  endfacet
  facet normal 0 0 -1
    outer loop
      vertex 16 -15 -19
      vertex 17.5307 -14.6955 -19
      vertex 17.1611 -14.8278 -19
    endloop
  endfacet
  facet normal 0 0 -1
    outer loop
      vertex 15.6506 1.57059 -19
      vertex 20 11 -19
      vertex 15.8014 1.49927 -19
    endloop
  endfacet
  facet normal 0 0 -1
    outer loop
      vertex 16 -15 -19
      vertex 17.1611 -14.8278 -19
      vertex 16.7803 -14.9231 -19
    endloop
  endfacet
  facet normal 0 0 -1
    outer loop
      vertex 15.4935 1.6268 -19
      vertex 20 11 -19
      vertex 15.6506 1.57059 -19
    endloop
  endfacet
  facet normal 0 0 -1
    outer loop
      vertex 15.3317 1.66733 -19
      vertex 20 11 -19
      vertex 15.4935 1.6268 -19
    endloop
  endfacet
  facet normal 0 0 -1
    outer loop
      vertex 20 -11 -19
      vertex 16.6918 -0.166629 -19
      vertex 16.7 0 -19
    endloop
  endfacet
  facet normal 0 0 -1
    outer loop
      vertex 20 -11 -19
      vertex 16.6673 -0.331653 -19
      vertex 16.6918 -0.166629 -19
    endloop
  endfacet
  facet normal 0 0 -1
    outer loop
      vertex 20 -11 -19
      vertex 16.6268 -0.493484 -19
      vertex 16.6673 -0.331653 -19
    endloop
  endfacet
  facet normal 0 0 -1
    outer loop
      vertex 20 -11 -19
      vertex 16.5706 -0.650561 -19
      vertex 16.6268 -0.493484 -19
    endloop
  endfacet
  facet normal 0 0 -1
    outer loop
      vertex 20 -11 -19
      vertex 16.4993 -0.801374 -19
      vertex 16.5706 -0.650561 -19
    endloop
  endfacet
  facet normal 0 0 -1
    outer loop
      vertex 20 -11 -19
      vertex 16.4135 -0.944468 -19
      vertex 16.4993 -0.801374 -19
    endloop
  endfacet
  facet normal 0 0 -1
    outer loop
      vertex 16 -15 -19
      vertex 16.7803 -14.9231 -19
      vertex 16.3921 -14.9807 -19
    endloop
  endfacet
  facet normal 0 0 -1
    outer loop
      vertex 20 -11 -19
      vertex 16.3141 -1.07847 -19
      vertex 16.4135 -0.944468 -19
    endloop
  endfacet
  facet normal 0 0 -1
    outer loop
      vertex 20 -11 -19
      vertex 16.2021 -1.20208 -19
      vertex 16.3141 -1.07847 -19
    endloop
  endfacet
  facet normal 0 0 -1
    outer loop
      vertex 20 -11 -19
      vertex 16.0785 -1.31412 -19
      vertex 16.2021 -1.20208 -19
    endloop
  endfacet
  facet normal 0 0 -1
    outer loop
      vertex 14.6683 -1.66733 -19
      vertex 20 -11 -19
      vertex 16 -15 -19
    endloop
  endfacet
  facet normal 0 0 -1
    outer loop
      vertex 20 -11 -19
      vertex 15.9445 -1.4135 -19
      vertex 16.0785 -1.31412 -19
    endloop
  endfacet
  facet normal 0 0 -1
    outer loop
      vertex 20 -11 -19
      vertex 15.8014 -1.49927 -19
      vertex 15.9445 -1.4135 -19
    endloop
  endfacet
  facet normal 0 0 -1
    outer loop
      vertex 20 -11 -19
      vertex 15.6506 -1.57059 -19
      vertex 15.8014 -1.49927 -19
    endloop
  endfacet
  facet normal 0 0 -1
    outer loop
      vertex 20 -11 -19
      vertex 15.4935 -1.6268 -19
      vertex 15.6506 -1.57059 -19
    endloop
  endfacet
  facet normal 0 0 -1
    outer loop
      vertex 20 -11 -19
      vertex 15.3317 -1.66733 -19
      vertex 15.4935 -1.6268 -19
    endloop
  endfacet
  facet normal 0 0 -1
    outer loop
      vertex 20 -11 -19
      vertex 15.1666 -1.69181 -19
      vertex 15.3317 -1.66733 -19
    endloop
  endfacet
  facet normal 0 0 -1
    outer loop
      vertex 20 -11 -19
      vertex 15 -1.7 -19
      vertex 15.1666 -1.69181 -19
    endloop
  endfacet
  facet normal 0 0 -1
    outer loop
      vertex 20 -11 -19
      vertex 14.8334 -1.69181 -19
      vertex 15 -1.7 -19
    endloop
  endfacet
  facet normal 0 0 -1
    outer loop
      vertex 20 -11 -19
      vertex 14.6683 -1.66733 -19
      vertex 14.8334 -1.69181 -19
    endloop
  endfacet
  facet normal 0 0 -1
    outer loop
      vertex 16 -15 -19
      vertex 14.5065 -1.6268 -19
      vertex 14.6683 -1.66733 -19
    endloop
  endfacet
  facet normal 0 0 -1
    outer loop
      vertex 16 -15 -19
      vertex 14.3494 -1.57059 -19
      vertex 14.5065 -1.6268 -19
    endloop
  endfacet
  facet normal 0 0 -1
    outer loop
      vertex 16 -15 -19
      vertex 14.1986 -1.49927 -19
      vertex 14.3494 -1.57059 -19
    endloop
  endfacet
  facet normal 0 0 -1
    outer loop
      vertex 16 -15 -19
      vertex 14.0555 -1.4135 -19
      vertex 14.1986 -1.49927 -19
    endloop
  endfacet
  facet normal 0 0 -1
    outer loop
      vertex 16 -15 -19
      vertex 13.9215 -1.31412 -19
      vertex 14.0555 -1.4135 -19
    endloop
  endfacet
  facet normal 0 0 -1
    outer loop
      vertex 16 -15 -19
      vertex 13.7979 -1.20208 -19
      vertex 13.9215 -1.31412 -19
    endloop
  endfacet
  facet normal 0 0 -1
    outer loop
      vertex 16 -15 -19
      vertex 13.6859 -1.07847 -19
      vertex 13.7979 -1.20208 -19
    endloop
  endfacet
  facet normal 0 0 -1
    outer loop
      vertex 16 -15 -19
      vertex 13.5865 -0.944468 -19
      vertex 13.6859 -1.07847 -19
    endloop
  endfacet
  facet normal 0 0 -1
    outer loop
      vertex -13.5865 -0.944468 -19
      vertex 13.5865 -0.944468 -19
      vertex 16 -15 -19
    endloop
  endfacet
  facet normal 0 0 -1
    outer loop
      vertex 13.5865 -0.944468 -19
      vertex -13.5865 -0.944468 -19
      vertex 13.5007 -0.801374 -19
    endloop
  endfacet
  facet normal 0 -0 -1
    outer loop
      vertex -13.5007 -0.801374 -19
      vertex 13.5007 -0.801374 -19
      vertex -13.5865 -0.944468 -19
    endloop
  endfacet
  facet normal 0 0 -1
    outer loop
      vertex 13.5007 -0.801374 -19
      vertex -13.5007 -0.801374 -19
      vertex 13.4294 -0.650561 -19
    endloop
  endfacet
  facet normal 0 0 -1
    outer loop
      vertex 13.3082 -0.166629 -19
      vertex -13.3 0 -19
      vertex 13.3 0 -19
    endloop
  endfacet
  facet normal 0 0 -1
    outer loop
      vertex -13.3082 -0.166629 -19
      vertex 13.3082 -0.166629 -19
      vertex 13.3327 -0.331653 -19
    endloop
  endfacet
  facet normal 0 -0 -1
    outer loop
      vertex -13.4294 -0.650561 -19
      vertex 13.4294 -0.650561 -19
      vertex -13.5007 -0.801374 -19
    endloop
  endfacet
  facet normal 0 0 -1
    outer loop
      vertex 13.3082 -0.166629 -19
      vertex -13.3082 -0.166629 -19
      vertex -13.3 0 -19
    endloop
  endfacet
  facet normal 0 0 -1
    outer loop
      vertex 13.3327 -0.331653 -19
      vertex -13.3327 -0.331653 -19
      vertex -13.3082 -0.166629 -19
    endloop
  endfacet
  facet normal -0 0 -1
    outer loop
      vertex 13.3327 -0.331653 -19
      vertex -13.3732 -0.493484 -19
      vertex -13.3327 -0.331653 -19
    endloop
  endfacet
  facet normal 0 0 -1
    outer loop
      vertex 13.3732 -0.493484 -19
      vertex -13.3732 -0.493484 -19
      vertex 13.3327 -0.331653 -19
    endloop
  endfacet
  facet normal 0 -0 -1
    outer loop
      vertex -13.3732 -0.493484 -19
      vertex 13.3732 -0.493484 -19
      vertex -13.4294 -0.650561 -19
    endloop
  endfacet
  facet normal 0 0 -1
    outer loop
      vertex 13.4294 -0.650561 -19
      vertex -13.4294 -0.650561 -19
      vertex 13.3732 -0.493484 -19
    endloop
  endfacet
  facet normal 0 0 -1
    outer loop
      vertex -16 -15 -19
      vertex -13.5865 -0.944468 -19
      vertex 16 -15 -19
    endloop
  endfacet
  facet normal 0 0 -1
    outer loop
      vertex -13.5865 -0.944468 -19
      vertex -16 -15 -19
      vertex -13.6859 -1.07847 -19
    endloop
  endfacet
  facet normal 0 0 -1
    outer loop
      vertex -13.6859 -1.07847 -19
      vertex -16 -15 -19
      vertex -13.7979 -1.20208 -19
    endloop
  endfacet
  facet normal 0 0 -1
    outer loop
      vertex -13.7979 -1.20208 -19
      vertex -16 -15 -19
      vertex -13.9215 -1.31412 -19
    endloop
  endfacet
  facet normal 0 0 -1
    outer loop
      vertex -13.9215 -1.31412 -19
      vertex -16 -15 -19
      vertex -14.0555 -1.4135 -19
    endloop
  endfacet
  facet normal 0 0 -1
    outer loop
      vertex -14.0555 -1.4135 -19
      vertex -16 -15 -19
      vertex -14.1986 -1.49927 -19
    endloop
  endfacet
  facet normal 0 0 -1
    outer loop
      vertex -14.1986 -1.49927 -19
      vertex -16 -15 -19
      vertex -14.3494 -1.57059 -19
    endloop
  endfacet
  facet normal 0 0 -1
    outer loop
      vertex -14.3494 -1.57059 -19
      vertex -16 -15 -19
      vertex -14.5065 -1.6268 -19
    endloop
  endfacet
  facet normal 0 0 -1
    outer loop
      vertex -14.5065 -1.6268 -19
      vertex -16 -15 -19
      vertex -14.6683 -1.66733 -19
    endloop
  endfacet
  facet normal 0 0 -1
    outer loop
      vertex -20 -11 -19
      vertex -14.6683 -1.66733 -19
      vertex -16 -15 -19
    endloop
  endfacet
  facet normal 0 0 -1
    outer loop
      vertex -14.6683 -1.66733 -19
      vertex -20 -11 -19
      vertex -14.8334 -1.69181 -19
    endloop
  endfacet
  facet normal 0 0 -1
    outer loop
      vertex -14.8334 -1.69181 -19
      vertex -20 -11 -19
      vertex -15 -1.7 -19
    endloop
  endfacet
  facet normal -0 0 -1
    outer loop
      vertex -15 -1.7 -19
      vertex -20 -11 -19
      vertex -15.1666 -1.69181 -19
    endloop
  endfacet
  facet normal -0 0 -1
    outer loop
      vertex -15.1666 -1.69181 -19
      vertex -20 -11 -19
      vertex -15.3317 -1.66733 -19
    endloop
  endfacet
  facet normal -0 0 -1
    outer loop
      vertex -15.3317 -1.66733 -19
      vertex -20 -11 -19
      vertex -15.4935 -1.6268 -19
    endloop
  endfacet
  facet normal -0 0 -1
    outer loop
      vertex -15.4935 -1.6268 -19
      vertex -20 -11 -19
      vertex -15.6506 -1.57059 -19
    endloop
  endfacet
  facet normal -0 0 -1
    outer loop
      vertex -15.6506 -1.57059 -19
      vertex -20 -11 -19
      vertex -15.8014 -1.49927 -19
    endloop
  endfacet
  facet normal -0 0 -1
    outer loop
      vertex -15.8014 -1.49927 -19
      vertex -20 -11 -19
      vertex -15.9445 -1.4135 -19
    endloop
  endfacet
  facet normal -0 0 -1
    outer loop
      vertex -15.9445 -1.4135 -19
      vertex -20 -11 -19
      vertex -16.0785 -1.31412 -19
    endloop
  endfacet
  facet normal -0 0 -1
    outer loop
      vertex -16.0785 -1.31412 -19
      vertex -20 -11 -19
      vertex -16.2021 -1.20208 -19
    endloop
  endfacet
  facet normal 0 0 -1
    outer loop
      vertex -20 -11 -19
      vertex -16 -15 -19
      vertex -16.3921 -14.9807 -19
    endloop
  endfacet
  facet normal -0 0 -1
    outer loop
      vertex -16.2021 -1.20208 -19
      vertex -20 -11 -19
      vertex -16.3141 -1.07847 -19
    endloop
  endfacet
  facet normal -0 0 -1
    outer loop
      vertex -16.3141 -1.07847 -19
      vertex -20 -11 -19
      vertex -16.4135 -0.944468 -19
    endloop
  endfacet
  facet normal -0 0 -1
    outer loop
      vertex -16.4135 -0.944468 -19
      vertex -20 -11 -19
      vertex -16.4993 -0.801374 -19
    endloop
  endfacet
  facet normal -0 0 -1
    outer loop
      vertex -16.4993 -0.801374 -19
      vertex -20 -11 -19
      vertex -16.5706 -0.650561 -19
    endloop
  endfacet
  facet normal -0 0 -1
    outer loop
      vertex -16.5706 -0.650561 -19
      vertex -20 -11 -19
      vertex -16.6268 -0.493484 -19
    endloop
  endfacet
  facet normal -0 0 -1
    outer loop
      vertex -16.6268 -0.493484 -19
      vertex -20 -11 -19
      vertex -16.6673 -0.331653 -19
    endloop
  endfacet
  facet normal -0 0 -1
    outer loop
      vertex -16.6673 -0.331653 -19
      vertex -20 -11 -19
      vertex -16.6918 -0.166629 -19
    endloop
  endfacet
  facet normal 0 0 -1
    outer loop
      vertex -20 -11 -19
      vertex -16.3921 -14.9807 -19
      vertex -16.7803 -14.9231 -19
    endloop
  endfacet
  facet normal 0 0 -1
    outer loop
      vertex 15.1666 1.69181 -19
      vertex 20 11 -19
      vertex 15.3317 1.66733 -19
    endloop
  endfacet
  facet normal 0 0 -1
    outer loop
      vertex 15 1.7 -19
      vertex 20 11 -19
      vertex 15.1666 1.69181 -19
    endloop
  endfacet
  facet normal 0 0 -1
    outer loop
      vertex 14.8334 1.69181 -19
      vertex 20 11 -19
      vertex 15 1.7 -19
    endloop
  endfacet
  facet normal 0 0 -1
    outer loop
      vertex 14.6683 1.66733 -19
      vertex 20 11 -19
      vertex 14.8334 1.69181 -19
    endloop
  endfacet
  facet normal 0 0 -1
    outer loop
      vertex 20 11 -19
      vertex 16 15 -19
      vertex 19.9807 11.3921 -19
    endloop
  endfacet
  facet normal 0 0 -1
    outer loop
      vertex 19.9807 11.3921 -19
      vertex 16 15 -19
      vertex 19.9231 11.7803 -19
    endloop
  endfacet
  facet normal 0 0 -1
    outer loop
      vertex 19.9231 11.7803 -19
      vertex 16 15 -19
      vertex 19.8278 12.1611 -19
    endloop
  endfacet
  facet normal 0 0 -1
    outer loop
      vertex 19.8278 12.1611 -19
      vertex 16 15 -19
      vertex 19.6955 12.5307 -19
    endloop
  endfacet
  facet normal 0 0 -1
    outer loop
      vertex 19.5277 12.8856 -19
      vertex 16 15 -19
      vertex 19.3259 13.2223 -19
    endloop
  endfacet
  facet normal 0 0 -1
    outer loop
      vertex 19.3259 13.2223 -19
      vertex 16 15 -19
      vertex 19.092 13.5376 -19
    endloop
  endfacet
  facet normal 0 0 -1
    outer loop
      vertex 19.092 13.5376 -19
      vertex 16 15 -19
      vertex 18.8284 13.8284 -19
    endloop
  endfacet
  facet normal 0 0 -1
    outer loop
      vertex 18.8284 13.8284 -19
      vertex 16 15 -19
      vertex 18.5376 14.092 -19
    endloop
  endfacet
  facet normal 0 0 -1
    outer loop
      vertex 18.5376 14.092 -19
      vertex 16 15 -19
      vertex 18.2223 14.3259 -19
    endloop
  endfacet
  facet normal 0 0 -1
    outer loop
      vertex 17.8856 14.5277 -19
      vertex 16 15 -19
      vertex 17.5307 14.6955 -19
    endloop
  endfacet
  facet normal 0 0 -1
    outer loop
      vertex 17.5307 14.6955 -19
      vertex 16 15 -19
      vertex 17.1611 14.8278 -19
    endloop
  endfacet
  facet normal 0 0 -1
    outer loop
      vertex 17.1611 14.8278 -19
      vertex 16 15 -19
      vertex 16.7803 14.9231 -19
    endloop
  endfacet
  facet normal 0 0 -1
    outer loop
      vertex 16.7803 14.9231 -19
      vertex 16 15 -19
      vertex 16.3921 14.9807 -19
    endloop
  endfacet
  facet normal 0 0 -1
    outer loop
      vertex 18.2223 14.3259 -19
      vertex 16 15 -19
      vertex 17.8856 14.5277 -19
    endloop
  endfacet
  facet normal 0 0 -1
    outer loop
      vertex 19.6955 12.5307 -19
      vertex 16 15 -19
      vertex 19.5277 12.8856 -19
    endloop
  endfacet
  facet normal -0 0 -1
    outer loop
      vertex 20 11 -19
      vertex 14.6683 1.66733 -19
      vertex 16 15 -19
    endloop
  endfacet
  facet normal 0 0 -1
    outer loop
      vertex 14.5065 1.6268 -19
      vertex 16 15 -19
      vertex 14.6683 1.66733 -19
    endloop
  endfacet
  facet normal 0 0 -1
    outer loop
      vertex 14.3494 1.57059 -19
      vertex 16 15 -19
      vertex 14.5065 1.6268 -19
    endloop
  endfacet
  facet normal 0 0 -1
    outer loop
      vertex 14.1986 1.49927 -19
      vertex 16 15 -19
      vertex 14.3494 1.57059 -19
    endloop
  endfacet
  facet normal 0 0 -1
    outer loop
      vertex 14.0555 1.4135 -19
      vertex 16 15 -19
      vertex 14.1986 1.49927 -19
    endloop
  endfacet
  facet normal 0 0 -1
    outer loop
      vertex 13.9215 1.31412 -19
      vertex 16 15 -19
      vertex 14.0555 1.4135 -19
    endloop
  endfacet
  facet normal 0 0 -1
    outer loop
      vertex 13.7979 1.20208 -19
      vertex 16 15 -19
      vertex 13.9215 1.31412 -19
    endloop
  endfacet
  facet normal 0 0 -1
    outer loop
      vertex 13.6859 1.07847 -19
      vertex 16 15 -19
      vertex 13.7979 1.20208 -19
    endloop
  endfacet
  facet normal 0 0 -1
    outer loop
      vertex 13.5865 0.944468 -19
      vertex 16 15 -19
      vertex 13.6859 1.07847 -19
    endloop
  endfacet
  facet normal 0 0 -1
    outer loop
      vertex -13.5865 0.944468 -19
      vertex 13.5865 0.944468 -19
      vertex 13.5007 0.801374 -19
    endloop
  endfacet
  facet normal 0 0 -1
    outer loop
      vertex -13.5007 0.801374 -19
      vertex 13.5007 0.801374 -19
      vertex 13.4294 0.650561 -19
    endloop
  endfacet
  facet normal 0 0 -1
    outer loop
      vertex -13.4294 0.650561 -19
      vertex 13.4294 0.650561 -19
      vertex 13.3732 0.493484 -19
    endloop
  endfacet
  facet normal 0 0 -1
    outer loop
      vertex -13.3732 0.493484 -19
      vertex 13.3732 0.493484 -19
      vertex 13.3327 0.331653 -19
    endloop
  endfacet
  facet normal 0 0 -1
    outer loop
      vertex -13.3 0 -19
      vertex 13.3082 0.166629 -19
      vertex 13.3 0 -19
    endloop
  endfacet
  facet normal 0 0 -1
    outer loop
      vertex -13.3082 0.166629 -19
      vertex 13.3082 0.166629 -19
      vertex -13.3 0 -19
    endloop
  endfacet
  facet normal 0 0 -1
    outer loop
      vertex 13.3082 0.166629 -19
      vertex -13.3082 0.166629 -19
      vertex 13.3327 0.331653 -19
    endloop
  endfacet
  facet normal 0 0 -1
    outer loop
      vertex -13.3327 0.331653 -19
      vertex 13.3327 0.331653 -19
      vertex -13.3082 0.166629 -19
    endloop
  endfacet
  facet normal 0 0 -1
    outer loop
      vertex -13.3732 0.493484 -19
      vertex 13.3327 0.331653 -19
      vertex -13.3327 0.331653 -19
    endloop
  endfacet
  facet normal 0 0 -1
    outer loop
      vertex 13.3732 0.493484 -19
      vertex -13.3732 0.493484 -19
      vertex -13.4294 0.650561 -19
    endloop
  endfacet
  facet normal 0 0 -1
    outer loop
      vertex 13.4294 0.650561 -19
      vertex -13.4294 0.650561 -19
      vertex -13.5007 0.801374 -19
    endloop
  endfacet
  facet normal 0 0 -1
    outer loop
      vertex 13.5007 0.801374 -19
      vertex -13.5007 0.801374 -19
      vertex -13.5865 0.944468 -19
    endloop
  endfacet
  facet normal 0 0 -1
    outer loop
      vertex 13.5865 0.944468 -19
      vertex -13.5865 0.944468 -19
      vertex 16 15 -19
    endloop
  endfacet
  facet normal 0 0 -1
    outer loop
      vertex -16 15 -19
      vertex -13.5865 0.944468 -19
      vertex -13.6859 1.07847 -19
    endloop
  endfacet
  facet normal 0 0 -1
    outer loop
      vertex -16 15 -19
      vertex -13.6859 1.07847 -19
      vertex -13.7979 1.20208 -19
    endloop
  endfacet
  facet normal 0 0 -1
    outer loop
      vertex -16 15 -19
      vertex -13.7979 1.20208 -19
      vertex -13.9215 1.31412 -19
    endloop
  endfacet
  facet normal 0 0 -1
    outer loop
      vertex -16 15 -19
      vertex -13.9215 1.31412 -19
      vertex -14.0555 1.4135 -19
    endloop
  endfacet
  facet normal 0 0 -1
    outer loop
      vertex -16 15 -19
      vertex -14.0555 1.4135 -19
      vertex -14.1986 1.49927 -19
    endloop
  endfacet
  facet normal 0 0 -1
    outer loop
      vertex -16 15 -19
      vertex -14.1986 1.49927 -19
      vertex -14.3494 1.57059 -19
    endloop
  endfacet
  facet normal 0 0 -1
    outer loop
      vertex -16 15 -19
      vertex -14.3494 1.57059 -19
      vertex -14.5065 1.6268 -19
    endloop
  endfacet
  facet normal 0 0 -1
    outer loop
      vertex -16 15 -19
      vertex -14.5065 1.6268 -19
      vertex -14.6683 1.66733 -19
    endloop
  endfacet
  facet normal 0 0 -1
    outer loop
      vertex -20 11 -19
      vertex -14.6683 1.66733 -19
      vertex -14.8334 1.69181 -19
    endloop
  endfacet
  facet normal 0 0 -1
    outer loop
      vertex -20 11 -19
      vertex -14.8334 1.69181 -19
      vertex -15 1.7 -19
    endloop
  endfacet
  facet normal 0 0 -1
    outer loop
      vertex -20 11 -19
      vertex -15 1.7 -19
      vertex -15.1666 1.69181 -19
    endloop
  endfacet
  facet normal 0 0 -1
    outer loop
      vertex -20 11 -19
      vertex -15.1666 1.69181 -19
      vertex -15.3317 1.66733 -19
    endloop
  endfacet
  facet normal 0 0 -1
    outer loop
      vertex -20 11 -19
      vertex -15.3317 1.66733 -19
      vertex -15.4935 1.6268 -19
    endloop
  endfacet
  facet normal 0 0 -1
    outer loop
      vertex -20 11 -19
      vertex -15.4935 1.6268 -19
      vertex -15.6506 1.57059 -19
    endloop
  endfacet
  facet normal 0 0 -1
    outer loop
      vertex -13.5865 0.944468 -19
      vertex -16 15 -19
      vertex 16 15 -19
    endloop
  endfacet
  facet normal 0 0 -1
    outer loop
      vertex -20 11 -19
      vertex -15.6506 1.57059 -19
      vertex -15.8014 1.49927 -19
    endloop
  endfacet
  facet normal 0 0 -1
    outer loop
      vertex -20 11 -19
      vertex -15.8014 1.49927 -19
      vertex -15.9445 1.4135 -19
    endloop
  endfacet
  facet normal 0 0 -1
    outer loop
      vertex -20 11 -19
      vertex -15.9445 1.4135 -19
      vertex -16.0785 1.31412 -19
    endloop
  endfacet
  facet normal 0 0 -1
    outer loop
      vertex -20 11 -19
      vertex -16.0785 1.31412 -19
      vertex -16.2021 1.20208 -19
    endloop
  endfacet
  facet normal 0 0 -1
    outer loop
      vertex -20 11 -19
      vertex -16.2021 1.20208 -19
      vertex -16.3141 1.07847 -19
    endloop
  endfacet
  facet normal 0 0 -1
    outer loop
      vertex -14.6683 1.66733 -19
      vertex -20 11 -19
      vertex -16 15 -19
    endloop
  endfacet
  facet normal 0 0 -1
    outer loop
      vertex -20 11 -19
      vertex -16.3141 1.07847 -19
      vertex -16.4135 0.944468 -19
    endloop
  endfacet
  facet normal 0 0 -1
    outer loop
      vertex -20 11 -19
      vertex -16.4135 0.944468 -19
      vertex -16.4993 0.801374 -19
    endloop
  endfacet
  facet normal 0 0 -1
    outer loop
      vertex -20 11 -19
      vertex -16.4993 0.801374 -19
      vertex -16.5706 0.650561 -19
    endloop
  endfacet
  facet normal 0 0 -1
    outer loop
      vertex -20 11 -19
      vertex -16.5706 0.650561 -19
      vertex -16.6268 0.493484 -19
    endloop
  endfacet
  facet normal 0 0 -1
    outer loop
      vertex -20 11 -19
      vertex -16.6268 0.493484 -19
      vertex -16.6673 0.331653 -19
    endloop
  endfacet
  facet normal 0 0 -1
    outer loop
      vertex -20 11 -19
      vertex -16.6673 0.331653 -19
      vertex -16.6918 0.166629 -19
    endloop
  endfacet
  facet normal 0 0 -1
    outer loop
      vertex -20 11 -19
      vertex -16.6918 0.166629 -19
      vertex -16.7 0 -19
    endloop
  endfacet
  facet normal 0 0 -1
    outer loop
      vertex -16 15 -19
      vertex -20 11 -19
      vertex -16.3921 14.9807 -19
    endloop
  endfacet
  facet normal -0 0 -1
    outer loop
      vertex -16.6918 -0.166629 -19
      vertex -20 -11 -19
      vertex -16.7 0 -19
    endloop
  endfacet
  facet normal 0 0 -1
    outer loop
      vertex -20 -11 -19
      vertex -16.7803 -14.9231 -19
      vertex -17.1611 -14.8278 -19
    endloop
  endfacet
  facet normal 0 0 -1
    outer loop
      vertex -20 11 -19
      vertex -16.7 0 -19
      vertex -20 -11 -19
    endloop
  endfacet
  facet normal 0 0 -1
    outer loop
      vertex -20 -11 -19
      vertex -17.1611 -14.8278 -19
      vertex -17.5307 -14.6955 -19
    endloop
  endfacet
  facet normal 0 0 -1
    outer loop
      vertex -16.3921 14.9807 -19
      vertex -20 11 -19
      vertex -16.7803 14.9231 -19
    endloop
  endfacet
  facet normal 0 0 -1
    outer loop
      vertex -20 -11 -19
      vertex -17.5307 -14.6955 -19
      vertex -17.8856 -14.5277 -19
    endloop
  endfacet
  facet normal 0 0 -1
    outer loop
      vertex -16.7803 14.9231 -19
      vertex -20 11 -19
      vertex -17.1611 14.8278 -19
    endloop
  endfacet
  facet normal 0 0 -1
    outer loop
      vertex -20 -11 -19
      vertex -17.8856 -14.5277 -19
      vertex -18.2223 -14.3259 -19
    endloop
  endfacet
  facet normal 0 0 -1
    outer loop
      vertex -17.1611 14.8278 -19
      vertex -20 11 -19
      vertex -17.5307 14.6955 -19
    endloop
  endfacet
  facet normal 0 0 -1
    outer loop
      vertex -20 -11 -19
      vertex -18.2223 -14.3259 -19
      vertex -18.5376 -14.092 -19
    endloop
  endfacet
  facet normal 0 0 -1
    outer loop
      vertex -17.5307 14.6955 -19
      vertex -20 11 -19
      vertex -17.8856 14.5277 -19
    endloop
  endfacet
  facet normal 0 0 -1
    outer loop
      vertex -20 -11 -19
      vertex -18.5376 -14.092 -19
      vertex -18.8284 -13.8284 -19
    endloop
  endfacet
  facet normal 0 0 -1
    outer loop
      vertex -17.8856 14.5277 -19
      vertex -20 11 -19
      vertex -18.2223 14.3259 -19
    endloop
  endfacet
  facet normal 0 0 -1
    outer loop
      vertex -20 -11 -19
      vertex -18.8284 -13.8284 -19
      vertex -19.092 -13.5376 -19
    endloop
  endfacet
  facet normal 0 0 -1
    outer loop
      vertex -18.2223 14.3259 -19
      vertex -20 11 -19
      vertex -18.5376 14.092 -19
    endloop
  endfacet
  facet normal 0 0 -1
    outer loop
      vertex -20 -11 -19
      vertex -19.092 -13.5376 -19
      vertex -19.3259 -13.2223 -19
    endloop
  endfacet
  facet normal 0 0 -1
    outer loop
      vertex -18.5376 14.092 -19
      vertex -20 11 -19
      vertex -18.8284 13.8284 -19
    endloop
  endfacet
  facet normal 0 0 -1
    outer loop
      vertex -20 -11 -19
      vertex -19.3259 -13.2223 -19
      vertex -19.5277 -12.8856 -19
    endloop
  endfacet
  facet normal 0 0 -1
    outer loop
      vertex -18.8284 13.8284 -19
      vertex -20 11 -19
      vertex -19.092 13.5376 -19
    endloop
  endfacet
  facet normal 0 0 -1
    outer loop
      vertex -20 -11 -19
      vertex -19.5277 -12.8856 -19
      vertex -19.6955 -12.5307 -19
    endloop
  endfacet
  facet normal 0 0 -1
    outer loop
      vertex -19.092 13.5376 -19
      vertex -20 11 -19
      vertex -19.3259 13.2223 -19
    endloop
  endfacet
  facet normal 0 0 -1
    outer loop
      vertex -20 -11 -19
      vertex -19.6955 -12.5307 -19
      vertex -19.8278 -12.1611 -19
    endloop
  endfacet
  facet normal 0 0 -1
    outer loop
      vertex -19.3259 13.2223 -19
      vertex -20 11 -19
      vertex -19.5277 12.8856 -19
    endloop
  endfacet
  facet normal 0 0 -1
    outer loop
      vertex -20 -11 -19
      vertex -19.8278 -12.1611 -19
      vertex -19.9231 -11.7803 -19
    endloop
  endfacet
  facet normal 0 0 -1
    outer loop
      vertex -19.5277 12.8856 -19
      vertex -20 11 -19
      vertex -19.6955 12.5307 -19
    endloop
  endfacet
  facet normal 0 0 -1
    outer loop
      vertex -20 -11 -19
      vertex -19.9231 -11.7803 -19
      vertex -19.9807 -11.3921 -19
    endloop
  endfacet
  facet normal 0 0 -1
    outer loop
      vertex -19.6955 12.5307 -19
      vertex -20 11 -19
      vertex -19.8278 12.1611 -19
    endloop
  endfacet
  facet normal 0 0 -1
    outer loop
      vertex -19.8278 12.1611 -19
      vertex -20 11 -19
      vertex -19.9231 11.7803 -19
    endloop
  endfacet
  facet normal 0 0 -1
    outer loop
      vertex -19.9231 11.7803 -19
      vertex -20 11 -19
      vertex -19.9807 11.3921 -19
    endloop
  endfacet
  facet normal -0.970083 -0.242774 0
    outer loop
      vertex -13.3327 0.331653 -19
      vertex -13.3732 0.493484 -9
      vertex -13.3732 0.493484 -19
    endloop
  endfacet
  facet normal -0.970083 -0.242774 0
    outer loop
      vertex -13.3732 0.493484 -9
      vertex -13.3327 0.331653 -19
      vertex -13.3327 0.331653 -9
    endloop
  endfacet
  facet normal -0.989158 -0.146854 0
    outer loop
      vertex -13.3082 0.166629 -19
      vertex -13.3327 0.331653 -9
      vertex -13.3327 0.331653 -19
    endloop
  endfacet
  facet normal -0.989158 -0.146854 0
    outer loop
      vertex -13.3327 0.331653 -9
      vertex -13.3082 0.166629 -19
      vertex -13.3082 0.166629 -9
    endloop
  endfacet
  facet normal -0.94155 -0.336874 0
    outer loop
      vertex -13.3732 0.493484 -19
      vertex -13.4294 0.650561 -9
      vertex -13.4294 0.650561 -19
    endloop
  endfacet
  facet normal -0.94155 -0.336874 0
    outer loop
      vertex -13.4294 0.650561 -9
      vertex -13.3732 0.493484 -19
      vertex -13.3732 0.493484 -9
    endloop
  endfacet
  facet normal -0.803158 -0.595766 0
    outer loop
      vertex -13.5865 0.944468 -19
      vertex -13.6859 1.07847 -9
      vertex -13.6859 1.07847 -19
    endloop
  endfacet
  facet normal -0.803158 -0.595766 0
    outer loop
      vertex -13.6859 1.07847 -9
      vertex -13.5865 0.944468 -19
      vertex -13.5865 0.944468 -9
    endloop
  endfacet
  facet normal -0.741051 -0.671448 0
    outer loop
      vertex -13.6859 1.07847 -19
      vertex -13.7979 1.20208 -9
      vertex -13.7979 1.20208 -19
    endloop
  endfacet
  facet normal -0.741051 -0.671448 0
    outer loop
      vertex -13.7979 1.20208 -9
      vertex -13.6859 1.07847 -19
      vertex -13.6859 1.07847 -9
    endloop
  endfacet
  facet normal -0.857642 -0.514247 0
    outer loop
      vertex -13.5007 0.801374 -19
      vertex -13.5865 0.944468 -9
      vertex -13.5865 0.944468 -19
    endloop
  endfacet
  facet normal -0.857642 -0.514247 0
    outer loop
      vertex -13.5865 0.944468 -9
      vertex -13.5007 0.801374 -19
      vertex -13.5007 0.801374 -9
    endloop
  endfacet
  facet normal -0.242987 -0.97003 0
    outer loop
      vertex -14.6683 1.66733 -19
      vertex -14.5065 1.6268 -9
      vertex -14.6683 1.66733 -9
    endloop
  endfacet
  facet normal -0.242987 -0.97003 -0
    outer loop
      vertex -14.5065 1.6268 -9
      vertex -14.6683 1.66733 -19
      vertex -14.5065 1.6268 -19
    endloop
  endfacet
  facet normal -0.336883 -0.941546 0
    outer loop
      vertex -14.5065 1.6268 -19
      vertex -14.3494 1.57059 -9
      vertex -14.5065 1.6268 -9
    endloop
  endfacet
  facet normal -0.336883 -0.941546 -0
    outer loop
      vertex -14.3494 1.57059 -9
      vertex -14.5065 1.6268 -19
      vertex -14.3494 1.57059 -19
    endloop
  endfacet
  facet normal -0.14667 -0.989185 0
    outer loop
      vertex -14.8334 1.69181 -19
      vertex -14.6683 1.66733 -9
      vertex -14.8334 1.69181 -9
    endloop
  endfacet
  facet normal -0.14667 -0.989185 -0
    outer loop
      vertex -14.6683 1.66733 -9
      vertex -14.8334 1.69181 -19
      vertex -14.6683 1.66733 -19
    endloop
  endfacet
  facet normal -0.595695 -0.803211 0
    outer loop
      vertex -14.0555 1.4135 -19
      vertex -13.9215 1.31412 -9
      vertex -14.0555 1.4135 -9
    endloop
  endfacet
  facet normal -0.595695 -0.803211 -0
    outer loop
      vertex -13.9215 1.31412 -9
      vertex -14.0555 1.4135 -19
      vertex -13.9215 1.31412 -19
    endloop
  endfacet
  facet normal 0.970083 -0.242774 0
    outer loop
      vertex -16.6673 0.331653 -9
      vertex -16.6268 0.493484 -19
      vertex -16.6268 0.493484 -9
    endloop
  endfacet
  facet normal 0.970083 -0.242774 0
    outer loop
      vertex -16.6268 0.493484 -19
      vertex -16.6673 0.331653 -9
      vertex -16.6673 0.331653 -19
    endloop
  endfacet
  facet normal 0.803158 -0.595766 0
    outer loop
      vertex -16.4135 0.944468 -9
      vertex -16.3141 1.07847 -19
      vertex -16.3141 1.07847 -9
    endloop
  endfacet
  facet normal 0.803158 -0.595766 0
    outer loop
      vertex -16.3141 1.07847 -19
      vertex -16.4135 0.944468 -9
      vertex -16.4135 0.944468 -19
    endloop
  endfacet
  facet normal 0.741051 -0.671448 0
    outer loop
      vertex -16.3141 1.07847 -9
      vertex -16.2021 1.20208 -19
      vertex -16.2021 1.20208 -9
    endloop
  endfacet
  facet normal 0.741051 -0.671448 0
    outer loop
      vertex -16.2021 1.20208 -19
      vertex -16.3141 1.07847 -9
      vertex -16.3141 1.07847 -19
    endloop
  endfacet
  facet normal 0.857642 -0.514247 0
    outer loop
      vertex -16.4993 0.801374 -9
      vertex -16.4135 0.944468 -19
      vertex -16.4135 0.944468 -9
    endloop
  endfacet
  facet normal 0.857642 -0.514247 0
    outer loop
      vertex -16.4135 0.944468 -19
      vertex -16.4993 0.801374 -9
      vertex -16.4993 0.801374 -19
    endloop
  endfacet
  facet normal 0.94155 -0.336874 0
    outer loop
      vertex -16.6268 0.493484 -9
      vertex -16.5706 0.650561 -19
      vertex -16.5706 0.650561 -9
    endloop
  endfacet
  facet normal 0.94155 -0.336874 0
    outer loop
      vertex -16.5706 0.650561 -19
      vertex -16.6268 0.493484 -9
      vertex -16.6268 0.493484 -19
    endloop
  endfacet
  facet normal 0.989158 -0.146854 0
    outer loop
      vertex -16.6918 0.166629 -9
      vertex -16.6673 0.331653 -19
      vertex -16.6673 0.331653 -9
    endloop
  endfacet
  facet normal 0.989158 -0.146854 0
    outer loop
      vertex -16.6673 0.331653 -19
      vertex -16.6918 0.166629 -9
      vertex -16.6918 0.166629 -19
    endloop
  endfacet
  facet normal 0 0 -1
    outer loop
      vertex -13.3082 -0.166629 -9
      vertex -13.3082 0.166629 -9
      vertex -13.3 0 -9
    endloop
  endfacet
  facet normal 0 0 -1
    outer loop
      vertex -13.3327 -0.331653 -9
      vertex -13.3082 0.166629 -9
      vertex -13.3082 -0.166629 -9
    endloop
  endfacet
  facet normal 0 0 -1
    outer loop
      vertex -13.3327 -0.331653 -9
      vertex -13.3327 0.331653 -9
      vertex -13.3082 0.166629 -9
    endloop
  endfacet
  facet normal 0 0 -1
    outer loop
      vertex -13.3732 -0.493484 -9
      vertex -13.3327 0.331653 -9
      vertex -13.3327 -0.331653 -9
    endloop
  endfacet
  facet normal 0 0 -1
    outer loop
      vertex -13.3732 -0.493484 -9
      vertex -13.3732 0.493484 -9
      vertex -13.3327 0.331653 -9
    endloop
  endfacet
  facet normal 0 0 -1
    outer loop
      vertex -13.4294 -0.650561 -9
      vertex -13.3732 0.493484 -9
      vertex -13.3732 -0.493484 -9
    endloop
  endfacet
  facet normal 0 0 -1
    outer loop
      vertex -13.4294 -0.650561 -9
      vertex -13.4294 0.650561 -9
      vertex -13.3732 0.493484 -9
    endloop
  endfacet
  facet normal 0 0 -1
    outer loop
      vertex -13.5007 -0.801374 -9
      vertex -13.4294 0.650561 -9
      vertex -13.4294 -0.650561 -9
    endloop
  endfacet
  facet normal 0 0 -1
    outer loop
      vertex -13.5007 -0.801374 -9
      vertex -13.5007 0.801374 -9
      vertex -13.4294 0.650561 -9
    endloop
  endfacet
  facet normal 0 0 -1
    outer loop
      vertex -13.5865 -0.944468 -9
      vertex -13.5007 0.801374 -9
      vertex -13.5007 -0.801374 -9
    endloop
  endfacet
  facet normal 0 0 -1
    outer loop
      vertex -13.5865 -0.944468 -9
      vertex -13.5865 0.944468 -9
      vertex -13.5007 0.801374 -9
    endloop
  endfacet
  facet normal 0 0 -1
    outer loop
      vertex -13.6859 -1.07847 -9
      vertex -13.5865 0.944468 -9
      vertex -13.5865 -0.944468 -9
    endloop
  endfacet
  facet normal 0 0 -1
    outer loop
      vertex -13.6859 -1.07847 -9
      vertex -13.6859 1.07847 -9
      vertex -13.5865 0.944468 -9
    endloop
  endfacet
  facet normal 0 0 -1
    outer loop
      vertex -13.7979 -1.20208 -9
      vertex -13.6859 1.07847 -9
      vertex -13.6859 -1.07847 -9
    endloop
  endfacet
  facet normal 0 0 -1
    outer loop
      vertex -13.7979 -1.20208 -9
      vertex -13.7979 1.20208 -9
      vertex -13.6859 1.07847 -9
    endloop
  endfacet
  facet normal 0 0 -1
    outer loop
      vertex -13.9215 -1.31412 -9
      vertex -13.7979 1.20208 -9
      vertex -13.7979 -1.20208 -9
    endloop
  endfacet
  facet normal 0 0 -1
    outer loop
      vertex -13.9215 -1.31412 -9
      vertex -13.9215 1.31412 -9
      vertex -13.7979 1.20208 -9
    endloop
  endfacet
  facet normal 0 0 -1
    outer loop
      vertex -14.0555 -1.4135 -9
      vertex -13.9215 1.31412 -9
      vertex -13.9215 -1.31412 -9
    endloop
  endfacet
  facet normal 0 0 -1
    outer loop
      vertex -14.0555 -1.4135 -9
      vertex -14.0555 1.4135 -9
      vertex -13.9215 1.31412 -9
    endloop
  endfacet
  facet normal 0 0 -1
    outer loop
      vertex -14.1986 -1.49927 -9
      vertex -14.0555 1.4135 -9
      vertex -14.0555 -1.4135 -9
    endloop
  endfacet
  facet normal 0 0 -1
    outer loop
      vertex -14.1986 -1.49927 -9
      vertex -14.1986 1.49927 -9
      vertex -14.0555 1.4135 -9
    endloop
  endfacet
  facet normal 0 0 -1
    outer loop
      vertex -14.3494 -1.57059 -9
      vertex -14.1986 1.49927 -9
      vertex -14.1986 -1.49927 -9
    endloop
  endfacet
  facet normal 0 0 -1
    outer loop
      vertex -14.3494 -1.57059 -9
      vertex -14.3494 1.57059 -9
      vertex -14.1986 1.49927 -9
    endloop
  endfacet
  facet normal 0 0 -1
    outer loop
      vertex -14.5065 -1.6268 -9
      vertex -14.3494 1.57059 -9
      vertex -14.3494 -1.57059 -9
    endloop
  endfacet
  facet normal 0 0 -1
    outer loop
      vertex -14.5065 -1.6268 -9
      vertex -14.5065 1.6268 -9
      vertex -14.3494 1.57059 -9
    endloop
  endfacet
  facet normal 0 0 -1
    outer loop
      vertex -14.6683 -1.66733 -9
      vertex -14.5065 1.6268 -9
      vertex -14.5065 -1.6268 -9
    endloop
  endfacet
  facet normal 0 0 -1
    outer loop
      vertex -14.6683 -1.66733 -9
      vertex -14.6683 1.66733 -9
      vertex -14.5065 1.6268 -9
    endloop
  endfacet
  facet normal 0 0 -1
    outer loop
      vertex -14.8334 -1.69181 -9
      vertex -14.6683 1.66733 -9
      vertex -14.6683 -1.66733 -9
    endloop
  endfacet
  facet normal 0 0 -1
    outer loop
      vertex -14.8334 -1.69181 -9
      vertex -14.8334 1.69181 -9
      vertex -14.6683 1.66733 -9
    endloop
  endfacet
  facet normal 0 0 -1
    outer loop
      vertex -15 -1.7 -9
      vertex -14.8334 1.69181 -9
      vertex -14.8334 -1.69181 -9
    endloop
  endfacet
  facet normal 0 0 -1
    outer loop
      vertex -15 -1.7 -9
      vertex -15 1.7 -9
      vertex -14.8334 1.69181 -9
    endloop
  endfacet
  facet normal 0 0 -1
    outer loop
      vertex -15.1666 -1.69181 -9
      vertex -15 1.7 -9
      vertex -15 -1.7 -9
    endloop
  endfacet
  facet normal 0 0 -1
    outer loop
      vertex -15.1666 -1.69181 -9
      vertex -15.1666 1.69181 -9
      vertex -15 1.7 -9
    endloop
  endfacet
  facet normal 0 0 -1
    outer loop
      vertex -15.3317 -1.66733 -9
      vertex -15.1666 1.69181 -9
      vertex -15.1666 -1.69181 -9
    endloop
  endfacet
  facet normal 0 0 -1
    outer loop
      vertex -15.3317 -1.66733 -9
      vertex -15.3317 1.66733 -9
      vertex -15.1666 1.69181 -9
    endloop
  endfacet
  facet normal 0 0 -1
    outer loop
      vertex -15.4935 -1.6268 -9
      vertex -15.3317 1.66733 -9
      vertex -15.3317 -1.66733 -9
    endloop
  endfacet
  facet normal 0 0 -1
    outer loop
      vertex -15.4935 -1.6268 -9
      vertex -15.4935 1.6268 -9
      vertex -15.3317 1.66733 -9
    endloop
  endfacet
  facet normal 0 0 -1
    outer loop
      vertex -15.6506 -1.57059 -9
      vertex -15.4935 1.6268 -9
      vertex -15.4935 -1.6268 -9
    endloop
  endfacet
  facet normal 0 0 -1
    outer loop
      vertex -15.6506 -1.57059 -9
      vertex -15.6506 1.57059 -9
      vertex -15.4935 1.6268 -9
    endloop
  endfacet
  facet normal 0 0 -1
    outer loop
      vertex -15.8014 -1.49927 -9
      vertex -15.6506 1.57059 -9
      vertex -15.6506 -1.57059 -9
    endloop
  endfacet
  facet normal 0 0 -1
    outer loop
      vertex -15.8014 -1.49927 -9
      vertex -15.8014 1.49927 -9
      vertex -15.6506 1.57059 -9
    endloop
  endfacet
  facet normal 0 0 -1
    outer loop
      vertex -15.9445 -1.4135 -9
      vertex -15.8014 1.49927 -9
      vertex -15.8014 -1.49927 -9
    endloop
  endfacet
  facet normal 0 0 -1
    outer loop
      vertex -15.9445 -1.4135 -9
      vertex -15.9445 1.4135 -9
      vertex -15.8014 1.49927 -9
    endloop
  endfacet
  facet normal 0 0 -1
    outer loop
      vertex -16.0785 -1.31412 -9
      vertex -15.9445 1.4135 -9
      vertex -15.9445 -1.4135 -9
    endloop
  endfacet
  facet normal 0 0 -1
    outer loop
      vertex -16.0785 -1.31412 -9
      vertex -16.0785 1.31412 -9
      vertex -15.9445 1.4135 -9
    endloop
  endfacet
  facet normal 0 0 -1
    outer loop
      vertex -16.2021 -1.20208 -9
      vertex -16.0785 1.31412 -9
      vertex -16.0785 -1.31412 -9
    endloop
  endfacet
  facet normal 0 0 -1
    outer loop
      vertex -16.2021 -1.20208 -9
      vertex -16.2021 1.20208 -9
      vertex -16.0785 1.31412 -9
    endloop
  endfacet
  facet normal 0 0 -1
    outer loop
      vertex -16.3141 -1.07847 -9
      vertex -16.2021 1.20208 -9
      vertex -16.2021 -1.20208 -9
    endloop
  endfacet
  facet normal 0 0 -1
    outer loop
      vertex -16.3141 -1.07847 -9
      vertex -16.3141 1.07847 -9
      vertex -16.2021 1.20208 -9
    endloop
  endfacet
  facet normal 0 0 -1
    outer loop
      vertex -16.4135 -0.944468 -9
      vertex -16.3141 1.07847 -9
      vertex -16.3141 -1.07847 -9
    endloop
  endfacet
  facet normal 0 0 -1
    outer loop
      vertex -16.4135 -0.944468 -9
      vertex -16.4135 0.944468 -9
      vertex -16.3141 1.07847 -9
    endloop
  endfacet
  facet normal 0 0 -1
    outer loop
      vertex -16.4993 -0.801374 -9
      vertex -16.4135 0.944468 -9
      vertex -16.4135 -0.944468 -9
    endloop
  endfacet
  facet normal 0 0 -1
    outer loop
      vertex -16.4993 -0.801374 -9
      vertex -16.4993 0.801374 -9
      vertex -16.4135 0.944468 -9
    endloop
  endfacet
  facet normal 0 0 -1
    outer loop
      vertex -16.5706 -0.650561 -9
      vertex -16.4993 0.801374 -9
      vertex -16.4993 -0.801374 -9
    endloop
  endfacet
  facet normal 0 0 -1
    outer loop
      vertex -16.5706 -0.650561 -9
      vertex -16.5706 0.650561 -9
      vertex -16.4993 0.801374 -9
    endloop
  endfacet
  facet normal 0 0 -1
    outer loop
      vertex -16.6268 -0.493484 -9
      vertex -16.5706 0.650561 -9
      vertex -16.5706 -0.650561 -9
    endloop
  endfacet
  facet normal 0 0 -1
    outer loop
      vertex -16.6268 -0.493484 -9
      vertex -16.6268 0.493484 -9
      vertex -16.5706 0.650561 -9
    endloop
  endfacet
  facet normal 0 0 -1
    outer loop
      vertex -16.6673 -0.331653 -9
      vertex -16.6268 0.493484 -9
      vertex -16.6268 -0.493484 -9
    endloop
  endfacet
  facet normal 0 0 -1
    outer loop
      vertex -16.6673 -0.331653 -9
      vertex -16.6673 0.331653 -9
      vertex -16.6268 0.493484 -9
    endloop
  endfacet
  facet normal 0 0 -1
    outer loop
      vertex -16.6918 -0.166629 -9
      vertex -16.6673 0.331653 -9
      vertex -16.6673 -0.331653 -9
    endloop
  endfacet
  facet normal 0 0 -1
    outer loop
      vertex -16.6918 -0.166629 -9
      vertex -16.6918 0.166629 -9
      vertex -16.6673 0.331653 -9
    endloop
  endfacet
  facet normal 0 -0 -1
    outer loop
      vertex -16.6918 0.166629 -9
      vertex -16.6918 -0.166629 -9
      vertex -16.7 0 -9
    endloop
  endfacet
  facet normal 0.514099 -0.857731 0
    outer loop
      vertex -15.9445 1.4135 -19
      vertex -15.8014 1.49927 -9
      vertex -15.9445 1.4135 -9
    endloop
  endfacet
  facet normal 0.514099 -0.857731 0
    outer loop
      vertex -15.8014 1.49927 -9
      vertex -15.9445 1.4135 -19
      vertex -15.8014 1.49927 -19
    endloop
  endfacet
  facet normal 0.42754 -0.903996 0
    outer loop
      vertex -15.8014 1.49927 -19
      vertex -15.6506 1.57059 -9
      vertex -15.8014 1.49927 -9
    endloop
  endfacet
  facet normal 0.42754 -0.903996 0
    outer loop
      vertex -15.6506 1.57059 -9
      vertex -15.8014 1.49927 -19
      vertex -15.6506 1.57059 -19
    endloop
  endfacet
  facet normal 0.595695 -0.803211 0
    outer loop
      vertex -16.0785 1.31412 -19
      vertex -15.9445 1.4135 -9
      vertex -16.0785 1.31412 -9
    endloop
  endfacet
  facet normal 0.595695 -0.803211 0
    outer loop
      vertex -15.9445 1.4135 -9
      vertex -16.0785 1.31412 -19
      vertex -15.9445 1.4135 -19
    endloop
  endfacet
  facet normal 0.242987 -0.97003 0
    outer loop
      vertex -15.4935 1.6268 -19
      vertex -15.3317 1.66733 -9
      vertex -15.4935 1.6268 -9
    endloop
  endfacet
  facet normal 0.242987 -0.97003 0
    outer loop
      vertex -15.3317 1.66733 -9
      vertex -15.4935 1.6268 -19
      vertex -15.3317 1.66733 -19
    endloop
  endfacet
  facet normal 0.0491004 -0.998794 0
    outer loop
      vertex -15.1666 1.69181 -19
      vertex -15 1.7 -9
      vertex -15.1666 1.69181 -9
    endloop
  endfacet
  facet normal 0.0491004 -0.998794 0
    outer loop
      vertex -15 1.7 -9
      vertex -15.1666 1.69181 -19
      vertex -15 1.7 -19
    endloop
  endfacet
  facet normal -0.998791 0.0491516 0
    outer loop
      vertex -13.3082 -0.166629 -19
      vertex -13.3 0 -9
      vertex -13.3 0 -19
    endloop
  endfacet
  facet normal -0.998791 0.0491516 0
    outer loop
      vertex -13.3 0 -9
      vertex -13.3082 -0.166629 -19
      vertex -13.3082 -0.166629 -9
    endloop
  endfacet
  facet normal -0.0491004 0.998794 0
    outer loop
      vertex -14.8334 -1.69181 -19
      vertex -15 -1.7 -9
      vertex -14.8334 -1.69181 -9
    endloop
  endfacet
  facet normal -0.0491004 0.998794 0
    outer loop
      vertex -15 -1.7 -9
      vertex -14.8334 -1.69181 -19
      vertex -15 -1.7 -19
    endloop
  endfacet
  facet normal -0.67161 0.740905 0
    outer loop
      vertex -13.7979 -1.20208 -19
      vertex -13.9215 -1.31412 -9
      vertex -13.7979 -1.20208 -9
    endloop
  endfacet
  facet normal -0.67161 0.740905 0
    outer loop
      vertex -13.9215 -1.31412 -9
      vertex -13.7979 -1.20208 -19
      vertex -13.9215 -1.31412 -19
    endloop
  endfacet
  facet normal -0.514099 0.857731 0
    outer loop
      vertex -14.0555 -1.4135 -19
      vertex -14.1986 -1.49927 -9
      vertex -14.0555 -1.4135 -9
    endloop
  endfacet
  facet normal -0.514099 0.857731 0
    outer loop
      vertex -14.1986 -1.49927 -9
      vertex -14.0555 -1.4135 -19
      vertex -14.1986 -1.49927 -19
    endloop
  endfacet
  facet normal -0.803158 0.595766 0
    outer loop
      vertex -13.6859 -1.07847 -19
      vertex -13.5865 -0.944468 -9
      vertex -13.5865 -0.944468 -19
    endloop
  endfacet
  facet normal -0.803158 0.595766 0
    outer loop
      vertex -13.5865 -0.944468 -9
      vertex -13.6859 -1.07847 -19
      vertex -13.6859 -1.07847 -9
    endloop
  endfacet
  facet normal -0.904057 0.427412 0
    outer loop
      vertex -13.5007 -0.801374 -19
      vertex -13.4294 -0.650561 -9
      vertex -13.4294 -0.650561 -19
    endloop
  endfacet
  facet normal -0.904057 0.427412 0
    outer loop
      vertex -13.4294 -0.650561 -9
      vertex -13.5007 -0.801374 -19
      vertex -13.5007 -0.801374 -9
    endloop
  endfacet
  facet normal 0.67161 0.740905 -0
    outer loop
      vertex -16.0785 -1.31412 -19
      vertex -16.2021 -1.20208 -9
      vertex -16.0785 -1.31412 -9
    endloop
  endfacet
  facet normal 0.67161 0.740905 0
    outer loop
      vertex -16.2021 -1.20208 -9
      vertex -16.0785 -1.31412 -19
      vertex -16.2021 -1.20208 -19
    endloop
  endfacet
  facet normal 0.514099 0.857731 -0
    outer loop
      vertex -15.8014 -1.49927 -19
      vertex -15.9445 -1.4135 -9
      vertex -15.8014 -1.49927 -9
    endloop
  endfacet
  facet normal 0.514099 0.857731 0
    outer loop
      vertex -15.9445 -1.4135 -9
      vertex -15.8014 -1.49927 -19
      vertex -15.9445 -1.4135 -19
    endloop
  endfacet
  facet normal 0.336883 0.941546 -0
    outer loop
      vertex -15.4935 -1.6268 -19
      vertex -15.6506 -1.57059 -9
      vertex -15.4935 -1.6268 -9
    endloop
  endfacet
  facet normal 0.336883 0.941546 0
    outer loop
      vertex -15.6506 -1.57059 -9
      vertex -15.4935 -1.6268 -19
      vertex -15.6506 -1.57059 -19
    endloop
  endfacet
  facet normal 0.14667 0.989185 -0
    outer loop
      vertex -15.1666 -1.69181 -19
      vertex -15.3317 -1.66733 -9
      vertex -15.1666 -1.69181 -9
    endloop
  endfacet
  facet normal 0.14667 0.989185 0
    outer loop
      vertex -15.3317 -1.66733 -9
      vertex -15.1666 -1.69181 -19
      vertex -15.3317 -1.66733 -19
    endloop
  endfacet
  facet normal 0.904057 0.427412 0
    outer loop
      vertex -16.4993 -0.801374 -9
      vertex -16.5706 -0.650561 -19
      vertex -16.5706 -0.650561 -9
    endloop
  endfacet
  facet normal 0.904057 0.427412 0
    outer loop
      vertex -16.5706 -0.650561 -19
      vertex -16.4993 -0.801374 -9
      vertex -16.4993 -0.801374 -19
    endloop
  endfacet
  facet normal 0.803158 0.595766 0
    outer loop
      vertex -16.3141 -1.07847 -9
      vertex -16.4135 -0.944468 -19
      vertex -16.4135 -0.944468 -9
    endloop
  endfacet
  facet normal 0.803158 0.595766 0
    outer loop
      vertex -16.4135 -0.944468 -19
      vertex -16.3141 -1.07847 -9
      vertex -16.3141 -1.07847 -19
    endloop
  endfacet
  facet normal 0.970083 0.242774 0
    outer loop
      vertex -16.6268 -0.493484 -9
      vertex -16.6673 -0.331653 -19
      vertex -16.6673 -0.331653 -9
    endloop
  endfacet
  facet normal 0.970083 0.242774 0
    outer loop
      vertex -16.6673 -0.331653 -19
      vertex -16.6268 -0.493484 -9
      vertex -16.6268 -0.493484 -19
    endloop
  endfacet
  facet normal 0.998791 0.0491516 0
    outer loop
      vertex -16.6918 -0.166629 -9
      vertex -16.7 0 -19
      vertex -16.7 0 -9
    endloop
  endfacet
  facet normal 0.998791 0.0491516 0
    outer loop
      vertex -16.7 0 -19
      vertex -16.6918 -0.166629 -9
      vertex -16.6918 -0.166629 -19
    endloop
  endfacet
  facet normal -0.14667 0.989185 0
    outer loop
      vertex -14.6683 -1.66733 -19
      vertex -14.8334 -1.69181 -9
      vertex -14.6683 -1.66733 -9
    endloop
  endfacet
  facet normal -0.14667 0.989185 0
    outer loop
      vertex -14.8334 -1.69181 -9
      vertex -14.6683 -1.66733 -19
      vertex -14.8334 -1.69181 -19
    endloop
  endfacet
  facet normal -0.42754 0.903996 0
    outer loop
      vertex -14.1986 -1.49927 -19
      vertex -14.3494 -1.57059 -9
      vertex -14.1986 -1.49927 -9
    endloop
  endfacet
  facet normal -0.42754 0.903996 0
    outer loop
      vertex -14.3494 -1.57059 -9
      vertex -14.1986 -1.49927 -19
      vertex -14.3494 -1.57059 -19
    endloop
  endfacet
  facet normal -0.242987 0.97003 0
    outer loop
      vertex -14.5065 -1.6268 -19
      vertex -14.6683 -1.66733 -9
      vertex -14.5065 -1.6268 -9
    endloop
  endfacet
  facet normal -0.242987 0.97003 0
    outer loop
      vertex -14.6683 -1.66733 -9
      vertex -14.5065 -1.6268 -19
      vertex -14.6683 -1.66733 -19
    endloop
  endfacet
  facet normal -0.741051 0.671448 0
    outer loop
      vertex -13.7979 -1.20208 -19
      vertex -13.6859 -1.07847 -9
      vertex -13.6859 -1.07847 -19
    endloop
  endfacet
  facet normal -0.741051 0.671448 0
    outer loop
      vertex -13.6859 -1.07847 -9
      vertex -13.7979 -1.20208 -19
      vertex -13.7979 -1.20208 -9
    endloop
  endfacet
  facet normal -0.595695 0.803211 0
    outer loop
      vertex -13.9215 -1.31412 -19
      vertex -14.0555 -1.4135 -9
      vertex -13.9215 -1.31412 -9
    endloop
  endfacet
  facet normal -0.595695 0.803211 0
    outer loop
      vertex -14.0555 -1.4135 -9
      vertex -13.9215 -1.31412 -19
      vertex -14.0555 -1.4135 -19
    endloop
  endfacet
  facet normal -0.857642 0.514247 0
    outer loop
      vertex -13.5865 -0.944468 -19
      vertex -13.5007 -0.801374 -9
      vertex -13.5007 -0.801374 -19
    endloop
  endfacet
  facet normal -0.857642 0.514247 0
    outer loop
      vertex -13.5007 -0.801374 -9
      vertex -13.5865 -0.944468 -19
      vertex -13.5865 -0.944468 -9
    endloop
  endfacet
  facet normal -0.94155 0.336874 0
    outer loop
      vertex -13.4294 -0.650561 -19
      vertex -13.3732 -0.493484 -9
      vertex -13.3732 -0.493484 -19
    endloop
  endfacet
  facet normal -0.94155 0.336874 0
    outer loop
      vertex -13.3732 -0.493484 -9
      vertex -13.4294 -0.650561 -19
      vertex -13.4294 -0.650561 -9
    endloop
  endfacet
  facet normal -0.989158 0.146854 0
    outer loop
      vertex -13.3327 -0.331653 -19
      vertex -13.3082 -0.166629 -9
      vertex -13.3082 -0.166629 -19
    endloop
  endfacet
  facet normal -0.989158 0.146854 0
    outer loop
      vertex -13.3082 -0.166629 -9
      vertex -13.3327 -0.331653 -19
      vertex -13.3327 -0.331653 -9
    endloop
  endfacet
  facet normal -0.970083 0.242774 0
    outer loop
      vertex -13.3732 -0.493484 -19
      vertex -13.3327 -0.331653 -9
      vertex -13.3327 -0.331653 -19
    endloop
  endfacet
  facet normal -0.970083 0.242774 0
    outer loop
      vertex -13.3327 -0.331653 -9
      vertex -13.3732 -0.493484 -19
      vertex -13.3732 -0.493484 -9
    endloop
  endfacet
  facet normal 0.595695 0.803211 -0
    outer loop
      vertex -15.9445 -1.4135 -19
      vertex -16.0785 -1.31412 -9
      vertex -15.9445 -1.4135 -9
    endloop
  endfacet
  facet normal 0.595695 0.803211 0
    outer loop
      vertex -16.0785 -1.31412 -9
      vertex -15.9445 -1.4135 -19
      vertex -16.0785 -1.31412 -19
    endloop
  endfacet
  facet normal 0.42754 0.903996 -0
    outer loop
      vertex -15.6506 -1.57059 -19
      vertex -15.8014 -1.49927 -9
      vertex -15.6506 -1.57059 -9
    endloop
  endfacet
  facet normal 0.42754 0.903996 0
    outer loop
      vertex -15.8014 -1.49927 -9
      vertex -15.6506 -1.57059 -19
      vertex -15.8014 -1.49927 -19
    endloop
  endfacet
  facet normal 0.242987 0.97003 -0
    outer loop
      vertex -15.3317 -1.66733 -19
      vertex -15.4935 -1.6268 -9
      vertex -15.3317 -1.66733 -9
    endloop
  endfacet
  facet normal 0.242987 0.97003 0
    outer loop
      vertex -15.4935 -1.6268 -9
      vertex -15.3317 -1.66733 -19
      vertex -15.4935 -1.6268 -19
    endloop
  endfacet
  facet normal 0.857642 0.514247 0
    outer loop
      vertex -16.4135 -0.944468 -9
      vertex -16.4993 -0.801374 -19
      vertex -16.4993 -0.801374 -9
    endloop
  endfacet
  facet normal 0.857642 0.514247 0
    outer loop
      vertex -16.4993 -0.801374 -19
      vertex -16.4135 -0.944468 -9
      vertex -16.4135 -0.944468 -19
    endloop
  endfacet
  facet normal 0.989158 0.146854 0
    outer loop
      vertex -16.6673 -0.331653 -9
      vertex -16.6918 -0.166629 -19
      vertex -16.6918 -0.166629 -9
    endloop
  endfacet
  facet normal 0.989158 0.146854 0
    outer loop
      vertex -16.6918 -0.166629 -19
      vertex -16.6673 -0.331653 -9
      vertex -16.6673 -0.331653 -19
    endloop
  endfacet
  facet normal -0.336883 0.941546 0
    outer loop
      vertex -14.3494 -1.57059 -19
      vertex -14.5065 -1.6268 -9
      vertex -14.3494 -1.57059 -9
    endloop
  endfacet
  facet normal -0.336883 0.941546 0
    outer loop
      vertex -14.5065 -1.6268 -9
      vertex -14.3494 -1.57059 -19
      vertex -14.5065 -1.6268 -19
    endloop
  endfacet
  facet normal -0.998791 -0.0491516 0
    outer loop
      vertex 16.7 0 -19
      vertex 16.6918 0.166629 -9
      vertex 16.6918 0.166629 -19
    endloop
  endfacet
  facet normal -0.998791 -0.0491516 0
    outer loop
      vertex 16.6918 0.166629 -9
      vertex 16.7 0 -19
      vertex 16.7 0 -9
    endloop
  endfacet
  facet normal 0.998791 -0.0491516 0
    outer loop
      vertex 13.3 0 -9
      vertex 13.3082 0.166629 -19
      vertex 13.3082 0.166629 -9
    endloop
  endfacet
  facet normal 0.998791 -0.0491516 0
    outer loop
      vertex 13.3082 0.166629 -19
      vertex 13.3 0 -9
      vertex 13.3 0 -19
    endloop
  endfacet
  facet normal -0.0491004 -0.998794 0
    outer loop
      vertex 15 1.7 -19
      vertex 15.1666 1.69181 -9
      vertex 15 1.7 -9
    endloop
  endfacet
  facet normal -0.0491004 -0.998794 -0
    outer loop
      vertex 15.1666 1.69181 -9
      vertex 15 1.7 -19
      vertex 15.1666 1.69181 -19
    endloop
  endfacet
  facet normal 0.0491004 0.998794 -0
    outer loop
      vertex 15 -1.7 -19
      vertex 14.8334 -1.69181 -9
      vertex 15 -1.7 -9
    endloop
  endfacet
  facet normal 0.0491004 0.998794 0
    outer loop
      vertex 14.8334 -1.69181 -9
      vertex 15 -1.7 -19
      vertex 14.8334 -1.69181 -19
    endloop
  endfacet
  facet normal -0.67161 -0.740905 0
    outer loop
      vertex 16.0785 1.31412 -19
      vertex 16.2021 1.20208 -9
      vertex 16.0785 1.31412 -9
    endloop
  endfacet
  facet normal -0.67161 -0.740905 -0
    outer loop
      vertex 16.2021 1.20208 -9
      vertex 16.0785 1.31412 -19
      vertex 16.2021 1.20208 -19
    endloop
  endfacet
  facet normal 0.67161 -0.740905 0
    outer loop
      vertex 13.7979 1.20208 -19
      vertex 13.9215 1.31412 -9
      vertex 13.7979 1.20208 -9
    endloop
  endfacet
  facet normal 0.67161 -0.740905 0
    outer loop
      vertex 13.9215 1.31412 -9
      vertex 13.7979 1.20208 -19
      vertex 13.9215 1.31412 -19
    endloop
  endfacet
  facet normal 0.336883 -0.941546 0
    outer loop
      vertex 14.3494 1.57059 -19
      vertex 14.5065 1.6268 -9
      vertex 14.3494 1.57059 -9
    endloop
  endfacet
  facet normal 0.336883 -0.941546 0
    outer loop
      vertex 14.5065 1.6268 -9
      vertex 14.3494 1.57059 -19
      vertex 14.5065 1.6268 -19
    endloop
  endfacet
  facet normal -0.904057 -0.427412 0
    outer loop
      vertex 16.5706 0.650561 -19
      vertex 16.4993 0.801374 -9
      vertex 16.4993 0.801374 -19
    endloop
  endfacet
  facet normal -0.904057 -0.427412 0
    outer loop
      vertex 16.4993 0.801374 -9
      vertex 16.5706 0.650561 -19
      vertex 16.5706 0.650561 -9
    endloop
  endfacet
  facet normal -0.42754 -0.903996 0
    outer loop
      vertex 15.6506 1.57059 -19
      vertex 15.8014 1.49927 -9
      vertex 15.6506 1.57059 -9
    endloop
  endfacet
  facet normal -0.42754 -0.903996 -0
    outer loop
      vertex 15.8014 1.49927 -9
      vertex 15.6506 1.57059 -19
      vertex 15.8014 1.49927 -19
    endloop
  endfacet
  facet normal -0.514099 -0.857731 0
    outer loop
      vertex 15.8014 1.49927 -19
      vertex 15.9445 1.4135 -9
      vertex 15.8014 1.49927 -9
    endloop
  endfacet
  facet normal -0.514099 -0.857731 -0
    outer loop
      vertex 15.9445 1.4135 -9
      vertex 15.8014 1.49927 -19
      vertex 15.9445 1.4135 -19
    endloop
  endfacet
  facet normal 0.904057 -0.427412 0
    outer loop
      vertex 13.4294 0.650561 -9
      vertex 13.5007 0.801374 -19
      vertex 13.5007 0.801374 -9
    endloop
  endfacet
  facet normal 0.904057 -0.427412 0
    outer loop
      vertex 13.5007 0.801374 -19
      vertex 13.4294 0.650561 -9
      vertex 13.4294 0.650561 -19
    endloop
  endfacet
  facet normal 0.14667 -0.989185 0
    outer loop
      vertex 14.6683 1.66733 -19
      vertex 14.8334 1.69181 -9
      vertex 14.6683 1.66733 -9
    endloop
  endfacet
  facet normal 0.14667 -0.989185 0
    outer loop
      vertex 14.8334 1.69181 -9
      vertex 14.6683 1.66733 -19
      vertex 14.8334 1.69181 -19
    endloop
  endfacet
  facet normal -0.970083 0.242774 0
    outer loop
      vertex 16.6268 -0.493484 -19
      vertex 16.6673 -0.331653 -9
      vertex 16.6673 -0.331653 -19
    endloop
  endfacet
  facet normal -0.970083 0.242774 0
    outer loop
      vertex 16.6673 -0.331653 -9
      vertex 16.6268 -0.493484 -19
      vertex 16.6268 -0.493484 -9
    endloop
  endfacet
  facet normal -0.970083 -0.242774 0
    outer loop
      vertex 16.6673 0.331653 -19
      vertex 16.6268 0.493484 -9
      vertex 16.6268 0.493484 -19
    endloop
  endfacet
  facet normal -0.970083 -0.242774 0
    outer loop
      vertex 16.6268 0.493484 -9
      vertex 16.6673 0.331653 -19
      vertex 16.6673 0.331653 -9
    endloop
  endfacet
  facet normal -0.989158 -0.146854 0
    outer loop
      vertex 16.6918 0.166629 -19
      vertex 16.6673 0.331653 -9
      vertex 16.6673 0.331653 -19
    endloop
  endfacet
  facet normal -0.989158 -0.146854 0
    outer loop
      vertex 16.6673 0.331653 -9
      vertex 16.6918 0.166629 -19
      vertex 16.6918 0.166629 -9
    endloop
  endfacet
  facet normal -0.94155 -0.336874 0
    outer loop
      vertex 16.6268 0.493484 -19
      vertex 16.5706 0.650561 -9
      vertex 16.5706 0.650561 -19
    endloop
  endfacet
  facet normal -0.94155 -0.336874 0
    outer loop
      vertex 16.5706 0.650561 -9
      vertex 16.6268 0.493484 -19
      vertex 16.6268 0.493484 -9
    endloop
  endfacet
  facet normal -0.803158 -0.595766 0
    outer loop
      vertex 16.4135 0.944468 -19
      vertex 16.3141 1.07847 -9
      vertex 16.3141 1.07847 -19
    endloop
  endfacet
  facet normal -0.803158 -0.595766 0
    outer loop
      vertex 16.3141 1.07847 -9
      vertex 16.4135 0.944468 -19
      vertex 16.4135 0.944468 -9
    endloop
  endfacet
  facet normal -0.741051 -0.671448 0
    outer loop
      vertex 16.3141 1.07847 -19
      vertex 16.2021 1.20208 -9
      vertex 16.2021 1.20208 -19
    endloop
  endfacet
  facet normal -0.741051 -0.671448 0
    outer loop
      vertex 16.2021 1.20208 -9
      vertex 16.3141 1.07847 -19
      vertex 16.3141 1.07847 -9
    endloop
  endfacet
  facet normal -0.857642 -0.514247 0
    outer loop
      vertex 16.4993 0.801374 -19
      vertex 16.4135 0.944468 -9
      vertex 16.4135 0.944468 -19
    endloop
  endfacet
  facet normal -0.857642 -0.514247 0
    outer loop
      vertex 16.4135 0.944468 -9
      vertex 16.4993 0.801374 -19
      vertex 16.4993 0.801374 -9
    endloop
  endfacet
  facet normal -0.242987 -0.97003 0
    outer loop
      vertex 15.3317 1.66733 -19
      vertex 15.4935 1.6268 -9
      vertex 15.3317 1.66733 -9
    endloop
  endfacet
  facet normal -0.242987 -0.97003 -0
    outer loop
      vertex 15.4935 1.6268 -9
      vertex 15.3317 1.66733 -19
      vertex 15.4935 1.6268 -19
    endloop
  endfacet
  facet normal -0.336883 -0.941546 0
    outer loop
      vertex 15.4935 1.6268 -19
      vertex 15.6506 1.57059 -9
      vertex 15.4935 1.6268 -9
    endloop
  endfacet
  facet normal -0.336883 -0.941546 -0
    outer loop
      vertex 15.6506 1.57059 -9
      vertex 15.4935 1.6268 -19
      vertex 15.6506 1.57059 -19
    endloop
  endfacet
  facet normal -0.14667 -0.989185 0
    outer loop
      vertex 15.1666 1.69181 -19
      vertex 15.3317 1.66733 -9
      vertex 15.1666 1.69181 -9
    endloop
  endfacet
  facet normal -0.14667 -0.989185 -0
    outer loop
      vertex 15.3317 1.66733 -9
      vertex 15.1666 1.69181 -19
      vertex 15.3317 1.66733 -19
    endloop
  endfacet
  facet normal -0.595695 -0.803211 0
    outer loop
      vertex 15.9445 1.4135 -19
      vertex 16.0785 1.31412 -9
      vertex 15.9445 1.4135 -9
    endloop
  endfacet
  facet normal -0.595695 -0.803211 -0
    outer loop
      vertex 16.0785 1.31412 -9
      vertex 15.9445 1.4135 -19
      vertex 16.0785 1.31412 -19
    endloop
  endfacet
  facet normal 0.970083 -0.242774 0
    outer loop
      vertex 13.3327 0.331653 -9
      vertex 13.3732 0.493484 -19
      vertex 13.3732 0.493484 -9
    endloop
  endfacet
  facet normal 0.970083 -0.242774 0
    outer loop
      vertex 13.3732 0.493484 -19
      vertex 13.3327 0.331653 -9
      vertex 13.3327 0.331653 -19
    endloop
  endfacet
  facet normal 0.803158 -0.595766 0
    outer loop
      vertex 13.5865 0.944468 -9
      vertex 13.6859 1.07847 -19
      vertex 13.6859 1.07847 -9
    endloop
  endfacet
  facet normal 0.803158 -0.595766 0
    outer loop
      vertex 13.6859 1.07847 -19
      vertex 13.5865 0.944468 -9
      vertex 13.5865 0.944468 -19
    endloop
  endfacet
  facet normal 0.741051 -0.671448 0
    outer loop
      vertex 13.6859 1.07847 -9
      vertex 13.7979 1.20208 -19
      vertex 13.7979 1.20208 -9
    endloop
  endfacet
  facet normal 0.741051 -0.671448 0
    outer loop
      vertex 13.7979 1.20208 -19
      vertex 13.6859 1.07847 -9
      vertex 13.6859 1.07847 -19
    endloop
  endfacet
  facet normal 0.857642 -0.514247 0
    outer loop
      vertex 13.5007 0.801374 -9
      vertex 13.5865 0.944468 -19
      vertex 13.5865 0.944468 -9
    endloop
  endfacet
  facet normal 0.857642 -0.514247 0
    outer loop
      vertex 13.5865 0.944468 -19
      vertex 13.5007 0.801374 -9
      vertex 13.5007 0.801374 -19
    endloop
  endfacet
  facet normal 0.94155 -0.336874 0
    outer loop
      vertex 13.3732 0.493484 -9
      vertex 13.4294 0.650561 -19
      vertex 13.4294 0.650561 -9
    endloop
  endfacet
  facet normal 0.94155 -0.336874 0
    outer loop
      vertex 13.4294 0.650561 -19
      vertex 13.3732 0.493484 -9
      vertex 13.3732 0.493484 -19
    endloop
  endfacet
  facet normal 0.989158 -0.146854 0
    outer loop
      vertex 13.3082 0.166629 -9
      vertex 13.3327 0.331653 -19
      vertex 13.3327 0.331653 -9
    endloop
  endfacet
  facet normal 0.989158 -0.146854 0
    outer loop
      vertex 13.3327 0.331653 -19
      vertex 13.3082 0.166629 -9
      vertex 13.3082 0.166629 -19
    endloop
  endfacet
  facet normal 0 0 -1
    outer loop
      vertex 16.6918 -0.166629 -9
      vertex 16.6918 0.166629 -9
      vertex 16.7 0 -9
    endloop
  endfacet
  facet normal 0 0 -1
    outer loop
      vertex 16.6673 -0.331653 -9
      vertex 16.6918 0.166629 -9
      vertex 16.6918 -0.166629 -9
    endloop
  endfacet
  facet normal 0 0 -1
    outer loop
      vertex 16.6673 -0.331653 -9
      vertex 16.6673 0.331653 -9
      vertex 16.6918 0.166629 -9
    endloop
  endfacet
  facet normal 0 0 -1
    outer loop
      vertex 16.6268 -0.493484 -9
      vertex 16.6673 0.331653 -9
      vertex 16.6673 -0.331653 -9
    endloop
  endfacet
  facet normal 0 0 -1
    outer loop
      vertex 16.6268 -0.493484 -9
      vertex 16.6268 0.493484 -9
      vertex 16.6673 0.331653 -9
    endloop
  endfacet
  facet normal 0 0 -1
    outer loop
      vertex 16.5706 -0.650561 -9
      vertex 16.6268 0.493484 -9
      vertex 16.6268 -0.493484 -9
    endloop
  endfacet
  facet normal 0 0 -1
    outer loop
      vertex 16.5706 -0.650561 -9
      vertex 16.5706 0.650561 -9
      vertex 16.6268 0.493484 -9
    endloop
  endfacet
  facet normal 0 0 -1
    outer loop
      vertex 16.4993 -0.801374 -9
      vertex 16.5706 0.650561 -9
      vertex 16.5706 -0.650561 -9
    endloop
  endfacet
  facet normal 0 0 -1
    outer loop
      vertex 16.4993 -0.801374 -9
      vertex 16.4993 0.801374 -9
      vertex 16.5706 0.650561 -9
    endloop
  endfacet
  facet normal 0 0 -1
    outer loop
      vertex 16.4135 -0.944468 -9
      vertex 16.4993 0.801374 -9
      vertex 16.4993 -0.801374 -9
    endloop
  endfacet
  facet normal 0 0 -1
    outer loop
      vertex 16.4135 -0.944468 -9
      vertex 16.4135 0.944468 -9
      vertex 16.4993 0.801374 -9
    endloop
  endfacet
  facet normal 0 0 -1
    outer loop
      vertex 16.3141 -1.07847 -9
      vertex 16.4135 0.944468 -9
      vertex 16.4135 -0.944468 -9
    endloop
  endfacet
  facet normal 0 0 -1
    outer loop
      vertex 16.3141 -1.07847 -9
      vertex 16.3141 1.07847 -9
      vertex 16.4135 0.944468 -9
    endloop
  endfacet
  facet normal 0 0 -1
    outer loop
      vertex 16.2021 -1.20208 -9
      vertex 16.3141 1.07847 -9
      vertex 16.3141 -1.07847 -9
    endloop
  endfacet
  facet normal 0 0 -1
    outer loop
      vertex 16.2021 -1.20208 -9
      vertex 16.2021 1.20208 -9
      vertex 16.3141 1.07847 -9
    endloop
  endfacet
  facet normal 0 0 -1
    outer loop
      vertex 16.0785 -1.31412 -9
      vertex 16.2021 1.20208 -9
      vertex 16.2021 -1.20208 -9
    endloop
  endfacet
  facet normal 0 0 -1
    outer loop
      vertex 16.0785 -1.31412 -9
      vertex 16.0785 1.31412 -9
      vertex 16.2021 1.20208 -9
    endloop
  endfacet
  facet normal 0 0 -1
    outer loop
      vertex 15.9445 -1.4135 -9
      vertex 16.0785 1.31412 -9
      vertex 16.0785 -1.31412 -9
    endloop
  endfacet
  facet normal 0 0 -1
    outer loop
      vertex 15.9445 -1.4135 -9
      vertex 15.9445 1.4135 -9
      vertex 16.0785 1.31412 -9
    endloop
  endfacet
  facet normal 0 0 -1
    outer loop
      vertex 15.8014 -1.49927 -9
      vertex 15.9445 1.4135 -9
      vertex 15.9445 -1.4135 -9
    endloop
  endfacet
  facet normal 0 0 -1
    outer loop
      vertex 15.8014 -1.49927 -9
      vertex 15.8014 1.49927 -9
      vertex 15.9445 1.4135 -9
    endloop
  endfacet
  facet normal 0 0 -1
    outer loop
      vertex 15.6506 -1.57059 -9
      vertex 15.8014 1.49927 -9
      vertex 15.8014 -1.49927 -9
    endloop
  endfacet
  facet normal 0 0 -1
    outer loop
      vertex 15.6506 -1.57059 -9
      vertex 15.6506 1.57059 -9
      vertex 15.8014 1.49927 -9
    endloop
  endfacet
  facet normal 0 0 -1
    outer loop
      vertex 15.4935 -1.6268 -9
      vertex 15.6506 1.57059 -9
      vertex 15.6506 -1.57059 -9
    endloop
  endfacet
  facet normal 0 0 -1
    outer loop
      vertex 15.4935 -1.6268 -9
      vertex 15.4935 1.6268 -9
      vertex 15.6506 1.57059 -9
    endloop
  endfacet
  facet normal 0 0 -1
    outer loop
      vertex 15.3317 -1.66733 -9
      vertex 15.4935 1.6268 -9
      vertex 15.4935 -1.6268 -9
    endloop
  endfacet
  facet normal 0 0 -1
    outer loop
      vertex 15.3317 -1.66733 -9
      vertex 15.3317 1.66733 -9
      vertex 15.4935 1.6268 -9
    endloop
  endfacet
  facet normal 0 0 -1
    outer loop
      vertex 15.1666 -1.69181 -9
      vertex 15.3317 1.66733 -9
      vertex 15.3317 -1.66733 -9
    endloop
  endfacet
  facet normal 0 0 -1
    outer loop
      vertex 15.1666 -1.69181 -9
      vertex 15.1666 1.69181 -9
      vertex 15.3317 1.66733 -9
    endloop
  endfacet
  facet normal 0 0 -1
    outer loop
      vertex 15 -1.7 -9
      vertex 15.1666 1.69181 -9
      vertex 15.1666 -1.69181 -9
    endloop
  endfacet
  facet normal 0 0 -1
    outer loop
      vertex 15 -1.7 -9
      vertex 15 1.7 -9
      vertex 15.1666 1.69181 -9
    endloop
  endfacet
  facet normal 0 0 -1
    outer loop
      vertex 14.8334 -1.69181 -9
      vertex 15 1.7 -9
      vertex 15 -1.7 -9
    endloop
  endfacet
  facet normal 0 0 -1
    outer loop
      vertex 14.8334 -1.69181 -9
      vertex 14.8334 1.69181 -9
      vertex 15 1.7 -9
    endloop
  endfacet
  facet normal 0 0 -1
    outer loop
      vertex 14.6683 -1.66733 -9
      vertex 14.8334 1.69181 -9
      vertex 14.8334 -1.69181 -9
    endloop
  endfacet
  facet normal 0 0 -1
    outer loop
      vertex 14.6683 -1.66733 -9
      vertex 14.6683 1.66733 -9
      vertex 14.8334 1.69181 -9
    endloop
  endfacet
  facet normal 0 0 -1
    outer loop
      vertex 14.5065 -1.6268 -9
      vertex 14.6683 1.66733 -9
      vertex 14.6683 -1.66733 -9
    endloop
  endfacet
  facet normal 0 0 -1
    outer loop
      vertex 14.5065 -1.6268 -9
      vertex 14.5065 1.6268 -9
      vertex 14.6683 1.66733 -9
    endloop
  endfacet
  facet normal 0 0 -1
    outer loop
      vertex 14.3494 -1.57059 -9
      vertex 14.5065 1.6268 -9
      vertex 14.5065 -1.6268 -9
    endloop
  endfacet
  facet normal 0 0 -1
    outer loop
      vertex 14.3494 -1.57059 -9
      vertex 14.3494 1.57059 -9
      vertex 14.5065 1.6268 -9
    endloop
  endfacet
  facet normal 0 0 -1
    outer loop
      vertex 14.1986 -1.49927 -9
      vertex 14.3494 1.57059 -9
      vertex 14.3494 -1.57059 -9
    endloop
  endfacet
  facet normal 0 0 -1
    outer loop
      vertex 14.1986 -1.49927 -9
      vertex 14.1986 1.49927 -9
      vertex 14.3494 1.57059 -9
    endloop
  endfacet
  facet normal 0 0 -1
    outer loop
      vertex 14.0555 -1.4135 -9
      vertex 14.1986 1.49927 -9
      vertex 14.1986 -1.49927 -9
    endloop
  endfacet
  facet normal 0 0 -1
    outer loop
      vertex 14.0555 -1.4135 -9
      vertex 14.0555 1.4135 -9
      vertex 14.1986 1.49927 -9
    endloop
  endfacet
  facet normal 0 0 -1
    outer loop
      vertex 13.9215 -1.31412 -9
      vertex 14.0555 1.4135 -9
      vertex 14.0555 -1.4135 -9
    endloop
  endfacet
  facet normal 0 0 -1
    outer loop
      vertex 13.9215 -1.31412 -9
      vertex 13.9215 1.31412 -9
      vertex 14.0555 1.4135 -9
    endloop
  endfacet
  facet normal 0 0 -1
    outer loop
      vertex 13.7979 -1.20208 -9
      vertex 13.9215 1.31412 -9
      vertex 13.9215 -1.31412 -9
    endloop
  endfacet
  facet normal 0 0 -1
    outer loop
      vertex 13.7979 -1.20208 -9
      vertex 13.7979 1.20208 -9
      vertex 13.9215 1.31412 -9
    endloop
  endfacet
  facet normal 0 0 -1
    outer loop
      vertex 13.6859 -1.07847 -9
      vertex 13.7979 1.20208 -9
      vertex 13.7979 -1.20208 -9
    endloop
  endfacet
  facet normal 0 0 -1
    outer loop
      vertex 13.6859 -1.07847 -9
      vertex 13.6859 1.07847 -9
      vertex 13.7979 1.20208 -9
    endloop
  endfacet
  facet normal 0 0 -1
    outer loop
      vertex 13.5865 -0.944468 -9
      vertex 13.6859 1.07847 -9
      vertex 13.6859 -1.07847 -9
    endloop
  endfacet
  facet normal 0 0 -1
    outer loop
      vertex 13.5865 -0.944468 -9
      vertex 13.5865 0.944468 -9
      vertex 13.6859 1.07847 -9
    endloop
  endfacet
  facet normal 0 0 -1
    outer loop
      vertex 13.5007 -0.801374 -9
      vertex 13.5865 0.944468 -9
      vertex 13.5865 -0.944468 -9
    endloop
  endfacet
  facet normal 0 0 -1
    outer loop
      vertex 13.5007 -0.801374 -9
      vertex 13.5007 0.801374 -9
      vertex 13.5865 0.944468 -9
    endloop
  endfacet
  facet normal 0 0 -1
    outer loop
      vertex 13.4294 -0.650561 -9
      vertex 13.5007 0.801374 -9
      vertex 13.5007 -0.801374 -9
    endloop
  endfacet
  facet normal 0 0 -1
    outer loop
      vertex 13.4294 -0.650561 -9
      vertex 13.4294 0.650561 -9
      vertex 13.5007 0.801374 -9
    endloop
  endfacet
  facet normal 0 0 -1
    outer loop
      vertex 13.3732 -0.493484 -9
      vertex 13.4294 0.650561 -9
      vertex 13.4294 -0.650561 -9
    endloop
  endfacet
  facet normal 0 0 -1
    outer loop
      vertex 13.3732 -0.493484 -9
      vertex 13.3732 0.493484 -9
      vertex 13.4294 0.650561 -9
    endloop
  endfacet
  facet normal 0 0 -1
    outer loop
      vertex 13.3327 -0.331653 -9
      vertex 13.3732 0.493484 -9
      vertex 13.3732 -0.493484 -9
    endloop
  endfacet
  facet normal 0 0 -1
    outer loop
      vertex 13.3327 -0.331653 -9
      vertex 13.3327 0.331653 -9
      vertex 13.3732 0.493484 -9
    endloop
  endfacet
  facet normal 0 0 -1
    outer loop
      vertex 13.3082 -0.166629 -9
      vertex 13.3327 0.331653 -9
      vertex 13.3327 -0.331653 -9
    endloop
  endfacet
  facet normal 0 0 -1
    outer loop
      vertex 13.3082 -0.166629 -9
      vertex 13.3082 0.166629 -9
      vertex 13.3327 0.331653 -9
    endloop
  endfacet
  facet normal 0 -0 -1
    outer loop
      vertex 13.3082 0.166629 -9
      vertex 13.3082 -0.166629 -9
      vertex 13.3 0 -9
    endloop
  endfacet
  facet normal 0.514099 -0.857731 0
    outer loop
      vertex 14.0555 1.4135 -19
      vertex 14.1986 1.49927 -9
      vertex 14.0555 1.4135 -9
    endloop
  endfacet
  facet normal 0.514099 -0.857731 0
    outer loop
      vertex 14.1986 1.49927 -9
      vertex 14.0555 1.4135 -19
      vertex 14.1986 1.49927 -19
    endloop
  endfacet
  facet normal 0.42754 -0.903996 0
    outer loop
      vertex 14.1986 1.49927 -19
      vertex 14.3494 1.57059 -9
      vertex 14.1986 1.49927 -9
    endloop
  endfacet
  facet normal 0.42754 -0.903996 0
    outer loop
      vertex 14.3494 1.57059 -9
      vertex 14.1986 1.49927 -19
      vertex 14.3494 1.57059 -19
    endloop
  endfacet
  facet normal 0.595695 -0.803211 0
    outer loop
      vertex 13.9215 1.31412 -19
      vertex 14.0555 1.4135 -9
      vertex 13.9215 1.31412 -9
    endloop
  endfacet
  facet normal 0.595695 -0.803211 0
    outer loop
      vertex 14.0555 1.4135 -9
      vertex 13.9215 1.31412 -19
      vertex 14.0555 1.4135 -19
    endloop
  endfacet
  facet normal 0.242987 -0.97003 0
    outer loop
      vertex 14.5065 1.6268 -19
      vertex 14.6683 1.66733 -9
      vertex 14.5065 1.6268 -9
    endloop
  endfacet
  facet normal 0.242987 -0.97003 0
    outer loop
      vertex 14.6683 1.66733 -9
      vertex 14.5065 1.6268 -19
      vertex 14.6683 1.66733 -19
    endloop
  endfacet
  facet normal 0.0491004 -0.998794 0
    outer loop
      vertex 14.8334 1.69181 -19
      vertex 15 1.7 -9
      vertex 14.8334 1.69181 -9
    endloop
  endfacet
  facet normal 0.0491004 -0.998794 0
    outer loop
      vertex 15 1.7 -9
      vertex 14.8334 1.69181 -19
      vertex 15 1.7 -19
    endloop
  endfacet
  facet normal -0.998791 0.0491516 0
    outer loop
      vertex 16.6918 -0.166629 -19
      vertex 16.7 0 -9
      vertex 16.7 0 -19
    endloop
  endfacet
  facet normal -0.998791 0.0491516 0
    outer loop
      vertex 16.7 0 -9
      vertex 16.6918 -0.166629 -19
      vertex 16.6918 -0.166629 -9
    endloop
  endfacet
  facet normal -0.0491004 0.998794 0
    outer loop
      vertex 15.1666 -1.69181 -19
      vertex 15 -1.7 -9
      vertex 15.1666 -1.69181 -9
    endloop
  endfacet
  facet normal -0.0491004 0.998794 0
    outer loop
      vertex 15 -1.7 -9
      vertex 15.1666 -1.69181 -19
      vertex 15 -1.7 -19
    endloop
  endfacet
  facet normal -0.67161 0.740905 0
    outer loop
      vertex 16.2021 -1.20208 -19
      vertex 16.0785 -1.31412 -9
      vertex 16.2021 -1.20208 -9
    endloop
  endfacet
  facet normal -0.67161 0.740905 0
    outer loop
      vertex 16.0785 -1.31412 -9
      vertex 16.2021 -1.20208 -19
      vertex 16.0785 -1.31412 -19
    endloop
  endfacet
  facet normal -0.514099 0.857731 0
    outer loop
      vertex 15.9445 -1.4135 -19
      vertex 15.8014 -1.49927 -9
      vertex 15.9445 -1.4135 -9
    endloop
  endfacet
  facet normal -0.514099 0.857731 0
    outer loop
      vertex 15.8014 -1.49927 -9
      vertex 15.9445 -1.4135 -19
      vertex 15.8014 -1.49927 -19
    endloop
  endfacet
  facet normal -0.803158 0.595766 0
    outer loop
      vertex 16.3141 -1.07847 -19
      vertex 16.4135 -0.944468 -9
      vertex 16.4135 -0.944468 -19
    endloop
  endfacet
  facet normal -0.803158 0.595766 0
    outer loop
      vertex 16.4135 -0.944468 -9
      vertex 16.3141 -1.07847 -19
      vertex 16.3141 -1.07847 -9
    endloop
  endfacet
  facet normal -0.904057 0.427412 0
    outer loop
      vertex 16.4993 -0.801374 -19
      vertex 16.5706 -0.650561 -9
      vertex 16.5706 -0.650561 -19
    endloop
  endfacet
  facet normal -0.904057 0.427412 0
    outer loop
      vertex 16.5706 -0.650561 -9
      vertex 16.4993 -0.801374 -19
      vertex 16.4993 -0.801374 -9
    endloop
  endfacet
  facet normal 0.67161 0.740905 -0
    outer loop
      vertex 13.9215 -1.31412 -19
      vertex 13.7979 -1.20208 -9
      vertex 13.9215 -1.31412 -9
    endloop
  endfacet
  facet normal 0.67161 0.740905 0
    outer loop
      vertex 13.7979 -1.20208 -9
      vertex 13.9215 -1.31412 -19
      vertex 13.7979 -1.20208 -19
    endloop
  endfacet
  facet normal 0.514099 0.857731 -0
    outer loop
      vertex 14.1986 -1.49927 -19
      vertex 14.0555 -1.4135 -9
      vertex 14.1986 -1.49927 -9
    endloop
  endfacet
  facet normal 0.514099 0.857731 0
    outer loop
      vertex 14.0555 -1.4135 -9
      vertex 14.1986 -1.49927 -19
      vertex 14.0555 -1.4135 -19
    endloop
  endfacet
  facet normal 0.336883 0.941546 -0
    outer loop
      vertex 14.5065 -1.6268 -19
      vertex 14.3494 -1.57059 -9
      vertex 14.5065 -1.6268 -9
    endloop
  endfacet
  facet normal 0.336883 0.941546 0
    outer loop
      vertex 14.3494 -1.57059 -9
      vertex 14.5065 -1.6268 -19
      vertex 14.3494 -1.57059 -19
    endloop
  endfacet
  facet normal 0.14667 0.989185 -0
    outer loop
      vertex 14.8334 -1.69181 -19
      vertex 14.6683 -1.66733 -9
      vertex 14.8334 -1.69181 -9
    endloop
  endfacet
  facet normal 0.14667 0.989185 0
    outer loop
      vertex 14.6683 -1.66733 -9
      vertex 14.8334 -1.69181 -19
      vertex 14.6683 -1.66733 -19
    endloop
  endfacet
  facet normal 0.803158 0.595766 0
    outer loop
      vertex 13.6859 -1.07847 -9
      vertex 13.5865 -0.944468 -19
      vertex 13.5865 -0.944468 -9
    endloop
  endfacet
  facet normal 0.803158 0.595766 0
    outer loop
      vertex 13.5865 -0.944468 -19
      vertex 13.6859 -1.07847 -9
      vertex 13.6859 -1.07847 -19
    endloop
  endfacet
  facet normal 0.904057 0.427412 0
    outer loop
      vertex 13.5007 -0.801374 -9
      vertex 13.4294 -0.650561 -19
      vertex 13.4294 -0.650561 -9
    endloop
  endfacet
  facet normal 0.904057 0.427412 0
    outer loop
      vertex 13.4294 -0.650561 -19
      vertex 13.5007 -0.801374 -9
      vertex 13.5007 -0.801374 -19
    endloop
  endfacet
  facet normal 0.857642 0.514247 0
    outer loop
      vertex 13.5865 -0.944468 -9
      vertex 13.5007 -0.801374 -19
      vertex 13.5007 -0.801374 -9
    endloop
  endfacet
  facet normal 0.857642 0.514247 0
    outer loop
      vertex 13.5007 -0.801374 -19
      vertex 13.5865 -0.944468 -9
      vertex 13.5865 -0.944468 -19
    endloop
  endfacet
  facet normal 0.970083 0.242774 0
    outer loop
      vertex 13.3732 -0.493484 -9
      vertex 13.3327 -0.331653 -19
      vertex 13.3327 -0.331653 -9
    endloop
  endfacet
  facet normal 0.970083 0.242774 0
    outer loop
      vertex 13.3327 -0.331653 -19
      vertex 13.3732 -0.493484 -9
      vertex 13.3732 -0.493484 -19
    endloop
  endfacet
  facet normal 0.94155 0.336874 0
    outer loop
      vertex 13.4294 -0.650561 -9
      vertex 13.3732 -0.493484 -19
      vertex 13.3732 -0.493484 -9
    endloop
  endfacet
  facet normal 0.94155 0.336874 0
    outer loop
      vertex 13.3732 -0.493484 -19
      vertex 13.4294 -0.650561 -9
      vertex 13.4294 -0.650561 -19
    endloop
  endfacet
  facet normal 0.998791 0.0491516 0
    outer loop
      vertex 13.3082 -0.166629 -9
      vertex 13.3 0 -19
      vertex 13.3 0 -9
    endloop
  endfacet
  facet normal 0.998791 0.0491516 0
    outer loop
      vertex 13.3 0 -19
      vertex 13.3082 -0.166629 -9
      vertex 13.3082 -0.166629 -19
    endloop
  endfacet
  facet normal -0.14667 0.989185 0
    outer loop
      vertex 15.3317 -1.66733 -19
      vertex 15.1666 -1.69181 -9
      vertex 15.3317 -1.66733 -9
    endloop
  endfacet
  facet normal -0.14667 0.989185 0
    outer loop
      vertex 15.1666 -1.69181 -9
      vertex 15.3317 -1.66733 -19
      vertex 15.1666 -1.69181 -19
    endloop
  endfacet
  facet normal -0.242987 0.97003 0
    outer loop
      vertex 15.4935 -1.6268 -19
      vertex 15.3317 -1.66733 -9
      vertex 15.4935 -1.6268 -9
    endloop
  endfacet
  facet normal -0.242987 0.97003 0
    outer loop
      vertex 15.3317 -1.66733 -9
      vertex 15.4935 -1.6268 -19
      vertex 15.3317 -1.66733 -19
    endloop
  endfacet
  facet normal -0.42754 0.903996 0
    outer loop
      vertex 15.8014 -1.49927 -19
      vertex 15.6506 -1.57059 -9
      vertex 15.8014 -1.49927 -9
    endloop
  endfacet
  facet normal -0.42754 0.903996 0
    outer loop
      vertex 15.6506 -1.57059 -9
      vertex 15.8014 -1.49927 -19
      vertex 15.6506 -1.57059 -19
    endloop
  endfacet
  facet normal -0.336883 0.941546 0
    outer loop
      vertex 15.6506 -1.57059 -19
      vertex 15.4935 -1.6268 -9
      vertex 15.6506 -1.57059 -9
    endloop
  endfacet
  facet normal -0.336883 0.941546 0
    outer loop
      vertex 15.4935 -1.6268 -9
      vertex 15.6506 -1.57059 -19
      vertex 15.4935 -1.6268 -19
    endloop
  endfacet
  facet normal -0.741051 0.671448 0
    outer loop
      vertex 16.2021 -1.20208 -19
      vertex 16.3141 -1.07847 -9
      vertex 16.3141 -1.07847 -19
    endloop
  endfacet
  facet normal -0.741051 0.671448 0
    outer loop
      vertex 16.3141 -1.07847 -9
      vertex 16.2021 -1.20208 -19
      vertex 16.2021 -1.20208 -9
    endloop
  endfacet
  facet normal -0.595695 0.803211 0
    outer loop
      vertex 16.0785 -1.31412 -19
      vertex 15.9445 -1.4135 -9
      vertex 16.0785 -1.31412 -9
    endloop
  endfacet
  facet normal -0.595695 0.803211 0
    outer loop
      vertex 15.9445 -1.4135 -9
      vertex 16.0785 -1.31412 -19
      vertex 15.9445 -1.4135 -19
    endloop
  endfacet
  facet normal -0.857642 0.514247 0
    outer loop
      vertex 16.4135 -0.944468 -19
      vertex 16.4993 -0.801374 -9
      vertex 16.4993 -0.801374 -19
    endloop
  endfacet
  facet normal -0.857642 0.514247 0
    outer loop
      vertex 16.4993 -0.801374 -9
      vertex 16.4135 -0.944468 -19
      vertex 16.4135 -0.944468 -9
    endloop
  endfacet
  facet normal -0.94155 0.336874 0
    outer loop
      vertex 16.5706 -0.650561 -19
      vertex 16.6268 -0.493484 -9
      vertex 16.6268 -0.493484 -19
    endloop
  endfacet
  facet normal -0.94155 0.336874 0
    outer loop
      vertex 16.6268 -0.493484 -9
      vertex 16.5706 -0.650561 -19
      vertex 16.5706 -0.650561 -9
    endloop
  endfacet
  facet normal -0.989158 0.146854 0
    outer loop
      vertex 16.6673 -0.331653 -19
      vertex 16.6918 -0.166629 -9
      vertex 16.6918 -0.166629 -19
    endloop
  endfacet
  facet normal -0.989158 0.146854 0
    outer loop
      vertex 16.6918 -0.166629 -9
      vertex 16.6673 -0.331653 -19
      vertex 16.6673 -0.331653 -9
    endloop
  endfacet
  facet normal 0.595695 0.803211 -0
    outer loop
      vertex 14.0555 -1.4135 -19
      vertex 13.9215 -1.31412 -9
      vertex 14.0555 -1.4135 -9
    endloop
  endfacet
  facet normal 0.595695 0.803211 0
    outer loop
      vertex 13.9215 -1.31412 -9
      vertex 14.0555 -1.4135 -19
      vertex 13.9215 -1.31412 -19
    endloop
  endfacet
  facet normal 0.42754 0.903996 -0
    outer loop
      vertex 14.3494 -1.57059 -19
      vertex 14.1986 -1.49927 -9
      vertex 14.3494 -1.57059 -9
    endloop
  endfacet
  facet normal 0.42754 0.903996 0
    outer loop
      vertex 14.1986 -1.49927 -9
      vertex 14.3494 -1.57059 -19
      vertex 14.1986 -1.49927 -19
    endloop
  endfacet
  facet normal 0.242987 0.97003 -0
    outer loop
      vertex 14.6683 -1.66733 -19
      vertex 14.5065 -1.6268 -9
      vertex 14.6683 -1.66733 -9
    endloop
  endfacet
  facet normal 0.242987 0.97003 0
    outer loop
      vertex 14.5065 -1.6268 -9
      vertex 14.6683 -1.66733 -19
      vertex 14.5065 -1.6268 -19
    endloop
  endfacet
  facet normal 0.741051 0.671448 0
    outer loop
      vertex 13.7979 -1.20208 -9
      vertex 13.6859 -1.07847 -19
      vertex 13.6859 -1.07847 -9
    endloop
  endfacet
  facet normal 0.741051 0.671448 0
    outer loop
      vertex 13.6859 -1.07847 -19
      vertex 13.7979 -1.20208 -9
      vertex 13.7979 -1.20208 -19
    endloop
  endfacet
  facet normal 0.989158 0.146854 0
    outer loop
      vertex 13.3327 -0.331653 -9
      vertex 13.3082 -0.166629 -19
      vertex 13.3082 -0.166629 -9
    endloop
  endfacet
  facet normal 0.989158 0.146854 0
    outer loop
      vertex 13.3082 -0.166629 -19
      vertex 13.3327 -0.331653 -9
      vertex 13.3327 -0.331653 -19
    endloop
  endfacet
  facet normal -0.85774 -0.514084 0
    outer loop
      vertex -19.3259 -13.2223 -19
      vertex -19.5277 -12.8856 19
      vertex -19.5277 -12.8856 -19
    endloop
  endfacet
  facet normal -0.85774 -0.514084 0
    outer loop
      vertex -19.5277 -12.8856 19
      vertex -19.3259 -13.2223 -19
      vertex -19.3259 -13.2223 19
    endloop
  endfacet
  facet normal -0.970083 -0.242775 0
    outer loop
      vertex -19.8278 -12.1611 -19
      vertex -19.9231 -11.7803 19
      vertex -19.9231 -11.7803 -19
    endloop
  endfacet
  facet normal -0.970083 -0.242775 0
    outer loop
      vertex -19.9231 -11.7803 19
      vertex -19.8278 -12.1611 -19
      vertex -19.8278 -12.1611 19
    endloop
  endfacet
  facet normal -0.9415 -0.337014 0
    outer loop
      vertex -19.6955 -12.5307 -19
      vertex -19.8278 -12.1611 19
      vertex -19.8278 -12.1611 -19
    endloop
  endfacet
  facet normal -0.9415 -0.337014 0
    outer loop
      vertex -19.8278 -12.1611 19
      vertex -19.6955 -12.5307 -19
      vertex -19.6955 -12.5307 19
    endloop
  endfacet
  facet normal -0.904044 -0.42744 0
    outer loop
      vertex -19.5277 -12.8856 -19
      vertex -19.6955 -12.5307 19
      vertex -19.6955 -12.5307 -19
    endloop
  endfacet
  facet normal -0.904044 -0.42744 0
    outer loop
      vertex -19.6955 -12.5307 19
      vertex -19.5277 -12.8856 -19
      vertex -19.5277 -12.8856 19
    endloop
  endfacet
  facet normal -0.989171 -0.14677 0
    outer loop
      vertex -19.9231 -11.7803 -19
      vertex -19.9807 -11.3921 19
      vertex -19.9807 -11.3921 -19
    endloop
  endfacet
  facet normal -0.989171 -0.14677 0
    outer loop
      vertex -19.9807 -11.3921 19
      vertex -19.9231 -11.7803 -19
      vertex -19.9231 -11.7803 19
    endloop
  endfacet
  facet normal -1 0 0
    outer loop
      vertex -20 -11 -19
      vertex -20 11 19
      vertex -20 11 -19
    endloop
  endfacet
  facet normal -1 -0 0
    outer loop
      vertex -20 11 19
      vertex -20 -11 -19
      vertex -20 -11 19
    endloop
  endfacet
  facet normal -0.904044 0.42744 0
    outer loop
      vertex -19.6955 12.5307 -19
      vertex -19.5277 12.8856 19
      vertex -19.5277 12.8856 -19
    endloop
  endfacet
  facet normal -0.904044 0.42744 0
    outer loop
      vertex -19.5277 12.8856 19
      vertex -19.6955 12.5307 -19
      vertex -19.6955 12.5307 19
    endloop
  endfacet
  facet normal 0.85774 -0.514084 0
    outer loop
      vertex 19.3259 -13.2223 19
      vertex 19.5277 -12.8856 -19
      vertex 19.5277 -12.8856 19
    endloop
  endfacet
  facet normal 0.85774 -0.514084 0
    outer loop
      vertex 19.5277 -12.8856 -19
      vertex 19.3259 -13.2223 19
      vertex 19.3259 -13.2223 -19
    endloop
  endfacet
  facet normal 0.904044 0.42744 0
    outer loop
      vertex 19.6955 12.5307 19
      vertex 19.5277 12.8856 -19
      vertex 19.5277 12.8856 19
    endloop
  endfacet
  facet normal 0.904044 0.42744 0
    outer loop
      vertex 19.5277 12.8856 -19
      vertex 19.6955 12.5307 19
      vertex 19.6955 12.5307 -19
    endloop
  endfacet
  facet normal 0.242775 0.970083 -0
    outer loop
      vertex 17.1611 14.8278 -19
      vertex 16.7803 14.9231 19
      vertex 17.1611 14.8278 19
    endloop
  endfacet
  facet normal 0.242775 0.970083 0
    outer loop
      vertex 16.7803 14.9231 19
      vertex 17.1611 14.8278 -19
      vertex 16.7803 14.9231 -19
    endloop
  endfacet
  facet normal -0.998791 -0.0491626 0
    outer loop
      vertex -19.9807 -11.3921 -19
      vertex -20 -11 19
      vertex -20 -11 -19
    endloop
  endfacet
  facet normal -0.998791 -0.0491626 0
    outer loop
      vertex -20 -11 19
      vertex -19.9807 -11.3921 -19
      vertex -19.9807 -11.3921 19
    endloop
  endfacet
  facet normal -0.998791 0.0491626 0
    outer loop
      vertex -20 11 -19
      vertex -19.9807 11.3921 19
      vertex -19.9807 11.3921 -19
    endloop
  endfacet
  facet normal -0.998791 0.0491626 0
    outer loop
      vertex -19.9807 11.3921 19
      vertex -20 11 -19
      vertex -20 11 19
    endloop
  endfacet
  facet normal -0.803137 0.595794 0
    outer loop
      vertex -19.3259 13.2223 -19
      vertex -19.092 13.5376 19
      vertex -19.092 13.5376 -19
    endloop
  endfacet
  facet normal -0.803137 0.595794 0
    outer loop
      vertex -19.092 13.5376 19
      vertex -19.3259 13.2223 -19
      vertex -19.3259 13.2223 19
    endloop
  endfacet
  facet normal 0.998791 -0.0491626 0
    outer loop
      vertex 19.9807 -11.3921 19
      vertex 20 -11 -19
      vertex 20 -11 19
    endloop
  endfacet
  facet normal 0.998791 -0.0491626 0
    outer loop
      vertex 20 -11 -19
      vertex 19.9807 -11.3921 19
      vertex 19.9807 -11.3921 -19
    endloop
  endfacet
  facet normal 0 -1 0
    outer loop
      vertex -16 -15 19
      vertex 0 -15 4
      vertex 16 -15 19
    endloop
  endfacet
  facet normal 0 -1 0
    outer loop
      vertex -16 -15 19
      vertex -0.392068 -15 3.98074
      vertex 0 -15 4
    endloop
  endfacet
  facet normal 0 -1 0
    outer loop
      vertex -16 -15 19
      vertex -0.780361 -15 3.92314
      vertex -0.392068 -15 3.98074
    endloop
  endfacet
  facet normal 0 -1 0
    outer loop
      vertex -16 -15 19
      vertex -1.16114 -15 3.82776
      vertex -0.780361 -15 3.92314
    endloop
  endfacet
  facet normal 0 -1 0
    outer loop
      vertex -16 -15 19
      vertex -1.53073 -15 3.69552
      vertex -1.16114 -15 3.82776
    endloop
  endfacet
  facet normal 0 -1 0
    outer loop
      vertex -16 -15 19
      vertex -1.88559 -15 3.52768
      vertex -1.53073 -15 3.69552
    endloop
  endfacet
  facet normal 0 -1 0
    outer loop
      vertex -16 -15 19
      vertex -2.22228 -15 3.32588
      vertex -1.88559 -15 3.52768
    endloop
  endfacet
  facet normal 0 -1 0
    outer loop
      vertex -16 -15 19
      vertex -2.53757 -15 3.09204
      vertex -2.22228 -15 3.32588
    endloop
  endfacet
  facet normal 0 -1 0
    outer loop
      vertex -16 -15 19
      vertex -2.82843 -15 2.82843
      vertex -2.53757 -15 3.09204
    endloop
  endfacet
  facet normal 0 -1 0
    outer loop
      vertex -16 -15 19
      vertex -3.09204 -15 2.53757
      vertex -2.82843 -15 2.82843
    endloop
  endfacet
  facet normal 0 -1 0
    outer loop
      vertex -16 -15 19
      vertex -3.32588 -15 2.22228
      vertex -3.09204 -15 2.53757
    endloop
  endfacet
  facet normal 0 -1 0
    outer loop
      vertex -16 -15 19
      vertex -3.52768 -15 1.88559
      vertex -3.32588 -15 2.22228
    endloop
  endfacet
  facet normal 0 -1 0
    outer loop
      vertex -16 -15 19
      vertex -3.69552 -15 1.53073
      vertex -3.52768 -15 1.88559
    endloop
  endfacet
  facet normal 0 -1 0
    outer loop
      vertex -16 -15 19
      vertex -3.82776 -15 1.16114
      vertex -3.69552 -15 1.53073
    endloop
  endfacet
  facet normal 0 -1 0
    outer loop
      vertex -16 -15 19
      vertex -3.92314 -15 0.780361
      vertex -3.82776 -15 1.16114
    endloop
  endfacet
  facet normal 0 -1 0
    outer loop
      vertex -16 -15 19
      vertex -3.98074 -15 0.392068
      vertex -3.92314 -15 0.780361
    endloop
  endfacet
  facet normal 0 -1 0
    outer loop
      vertex -16 -15 19
      vertex -4 -15 0
      vertex -3.98074 -15 0.392068
    endloop
  endfacet
  facet normal 0 -1 0
    outer loop
      vertex -16 -15 -19
      vertex -4 -15 0
      vertex -16 -15 19
    endloop
  endfacet
  facet normal 0 -1 -0
    outer loop
      vertex -4 -15 0
      vertex -16 -15 -19
      vertex -3.98074 -15 -0.392068
    endloop
  endfacet
  facet normal 0 -1 -0
    outer loop
      vertex -3.98074 -15 -0.392068
      vertex -16 -15 -19
      vertex -3.92314 -15 -0.780361
    endloop
  endfacet
  facet normal 0 -1 -0
    outer loop
      vertex -3.92314 -15 -0.780361
      vertex -16 -15 -19
      vertex -3.82776 -15 -1.16114
    endloop
  endfacet
  facet normal 0 -1 -0
    outer loop
      vertex -3.82776 -15 -1.16114
      vertex -16 -15 -19
      vertex -3.69552 -15 -1.53073
    endloop
  endfacet
  facet normal 0 -1 -0
    outer loop
      vertex -0.392068 -15 -3.98074
      vertex -16 -15 -19
      vertex 0 -15 -4
    endloop
  endfacet
  facet normal 0 -1 -0
    outer loop
      vertex -0.780361 -15 -3.92314
      vertex -16 -15 -19
      vertex -0.392068 -15 -3.98074
    endloop
  endfacet
  facet normal 0 -1 -0
    outer loop
      vertex -1.16114 -15 -3.82776
      vertex -16 -15 -19
      vertex -0.780361 -15 -3.92314
    endloop
  endfacet
  facet normal 0 -1 -0
    outer loop
      vertex -1.53073 -15 -3.69552
      vertex -16 -15 -19
      vertex -1.16114 -15 -3.82776
    endloop
  endfacet
  facet normal 0 -1 -0
    outer loop
      vertex -1.88559 -15 -3.52768
      vertex -16 -15 -19
      vertex -1.53073 -15 -3.69552
    endloop
  endfacet
  facet normal 0 -1 -0
    outer loop
      vertex -2.22228 -15 -3.32588
      vertex -16 -15 -19
      vertex -1.88559 -15 -3.52768
    endloop
  endfacet
  facet normal 0 -1 -0
    outer loop
      vertex -2.53757 -15 -3.09204
      vertex -16 -15 -19
      vertex -2.22228 -15 -3.32588
    endloop
  endfacet
  facet normal 0 -1 -0
    outer loop
      vertex -2.82843 -15 -2.82843
      vertex -16 -15 -19
      vertex -2.53757 -15 -3.09204
    endloop
  endfacet
  facet normal 0 -1 -0
    outer loop
      vertex -3.09204 -15 -2.53757
      vertex -16 -15 -19
      vertex -2.82843 -15 -2.82843
    endloop
  endfacet
  facet normal 0 -1 -0
    outer loop
      vertex -3.32588 -15 -2.22228
      vertex -16 -15 -19
      vertex -3.09204 -15 -2.53757
    endloop
  endfacet
  facet normal 0 -1 -0
    outer loop
      vertex -3.52768 -15 -1.88559
      vertex -16 -15 -19
      vertex -3.32588 -15 -2.22228
    endloop
  endfacet
  facet normal 0 -1 -0
    outer loop
      vertex -3.69552 -15 -1.53073
      vertex -16 -15 -19
      vertex -3.52768 -15 -1.88559
    endloop
  endfacet
  facet normal 0 -1 0
    outer loop
      vertex 0.392068 -15 3.98074
      vertex 16 -15 19
      vertex 0 -15 4
    endloop
  endfacet
  facet normal 0 -1 0
    outer loop
      vertex 0.780361 -15 3.92314
      vertex 16 -15 19
      vertex 0.392068 -15 3.98074
    endloop
  endfacet
  facet normal 0 -1 0
    outer loop
      vertex 1.16114 -15 3.82776
      vertex 16 -15 19
      vertex 0.780361 -15 3.92314
    endloop
  endfacet
  facet normal 0 -1 0
    outer loop
      vertex 1.53073 -15 3.69552
      vertex 16 -15 19
      vertex 1.16114 -15 3.82776
    endloop
  endfacet
  facet normal 0 -1 0
    outer loop
      vertex 1.88559 -15 3.52768
      vertex 16 -15 19
      vertex 1.53073 -15 3.69552
    endloop
  endfacet
  facet normal 0 -1 0
    outer loop
      vertex 2.22228 -15 3.32588
      vertex 16 -15 19
      vertex 1.88559 -15 3.52768
    endloop
  endfacet
  facet normal 0 -1 0
    outer loop
      vertex 2.53757 -15 3.09204
      vertex 16 -15 19
      vertex 2.22228 -15 3.32588
    endloop
  endfacet
  facet normal 0 -1 0
    outer loop
      vertex 2.82843 -15 2.82843
      vertex 16 -15 19
      vertex 2.53757 -15 3.09204
    endloop
  endfacet
  facet normal 0 -1 0
    outer loop
      vertex 3.09204 -15 2.53757
      vertex 16 -15 19
      vertex 2.82843 -15 2.82843
    endloop
  endfacet
  facet normal 0 -1 0
    outer loop
      vertex 3.32588 -15 2.22228
      vertex 16 -15 19
      vertex 3.09204 -15 2.53757
    endloop
  endfacet
  facet normal 0 -1 0
    outer loop
      vertex 3.52768 -15 1.88559
      vertex 16 -15 19
      vertex 3.32588 -15 2.22228
    endloop
  endfacet
  facet normal 0 -1 0
    outer loop
      vertex 3.69552 -15 1.53073
      vertex 16 -15 19
      vertex 3.52768 -15 1.88559
    endloop
  endfacet
  facet normal 0 -1 0
    outer loop
      vertex 3.82776 -15 1.16114
      vertex 16 -15 19
      vertex 3.69552 -15 1.53073
    endloop
  endfacet
  facet normal 0 -1 0
    outer loop
      vertex 3.92314 -15 0.780361
      vertex 16 -15 19
      vertex 3.82776 -15 1.16114
    endloop
  endfacet
  facet normal 0 -1 0
    outer loop
      vertex 3.98074 -15 0.392068
      vertex 16 -15 19
      vertex 3.92314 -15 0.780361
    endloop
  endfacet
  facet normal 0 -1 0
    outer loop
      vertex 4 -15 0
      vertex 16 -15 19
      vertex 3.98074 -15 0.392068
    endloop
  endfacet
  facet normal 0 -1 0
    outer loop
      vertex 16 -15 -19
      vertex 4 -15 0
      vertex 3.98074 -15 -0.392068
    endloop
  endfacet
  facet normal 0 -1 0
    outer loop
      vertex 16 -15 -19
      vertex 3.98074 -15 -0.392068
      vertex 3.92314 -15 -0.780361
    endloop
  endfacet
  facet normal 0 -1 0
    outer loop
      vertex 16 -15 -19
      vertex 3.92314 -15 -0.780361
      vertex 3.82776 -15 -1.16114
    endloop
  endfacet
  facet normal 0 -1 0
    outer loop
      vertex 16 -15 -19
      vertex 3.82776 -15 -1.16114
      vertex 3.69552 -15 -1.53073
    endloop
  endfacet
  facet normal 0 -1 0
    outer loop
      vertex 16 -15 -19
      vertex 3.69552 -15 -1.53073
      vertex 3.52768 -15 -1.88559
    endloop
  endfacet
  facet normal 0 -1 0
    outer loop
      vertex 16 -15 -19
      vertex 0 -15 -4
      vertex -16 -15 -19
    endloop
  endfacet
  facet normal 0 -1 0
    outer loop
      vertex 0 -15 -4
      vertex 16 -15 -19
      vertex 0.392068 -15 -3.98074
    endloop
  endfacet
  facet normal 0 -1 0
    outer loop
      vertex 0.392068 -15 -3.98074
      vertex 16 -15 -19
      vertex 0.780361 -15 -3.92314
    endloop
  endfacet
  facet normal 0 -1 0
    outer loop
      vertex 0.780361 -15 -3.92314
      vertex 16 -15 -19
      vertex 1.16114 -15 -3.82776
    endloop
  endfacet
  facet normal 0 -1 0
    outer loop
      vertex 1.16114 -15 -3.82776
      vertex 16 -15 -19
      vertex 1.53073 -15 -3.69552
    endloop
  endfacet
  facet normal 0 -1 0
    outer loop
      vertex 1.53073 -15 -3.69552
      vertex 16 -15 -19
      vertex 1.88559 -15 -3.52768
    endloop
  endfacet
  facet normal 0 -1 0
    outer loop
      vertex 1.88559 -15 -3.52768
      vertex 16 -15 -19
      vertex 2.22228 -15 -3.32588
    endloop
  endfacet
  facet normal 0 -1 0
    outer loop
      vertex 4 -15 0
      vertex 16 -15 -19
      vertex 16 -15 19
    endloop
  endfacet
  facet normal 0 -1 0
    outer loop
      vertex 3.32588 -15 -2.22228
      vertex 16 -15 -19
      vertex 3.52768 -15 -1.88559
    endloop
  endfacet
  facet normal 0 -1 0
    outer loop
      vertex 3.09204 -15 -2.53757
      vertex 16 -15 -19
      vertex 3.32588 -15 -2.22228
    endloop
  endfacet
  facet normal 0 -1 0
    outer loop
      vertex 2.82843 -15 -2.82843
      vertex 16 -15 -19
      vertex 3.09204 -15 -2.53757
    endloop
  endfacet
  facet normal 0 -1 0
    outer loop
      vertex 2.53757 -15 -3.09204
      vertex 16 -15 -19
      vertex 2.82843 -15 -2.82843
    endloop
  endfacet
  facet normal 0 -1 0
    outer loop
      vertex 2.22228 -15 -3.32588
      vertex 16 -15 -19
      vertex 2.53757 -15 -3.09204
    endloop
  endfacet
  facet normal 0.989171 -0.14677 0
    outer loop
      vertex 19.9231 -11.7803 19
      vertex 19.9807 -11.3921 -19
      vertex 19.9807 -11.3921 19
    endloop
  endfacet
  facet normal 0.989171 -0.14677 0
    outer loop
      vertex 19.9807 -11.3921 -19
      vertex 19.9231 -11.7803 19
      vertex 19.9231 -11.7803 -19
    endloop
  endfacet
  facet normal 0.803137 -0.595794 0
    outer loop
      vertex 19.092 -13.5376 19
      vertex 19.3259 -13.2223 -19
      vertex 19.3259 -13.2223 19
    endloop
  endfacet
  facet normal 0.803137 -0.595794 0
    outer loop
      vertex 19.3259 -13.2223 -19
      vertex 19.092 -13.5376 19
      vertex 19.092 -13.5376 -19
    endloop
  endfacet
  facet normal 0.0491626 0.998791 -0
    outer loop
      vertex 16.3921 14.9807 -19
      vertex 16 15 19
      vertex 16.3921 14.9807 19
    endloop
  endfacet
  facet normal 0.0491626 0.998791 0
    outer loop
      vertex 16 15 19
      vertex 16.3921 14.9807 -19
      vertex 16 15 -19
    endloop
  endfacet
  facet normal 0 0 1
    outer loop
      vertex 16 15 19
      vertex 20 11 19
      vertex 19.9807 11.3921 19
    endloop
  endfacet
  facet normal 0 0 1
    outer loop
      vertex 20 11 19
      vertex 16 15 19
      vertex 20 -11 19
    endloop
  endfacet
  facet normal 0 0 1
    outer loop
      vertex 16 15 19
      vertex 19.9807 11.3921 19
      vertex 19.9231 11.7803 19
    endloop
  endfacet
  facet normal 0 0 1
    outer loop
      vertex 16 -15 19
      vertex 20 -11 19
      vertex 16 15 19
    endloop
  endfacet
  facet normal 0 0 1
    outer loop
      vertex 16 15 19
      vertex 19.9231 11.7803 19
      vertex 19.8278 12.1611 19
    endloop
  endfacet
  facet normal 0 0 1
    outer loop
      vertex 20 -11 19
      vertex 16 -15 19
      vertex 19.9807 -11.3921 19
    endloop
  endfacet
  facet normal 0 0 1
    outer loop
      vertex 16 15 19
      vertex 19.8278 12.1611 19
      vertex 19.6955 12.5307 19
    endloop
  endfacet
  facet normal 0 0 1
    outer loop
      vertex 19.9807 -11.3921 19
      vertex 16 -15 19
      vertex 19.9231 -11.7803 19
    endloop
  endfacet
  facet normal 0 0 1
    outer loop
      vertex 16 15 19
      vertex 19.6955 12.5307 19
      vertex 19.5277 12.8856 19
    endloop
  endfacet
  facet normal 0 0 1
    outer loop
      vertex 19.9231 -11.7803 19
      vertex 16 -15 19
      vertex 19.8278 -12.1611 19
    endloop
  endfacet
  facet normal 0 0 1
    outer loop
      vertex 16 15 19
      vertex 19.5277 12.8856 19
      vertex 19.3259 13.2223 19
    endloop
  endfacet
  facet normal 0 0 1
    outer loop
      vertex 19.8278 -12.1611 19
      vertex 16 -15 19
      vertex 19.6955 -12.5307 19
    endloop
  endfacet
  facet normal 0 0 1
    outer loop
      vertex 16 15 19
      vertex 19.3259 13.2223 19
      vertex 19.092 13.5376 19
    endloop
  endfacet
  facet normal 0 0 1
    outer loop
      vertex 19.6955 -12.5307 19
      vertex 16 -15 19
      vertex 19.5277 -12.8856 19
    endloop
  endfacet
  facet normal 0 0 1
    outer loop
      vertex 16 15 19
      vertex 19.092 13.5376 19
      vertex 18.8284 13.8284 19
    endloop
  endfacet
  facet normal 0 0 1
    outer loop
      vertex 19.5277 -12.8856 19
      vertex 16 -15 19
      vertex 19.3259 -13.2223 19
    endloop
  endfacet
  facet normal 0 0 1
    outer loop
      vertex 16 15 19
      vertex 18.8284 13.8284 19
      vertex 18.5376 14.092 19
    endloop
  endfacet
  facet normal 0 0 1
    outer loop
      vertex 19.3259 -13.2223 19
      vertex 16 -15 19
      vertex 19.092 -13.5376 19
    endloop
  endfacet
  facet normal 0 0 1
    outer loop
      vertex 16 15 19
      vertex 18.5376 14.092 19
      vertex 18.2223 14.3259 19
    endloop
  endfacet
  facet normal 0 0 1
    outer loop
      vertex 19.092 -13.5376 19
      vertex 16 -15 19
      vertex 18.8284 -13.8284 19
    endloop
  endfacet
  facet normal 0 0 1
    outer loop
      vertex 16 15 19
      vertex 18.2223 14.3259 19
      vertex 17.8856 14.5277 19
    endloop
  endfacet
  facet normal 0 0 1
    outer loop
      vertex 18.8284 -13.8284 19
      vertex 16 -15 19
      vertex 18.5376 -14.092 19
    endloop
  endfacet
  facet normal 0 0 1
    outer loop
      vertex 16 15 19
      vertex 17.8856 14.5277 19
      vertex 17.5307 14.6955 19
    endloop
  endfacet
  facet normal 0 0 1
    outer loop
      vertex 18.5376 -14.092 19
      vertex 16 -15 19
      vertex 18.2223 -14.3259 19
    endloop
  endfacet
  facet normal 0 0 1
    outer loop
      vertex 16 15 19
      vertex 17.5307 14.6955 19
      vertex 17.1611 14.8278 19
    endloop
  endfacet
  facet normal 0 0 1
    outer loop
      vertex 18.2223 -14.3259 19
      vertex 16 -15 19
      vertex 17.8856 -14.5277 19
    endloop
  endfacet
  facet normal 0 0 1
    outer loop
      vertex 16 15 19
      vertex 17.1611 14.8278 19
      vertex 16.7803 14.9231 19
    endloop
  endfacet
  facet normal 0 0 1
    outer loop
      vertex 17.8856 -14.5277 19
      vertex 16 -15 19
      vertex 17.5307 -14.6955 19
    endloop
  endfacet
  facet normal 0 0 1
    outer loop
      vertex 16 15 19
      vertex 16.7803 14.9231 19
      vertex 16.3921 14.9807 19
    endloop
  endfacet
  facet normal 0 0 1
    outer loop
      vertex 17.5307 -14.6955 19
      vertex 16 -15 19
      vertex 17.1611 -14.8278 19
    endloop
  endfacet
  facet normal 0 0 1
    outer loop
      vertex 17.1611 -14.8278 19
      vertex 16 -15 19
      vertex 16.7803 -14.9231 19
    endloop
  endfacet
  facet normal 0 0 1
    outer loop
      vertex 16.7803 -14.9231 19
      vertex 16 -15 19
      vertex 16.3921 -14.9807 19
    endloop
  endfacet
  facet normal -0 0 1
    outer loop
      vertex -16 15 19
      vertex 16 -15 19
      vertex 16 15 19
    endloop
  endfacet
  facet normal 0 0 1
    outer loop
      vertex -16 15 19
      vertex -16 -15 19
      vertex 16 -15 19
    endloop
  endfacet
  facet normal 0 0 1
    outer loop
      vertex -20 11 19
      vertex -16 15 19
      vertex -16.3921 14.9807 19
    endloop
  endfacet
  facet normal 0 0 1
    outer loop
      vertex -16 15 19
      vertex -20 11 19
      vertex -16 -15 19
    endloop
  endfacet
  facet normal 0 0 1
    outer loop
      vertex -20 11 19
      vertex -16.3921 14.9807 19
      vertex -16.7803 14.9231 19
    endloop
  endfacet
  facet normal -0 0 1
    outer loop
      vertex -20 -11 19
      vertex -16 -15 19
      vertex -20 11 19
    endloop
  endfacet
  facet normal 0 0 1
    outer loop
      vertex -20 11 19
      vertex -16.7803 14.9231 19
      vertex -17.1611 14.8278 19
    endloop
  endfacet
  facet normal 0 0 1
    outer loop
      vertex -16 -15 19
      vertex -20 -11 19
      vertex -16.3921 -14.9807 19
    endloop
  endfacet
  facet normal 0 0 1
    outer loop
      vertex -20 11 19
      vertex -17.1611 14.8278 19
      vertex -17.5307 14.6955 19
    endloop
  endfacet
  facet normal 0 0 1
    outer loop
      vertex -16.3921 -14.9807 19
      vertex -20 -11 19
      vertex -16.7803 -14.9231 19
    endloop
  endfacet
  facet normal 0 0 1
    outer loop
      vertex -20 11 19
      vertex -17.5307 14.6955 19
      vertex -17.8856 14.5277 19
    endloop
  endfacet
  facet normal 0 0 1
    outer loop
      vertex -16.7803 -14.9231 19
      vertex -20 -11 19
      vertex -17.1611 -14.8278 19
    endloop
  endfacet
  facet normal 0 0 1
    outer loop
      vertex -20 11 19
      vertex -17.8856 14.5277 19
      vertex -18.2223 14.3259 19
    endloop
  endfacet
  facet normal 0 0 1
    outer loop
      vertex -17.1611 -14.8278 19
      vertex -20 -11 19
      vertex -17.5307 -14.6955 19
    endloop
  endfacet
  facet normal 0 0 1
    outer loop
      vertex -20 11 19
      vertex -18.2223 14.3259 19
      vertex -18.5376 14.092 19
    endloop
  endfacet
  facet normal 0 0 1
    outer loop
      vertex -17.5307 -14.6955 19
      vertex -20 -11 19
      vertex -17.8856 -14.5277 19
    endloop
  endfacet
  facet normal 0 0 1
    outer loop
      vertex -20 11 19
      vertex -18.5376 14.092 19
      vertex -18.8284 13.8284 19
    endloop
  endfacet
  facet normal 0 0 1
    outer loop
      vertex -17.8856 -14.5277 19
      vertex -20 -11 19
      vertex -18.2223 -14.3259 19
    endloop
  endfacet
  facet normal 0 0 1
    outer loop
      vertex -20 11 19
      vertex -18.8284 13.8284 19
      vertex -19.092 13.5376 19
    endloop
  endfacet
  facet normal 0 0 1
    outer loop
      vertex -18.2223 -14.3259 19
      vertex -20 -11 19
      vertex -18.5376 -14.092 19
    endloop
  endfacet
  facet normal 0 0 1
    outer loop
      vertex -20 11 19
      vertex -19.092 13.5376 19
      vertex -19.3259 13.2223 19
    endloop
  endfacet
  facet normal 0 0 1
    outer loop
      vertex -18.5376 -14.092 19
      vertex -20 -11 19
      vertex -18.8284 -13.8284 19
    endloop
  endfacet
  facet normal 0 0 1
    outer loop
      vertex -20 11 19
      vertex -19.3259 13.2223 19
      vertex -19.5277 12.8856 19
    endloop
  endfacet
  facet normal 0 0 1
    outer loop
      vertex -18.8284 -13.8284 19
      vertex -20 -11 19
      vertex -19.092 -13.5376 19
    endloop
  endfacet
  facet normal 0 0 1
    outer loop
      vertex -20 11 19
      vertex -19.5277 12.8856 19
      vertex -19.6955 12.5307 19
    endloop
  endfacet
  facet normal 0 0 1
    outer loop
      vertex -19.092 -13.5376 19
      vertex -20 -11 19
      vertex -19.3259 -13.2223 19
    endloop
  endfacet
  facet normal 0 0 1
    outer loop
      vertex -20 11 19
      vertex -19.6955 12.5307 19
      vertex -19.8278 12.1611 19
    endloop
  endfacet
  facet normal 0 0 1
    outer loop
      vertex -19.3259 -13.2223 19
      vertex -20 -11 19
      vertex -19.5277 -12.8856 19
    endloop
  endfacet
  facet normal 0 0 1
    outer loop
      vertex -20 11 19
      vertex -19.8278 12.1611 19
      vertex -19.9231 11.7803 19
    endloop
  endfacet
  facet normal 0 0 1
    outer loop
      vertex -19.5277 -12.8856 19
      vertex -20 -11 19
      vertex -19.6955 -12.5307 19
    endloop
  endfacet
  facet normal 0 0 1
    outer loop
      vertex -20 11 19
      vertex -19.9231 11.7803 19
      vertex -19.9807 11.3921 19
    endloop
  endfacet
  facet normal 0 0 1
    outer loop
      vertex -19.6955 -12.5307 19
      vertex -20 -11 19
      vertex -19.8278 -12.1611 19
    endloop
  endfacet
  facet normal 0 0 1
    outer loop
      vertex -19.8278 -12.1611 19
      vertex -20 -11 19
      vertex -19.9231 -11.7803 19
    endloop
  endfacet
  facet normal 0 0 1
    outer loop
      vertex -19.9231 -11.7803 19
      vertex -20 -11 19
      vertex -19.9807 -11.3921 19
    endloop
  endfacet
  facet normal -0.9415 0.337014 0
    outer loop
      vertex -19.8278 12.1611 -19
      vertex -19.6955 12.5307 19
      vertex -19.6955 12.5307 -19
    endloop
  endfacet
  facet normal -0.9415 0.337014 0
    outer loop
      vertex -19.6955 12.5307 19
      vertex -19.8278 12.1611 -19
      vertex -19.8278 12.1611 19
    endloop
  endfacet
  facet normal -0.989171 0.14677 0
    outer loop
      vertex -19.9807 11.3921 -19
      vertex -19.9231 11.7803 19
      vertex -19.9231 11.7803 -19
    endloop
  endfacet
  facet normal -0.989171 0.14677 0
    outer loop
      vertex -19.9231 11.7803 19
      vertex -19.9807 11.3921 -19
      vertex -19.9807 11.3921 19
    endloop
  endfacet
  facet normal 0 1 0
    outer loop
      vertex 16 15 19
      vertex 0 15 4
      vertex -16 15 19
    endloop
  endfacet
  facet normal 0 1 0
    outer loop
      vertex 16 15 19
      vertex 0.392068 15 3.98074
      vertex 0 15 4
    endloop
  endfacet
  facet normal 0 1 0
    outer loop
      vertex 16 15 19
      vertex 0.780361 15 3.92314
      vertex 0.392068 15 3.98074
    endloop
  endfacet
  facet normal 0 1 0
    outer loop
      vertex 16 15 19
      vertex 1.16114 15 3.82776
      vertex 0.780361 15 3.92314
    endloop
  endfacet
  facet normal 0 1 0
    outer loop
      vertex 16 15 19
      vertex 1.53073 15 3.69552
      vertex 1.16114 15 3.82776
    endloop
  endfacet
  facet normal 0 1 0
    outer loop
      vertex 16 15 19
      vertex 1.88559 15 3.52768
      vertex 1.53073 15 3.69552
    endloop
  endfacet
  facet normal 0 1 0
    outer loop
      vertex 16 15 19
      vertex 2.22228 15 3.32588
      vertex 1.88559 15 3.52768
    endloop
  endfacet
  facet normal 0 1 0
    outer loop
      vertex 16 15 19
      vertex 2.53757 15 3.09204
      vertex 2.22228 15 3.32588
    endloop
  endfacet
  facet normal 0 1 0
    outer loop
      vertex 16 15 19
      vertex 2.82843 15 2.82843
      vertex 2.53757 15 3.09204
    endloop
  endfacet
  facet normal 0 1 0
    outer loop
      vertex 16 15 19
      vertex 3.09204 15 2.53757
      vertex 2.82843 15 2.82843
    endloop
  endfacet
  facet normal 0 1 0
    outer loop
      vertex 16 15 19
      vertex 3.32588 15 2.22228
      vertex 3.09204 15 2.53757
    endloop
  endfacet
  facet normal 0 1 0
    outer loop
      vertex 16 15 19
      vertex 3.52768 15 1.88559
      vertex 3.32588 15 2.22228
    endloop
  endfacet
  facet normal 0 1 0
    outer loop
      vertex 16 15 19
      vertex 3.69552 15 1.53073
      vertex 3.52768 15 1.88559
    endloop
  endfacet
  facet normal 0 1 0
    outer loop
      vertex 16 15 19
      vertex 3.82776 15 1.16114
      vertex 3.69552 15 1.53073
    endloop
  endfacet
  facet normal 0 1 0
    outer loop
      vertex 16 15 19
      vertex 3.92314 15 0.780361
      vertex 3.82776 15 1.16114
    endloop
  endfacet
  facet normal 0 1 0
    outer loop
      vertex 16 15 19
      vertex 3.98074 15 0.392068
      vertex 3.92314 15 0.780361
    endloop
  endfacet
  facet normal 0 1 0
    outer loop
      vertex 16 15 19
      vertex 4 15 0
      vertex 3.98074 15 0.392068
    endloop
  endfacet
  facet normal 0 1 -0
    outer loop
      vertex 16 15 -19
      vertex 4 15 0
      vertex 16 15 19
    endloop
  endfacet
  facet normal 0 1 0
    outer loop
      vertex 4 15 0
      vertex 16 15 -19
      vertex 3.98074 15 -0.392068
    endloop
  endfacet
  facet normal 0 1 0
    outer loop
      vertex 3.98074 15 -0.392068
      vertex 16 15 -19
      vertex 3.92314 15 -0.780361
    endloop
  endfacet
  facet normal 0 1 0
    outer loop
      vertex 3.92314 15 -0.780361
      vertex 16 15 -19
      vertex 3.82776 15 -1.16114
    endloop
  endfacet
  facet normal 0 1 0
    outer loop
      vertex 3.82776 15 -1.16114
      vertex 16 15 -19
      vertex 3.69552 15 -1.53073
    endloop
  endfacet
  facet normal 0 1 0
    outer loop
      vertex 0.392068 15 -3.98074
      vertex 16 15 -19
      vertex 0 15 -4
    endloop
  endfacet
  facet normal 0 1 0
    outer loop
      vertex 0.780361 15 -3.92314
      vertex 16 15 -19
      vertex 0.392068 15 -3.98074
    endloop
  endfacet
  facet normal 0 1 0
    outer loop
      vertex 1.16114 15 -3.82776
      vertex 16 15 -19
      vertex 0.780361 15 -3.92314
    endloop
  endfacet
  facet normal 0 1 0
    outer loop
      vertex 1.53073 15 -3.69552
      vertex 16 15 -19
      vertex 1.16114 15 -3.82776
    endloop
  endfacet
  facet normal 0 1 0
    outer loop
      vertex 1.88559 15 -3.52768
      vertex 16 15 -19
      vertex 1.53073 15 -3.69552
    endloop
  endfacet
  facet normal 0 1 0
    outer loop
      vertex 2.22228 15 -3.32588
      vertex 16 15 -19
      vertex 1.88559 15 -3.52768
    endloop
  endfacet
  facet normal 0 1 0
    outer loop
      vertex 2.53757 15 -3.09204
      vertex 16 15 -19
      vertex 2.22228 15 -3.32588
    endloop
  endfacet
  facet normal 0 1 0
    outer loop
      vertex 2.82843 15 -2.82843
      vertex 16 15 -19
      vertex 2.53757 15 -3.09204
    endloop
  endfacet
  facet normal 0 1 0
    outer loop
      vertex 3.09204 15 -2.53757
      vertex 16 15 -19
      vertex 2.82843 15 -2.82843
    endloop
  endfacet
  facet normal 0 1 0
    outer loop
      vertex 3.32588 15 -2.22228
      vertex 16 15 -19
      vertex 3.09204 15 -2.53757
    endloop
  endfacet
  facet normal 0 1 0
    outer loop
      vertex 3.52768 15 -1.88559
      vertex 16 15 -19
      vertex 3.32588 15 -2.22228
    endloop
  endfacet
  facet normal 0 1 0
    outer loop
      vertex 3.69552 15 -1.53073
      vertex 16 15 -19
      vertex 3.52768 15 -1.88559
    endloop
  endfacet
  facet normal 0 1 -0
    outer loop
      vertex -0.392068 15 3.98074
      vertex -16 15 19
      vertex 0 15 4
    endloop
  endfacet
  facet normal 0 1 -0
    outer loop
      vertex -0.780361 15 3.92314
      vertex -16 15 19
      vertex -0.392068 15 3.98074
    endloop
  endfacet
  facet normal 0 1 -0
    outer loop
      vertex -1.16114 15 3.82776
      vertex -16 15 19
      vertex -0.780361 15 3.92314
    endloop
  endfacet
  facet normal 0 1 -0
    outer loop
      vertex -1.53073 15 3.69552
      vertex -16 15 19
      vertex -1.16114 15 3.82776
    endloop
  endfacet
  facet normal 0 1 -0
    outer loop
      vertex -1.88559 15 3.52768
      vertex -16 15 19
      vertex -1.53073 15 3.69552
    endloop
  endfacet
  facet normal 0 1 -0
    outer loop
      vertex -2.22228 15 3.32588
      vertex -16 15 19
      vertex -1.88559 15 3.52768
    endloop
  endfacet
  facet normal 0 1 -0
    outer loop
      vertex -2.53757 15 3.09204
      vertex -16 15 19
      vertex -2.22228 15 3.32588
    endloop
  endfacet
  facet normal 0 1 -0
    outer loop
      vertex -2.82843 15 2.82843
      vertex -16 15 19
      vertex -2.53757 15 3.09204
    endloop
  endfacet
  facet normal 0 1 -0
    outer loop
      vertex -3.09204 15 2.53757
      vertex -16 15 19
      vertex -2.82843 15 2.82843
    endloop
  endfacet
  facet normal 0 1 -0
    outer loop
      vertex -3.32588 15 2.22228
      vertex -16 15 19
      vertex -3.09204 15 2.53757
    endloop
  endfacet
  facet normal 0 1 -0
    outer loop
      vertex -3.52768 15 1.88559
      vertex -16 15 19
      vertex -3.32588 15 2.22228
    endloop
  endfacet
  facet normal 0 1 -0
    outer loop
      vertex -3.69552 15 1.53073
      vertex -16 15 19
      vertex -3.52768 15 1.88559
    endloop
  endfacet
  facet normal 0 1 -0
    outer loop
      vertex -3.82776 15 1.16114
      vertex -16 15 19
      vertex -3.69552 15 1.53073
    endloop
  endfacet
  facet normal 0 1 -0
    outer loop
      vertex -3.92314 15 0.780361
      vertex -16 15 19
      vertex -3.82776 15 1.16114
    endloop
  endfacet
  facet normal 0 1 -0
    outer loop
      vertex -3.98074 15 0.392068
      vertex -16 15 19
      vertex -3.92314 15 0.780361
    endloop
  endfacet
  facet normal 0 1 -0
    outer loop
      vertex -4 15 0
      vertex -16 15 19
      vertex -3.98074 15 0.392068
    endloop
  endfacet
  facet normal 0 1 0
    outer loop
      vertex -16 15 -19
      vertex -4 15 0
      vertex -3.98074 15 -0.392068
    endloop
  endfacet
  facet normal 0 1 0
    outer loop
      vertex -16 15 -19
      vertex -3.98074 15 -0.392068
      vertex -3.92314 15 -0.780361
    endloop
  endfacet
  facet normal 0 1 0
    outer loop
      vertex -16 15 -19
      vertex -3.92314 15 -0.780361
      vertex -3.82776 15 -1.16114
    endloop
  endfacet
  facet normal 0 1 0
    outer loop
      vertex -16 15 -19
      vertex -3.82776 15 -1.16114
      vertex -3.69552 15 -1.53073
    endloop
  endfacet
  facet normal 0 1 0
    outer loop
      vertex -16 15 -19
      vertex -3.69552 15 -1.53073
      vertex -3.52768 15 -1.88559
    endloop
  endfacet
  facet normal 0 1 0
    outer loop
      vertex -16 15 -19
      vertex 0 15 -4
      vertex 16 15 -19
    endloop
  endfacet
  facet normal 0 1 0
    outer loop
      vertex 0 15 -4
      vertex -16 15 -19
      vertex -0.392068 15 -3.98074
    endloop
  endfacet
  facet normal 0 1 0
    outer loop
      vertex -0.392068 15 -3.98074
      vertex -16 15 -19
      vertex -0.780361 15 -3.92314
    endloop
  endfacet
  facet normal 0 1 0
    outer loop
      vertex -0.780361 15 -3.92314
      vertex -16 15 -19
      vertex -1.16114 15 -3.82776
    endloop
  endfacet
  facet normal 0 1 0
    outer loop
      vertex -1.16114 15 -3.82776
      vertex -16 15 -19
      vertex -1.53073 15 -3.69552
    endloop
  endfacet
  facet normal 0 1 0
    outer loop
      vertex -1.53073 15 -3.69552
      vertex -16 15 -19
      vertex -1.88559 15 -3.52768
    endloop
  endfacet
  facet normal 0 1 0
    outer loop
      vertex -1.88559 15 -3.52768
      vertex -16 15 -19
      vertex -2.22228 15 -3.32588
    endloop
  endfacet
  facet normal 0 1 0
    outer loop
      vertex -4 15 0
      vertex -16 15 -19
      vertex -16 15 19
    endloop
  endfacet
  facet normal 0 1 0
    outer loop
      vertex -3.32588 15 -2.22228
      vertex -16 15 -19
      vertex -3.52768 15 -1.88559
    endloop
  endfacet
  facet normal 0 1 0
    outer loop
      vertex -3.09204 15 -2.53757
      vertex -16 15 -19
      vertex -3.32588 15 -2.22228
    endloop
  endfacet
  facet normal 0 1 0
    outer loop
      vertex -2.82843 15 -2.82843
      vertex -16 15 -19
      vertex -3.09204 15 -2.53757
    endloop
  endfacet
  facet normal 0 1 0
    outer loop
      vertex -2.53757 15 -3.09204
      vertex -16 15 -19
      vertex -2.82843 15 -2.82843
    endloop
  endfacet
  facet normal 0 1 0
    outer loop
      vertex -2.22228 15 -3.32588
      vertex -16 15 -19
      vertex -2.53757 15 -3.09204
    endloop
  endfacet
  facet normal -0.595794 0.803137 0
    outer loop
      vertex -18.2223 14.3259 -19
      vertex -18.5376 14.092 19
      vertex -18.2223 14.3259 19
    endloop
  endfacet
  facet normal -0.595794 0.803137 0
    outer loop
      vertex -18.5376 14.092 19
      vertex -18.2223 14.3259 -19
      vertex -18.5376 14.092 -19
    endloop
  endfacet
  facet normal -0.85774 0.514084 0
    outer loop
      vertex -19.5277 12.8856 -19
      vertex -19.3259 13.2223 19
      vertex -19.3259 13.2223 -19
    endloop
  endfacet
  facet normal -0.85774 0.514084 0
    outer loop
      vertex -19.3259 13.2223 19
      vertex -19.5277 12.8856 -19
      vertex -19.5277 12.8856 19
    endloop
  endfacet
  facet normal 0.9415 0.337014 0
    outer loop
      vertex 19.8278 12.1611 19
      vertex 19.6955 12.5307 -19
      vertex 19.6955 12.5307 19
    endloop
  endfacet
  facet normal 0.9415 0.337014 0
    outer loop
      vertex 19.6955 12.5307 -19
      vertex 19.8278 12.1611 19
      vertex 19.8278 12.1611 -19
    endloop
  endfacet
  facet normal 0.970083 0.242775 0
    outer loop
      vertex 19.9231 11.7803 19
      vertex 19.8278 12.1611 -19
      vertex 19.8278 12.1611 19
    endloop
  endfacet
  facet normal 0.970083 0.242775 0
    outer loop
      vertex 19.8278 12.1611 -19
      vertex 19.9231 11.7803 19
      vertex 19.9231 11.7803 -19
    endloop
  endfacet
  facet normal 1 -0 0
    outer loop
      vertex 20 -11 19
      vertex 20 11 -19
      vertex 20 11 19
    endloop
  endfacet
  facet normal 1 0 0
    outer loop
      vertex 20 11 -19
      vertex 20 -11 19
      vertex 20 -11 -19
    endloop
  endfacet
  facet normal 0.337014 -0.9415 0
    outer loop
      vertex 17.1611 -14.8278 -19
      vertex 17.5307 -14.6955 19
      vertex 17.1611 -14.8278 19
    endloop
  endfacet
  facet normal 0.337014 -0.9415 0
    outer loop
      vertex 17.5307 -14.6955 19
      vertex 17.1611 -14.8278 -19
      vertex 17.5307 -14.6955 -19
    endloop
  endfacet
  facet normal 0.9415 -0.337014 0
    outer loop
      vertex 19.6955 -12.5307 19
      vertex 19.8278 -12.1611 -19
      vertex 19.8278 -12.1611 19
    endloop
  endfacet
  facet normal 0.9415 -0.337014 0
    outer loop
      vertex 19.8278 -12.1611 -19
      vertex 19.6955 -12.5307 19
      vertex 19.6955 -12.5307 -19
    endloop
  endfacet
  facet normal 0.904044 -0.42744 0
    outer loop
      vertex 19.5277 -12.8856 19
      vertex 19.6955 -12.5307 -19
      vertex 19.6955 -12.5307 19
    endloop
  endfacet
  facet normal 0.904044 -0.42744 0
    outer loop
      vertex 19.6955 -12.5307 -19
      vertex 19.5277 -12.8856 19
      vertex 19.5277 -12.8856 -19
    endloop
  endfacet
  facet normal 0.970083 -0.242775 0
    outer loop
      vertex 19.8278 -12.1611 19
      vertex 19.9231 -11.7803 -19
      vertex 19.9231 -11.7803 19
    endloop
  endfacet
  facet normal 0.970083 -0.242775 0
    outer loop
      vertex 19.9231 -11.7803 -19
      vertex 19.8278 -12.1611 19
      vertex 19.8278 -12.1611 -19
    endloop
  endfacet
  facet normal 0.595794 -0.803137 0
    outer loop
      vertex 18.2223 -14.3259 -19
      vertex 18.5376 -14.092 19
      vertex 18.2223 -14.3259 19
    endloop
  endfacet
  facet normal 0.595794 -0.803137 0
    outer loop
      vertex 18.5376 -14.092 19
      vertex 18.2223 -14.3259 -19
      vertex 18.5376 -14.092 -19
    endloop
  endfacet
  facet normal 0.740908 -0.671607 0
    outer loop
      vertex 18.8284 -13.8284 19
      vertex 19.092 -13.5376 -19
      vertex 19.092 -13.5376 19
    endloop
  endfacet
  facet normal 0.740908 -0.671607 0
    outer loop
      vertex 19.092 -13.5376 -19
      vertex 18.8284 -13.8284 19
      vertex 18.8284 -13.8284 -19
    endloop
  endfacet
  facet normal 0.803137 0.595794 0
    outer loop
      vertex 19.3259 13.2223 19
      vertex 19.092 13.5376 -19
      vertex 19.092 13.5376 19
    endloop
  endfacet
  facet normal 0.803137 0.595794 0
    outer loop
      vertex 19.092 13.5376 -19
      vertex 19.3259 13.2223 19
      vertex 19.3259 13.2223 -19
    endloop
  endfacet
  facet normal 0.14677 0.989171 -0
    outer loop
      vertex 16.7803 14.9231 -19
      vertex 16.3921 14.9807 19
      vertex 16.7803 14.9231 19
    endloop
  endfacet
  facet normal 0.14677 0.989171 0
    outer loop
      vertex 16.3921 14.9807 19
      vertex 16.7803 14.9231 -19
      vertex 16.3921 14.9807 -19
    endloop
  endfacet
  facet normal -0.970083 0.242775 0
    outer loop
      vertex -19.9231 11.7803 -19
      vertex -19.8278 12.1611 19
      vertex -19.8278 12.1611 -19
    endloop
  endfacet
  facet normal -0.970083 0.242775 0
    outer loop
      vertex -19.8278 12.1611 19
      vertex -19.9231 11.7803 -19
      vertex -19.9231 11.7803 19
    endloop
  endfacet
  facet normal -0.242775 0.970083 0
    outer loop
      vertex -16.7803 14.9231 -19
      vertex -17.1611 14.8278 19
      vertex -16.7803 14.9231 19
    endloop
  endfacet
  facet normal -0.242775 0.970083 0
    outer loop
      vertex -17.1611 14.8278 19
      vertex -16.7803 14.9231 -19
      vertex -17.1611 14.8278 -19
    endloop
  endfacet
  facet normal -0.671607 0.740908 0
    outer loop
      vertex -18.5376 14.092 -19
      vertex -18.8284 13.8284 19
      vertex -18.5376 14.092 19
    endloop
  endfacet
  facet normal -0.671607 0.740908 0
    outer loop
      vertex -18.8284 13.8284 19
      vertex -18.5376 14.092 -19
      vertex -18.8284 13.8284 -19
    endloop
  endfacet
  facet normal -0.740908 0.671607 0
    outer loop
      vertex -19.092 13.5376 -19
      vertex -18.8284 13.8284 19
      vertex -18.8284 13.8284 -19
    endloop
  endfacet
  facet normal -0.740908 0.671607 0
    outer loop
      vertex -18.8284 13.8284 19
      vertex -19.092 13.5376 -19
      vertex -19.092 13.5376 19
    endloop
  endfacet
  facet normal 0.989171 0.14677 0
    outer loop
      vertex 19.9807 11.3921 19
      vertex 19.9231 11.7803 -19
      vertex 19.9231 11.7803 19
    endloop
  endfacet
  facet normal 0.989171 0.14677 0
    outer loop
      vertex 19.9231 11.7803 -19
      vertex 19.9807 11.3921 19
      vertex 19.9807 11.3921 -19
    endloop
  endfacet
  facet normal 0.998791 0.0491626 0
    outer loop
      vertex 20 11 19
      vertex 19.9807 11.3921 -19
      vertex 19.9807 11.3921 19
    endloop
  endfacet
  facet normal 0.998791 0.0491626 0
    outer loop
      vertex 19.9807 11.3921 -19
      vertex 20 11 19
      vertex 20 11 -19
    endloop
  endfacet
  facet normal -0.242775 -0.970083 0
    outer loop
      vertex -17.1611 -14.8278 -19
      vertex -16.7803 -14.9231 19
      vertex -17.1611 -14.8278 19
    endloop
  endfacet
  facet normal -0.242775 -0.970083 -0
    outer loop
      vertex -16.7803 -14.9231 19
      vertex -17.1611 -14.8278 -19
      vertex -16.7803 -14.9231 -19
    endloop
  endfacet
  facet normal 0.0491626 -0.998791 0
    outer loop
      vertex 16 -15 -19
      vertex 16.3921 -14.9807 19
      vertex 16 -15 19
    endloop
  endfacet
  facet normal 0.0491626 -0.998791 0
    outer loop
      vertex 16.3921 -14.9807 19
      vertex 16 -15 -19
      vertex 16.3921 -14.9807 -19
    endloop
  endfacet
  facet normal 0.671607 -0.740908 0
    outer loop
      vertex 18.5376 -14.092 -19
      vertex 18.8284 -13.8284 19
      vertex 18.5376 -14.092 19
    endloop
  endfacet
  facet normal 0.671607 -0.740908 0
    outer loop
      vertex 18.8284 -13.8284 19
      vertex 18.5376 -14.092 -19
      vertex 18.8284 -13.8284 -19
    endloop
  endfacet
  facet normal 0.85774 0.514084 0
    outer loop
      vertex 19.5277 12.8856 19
      vertex 19.3259 13.2223 -19
      vertex 19.3259 13.2223 19
    endloop
  endfacet
  facet normal 0.85774 0.514084 0
    outer loop
      vertex 19.3259 13.2223 -19
      vertex 19.5277 12.8856 19
      vertex 19.5277 12.8856 -19
    endloop
  endfacet
  facet normal 0.595794 0.803137 -0
    outer loop
      vertex 18.5376 14.092 -19
      vertex 18.2223 14.3259 19
      vertex 18.5376 14.092 19
    endloop
  endfacet
  facet normal 0.595794 0.803137 0
    outer loop
      vertex 18.2223 14.3259 19
      vertex 18.5376 14.092 -19
      vertex 18.2223 14.3259 -19
    endloop
  endfacet
  facet normal -0.514084 0.85774 0
    outer loop
      vertex -17.8856 14.5277 -19
      vertex -18.2223 14.3259 19
      vertex -17.8856 14.5277 19
    endloop
  endfacet
  facet normal -0.514084 0.85774 0
    outer loop
      vertex -18.2223 14.3259 19
      vertex -17.8856 14.5277 -19
      vertex -18.2223 14.3259 -19
    endloop
  endfacet
  facet normal -0.803137 -0.595794 0
    outer loop
      vertex -19.092 -13.5376 -19
      vertex -19.3259 -13.2223 19
      vertex -19.3259 -13.2223 -19
    endloop
  endfacet
  facet normal -0.803137 -0.595794 0
    outer loop
      vertex -19.3259 -13.2223 19
      vertex -19.092 -13.5376 -19
      vertex -19.092 -13.5376 19
    endloop
  endfacet
  facet normal -0.671607 -0.740908 0
    outer loop
      vertex -18.8284 -13.8284 -19
      vertex -18.5376 -14.092 19
      vertex -18.8284 -13.8284 19
    endloop
  endfacet
  facet normal -0.671607 -0.740908 -0
    outer loop
      vertex -18.5376 -14.092 19
      vertex -18.8284 -13.8284 -19
      vertex -18.5376 -14.092 -19
    endloop
  endfacet
  facet normal -0.595794 -0.803137 0
    outer loop
      vertex -18.5376 -14.092 -19
      vertex -18.2223 -14.3259 19
      vertex -18.5376 -14.092 19
    endloop
  endfacet
  facet normal -0.595794 -0.803137 -0
    outer loop
      vertex -18.2223 -14.3259 19
      vertex -18.5376 -14.092 -19
      vertex -18.2223 -14.3259 -19
    endloop
  endfacet
  facet normal -0.514084 -0.85774 0
    outer loop
      vertex -18.2223 -14.3259 -19
      vertex -17.8856 -14.5277 19
      vertex -18.2223 -14.3259 19
    endloop
  endfacet
  facet normal -0.514084 -0.85774 -0
    outer loop
      vertex -17.8856 -14.5277 19
      vertex -18.2223 -14.3259 -19
      vertex -17.8856 -14.5277 -19
    endloop
  endfacet
  facet normal -0.0491626 -0.998791 0
    outer loop
      vertex -16.3921 -14.9807 -19
      vertex -16 -15 19
      vertex -16.3921 -14.9807 19
    endloop
  endfacet
  facet normal -0.0491626 -0.998791 -0
    outer loop
      vertex -16 -15 19
      vertex -16.3921 -14.9807 -19
      vertex -16 -15 -19
    endloop
  endfacet
  facet normal -0.337014 -0.9415 0
    outer loop
      vertex -17.5307 -14.6955 -19
      vertex -17.1611 -14.8278 19
      vertex -17.5307 -14.6955 19
    endloop
  endfacet
  facet normal -0.337014 -0.9415 -0
    outer loop
      vertex -17.1611 -14.8278 19
      vertex -17.5307 -14.6955 -19
      vertex -17.1611 -14.8278 -19
    endloop
  endfacet
  facet normal -0.42744 -0.904044 0
    outer loop
      vertex -17.8856 -14.5277 -19
      vertex -17.5307 -14.6955 19
      vertex -17.8856 -14.5277 19
    endloop
  endfacet
  facet normal -0.42744 -0.904044 -0
    outer loop
      vertex -17.5307 -14.6955 19
      vertex -17.8856 -14.5277 -19
      vertex -17.5307 -14.6955 -19
    endloop
  endfacet
  facet normal 0.514084 -0.85774 0
    outer loop
      vertex 17.8856 -14.5277 -19
      vertex 18.2223 -14.3259 19
      vertex 17.8856 -14.5277 19
    endloop
  endfacet
  facet normal 0.514084 -0.85774 0
    outer loop
      vertex 18.2223 -14.3259 19
      vertex 17.8856 -14.5277 -19
      vertex 18.2223 -14.3259 -19
    endloop
  endfacet
  facet normal 0.14677 -0.989171 0
    outer loop
      vertex 16.3921 -14.9807 -19
      vertex 16.7803 -14.9231 19
      vertex 16.3921 -14.9807 19
    endloop
  endfacet
  facet normal 0.14677 -0.989171 0
    outer loop
      vertex 16.7803 -14.9231 19
      vertex 16.3921 -14.9807 -19
      vertex 16.7803 -14.9231 -19
    endloop
  endfacet
  facet normal 0.242775 -0.970083 0
    outer loop
      vertex 16.7803 -14.9231 -19
      vertex 17.1611 -14.8278 19
      vertex 16.7803 -14.9231 19
    endloop
  endfacet
  facet normal 0.242775 -0.970083 0
    outer loop
      vertex 17.1611 -14.8278 19
      vertex 16.7803 -14.9231 -19
      vertex 17.1611 -14.8278 -19
    endloop
  endfacet
  facet normal 0.514084 0.85774 -0
    outer loop
      vertex 18.2223 14.3259 -19
      vertex 17.8856 14.5277 19
      vertex 18.2223 14.3259 19
    endloop
  endfacet
  facet normal 0.514084 0.85774 0
    outer loop
      vertex 17.8856 14.5277 19
      vertex 18.2223 14.3259 -19
      vertex 17.8856 14.5277 -19
    endloop
  endfacet
  facet normal 0.42744 0.904044 -0
    outer loop
      vertex 17.8856 14.5277 -19
      vertex 17.5307 14.6955 19
      vertex 17.8856 14.5277 19
    endloop
  endfacet
  facet normal 0.42744 0.904044 0
    outer loop
      vertex 17.5307 14.6955 19
      vertex 17.8856 14.5277 -19
      vertex 17.5307 14.6955 -19
    endloop
  endfacet
  facet normal 0.337014 0.9415 -0
    outer loop
      vertex 17.5307 14.6955 -19
      vertex 17.1611 14.8278 19
      vertex 17.5307 14.6955 19
    endloop
  endfacet
  facet normal 0.337014 0.9415 0
    outer loop
      vertex 17.1611 14.8278 19
      vertex 17.5307 14.6955 -19
      vertex 17.1611 14.8278 -19
    endloop
  endfacet
  facet normal 0.671607 0.740908 -0
    outer loop
      vertex 18.8284 13.8284 -19
      vertex 18.5376 14.092 19
      vertex 18.8284 13.8284 19
    endloop
  endfacet
  facet normal 0.671607 0.740908 0
    outer loop
      vertex 18.5376 14.092 19
      vertex 18.8284 13.8284 -19
      vertex 18.5376 14.092 -19
    endloop
  endfacet
  facet normal 0.740908 0.671607 0
    outer loop
      vertex 19.092 13.5376 19
      vertex 18.8284 13.8284 -19
      vertex 18.8284 13.8284 19
    endloop
  endfacet
  facet normal 0.740908 0.671607 0
    outer loop
      vertex 18.8284 13.8284 -19
      vertex 19.092 13.5376 19
      vertex 19.092 13.5376 -19
    endloop
  endfacet
  facet normal -0.14677 0.989171 0
    outer loop
      vertex -16.3921 14.9807 -19
      vertex -16.7803 14.9231 19
      vertex -16.3921 14.9807 19
    endloop
  endfacet
  facet normal -0.14677 0.989171 0
    outer loop
      vertex -16.7803 14.9231 19
      vertex -16.3921 14.9807 -19
      vertex -16.7803 14.9231 -19
    endloop
  endfacet
  facet normal -0.0491626 0.998791 0
    outer loop
      vertex -16 15 -19
      vertex -16.3921 14.9807 19
      vertex -16 15 19
    endloop
  endfacet
  facet normal -0.0491626 0.998791 0
    outer loop
      vertex -16.3921 14.9807 19
      vertex -16 15 -19
      vertex -16.3921 14.9807 -19
    endloop
  endfacet
  facet normal -0.42744 0.904044 0
    outer loop
      vertex -17.5307 14.6955 -19
      vertex -17.8856 14.5277 19
      vertex -17.5307 14.6955 19
    endloop
  endfacet
  facet normal -0.42744 0.904044 0
    outer loop
      vertex -17.8856 14.5277 19
      vertex -17.5307 14.6955 -19
      vertex -17.8856 14.5277 -19
    endloop
  endfacet
  facet normal -0.337014 0.9415 0
    outer loop
      vertex -17.1611 14.8278 -19
      vertex -17.5307 14.6955 19
      vertex -17.1611 14.8278 19
    endloop
  endfacet
  facet normal -0.337014 0.9415 0
    outer loop
      vertex -17.5307 14.6955 19
      vertex -17.1611 14.8278 -19
      vertex -17.5307 14.6955 -19
    endloop
  endfacet
  facet normal -0.740908 -0.671607 0
    outer loop
      vertex -18.8284 -13.8284 -19
      vertex -19.092 -13.5376 19
      vertex -19.092 -13.5376 -19
    endloop
  endfacet
  facet normal -0.740908 -0.671607 0
    outer loop
      vertex -19.092 -13.5376 19
      vertex -18.8284 -13.8284 -19
      vertex -18.8284 -13.8284 19
    endloop
  endfacet
  facet normal -0.14677 -0.989171 0
    outer loop
      vertex -16.7803 -14.9231 -19
      vertex -16.3921 -14.9807 19
      vertex -16.7803 -14.9231 19
    endloop
  endfacet
  facet normal -0.14677 -0.989171 -0
    outer loop
      vertex -16.3921 -14.9807 19
      vertex -16.7803 -14.9231 -19
      vertex -16.3921 -14.9807 -19
    endloop
  endfacet
  facet normal 0.42744 -0.904044 0
    outer loop
      vertex 17.5307 -14.6955 -19
      vertex 17.8856 -14.5277 19
      vertex 17.5307 -14.6955 19
    endloop
  endfacet
  facet normal 0.42744 -0.904044 0
    outer loop
      vertex 17.8856 -14.5277 19
      vertex 17.5307 -14.6955 -19
      vertex 17.8856 -14.5277 -19
    endloop
  endfacet
  facet normal 1 -0 0
    outer loop
      vertex -11.9 -6.6 16.25
      vertex -11.9 6.6 -14.25
      vertex -11.9 6.6 16.25
    endloop
  endfacet
  facet normal 1 0 0
    outer loop
      vertex -11.9 6.6 -14.25
      vertex -11.9 -6.6 16.25
      vertex -11.9 -6.6 -14.25
    endloop
  endfacet
  facet normal 0 0 -1
    outer loop
      vertex -11.9 -6.6 16.25
      vertex 11.9 6.6 16.25
      vertex 11.9 -6.6 16.25
    endloop
  endfacet
  facet normal -0 0 -1
    outer loop
      vertex 11.9 6.6 16.25
      vertex -11.9 -6.6 16.25
      vertex -11.9 6.6 16.25
    endloop
  endfacet
  facet normal -1 0 0
    outer loop
      vertex 11.9 -6.6 -14.25
      vertex 11.9 6.6 16.25
      vertex 11.9 6.6 -14.25
    endloop
  endfacet
  facet normal -1 -0 0
    outer loop
      vertex 11.9 6.6 16.25
      vertex 11.9 -6.6 -14.25
      vertex 11.9 -6.6 16.25
    endloop
  endfacet
  facet normal -0 0 1
    outer loop
      vertex -11.9 6.6 -14.25
      vertex 11.9 -6.6 -14.25
      vertex 11.9 6.6 -14.25
    endloop
  endfacet
  facet normal 0 0 1
    outer loop
      vertex 11.9 -6.6 -14.25
      vertex -11.9 6.6 -14.25
      vertex -11.9 -6.6 -14.25
    endloop
  endfacet
  facet normal 0 1 0
    outer loop
      vertex 11.9 -6.6 16.25
      vertex 0 -6.6 4
      vertex -11.9 -6.6 16.25
    endloop
  endfacet
  facet normal 0 1 0
    outer loop
      vertex 11.9 -6.6 16.25
      vertex 0.392068 -6.6 3.98074
      vertex 0 -6.6 4
    endloop
  endfacet
  facet normal 0 1 0
    outer loop
      vertex 11.9 -6.6 16.25
      vertex 0.780361 -6.6 3.92314
      vertex 0.392068 -6.6 3.98074
    endloop
  endfacet
  facet normal 0 1 0
    outer loop
      vertex 11.9 -6.6 16.25
      vertex 1.16114 -6.6 3.82776
      vertex 0.780361 -6.6 3.92314
    endloop
  endfacet
  facet normal 0 1 0
    outer loop
      vertex 11.9 -6.6 16.25
      vertex 1.53073 -6.6 3.69552
      vertex 1.16114 -6.6 3.82776
    endloop
  endfacet
  facet normal 0 1 0
    outer loop
      vertex 11.9 -6.6 16.25
      vertex 1.88559 -6.6 3.52768
      vertex 1.53073 -6.6 3.69552
    endloop
  endfacet
  facet normal 0 1 0
    outer loop
      vertex 11.9 -6.6 16.25
      vertex 2.22228 -6.6 3.32588
      vertex 1.88559 -6.6 3.52768
    endloop
  endfacet
  facet normal 0 1 0
    outer loop
      vertex 11.9 -6.6 16.25
      vertex 2.53757 -6.6 3.09204
      vertex 2.22228 -6.6 3.32588
    endloop
  endfacet
  facet normal 0 1 0
    outer loop
      vertex 11.9 -6.6 16.25
      vertex 2.82843 -6.6 2.82843
      vertex 2.53757 -6.6 3.09204
    endloop
  endfacet
  facet normal 0 1 0
    outer loop
      vertex 11.9 -6.6 16.25
      vertex 3.09204 -6.6 2.53757
      vertex 2.82843 -6.6 2.82843
    endloop
  endfacet
  facet normal 0 1 0
    outer loop
      vertex 11.9 -6.6 16.25
      vertex 3.32588 -6.6 2.22228
      vertex 3.09204 -6.6 2.53757
    endloop
  endfacet
  facet normal 0 1 0
    outer loop
      vertex 11.9 -6.6 16.25
      vertex 3.52768 -6.6 1.88559
      vertex 3.32588 -6.6 2.22228
    endloop
  endfacet
  facet normal 0 1 0
    outer loop
      vertex 11.9 -6.6 16.25
      vertex 3.69552 -6.6 1.53073
      vertex 3.52768 -6.6 1.88559
    endloop
  endfacet
  facet normal 0 1 0
    outer loop
      vertex 11.9 -6.6 16.25
      vertex 3.82776 -6.6 1.16114
      vertex 3.69552 -6.6 1.53073
    endloop
  endfacet
  facet normal 0 1 0
    outer loop
      vertex 11.9 -6.6 16.25
      vertex 3.92314 -6.6 0.780361
      vertex 3.82776 -6.6 1.16114
    endloop
  endfacet
  facet normal 0 1 0
    outer loop
      vertex 11.9 -6.6 16.25
      vertex 3.98074 -6.6 0.392068
      vertex 3.92314 -6.6 0.780361
    endloop
  endfacet
  facet normal 0 1 0
    outer loop
      vertex 11.9 -6.6 16.25
      vertex 4 -6.6 0
      vertex 3.98074 -6.6 0.392068
    endloop
  endfacet
  facet normal 0 1 -0
    outer loop
      vertex 11.9 -6.6 -14.25
      vertex 4 -6.6 0
      vertex 11.9 -6.6 16.25
    endloop
  endfacet
  facet normal 0 1 0
    outer loop
      vertex 4 -6.6 0
      vertex 11.9 -6.6 -14.25
      vertex 3.98074 -6.6 -0.392068
    endloop
  endfacet
  facet normal 0 1 0
    outer loop
      vertex 3.98074 -6.6 -0.392068
      vertex 11.9 -6.6 -14.25
      vertex 3.92314 -6.6 -0.780361
    endloop
  endfacet
  facet normal 0 1 0
    outer loop
      vertex 3.92314 -6.6 -0.780361
      vertex 11.9 -6.6 -14.25
      vertex 3.82776 -6.6 -1.16114
    endloop
  endfacet
  facet normal 0 1 0
    outer loop
      vertex 0.392068 -6.6 -3.98074
      vertex 11.9 -6.6 -14.25
      vertex 0 -6.6 -4
    endloop
  endfacet
  facet normal 0 1 0
    outer loop
      vertex 0.780361 -6.6 -3.92314
      vertex 11.9 -6.6 -14.25
      vertex 0.392068 -6.6 -3.98074
    endloop
  endfacet
  facet normal 0 1 0
    outer loop
      vertex 1.16114 -6.6 -3.82776
      vertex 11.9 -6.6 -14.25
      vertex 0.780361 -6.6 -3.92314
    endloop
  endfacet
  facet normal 0 1 0
    outer loop
      vertex 1.53073 -6.6 -3.69552
      vertex 11.9 -6.6 -14.25
      vertex 1.16114 -6.6 -3.82776
    endloop
  endfacet
  facet normal 0 1 0
    outer loop
      vertex 1.88559 -6.6 -3.52768
      vertex 11.9 -6.6 -14.25
      vertex 1.53073 -6.6 -3.69552
    endloop
  endfacet
  facet normal 0 1 0
    outer loop
      vertex 2.22228 -6.6 -3.32588
      vertex 11.9 -6.6 -14.25
      vertex 1.88559 -6.6 -3.52768
    endloop
  endfacet
  facet normal 0 1 0
    outer loop
      vertex 2.53757 -6.6 -3.09204
      vertex 11.9 -6.6 -14.25
      vertex 2.22228 -6.6 -3.32588
    endloop
  endfacet
  facet normal 0 1 0
    outer loop
      vertex 2.82843 -6.6 -2.82843
      vertex 11.9 -6.6 -14.25
      vertex 2.53757 -6.6 -3.09204
    endloop
  endfacet
  facet normal 0 1 0
    outer loop
      vertex 3.09204 -6.6 -2.53757
      vertex 11.9 -6.6 -14.25
      vertex 2.82843 -6.6 -2.82843
    endloop
  endfacet
  facet normal 0 1 0
    outer loop
      vertex 3.32588 -6.6 -2.22228
      vertex 11.9 -6.6 -14.25
      vertex 3.09204 -6.6 -2.53757
    endloop
  endfacet
  facet normal 0 1 0
    outer loop
      vertex 3.52768 -6.6 -1.88559
      vertex 11.9 -6.6 -14.25
      vertex 3.32588 -6.6 -2.22228
    endloop
  endfacet
  facet normal 0 1 0
    outer loop
      vertex 3.69552 -6.6 -1.53073
      vertex 11.9 -6.6 -14.25
      vertex 3.52768 -6.6 -1.88559
    endloop
  endfacet
  facet normal 0 1 0
    outer loop
      vertex 3.82776 -6.6 -1.16114
      vertex 11.9 -6.6 -14.25
      vertex 3.69552 -6.6 -1.53073
    endloop
  endfacet
  facet normal 0 1 -0
    outer loop
      vertex -0.392068 -6.6 3.98074
      vertex -11.9 -6.6 16.25
      vertex 0 -6.6 4
    endloop
  endfacet
  facet normal 0 1 -0
    outer loop
      vertex -0.780361 -6.6 3.92314
      vertex -11.9 -6.6 16.25
      vertex -0.392068 -6.6 3.98074
    endloop
  endfacet
  facet normal 0 1 -0
    outer loop
      vertex -1.16114 -6.6 3.82776
      vertex -11.9 -6.6 16.25
      vertex -0.780361 -6.6 3.92314
    endloop
  endfacet
  facet normal 0 1 -0
    outer loop
      vertex -1.53073 -6.6 3.69552
      vertex -11.9 -6.6 16.25
      vertex -1.16114 -6.6 3.82776
    endloop
  endfacet
  facet normal 0 1 -0
    outer loop
      vertex -1.88559 -6.6 3.52768
      vertex -11.9 -6.6 16.25
      vertex -1.53073 -6.6 3.69552
    endloop
  endfacet
  facet normal 0 1 -0
    outer loop
      vertex -2.22228 -6.6 3.32588
      vertex -11.9 -6.6 16.25
      vertex -1.88559 -6.6 3.52768
    endloop
  endfacet
  facet normal 0 1 -0
    outer loop
      vertex -2.53757 -6.6 3.09204
      vertex -11.9 -6.6 16.25
      vertex -2.22228 -6.6 3.32588
    endloop
  endfacet
  facet normal 0 1 -0
    outer loop
      vertex -2.82843 -6.6 2.82843
      vertex -11.9 -6.6 16.25
      vertex -2.53757 -6.6 3.09204
    endloop
  endfacet
  facet normal 0 1 -0
    outer loop
      vertex -3.09204 -6.6 2.53757
      vertex -11.9 -6.6 16.25
      vertex -2.82843 -6.6 2.82843
    endloop
  endfacet
  facet normal 0 1 -0
    outer loop
      vertex -3.32588 -6.6 2.22228
      vertex -11.9 -6.6 16.25
      vertex -3.09204 -6.6 2.53757
    endloop
  endfacet
  facet normal 0 1 -0
    outer loop
      vertex -3.52768 -6.6 1.88559
      vertex -11.9 -6.6 16.25
      vertex -3.32588 -6.6 2.22228
    endloop
  endfacet
  facet normal 0 1 -0
    outer loop
      vertex -3.69552 -6.6 1.53073
      vertex -11.9 -6.6 16.25
      vertex -3.52768 -6.6 1.88559
    endloop
  endfacet
  facet normal 0 1 -0
    outer loop
      vertex -3.82776 -6.6 1.16114
      vertex -11.9 -6.6 16.25
      vertex -3.69552 -6.6 1.53073
    endloop
  endfacet
  facet normal 0 1 -0
    outer loop
      vertex -3.92314 -6.6 0.780361
      vertex -11.9 -6.6 16.25
      vertex -3.82776 -6.6 1.16114
    endloop
  endfacet
  facet normal 0 1 -0
    outer loop
      vertex -3.98074 -6.6 0.392068
      vertex -11.9 -6.6 16.25
      vertex -3.92314 -6.6 0.780361
    endloop
  endfacet
  facet normal 0 1 -0
    outer loop
      vertex -4 -6.6 0
      vertex -11.9 -6.6 16.25
      vertex -3.98074 -6.6 0.392068
    endloop
  endfacet
  facet normal 0 1 0
    outer loop
      vertex -11.9 -6.6 -14.25
      vertex -4 -6.6 0
      vertex -3.98074 -6.6 -0.392068
    endloop
  endfacet
  facet normal 0 1 0
    outer loop
      vertex -11.9 -6.6 -14.25
      vertex -3.98074 -6.6 -0.392068
      vertex -3.92314 -6.6 -0.780361
    endloop
  endfacet
  facet normal 0 1 0
    outer loop
      vertex -11.9 -6.6 -14.25
      vertex -3.92314 -6.6 -0.780361
      vertex -3.82776 -6.6 -1.16114
    endloop
  endfacet
  facet normal 0 1 0
    outer loop
      vertex -11.9 -6.6 -14.25
      vertex -3.82776 -6.6 -1.16114
      vertex -3.69552 -6.6 -1.53073
    endloop
  endfacet
  facet normal 0 1 0
    outer loop
      vertex -11.9 -6.6 -14.25
      vertex 0 -6.6 -4
      vertex 11.9 -6.6 -14.25
    endloop
  endfacet
  facet normal 0 1 0
    outer loop
      vertex 0 -6.6 -4
      vertex -11.9 -6.6 -14.25
      vertex -0.392068 -6.6 -3.98074
    endloop
  endfacet
  facet normal 0 1 0
    outer loop
      vertex -0.392068 -6.6 -3.98074
      vertex -11.9 -6.6 -14.25
      vertex -0.780361 -6.6 -3.92314
    endloop
  endfacet
  facet normal 0 1 0
    outer loop
      vertex -0.780361 -6.6 -3.92314
      vertex -11.9 -6.6 -14.25
      vertex -1.16114 -6.6 -3.82776
    endloop
  endfacet
  facet normal 0 1 0
    outer loop
      vertex -1.16114 -6.6 -3.82776
      vertex -11.9 -6.6 -14.25
      vertex -1.53073 -6.6 -3.69552
    endloop
  endfacet
  facet normal 0 1 0
    outer loop
      vertex -1.53073 -6.6 -3.69552
      vertex -11.9 -6.6 -14.25
      vertex -1.88559 -6.6 -3.52768
    endloop
  endfacet
  facet normal 0 1 0
    outer loop
      vertex -1.88559 -6.6 -3.52768
      vertex -11.9 -6.6 -14.25
      vertex -2.22228 -6.6 -3.32588
    endloop
  endfacet
  facet normal 0 1 0
    outer loop
      vertex -4 -6.6 0
      vertex -11.9 -6.6 -14.25
      vertex -11.9 -6.6 16.25
    endloop
  endfacet
  facet normal 0 1 0
    outer loop
      vertex -3.52768 -6.6 -1.88559
      vertex -11.9 -6.6 -14.25
      vertex -3.69552 -6.6 -1.53073
    endloop
  endfacet
  facet normal 0 1 0
    outer loop
      vertex -3.32588 -6.6 -2.22228
      vertex -11.9 -6.6 -14.25
      vertex -3.52768 -6.6 -1.88559
    endloop
  endfacet
  facet normal 0 1 0
    outer loop
      vertex -3.09204 -6.6 -2.53757
      vertex -11.9 -6.6 -14.25
      vertex -3.32588 -6.6 -2.22228
    endloop
  endfacet
  facet normal 0 1 0
    outer loop
      vertex -2.82843 -6.6 -2.82843
      vertex -11.9 -6.6 -14.25
      vertex -3.09204 -6.6 -2.53757
    endloop
  endfacet
  facet normal 0 1 0
    outer loop
      vertex -2.53757 -6.6 -3.09204
      vertex -11.9 -6.6 -14.25
      vertex -2.82843 -6.6 -2.82843
    endloop
  endfacet
  facet normal 0 1 0
    outer loop
      vertex -2.22228 -6.6 -3.32588
      vertex -11.9 -6.6 -14.25
      vertex -2.53757 -6.6 -3.09204
    endloop
  endfacet
  facet normal 0 -1 0
    outer loop
      vertex -11.9 6.6 16.25
      vertex 0 6.6 4
      vertex 11.9 6.6 16.25
    endloop
  endfacet
  facet normal 0 -1 0
    outer loop
      vertex -11.9 6.6 16.25
      vertex -0.392068 6.6 3.98074
      vertex 0 6.6 4
    endloop
  endfacet
  facet normal 0 -1 0
    outer loop
      vertex -11.9 6.6 16.25
      vertex -0.780361 6.6 3.92314
      vertex -0.392068 6.6 3.98074
    endloop
  endfacet
  facet normal 0 -1 0
    outer loop
      vertex -11.9 6.6 16.25
      vertex -1.16114 6.6 3.82776
      vertex -0.780361 6.6 3.92314
    endloop
  endfacet
  facet normal 0 -1 0
    outer loop
      vertex -11.9 6.6 16.25
      vertex -1.53073 6.6 3.69552
      vertex -1.16114 6.6 3.82776
    endloop
  endfacet
  facet normal 0 -1 0
    outer loop
      vertex -11.9 6.6 16.25
      vertex -1.88559 6.6 3.52768
      vertex -1.53073 6.6 3.69552
    endloop
  endfacet
  facet normal 0 -1 0
    outer loop
      vertex -11.9 6.6 16.25
      vertex -2.22228 6.6 3.32588
      vertex -1.88559 6.6 3.52768
    endloop
  endfacet
  facet normal 0 -1 0
    outer loop
      vertex -11.9 6.6 16.25
      vertex -2.53757 6.6 3.09204
      vertex -2.22228 6.6 3.32588
    endloop
  endfacet
  facet normal 0 -1 0
    outer loop
      vertex -11.9 6.6 16.25
      vertex -2.82843 6.6 2.82843
      vertex -2.53757 6.6 3.09204
    endloop
  endfacet
  facet normal 0 -1 0
    outer loop
      vertex -11.9 6.6 16.25
      vertex -3.09204 6.6 2.53757
      vertex -2.82843 6.6 2.82843
    endloop
  endfacet
  facet normal 0 -1 0
    outer loop
      vertex -11.9 6.6 16.25
      vertex -3.32588 6.6 2.22228
      vertex -3.09204 6.6 2.53757
    endloop
  endfacet
  facet normal 0 -1 0
    outer loop
      vertex -11.9 6.6 16.25
      vertex -3.52768 6.6 1.88559
      vertex -3.32588 6.6 2.22228
    endloop
  endfacet
  facet normal 0 -1 0
    outer loop
      vertex -11.9 6.6 16.25
      vertex -3.69552 6.6 1.53073
      vertex -3.52768 6.6 1.88559
    endloop
  endfacet
  facet normal 0 -1 0
    outer loop
      vertex -11.9 6.6 16.25
      vertex -3.82776 6.6 1.16114
      vertex -3.69552 6.6 1.53073
    endloop
  endfacet
  facet normal 0 -1 0
    outer loop
      vertex -11.9 6.6 16.25
      vertex -3.92314 6.6 0.780361
      vertex -3.82776 6.6 1.16114
    endloop
  endfacet
  facet normal 0 -1 0
    outer loop
      vertex -11.9 6.6 16.25
      vertex -3.98074 6.6 0.392068
      vertex -3.92314 6.6 0.780361
    endloop
  endfacet
  facet normal 0 -1 0
    outer loop
      vertex -11.9 6.6 16.25
      vertex -4 6.6 0
      vertex -3.98074 6.6 0.392068
    endloop
  endfacet
  facet normal 0 -1 0
    outer loop
      vertex -11.9 6.6 -14.25
      vertex -4 6.6 0
      vertex -11.9 6.6 16.25
    endloop
  endfacet
  facet normal 0 -1 -0
    outer loop
      vertex -4 6.6 0
      vertex -11.9 6.6 -14.25
      vertex -3.98074 6.6 -0.392068
    endloop
  endfacet
  facet normal 0 -1 -0
    outer loop
      vertex -3.98074 6.6 -0.392068
      vertex -11.9 6.6 -14.25
      vertex -3.92314 6.6 -0.780361
    endloop
  endfacet
  facet normal 0 -1 -0
    outer loop
      vertex -3.92314 6.6 -0.780361
      vertex -11.9 6.6 -14.25
      vertex -3.82776 6.6 -1.16114
    endloop
  endfacet
  facet normal 0 -1 -0
    outer loop
      vertex -0.392068 6.6 -3.98074
      vertex -11.9 6.6 -14.25
      vertex 0 6.6 -4
    endloop
  endfacet
  facet normal 0 -1 -0
    outer loop
      vertex -0.780361 6.6 -3.92314
      vertex -11.9 6.6 -14.25
      vertex -0.392068 6.6 -3.98074
    endloop
  endfacet
  facet normal 0 -1 -0
    outer loop
      vertex -1.16114 6.6 -3.82776
      vertex -11.9 6.6 -14.25
      vertex -0.780361 6.6 -3.92314
    endloop
  endfacet
  facet normal 0 -1 -0
    outer loop
      vertex -1.53073 6.6 -3.69552
      vertex -11.9 6.6 -14.25
      vertex -1.16114 6.6 -3.82776
    endloop
  endfacet
  facet normal 0 -1 -0
    outer loop
      vertex -1.88559 6.6 -3.52768
      vertex -11.9 6.6 -14.25
      vertex -1.53073 6.6 -3.69552
    endloop
  endfacet
  facet normal 0 -1 -0
    outer loop
      vertex -2.22228 6.6 -3.32588
      vertex -11.9 6.6 -14.25
      vertex -1.88559 6.6 -3.52768
    endloop
  endfacet
  facet normal 0 -1 -0
    outer loop
      vertex -2.53757 6.6 -3.09204
      vertex -11.9 6.6 -14.25
      vertex -2.22228 6.6 -3.32588
    endloop
  endfacet
  facet normal 0 -1 -0
    outer loop
      vertex -2.82843 6.6 -2.82843
      vertex -11.9 6.6 -14.25
      vertex -2.53757 6.6 -3.09204
    endloop
  endfacet
  facet normal 0 -1 -0
    outer loop
      vertex -3.09204 6.6 -2.53757
      vertex -11.9 6.6 -14.25
      vertex -2.82843 6.6 -2.82843
    endloop
  endfacet
  facet normal 0 -1 -0
    outer loop
      vertex -3.32588 6.6 -2.22228
      vertex -11.9 6.6 -14.25
      vertex -3.09204 6.6 -2.53757
    endloop
  endfacet
  facet normal 0 -1 -0
    outer loop
      vertex -3.52768 6.6 -1.88559
      vertex -11.9 6.6 -14.25
      vertex -3.32588 6.6 -2.22228
    endloop
  endfacet
  facet normal 0 -1 -0
    outer loop
      vertex -3.69552 6.6 -1.53073
      vertex -11.9 6.6 -14.25
      vertex -3.52768 6.6 -1.88559
    endloop
  endfacet
  facet normal 0 -1 -0
    outer loop
      vertex -3.82776 6.6 -1.16114
      vertex -11.9 6.6 -14.25
      vertex -3.69552 6.6 -1.53073
    endloop
  endfacet
  facet normal 0 -1 0
    outer loop
      vertex 0.392068 6.6 3.98074
      vertex 11.9 6.6 16.25
      vertex 0 6.6 4
    endloop
  endfacet
  facet normal 0 -1 0
    outer loop
      vertex 0.780361 6.6 3.92314
      vertex 11.9 6.6 16.25
      vertex 0.392068 6.6 3.98074
    endloop
  endfacet
  facet normal 0 -1 0
    outer loop
      vertex 1.16114 6.6 3.82776
      vertex 11.9 6.6 16.25
      vertex 0.780361 6.6 3.92314
    endloop
  endfacet
  facet normal 0 -1 0
    outer loop
      vertex 1.53073 6.6 3.69552
      vertex 11.9 6.6 16.25
      vertex 1.16114 6.6 3.82776
    endloop
  endfacet
  facet normal 0 -1 0
    outer loop
      vertex 1.88559 6.6 3.52768
      vertex 11.9 6.6 16.25
      vertex 1.53073 6.6 3.69552
    endloop
  endfacet
  facet normal 0 -1 0
    outer loop
      vertex 2.22228 6.6 3.32588
      vertex 11.9 6.6 16.25
      vertex 1.88559 6.6 3.52768
    endloop
  endfacet
  facet normal 0 -1 0
    outer loop
      vertex 2.53757 6.6 3.09204
      vertex 11.9 6.6 16.25
      vertex 2.22228 6.6 3.32588
    endloop
  endfacet
  facet normal 0 -1 0
    outer loop
      vertex 2.82843 6.6 2.82843
      vertex 11.9 6.6 16.25
      vertex 2.53757 6.6 3.09204
    endloop
  endfacet
  facet normal 0 -1 0
    outer loop
      vertex 3.09204 6.6 2.53757
      vertex 11.9 6.6 16.25
      vertex 2.82843 6.6 2.82843
    endloop
  endfacet
  facet normal 0 -1 0
    outer loop
      vertex 3.32588 6.6 2.22228
      vertex 11.9 6.6 16.25
      vertex 3.09204 6.6 2.53757
    endloop
  endfacet
  facet normal 0 -1 0
    outer loop
      vertex 3.52768 6.6 1.88559
      vertex 11.9 6.6 16.25
      vertex 3.32588 6.6 2.22228
    endloop
  endfacet
  facet normal 0 -1 0
    outer loop
      vertex 3.69552 6.6 1.53073
      vertex 11.9 6.6 16.25
      vertex 3.52768 6.6 1.88559
    endloop
  endfacet
  facet normal 0 -1 0
    outer loop
      vertex 3.82776 6.6 1.16114
      vertex 11.9 6.6 16.25
      vertex 3.69552 6.6 1.53073
    endloop
  endfacet
  facet normal 0 -1 0
    outer loop
      vertex 3.92314 6.6 0.780361
      vertex 11.9 6.6 16.25
      vertex 3.82776 6.6 1.16114
    endloop
  endfacet
  facet normal 0 -1 0
    outer loop
      vertex 3.98074 6.6 0.392068
      vertex 11.9 6.6 16.25
      vertex 3.92314 6.6 0.780361
    endloop
  endfacet
  facet normal 0 -1 0
    outer loop
      vertex 4 6.6 0
      vertex 11.9 6.6 16.25
      vertex 3.98074 6.6 0.392068
    endloop
  endfacet
  facet normal 0 -1 0
    outer loop
      vertex 11.9 6.6 -14.25
      vertex 4 6.6 0
      vertex 3.98074 6.6 -0.392068
    endloop
  endfacet
  facet normal 0 -1 0
    outer loop
      vertex 11.9 6.6 -14.25
      vertex 3.98074 6.6 -0.392068
      vertex 3.92314 6.6 -0.780361
    endloop
  endfacet
  facet normal 0 -1 0
    outer loop
      vertex 11.9 6.6 -14.25
      vertex 3.92314 6.6 -0.780361
      vertex 3.82776 6.6 -1.16114
    endloop
  endfacet
  facet normal 0 -1 0
    outer loop
      vertex 11.9 6.6 -14.25
      vertex 3.82776 6.6 -1.16114
      vertex 3.69552 6.6 -1.53073
    endloop
  endfacet
  facet normal 0 -1 0
    outer loop
      vertex 11.9 6.6 -14.25
      vertex 0 6.6 -4
      vertex -11.9 6.6 -14.25
    endloop
  endfacet
  facet normal 0 -1 0
    outer loop
      vertex 0 6.6 -4
      vertex 11.9 6.6 -14.25
      vertex 0.392068 6.6 -3.98074
    endloop
  endfacet
  facet normal 0 -1 0
    outer loop
      vertex 0.392068 6.6 -3.98074
      vertex 11.9 6.6 -14.25
      vertex 0.780361 6.6 -3.92314
    endloop
  endfacet
  facet normal 0 -1 0
    outer loop
      vertex 0.780361 6.6 -3.92314
      vertex 11.9 6.6 -14.25
      vertex 1.16114 6.6 -3.82776
    endloop
  endfacet
  facet normal 0 -1 0
    outer loop
      vertex 1.16114 6.6 -3.82776
      vertex 11.9 6.6 -14.25
      vertex 1.53073 6.6 -3.69552
    endloop
  endfacet
  facet normal 0 -1 0
    outer loop
      vertex 1.53073 6.6 -3.69552
      vertex 11.9 6.6 -14.25
      vertex 1.88559 6.6 -3.52768
    endloop
  endfacet
  facet normal 0 -1 0
    outer loop
      vertex 1.88559 6.6 -3.52768
      vertex 11.9 6.6 -14.25
      vertex 2.22228 6.6 -3.32588
    endloop
  endfacet
  facet normal 0 -1 0
    outer loop
      vertex 4 6.6 0
      vertex 11.9 6.6 -14.25
      vertex 11.9 6.6 16.25
    endloop
  endfacet
  facet normal 0 -1 0
    outer loop
      vertex 3.52768 6.6 -1.88559
      vertex 11.9 6.6 -14.25
      vertex 3.69552 6.6 -1.53073
    endloop
  endfacet
  facet normal 0 -1 0
    outer loop
      vertex 3.32588 6.6 -2.22228
      vertex 11.9 6.6 -14.25
      vertex 3.52768 6.6 -1.88559
    endloop
  endfacet
  facet normal 0 -1 0
    outer loop
      vertex 3.09204 6.6 -2.53757
      vertex 11.9 6.6 -14.25
      vertex 3.32588 6.6 -2.22228
    endloop
  endfacet
  facet normal 0 -1 0
    outer loop
      vertex 2.82843 6.6 -2.82843
      vertex 11.9 6.6 -14.25
      vertex 3.09204 6.6 -2.53757
    endloop
  endfacet
  facet normal 0 -1 0
    outer loop
      vertex 2.53757 6.6 -3.09204
      vertex 11.9 6.6 -14.25
      vertex 2.82843 6.6 -2.82843
    endloop
  endfacet
  facet normal 0 -1 0
    outer loop
      vertex 2.22228 6.6 -3.32588
      vertex 11.9 6.6 -14.25
      vertex 2.53757 6.6 -3.09204
    endloop
  endfacet
  facet normal -0.998796 0 -0.049065
    outer loop
      vertex 4 -15 0
      vertex 3.98074 -6.6 0.392068
      vertex 4 -6.6 0
    endloop
  endfacet
  facet normal -0.998796 -0 -0.049065
    outer loop
      vertex 3.98074 -6.6 0.392068
      vertex 4 -15 0
      vertex 3.98074 -15 0.392068
    endloop
  endfacet
  facet normal -0.998796 0 -0.049065
    outer loop
      vertex 4 6.6 0
      vertex 3.98074 15 0.392068
      vertex 4 15 0
    endloop
  endfacet
  facet normal -0.998796 -0 -0.049065
    outer loop
      vertex 3.98074 15 0.392068
      vertex 4 6.6 0
      vertex 3.98074 6.6 0.392068
    endloop
  endfacet
  facet normal -0.970031 0 -0.24298
    outer loop
      vertex 3.92314 -15 0.780361
      vertex 3.82776 -6.6 1.16114
      vertex 3.92314 -6.6 0.780361
    endloop
  endfacet
  facet normal -0.970031 -0 -0.24298
    outer loop
      vertex 3.82776 -6.6 1.16114
      vertex 3.92314 -15 0.780361
      vertex 3.82776 -15 1.16114
    endloop
  endfacet
  facet normal -0.970031 0 -0.24298
    outer loop
      vertex 3.92314 6.6 0.780361
      vertex 3.82776 15 1.16114
      vertex 3.92314 15 0.780361
    endloop
  endfacet
  facet normal -0.970031 -0 -0.24298
    outer loop
      vertex 3.82776 15 1.16114
      vertex 3.92314 6.6 0.780361
      vertex 3.82776 6.6 1.16114
    endloop
  endfacet
  facet normal 0.998796 0 -0.049065
    outer loop
      vertex -3.98074 -15 0.392068
      vertex -4 -6.6 0
      vertex -3.98074 -6.6 0.392068
    endloop
  endfacet
  facet normal 0.998796 0 -0.049065
    outer loop
      vertex -4 -6.6 0
      vertex -3.98074 -15 0.392068
      vertex -4 -15 0
    endloop
  endfacet
  facet normal 0.998796 0 -0.049065
    outer loop
      vertex -3.98074 6.6 0.392068
      vertex -4 15 0
      vertex -3.98074 15 0.392068
    endloop
  endfacet
  facet normal 0.998796 0 -0.049065
    outer loop
      vertex -4 15 0
      vertex -3.98074 6.6 0.392068
      vertex -4 6.6 0
    endloop
  endfacet
  facet normal -0.049065 0 -0.998796
    outer loop
      vertex 0 -15 4
      vertex 0.392068 -6.6 3.98074
      vertex 0.392068 -15 3.98074
    endloop
  endfacet
  facet normal -0.049065 0 -0.998796
    outer loop
      vertex 0.392068 -6.6 3.98074
      vertex 0 -15 4
      vertex 0 -6.6 4
    endloop
  endfacet
  facet normal -0.049065 0 -0.998796
    outer loop
      vertex 0 6.6 4
      vertex 0.392068 15 3.98074
      vertex 0.392068 6.6 3.98074
    endloop
  endfacet
  facet normal -0.049065 0 -0.998796
    outer loop
      vertex 0.392068 15 3.98074
      vertex 0 6.6 4
      vertex 0 15 4
    endloop
  endfacet
  facet normal -0.671545 0 -0.740964
    outer loop
      vertex 2.53757 -15 3.09204
      vertex 2.82843 -6.6 2.82843
      vertex 2.82843 -15 2.82843
    endloop
  endfacet
  facet normal -0.671545 0 -0.740964
    outer loop
      vertex 2.82843 -6.6 2.82843
      vertex 2.53757 -15 3.09204
      vertex 2.53757 -6.6 3.09204
    endloop
  endfacet
  facet normal -0.671545 0 -0.740964
    outer loop
      vertex 2.53757 6.6 3.09204
      vertex 2.82843 15 2.82843
      vertex 2.82843 6.6 2.82843
    endloop
  endfacet
  facet normal -0.671545 0 -0.740964
    outer loop
      vertex 2.82843 15 2.82843
      vertex 2.53757 6.6 3.09204
      vertex 2.53757 15 3.09204
    endloop
  endfacet
  facet normal 0.671545 0 -0.740964
    outer loop
      vertex -2.82843 -15 2.82843
      vertex -2.53757 -6.6 3.09204
      vertex -2.53757 -15 3.09204
    endloop
  endfacet
  facet normal 0.671545 0 -0.740964
    outer loop
      vertex -2.53757 -6.6 3.09204
      vertex -2.82843 -15 2.82843
      vertex -2.82843 -6.6 2.82843
    endloop
  endfacet
  facet normal 0.671545 0 -0.740964
    outer loop
      vertex -2.82843 6.6 2.82843
      vertex -2.53757 15 3.09204
      vertex -2.53757 6.6 3.09204
    endloop
  endfacet
  facet normal 0.671545 0 -0.740964
    outer loop
      vertex -2.53757 15 3.09204
      vertex -2.82843 6.6 2.82843
      vertex -2.82843 15 2.82843
    endloop
  endfacet
  facet normal 0.336887 0 -0.941545
    outer loop
      vertex -1.53073 -15 3.69552
      vertex -1.16114 -6.6 3.82776
      vertex -1.16114 -15 3.82776
    endloop
  endfacet
  facet normal 0.336887 0 -0.941545
    outer loop
      vertex -1.16114 -6.6 3.82776
      vertex -1.53073 -15 3.69552
      vertex -1.53073 -6.6 3.69552
    endloop
  endfacet
  facet normal 0.336887 0 -0.941545
    outer loop
      vertex -1.53073 6.6 3.69552
      vertex -1.16114 15 3.82776
      vertex -1.16114 6.6 3.82776
    endloop
  endfacet
  facet normal 0.336887 0 -0.941545
    outer loop
      vertex -1.16114 15 3.82776
      vertex -1.53073 6.6 3.69552
      vertex -1.53073 15 3.69552
    endloop
  endfacet
  facet normal 0.803201 -0 0.595708
    outer loop
      vertex -3.32588 -15 -2.22228
      vertex -3.09204 -6.6 -2.53757
      vertex -3.32588 -6.6 -2.22228
    endloop
  endfacet
  facet normal 0.803201 0 0.595708
    outer loop
      vertex -3.09204 -6.6 -2.53757
      vertex -3.32588 -15 -2.22228
      vertex -3.09204 -15 -2.53757
    endloop
  endfacet
  facet normal 0.803201 -0 0.595708
    outer loop
      vertex -3.32588 6.6 -2.22228
      vertex -3.09204 15 -2.53757
      vertex -3.32588 15 -2.22228
    endloop
  endfacet
  facet normal 0.803201 0 0.595708
    outer loop
      vertex -3.09204 15 -2.53757
      vertex -3.32588 6.6 -2.22228
      vertex -3.09204 6.6 -2.53757
    endloop
  endfacet
  facet normal -0.427563 0 -0.903986
    outer loop
      vertex 1.53073 -15 3.69552
      vertex 1.88559 -6.6 3.52768
      vertex 1.88559 -15 3.52768
    endloop
  endfacet
  facet normal -0.427563 0 -0.903986
    outer loop
      vertex 1.88559 -6.6 3.52768
      vertex 1.53073 -15 3.69552
      vertex 1.53073 -6.6 3.69552
    endloop
  endfacet
  facet normal -0.427563 0 -0.903986
    outer loop
      vertex 1.53073 6.6 3.69552
      vertex 1.88559 15 3.52768
      vertex 1.88559 6.6 3.52768
    endloop
  endfacet
  facet normal -0.427563 0 -0.903986
    outer loop
      vertex 1.88559 15 3.52768
      vertex 1.53073 6.6 3.69552
      vertex 1.53073 15 3.69552
    endloop
  endfacet
  facet normal 0.803201 0 -0.595708
    outer loop
      vertex -3.09204 -15 2.53757
      vertex -3.32588 -6.6 2.22228
      vertex -3.09204 -6.6 2.53757
    endloop
  endfacet
  facet normal 0.803201 0 -0.595708
    outer loop
      vertex -3.32588 -6.6 2.22228
      vertex -3.09204 -15 2.53757
      vertex -3.32588 -15 2.22228
    endloop
  endfacet
  facet normal 0.803201 0 -0.595708
    outer loop
      vertex -3.09204 6.6 2.53757
      vertex -3.32588 15 2.22228
      vertex -3.09204 15 2.53757
    endloop
  endfacet
  facet normal 0.803201 0 -0.595708
    outer loop
      vertex -3.32588 15 2.22228
      vertex -3.09204 6.6 2.53757
      vertex -3.32588 6.6 2.22228
    endloop
  endfacet
  facet normal -0.740964 0 0.671545
    outer loop
      vertex 2.82843 -15 -2.82843
      vertex 3.09204 -6.6 -2.53757
      vertex 2.82843 -6.6 -2.82843
    endloop
  endfacet
  facet normal -0.740964 0 0.671545
    outer loop
      vertex 3.09204 -6.6 -2.53757
      vertex 2.82843 -15 -2.82843
      vertex 3.09204 -15 -2.53757
    endloop
  endfacet
  facet normal -0.740964 0 0.671545
    outer loop
      vertex 2.82843 6.6 -2.82843
      vertex 3.09204 15 -2.53757
      vertex 2.82843 15 -2.82843
    endloop
  endfacet
  facet normal -0.740964 0 0.671545
    outer loop
      vertex 3.09204 15 -2.53757
      vertex 2.82843 6.6 -2.82843
      vertex 3.09204 6.6 -2.53757
    endloop
  endfacet
  facet normal -0.970031 0 0.24298
    outer loop
      vertex 3.82776 -15 -1.16114
      vertex 3.92314 -6.6 -0.780361
      vertex 3.82776 -6.6 -1.16114
    endloop
  endfacet
  facet normal -0.970031 0 0.24298
    outer loop
      vertex 3.92314 -6.6 -0.780361
      vertex 3.82776 -15 -1.16114
      vertex 3.92314 -15 -0.780361
    endloop
  endfacet
  facet normal -0.970031 0 0.24298
    outer loop
      vertex 3.82776 6.6 -1.16114
      vertex 3.92314 15 -0.780361
      vertex 3.82776 15 -1.16114
    endloop
  endfacet
  facet normal -0.970031 0 0.24298
    outer loop
      vertex 3.92314 15 -0.780361
      vertex 3.82776 6.6 -1.16114
      vertex 3.92314 6.6 -0.780361
    endloop
  endfacet
  facet normal 0.336887 0 0.941545
    outer loop
      vertex -1.53073 -6.6 -3.69552
      vertex -1.16114 -15 -3.82776
      vertex -1.16114 -6.6 -3.82776
    endloop
  endfacet
  facet normal 0.336887 0 0.941545
    outer loop
      vertex -1.16114 -15 -3.82776
      vertex -1.53073 -6.6 -3.69552
      vertex -1.53073 -15 -3.69552
    endloop
  endfacet
  facet normal 0.336887 0 0.941545
    outer loop
      vertex -1.53073 15 -3.69552
      vertex -1.16114 6.6 -3.82776
      vertex -1.16114 15 -3.82776
    endloop
  endfacet
  facet normal 0.336887 0 0.941545
    outer loop
      vertex -1.16114 6.6 -3.82776
      vertex -1.53073 15 -3.69552
      vertex -1.53073 6.6 -3.69552
    endloop
  endfacet
  facet normal -0.903986 0 -0.427563
    outer loop
      vertex 3.69552 -15 1.53073
      vertex 3.52768 -6.6 1.88559
      vertex 3.69552 -6.6 1.53073
    endloop
  endfacet
  facet normal -0.903986 -0 -0.427563
    outer loop
      vertex 3.52768 -6.6 1.88559
      vertex 3.69552 -15 1.53073
      vertex 3.52768 -15 1.88559
    endloop
  endfacet
  facet normal -0.903986 0 -0.427563
    outer loop
      vertex 3.69552 6.6 1.53073
      vertex 3.52768 15 1.88559
      vertex 3.69552 15 1.53073
    endloop
  endfacet
  facet normal -0.903986 -0 -0.427563
    outer loop
      vertex 3.52768 15 1.88559
      vertex 3.69552 6.6 1.53073
      vertex 3.52768 6.6 1.88559
    endloop
  endfacet
  facet normal -0.941545 0 -0.336887
    outer loop
      vertex 3.82776 -15 1.16114
      vertex 3.69552 -6.6 1.53073
      vertex 3.82776 -6.6 1.16114
    endloop
  endfacet
  facet normal -0.941545 -0 -0.336887
    outer loop
      vertex 3.69552 -6.6 1.53073
      vertex 3.82776 -15 1.16114
      vertex 3.69552 -15 1.53073
    endloop
  endfacet
  facet normal -0.941545 0 -0.336887
    outer loop
      vertex 3.82776 6.6 1.16114
      vertex 3.69552 15 1.53073
      vertex 3.82776 15 1.16114
    endloop
  endfacet
  facet normal -0.941545 -0 -0.336887
    outer loop
      vertex 3.69552 15 1.53073
      vertex 3.82776 6.6 1.16114
      vertex 3.69552 6.6 1.53073
    endloop
  endfacet
  facet normal -0.803201 0 -0.595708
    outer loop
      vertex 3.32588 -15 2.22228
      vertex 3.09204 -6.6 2.53757
      vertex 3.32588 -6.6 2.22228
    endloop
  endfacet
  facet normal -0.803201 -0 -0.595708
    outer loop
      vertex 3.09204 -6.6 2.53757
      vertex 3.32588 -15 2.22228
      vertex 3.09204 -15 2.53757
    endloop
  endfacet
  facet normal -0.803201 0 -0.595708
    outer loop
      vertex 3.32588 6.6 2.22228
      vertex 3.09204 15 2.53757
      vertex 3.32588 15 2.22228
    endloop
  endfacet
  facet normal -0.803201 -0 -0.595708
    outer loop
      vertex 3.09204 15 2.53757
      vertex 3.32588 6.6 2.22228
      vertex 3.09204 6.6 2.53757
    endloop
  endfacet
  facet normal -0.24298 0 -0.970031
    outer loop
      vertex 0.780361 -15 3.92314
      vertex 1.16114 -6.6 3.82776
      vertex 1.16114 -15 3.82776
    endloop
  endfacet
  facet normal -0.24298 0 -0.970031
    outer loop
      vertex 1.16114 -6.6 3.82776
      vertex 0.780361 -15 3.92314
      vertex 0.780361 -6.6 3.92314
    endloop
  endfacet
  facet normal -0.24298 0 -0.970031
    outer loop
      vertex 0.780361 6.6 3.92314
      vertex 1.16114 15 3.82776
      vertex 1.16114 6.6 3.82776
    endloop
  endfacet
  facet normal -0.24298 0 -0.970031
    outer loop
      vertex 1.16114 15 3.82776
      vertex 0.780361 6.6 3.92314
      vertex 0.780361 15 3.92314
    endloop
  endfacet
  facet normal -0.595708 0 -0.803201
    outer loop
      vertex 2.22228 -15 3.32588
      vertex 2.53757 -6.6 3.09204
      vertex 2.53757 -15 3.09204
    endloop
  endfacet
  facet normal -0.595708 0 -0.803201
    outer loop
      vertex 2.53757 -6.6 3.09204
      vertex 2.22228 -15 3.32588
      vertex 2.22228 -6.6 3.32588
    endloop
  endfacet
  facet normal -0.595708 0 -0.803201
    outer loop
      vertex 2.22228 6.6 3.32588
      vertex 2.53757 15 3.09204
      vertex 2.53757 6.6 3.09204
    endloop
  endfacet
  facet normal -0.595708 0 -0.803201
    outer loop
      vertex 2.53757 15 3.09204
      vertex 2.22228 6.6 3.32588
      vertex 2.22228 15 3.32588
    endloop
  endfacet
  facet normal 0.903986 0 -0.427563
    outer loop
      vertex -3.52768 -15 1.88559
      vertex -3.69552 -6.6 1.53073
      vertex -3.52768 -6.6 1.88559
    endloop
  endfacet
  facet normal 0.903986 0 -0.427563
    outer loop
      vertex -3.69552 -6.6 1.53073
      vertex -3.52768 -15 1.88559
      vertex -3.69552 -15 1.53073
    endloop
  endfacet
  facet normal 0.903986 0 -0.427563
    outer loop
      vertex -3.52768 6.6 1.88559
      vertex -3.69552 15 1.53073
      vertex -3.52768 15 1.88559
    endloop
  endfacet
  facet normal 0.903986 0 -0.427563
    outer loop
      vertex -3.69552 15 1.53073
      vertex -3.52768 6.6 1.88559
      vertex -3.69552 6.6 1.53073
    endloop
  endfacet
  facet normal 0.857733 0 -0.514095
    outer loop
      vertex -3.32588 -15 2.22228
      vertex -3.52768 -6.6 1.88559
      vertex -3.32588 -6.6 2.22228
    endloop
  endfacet
  facet normal 0.857733 0 -0.514095
    outer loop
      vertex -3.52768 -6.6 1.88559
      vertex -3.32588 -15 2.22228
      vertex -3.52768 -15 1.88559
    endloop
  endfacet
  facet normal 0.857733 0 -0.514095
    outer loop
      vertex -3.32588 6.6 2.22228
      vertex -3.52768 15 1.88559
      vertex -3.32588 15 2.22228
    endloop
  endfacet
  facet normal 0.857733 0 -0.514095
    outer loop
      vertex -3.52768 15 1.88559
      vertex -3.32588 6.6 2.22228
      vertex -3.52768 6.6 1.88559
    endloop
  endfacet
  facet normal 0.970031 0 -0.24298
    outer loop
      vertex -3.82776 -15 1.16114
      vertex -3.92314 -6.6 0.780361
      vertex -3.82776 -6.6 1.16114
    endloop
  endfacet
  facet normal 0.970031 0 -0.24298
    outer loop
      vertex -3.92314 -6.6 0.780361
      vertex -3.82776 -15 1.16114
      vertex -3.92314 -15 0.780361
    endloop
  endfacet
  facet normal 0.970031 0 -0.24298
    outer loop
      vertex -3.82776 6.6 1.16114
      vertex -3.92314 15 0.780361
      vertex -3.82776 15 1.16114
    endloop
  endfacet
  facet normal 0.970031 0 -0.24298
    outer loop
      vertex -3.92314 15 0.780361
      vertex -3.82776 6.6 1.16114
      vertex -3.92314 6.6 0.780361
    endloop
  endfacet
  facet normal 0.514095 0 -0.857733
    outer loop
      vertex -2.22228 -15 3.32588
      vertex -1.88559 -6.6 3.52768
      vertex -1.88559 -15 3.52768
    endloop
  endfacet
  facet normal 0.514095 0 -0.857733
    outer loop
      vertex -1.88559 -6.6 3.52768
      vertex -2.22228 -15 3.32588
      vertex -2.22228 -6.6 3.32588
    endloop
  endfacet
  facet normal 0.514095 0 -0.857733
    outer loop
      vertex -2.22228 6.6 3.32588
      vertex -1.88559 15 3.52768
      vertex -1.88559 6.6 3.52768
    endloop
  endfacet
  facet normal 0.514095 0 -0.857733
    outer loop
      vertex -1.88559 15 3.52768
      vertex -2.22228 6.6 3.32588
      vertex -2.22228 15 3.32588
    endloop
  endfacet
  facet normal 0.146736 0 -0.989176
    outer loop
      vertex -0.780361 -15 3.92314
      vertex -0.392068 -6.6 3.98074
      vertex -0.392068 -15 3.98074
    endloop
  endfacet
  facet normal 0.146736 0 -0.989176
    outer loop
      vertex -0.392068 -6.6 3.98074
      vertex -0.780361 -15 3.92314
      vertex -0.780361 -6.6 3.92314
    endloop
  endfacet
  facet normal 0.146736 0 -0.989176
    outer loop
      vertex -0.780361 6.6 3.92314
      vertex -0.392068 15 3.98074
      vertex -0.392068 6.6 3.98074
    endloop
  endfacet
  facet normal 0.146736 0 -0.989176
    outer loop
      vertex -0.392068 15 3.98074
      vertex -0.780361 6.6 3.92314
      vertex -0.780361 15 3.92314
    endloop
  endfacet
  facet normal -0.049065 0 0.998796
    outer loop
      vertex 0 -6.6 -4
      vertex 0.392068 -15 -3.98074
      vertex 0.392068 -6.6 -3.98074
    endloop
  endfacet
  facet normal -0.049065 0 0.998796
    outer loop
      vertex 0.392068 -15 -3.98074
      vertex 0 -6.6 -4
      vertex 0 -15 -4
    endloop
  endfacet
  facet normal -0.049065 0 0.998796
    outer loop
      vertex 0 15 -4
      vertex 0.392068 6.6 -3.98074
      vertex 0.392068 15 -3.98074
    endloop
  endfacet
  facet normal -0.049065 0 0.998796
    outer loop
      vertex 0.392068 6.6 -3.98074
      vertex 0 15 -4
      vertex 0 6.6 -4
    endloop
  endfacet
  facet normal -0.24298 0 0.970031
    outer loop
      vertex 0.780361 -6.6 -3.92314
      vertex 1.16114 -15 -3.82776
      vertex 1.16114 -6.6 -3.82776
    endloop
  endfacet
  facet normal -0.24298 0 0.970031
    outer loop
      vertex 1.16114 -15 -3.82776
      vertex 0.780361 -6.6 -3.92314
      vertex 0.780361 -15 -3.92314
    endloop
  endfacet
  facet normal -0.24298 0 0.970031
    outer loop
      vertex 0.780361 15 -3.92314
      vertex 1.16114 6.6 -3.82776
      vertex 1.16114 15 -3.82776
    endloop
  endfacet
  facet normal -0.24298 0 0.970031
    outer loop
      vertex 1.16114 6.6 -3.82776
      vertex 0.780361 15 -3.92314
      vertex 0.780361 6.6 -3.92314
    endloop
  endfacet
  facet normal -0.336887 0 0.941545
    outer loop
      vertex 1.16114 -6.6 -3.82776
      vertex 1.53073 -15 -3.69552
      vertex 1.53073 -6.6 -3.69552
    endloop
  endfacet
  facet normal -0.336887 0 0.941545
    outer loop
      vertex 1.53073 -15 -3.69552
      vertex 1.16114 -6.6 -3.82776
      vertex 1.16114 -15 -3.82776
    endloop
  endfacet
  facet normal -0.336887 0 0.941545
    outer loop
      vertex 1.16114 15 -3.82776
      vertex 1.53073 6.6 -3.69552
      vertex 1.53073 15 -3.69552
    endloop
  endfacet
  facet normal -0.336887 0 0.941545
    outer loop
      vertex 1.53073 6.6 -3.69552
      vertex 1.16114 15 -3.82776
      vertex 1.16114 6.6 -3.82776
    endloop
  endfacet
  facet normal -0.857733 0 0.514095
    outer loop
      vertex 3.32588 -15 -2.22228
      vertex 3.52768 -6.6 -1.88559
      vertex 3.32588 -6.6 -2.22228
    endloop
  endfacet
  facet normal -0.857733 0 0.514095
    outer loop
      vertex 3.52768 -6.6 -1.88559
      vertex 3.32588 -15 -2.22228
      vertex 3.52768 -15 -1.88559
    endloop
  endfacet
  facet normal -0.857733 0 0.514095
    outer loop
      vertex 3.32588 6.6 -2.22228
      vertex 3.52768 15 -1.88559
      vertex 3.32588 15 -2.22228
    endloop
  endfacet
  facet normal -0.857733 0 0.514095
    outer loop
      vertex 3.52768 15 -1.88559
      vertex 3.32588 6.6 -2.22228
      vertex 3.52768 6.6 -1.88559
    endloop
  endfacet
  facet normal -0.903986 0 0.427563
    outer loop
      vertex 3.52768 -15 -1.88559
      vertex 3.69552 -6.6 -1.53073
      vertex 3.52768 -6.6 -1.88559
    endloop
  endfacet
  facet normal -0.903986 0 0.427563
    outer loop
      vertex 3.69552 -6.6 -1.53073
      vertex 3.52768 -15 -1.88559
      vertex 3.69552 -15 -1.53073
    endloop
  endfacet
  facet normal -0.903986 0 0.427563
    outer loop
      vertex 3.52768 6.6 -1.88559
      vertex 3.69552 15 -1.53073
      vertex 3.52768 15 -1.88559
    endloop
  endfacet
  facet normal -0.903986 0 0.427563
    outer loop
      vertex 3.69552 15 -1.53073
      vertex 3.52768 6.6 -1.88559
      vertex 3.69552 6.6 -1.53073
    endloop
  endfacet
  facet normal -0.989176 0 0.146736
    outer loop
      vertex 3.92314 -15 -0.780361
      vertex 3.98074 -6.6 -0.392068
      vertex 3.92314 -6.6 -0.780361
    endloop
  endfacet
  facet normal -0.989176 0 0.146736
    outer loop
      vertex 3.98074 -6.6 -0.392068
      vertex 3.92314 -15 -0.780361
      vertex 3.98074 -15 -0.392068
    endloop
  endfacet
  facet normal -0.989176 0 0.146736
    outer loop
      vertex 3.92314 6.6 -0.780361
      vertex 3.98074 15 -0.392068
      vertex 3.92314 15 -0.780361
    endloop
  endfacet
  facet normal -0.989176 0 0.146736
    outer loop
      vertex 3.98074 15 -0.392068
      vertex 3.92314 6.6 -0.780361
      vertex 3.98074 6.6 -0.392068
    endloop
  endfacet
  facet normal 0.049065 0 0.998796
    outer loop
      vertex -0.392068 -6.6 -3.98074
      vertex 0 -15 -4
      vertex 0 -6.6 -4
    endloop
  endfacet
  facet normal 0.049065 0 0.998796
    outer loop
      vertex 0 -15 -4
      vertex -0.392068 -6.6 -3.98074
      vertex -0.392068 -15 -3.98074
    endloop
  endfacet
  facet normal 0.049065 0 0.998796
    outer loop
      vertex -0.392068 15 -3.98074
      vertex 0 6.6 -4
      vertex 0 15 -4
    endloop
  endfacet
  facet normal 0.049065 0 0.998796
    outer loop
      vertex 0 6.6 -4
      vertex -0.392068 15 -3.98074
      vertex -0.392068 6.6 -3.98074
    endloop
  endfacet
  facet normal 0.595708 0 0.803201
    outer loop
      vertex -2.53757 -6.6 -3.09204
      vertex -2.22228 -15 -3.32588
      vertex -2.22228 -6.6 -3.32588
    endloop
  endfacet
  facet normal 0.595708 0 0.803201
    outer loop
      vertex -2.22228 -15 -3.32588
      vertex -2.53757 -6.6 -3.09204
      vertex -2.53757 -15 -3.09204
    endloop
  endfacet
  facet normal 0.595708 0 0.803201
    outer loop
      vertex -2.53757 15 -3.09204
      vertex -2.22228 6.6 -3.32588
      vertex -2.22228 15 -3.32588
    endloop
  endfacet
  facet normal 0.595708 0 0.803201
    outer loop
      vertex -2.22228 6.6 -3.32588
      vertex -2.53757 15 -3.09204
      vertex -2.53757 6.6 -3.09204
    endloop
  endfacet
  facet normal 0.740964 -0 0.671545
    outer loop
      vertex -3.09204 -15 -2.53757
      vertex -2.82843 -6.6 -2.82843
      vertex -3.09204 -6.6 -2.53757
    endloop
  endfacet
  facet normal 0.740964 0 0.671545
    outer loop
      vertex -2.82843 -6.6 -2.82843
      vertex -3.09204 -15 -2.53757
      vertex -2.82843 -15 -2.82843
    endloop
  endfacet
  facet normal 0.740964 -0 0.671545
    outer loop
      vertex -3.09204 6.6 -2.53757
      vertex -2.82843 15 -2.82843
      vertex -3.09204 15 -2.53757
    endloop
  endfacet
  facet normal 0.740964 0 0.671545
    outer loop
      vertex -2.82843 15 -2.82843
      vertex -3.09204 6.6 -2.53757
      vertex -2.82843 6.6 -2.82843
    endloop
  endfacet
  facet normal 0.903986 -0 0.427563
    outer loop
      vertex -3.69552 -15 -1.53073
      vertex -3.52768 -6.6 -1.88559
      vertex -3.69552 -6.6 -1.53073
    endloop
  endfacet
  facet normal 0.903986 0 0.427563
    outer loop
      vertex -3.52768 -6.6 -1.88559
      vertex -3.69552 -15 -1.53073
      vertex -3.52768 -15 -1.88559
    endloop
  endfacet
  facet normal 0.903986 -0 0.427563
    outer loop
      vertex -3.69552 6.6 -1.53073
      vertex -3.52768 15 -1.88559
      vertex -3.69552 15 -1.53073
    endloop
  endfacet
  facet normal 0.903986 0 0.427563
    outer loop
      vertex -3.52768 15 -1.88559
      vertex -3.69552 6.6 -1.53073
      vertex -3.52768 6.6 -1.88559
    endloop
  endfacet
  facet normal -0.989176 0 -0.146736
    outer loop
      vertex 3.98074 -15 0.392068
      vertex 3.92314 -6.6 0.780361
      vertex 3.98074 -6.6 0.392068
    endloop
  endfacet
  facet normal -0.989176 -0 -0.146736
    outer loop
      vertex 3.92314 -6.6 0.780361
      vertex 3.98074 -15 0.392068
      vertex 3.92314 -15 0.780361
    endloop
  endfacet
  facet normal -0.989176 0 -0.146736
    outer loop
      vertex 3.98074 6.6 0.392068
      vertex 3.92314 15 0.780361
      vertex 3.98074 15 0.392068
    endloop
  endfacet
  facet normal -0.989176 -0 -0.146736
    outer loop
      vertex 3.92314 15 0.780361
      vertex 3.98074 6.6 0.392068
      vertex 3.92314 6.6 0.780361
    endloop
  endfacet
  facet normal -0.740964 0 -0.671545
    outer loop
      vertex 3.09204 -15 2.53757
      vertex 2.82843 -6.6 2.82843
      vertex 3.09204 -6.6 2.53757
    endloop
  endfacet
  facet normal -0.740964 -0 -0.671545
    outer loop
      vertex 2.82843 -6.6 2.82843
      vertex 3.09204 -15 2.53757
      vertex 2.82843 -15 2.82843
    endloop
  endfacet
  facet normal -0.740964 0 -0.671545
    outer loop
      vertex 3.09204 6.6 2.53757
      vertex 2.82843 15 2.82843
      vertex 3.09204 15 2.53757
    endloop
  endfacet
  facet normal -0.740964 -0 -0.671545
    outer loop
      vertex 2.82843 15 2.82843
      vertex 3.09204 6.6 2.53757
      vertex 2.82843 6.6 2.82843
    endloop
  endfacet
  facet normal -0.857733 0 -0.514095
    outer loop
      vertex 3.52768 -15 1.88559
      vertex 3.32588 -6.6 2.22228
      vertex 3.52768 -6.6 1.88559
    endloop
  endfacet
  facet normal -0.857733 -0 -0.514095
    outer loop
      vertex 3.32588 -6.6 2.22228
      vertex 3.52768 -15 1.88559
      vertex 3.32588 -15 2.22228
    endloop
  endfacet
  facet normal -0.857733 0 -0.514095
    outer loop
      vertex 3.52768 6.6 1.88559
      vertex 3.32588 15 2.22228
      vertex 3.52768 15 1.88559
    endloop
  endfacet
  facet normal -0.857733 -0 -0.514095
    outer loop
      vertex 3.32588 15 2.22228
      vertex 3.52768 6.6 1.88559
      vertex 3.32588 6.6 2.22228
    endloop
  endfacet
  facet normal -0.146736 0 -0.989176
    outer loop
      vertex 0.392068 -15 3.98074
      vertex 0.780361 -6.6 3.92314
      vertex 0.780361 -15 3.92314
    endloop
  endfacet
  facet normal -0.146736 0 -0.989176
    outer loop
      vertex 0.780361 -6.6 3.92314
      vertex 0.392068 -15 3.98074
      vertex 0.392068 -6.6 3.98074
    endloop
  endfacet
  facet normal -0.146736 0 -0.989176
    outer loop
      vertex 0.392068 6.6 3.98074
      vertex 0.780361 15 3.92314
      vertex 0.780361 6.6 3.92314
    endloop
  endfacet
  facet normal -0.146736 0 -0.989176
    outer loop
      vertex 0.780361 15 3.92314
      vertex 0.392068 6.6 3.98074
      vertex 0.392068 15 3.98074
    endloop
  endfacet
  facet normal -0.336887 0 -0.941545
    outer loop
      vertex 1.16114 -15 3.82776
      vertex 1.53073 -6.6 3.69552
      vertex 1.53073 -15 3.69552
    endloop
  endfacet
  facet normal -0.336887 0 -0.941545
    outer loop
      vertex 1.53073 -6.6 3.69552
      vertex 1.16114 -15 3.82776
      vertex 1.16114 -6.6 3.82776
    endloop
  endfacet
  facet normal -0.336887 0 -0.941545
    outer loop
      vertex 1.16114 6.6 3.82776
      vertex 1.53073 15 3.69552
      vertex 1.53073 6.6 3.69552
    endloop
  endfacet
  facet normal -0.336887 0 -0.941545
    outer loop
      vertex 1.53073 15 3.69552
      vertex 1.16114 6.6 3.82776
      vertex 1.16114 15 3.82776
    endloop
  endfacet
  facet normal -0.514095 0 -0.857733
    outer loop
      vertex 1.88559 -15 3.52768
      vertex 2.22228 -6.6 3.32588
      vertex 2.22228 -15 3.32588
    endloop
  endfacet
  facet normal -0.514095 0 -0.857733
    outer loop
      vertex 2.22228 -6.6 3.32588
      vertex 1.88559 -15 3.52768
      vertex 1.88559 -6.6 3.52768
    endloop
  endfacet
  facet normal -0.514095 0 -0.857733
    outer loop
      vertex 1.88559 6.6 3.52768
      vertex 2.22228 15 3.32588
      vertex 2.22228 6.6 3.32588
    endloop
  endfacet
  facet normal -0.514095 0 -0.857733
    outer loop
      vertex 2.22228 15 3.32588
      vertex 1.88559 6.6 3.52768
      vertex 1.88559 15 3.52768
    endloop
  endfacet
  facet normal 0.740964 0 -0.671545
    outer loop
      vertex -2.82843 -15 2.82843
      vertex -3.09204 -6.6 2.53757
      vertex -2.82843 -6.6 2.82843
    endloop
  endfacet
  facet normal 0.740964 0 -0.671545
    outer loop
      vertex -3.09204 -6.6 2.53757
      vertex -2.82843 -15 2.82843
      vertex -3.09204 -15 2.53757
    endloop
  endfacet
  facet normal 0.740964 0 -0.671545
    outer loop
      vertex -2.82843 6.6 2.82843
      vertex -3.09204 15 2.53757
      vertex -2.82843 15 2.82843
    endloop
  endfacet
  facet normal 0.740964 0 -0.671545
    outer loop
      vertex -3.09204 15 2.53757
      vertex -2.82843 6.6 2.82843
      vertex -3.09204 6.6 2.53757
    endloop
  endfacet
  facet normal 0.989176 0 -0.146736
    outer loop
      vertex -3.92314 -15 0.780361
      vertex -3.98074 -6.6 0.392068
      vertex -3.92314 -6.6 0.780361
    endloop
  endfacet
  facet normal 0.989176 0 -0.146736
    outer loop
      vertex -3.98074 -6.6 0.392068
      vertex -3.92314 -15 0.780361
      vertex -3.98074 -15 0.392068
    endloop
  endfacet
  facet normal 0.989176 0 -0.146736
    outer loop
      vertex -3.92314 6.6 0.780361
      vertex -3.98074 15 0.392068
      vertex -3.92314 15 0.780361
    endloop
  endfacet
  facet normal 0.989176 0 -0.146736
    outer loop
      vertex -3.98074 15 0.392068
      vertex -3.92314 6.6 0.780361
      vertex -3.98074 6.6 0.392068
    endloop
  endfacet
  facet normal 0.941545 0 -0.336887
    outer loop
      vertex -3.69552 -15 1.53073
      vertex -3.82776 -6.6 1.16114
      vertex -3.69552 -6.6 1.53073
    endloop
  endfacet
  facet normal 0.941545 0 -0.336887
    outer loop
      vertex -3.82776 -6.6 1.16114
      vertex -3.69552 -15 1.53073
      vertex -3.82776 -15 1.16114
    endloop
  endfacet
  facet normal 0.941545 0 -0.336887
    outer loop
      vertex -3.69552 6.6 1.53073
      vertex -3.82776 15 1.16114
      vertex -3.69552 15 1.53073
    endloop
  endfacet
  facet normal 0.941545 0 -0.336887
    outer loop
      vertex -3.82776 15 1.16114
      vertex -3.69552 6.6 1.53073
      vertex -3.82776 6.6 1.16114
    endloop
  endfacet
  facet normal 0.595708 0 -0.803201
    outer loop
      vertex -2.53757 -15 3.09204
      vertex -2.22228 -6.6 3.32588
      vertex -2.22228 -15 3.32588
    endloop
  endfacet
  facet normal 0.595708 0 -0.803201
    outer loop
      vertex -2.22228 -6.6 3.32588
      vertex -2.53757 -15 3.09204
      vertex -2.53757 -6.6 3.09204
    endloop
  endfacet
  facet normal 0.595708 0 -0.803201
    outer loop
      vertex -2.53757 6.6 3.09204
      vertex -2.22228 15 3.32588
      vertex -2.22228 6.6 3.32588
    endloop
  endfacet
  facet normal 0.595708 0 -0.803201
    outer loop
      vertex -2.22228 15 3.32588
      vertex -2.53757 6.6 3.09204
      vertex -2.53757 15 3.09204
    endloop
  endfacet
  facet normal 0.427563 0 -0.903986
    outer loop
      vertex -1.88559 -15 3.52768
      vertex -1.53073 -6.6 3.69552
      vertex -1.53073 -15 3.69552
    endloop
  endfacet
  facet normal 0.427563 0 -0.903986
    outer loop
      vertex -1.53073 -6.6 3.69552
      vertex -1.88559 -15 3.52768
      vertex -1.88559 -6.6 3.52768
    endloop
  endfacet
  facet normal 0.427563 0 -0.903986
    outer loop
      vertex -1.88559 6.6 3.52768
      vertex -1.53073 15 3.69552
      vertex -1.53073 6.6 3.69552
    endloop
  endfacet
  facet normal 0.427563 0 -0.903986
    outer loop
      vertex -1.53073 15 3.69552
      vertex -1.88559 6.6 3.52768
      vertex -1.88559 15 3.52768
    endloop
  endfacet
  facet normal 0.24298 0 -0.970031
    outer loop
      vertex -1.16114 -15 3.82776
      vertex -0.780361 -6.6 3.92314
      vertex -0.780361 -15 3.92314
    endloop
  endfacet
  facet normal 0.24298 0 -0.970031
    outer loop
      vertex -0.780361 -6.6 3.92314
      vertex -1.16114 -15 3.82776
      vertex -1.16114 -6.6 3.82776
    endloop
  endfacet
  facet normal 0.24298 0 -0.970031
    outer loop
      vertex -1.16114 6.6 3.82776
      vertex -0.780361 15 3.92314
      vertex -0.780361 6.6 3.92314
    endloop
  endfacet
  facet normal 0.24298 0 -0.970031
    outer loop
      vertex -0.780361 15 3.92314
      vertex -1.16114 6.6 3.82776
      vertex -1.16114 15 3.82776
    endloop
  endfacet
  facet normal 0.049065 0 -0.998796
    outer loop
      vertex -0.392068 -15 3.98074
      vertex 0 -6.6 4
      vertex 0 -15 4
    endloop
  endfacet
  facet normal 0.049065 0 -0.998796
    outer loop
      vertex 0 -6.6 4
      vertex -0.392068 -15 3.98074
      vertex -0.392068 -6.6 3.98074
    endloop
  endfacet
  facet normal 0.049065 0 -0.998796
    outer loop
      vertex -0.392068 6.6 3.98074
      vertex 0 15 4
      vertex 0 6.6 4
    endloop
  endfacet
  facet normal 0.049065 0 -0.998796
    outer loop
      vertex 0 15 4
      vertex -0.392068 6.6 3.98074
      vertex -0.392068 15 3.98074
    endloop
  endfacet
  facet normal -0.146736 0 0.989176
    outer loop
      vertex 0.392068 -6.6 -3.98074
      vertex 0.780361 -15 -3.92314
      vertex 0.780361 -6.6 -3.92314
    endloop
  endfacet
  facet normal -0.146736 0 0.989176
    outer loop
      vertex 0.780361 -15 -3.92314
      vertex 0.392068 -6.6 -3.98074
      vertex 0.392068 -15 -3.98074
    endloop
  endfacet
  facet normal -0.146736 0 0.989176
    outer loop
      vertex 0.392068 15 -3.98074
      vertex 0.780361 6.6 -3.92314
      vertex 0.780361 15 -3.92314
    endloop
  endfacet
  facet normal -0.146736 0 0.989176
    outer loop
      vertex 0.780361 6.6 -3.92314
      vertex 0.392068 15 -3.98074
      vertex 0.392068 6.6 -3.98074
    endloop
  endfacet
  facet normal -0.427563 0 0.903986
    outer loop
      vertex 1.53073 -6.6 -3.69552
      vertex 1.88559 -15 -3.52768
      vertex 1.88559 -6.6 -3.52768
    endloop
  endfacet
  facet normal -0.427563 0 0.903986
    outer loop
      vertex 1.88559 -15 -3.52768
      vertex 1.53073 -6.6 -3.69552
      vertex 1.53073 -15 -3.69552
    endloop
  endfacet
  facet normal -0.427563 0 0.903986
    outer loop
      vertex 1.53073 15 -3.69552
      vertex 1.88559 6.6 -3.52768
      vertex 1.88559 15 -3.52768
    endloop
  endfacet
  facet normal -0.427563 0 0.903986
    outer loop
      vertex 1.88559 6.6 -3.52768
      vertex 1.53073 15 -3.69552
      vertex 1.53073 6.6 -3.69552
    endloop
  endfacet
  facet normal -0.671545 0 0.740964
    outer loop
      vertex 2.53757 -6.6 -3.09204
      vertex 2.82843 -15 -2.82843
      vertex 2.82843 -6.6 -2.82843
    endloop
  endfacet
  facet normal -0.671545 0 0.740964
    outer loop
      vertex 2.82843 -15 -2.82843
      vertex 2.53757 -6.6 -3.09204
      vertex 2.53757 -15 -3.09204
    endloop
  endfacet
  facet normal -0.671545 0 0.740964
    outer loop
      vertex 2.53757 15 -3.09204
      vertex 2.82843 6.6 -2.82843
      vertex 2.82843 15 -2.82843
    endloop
  endfacet
  facet normal -0.671545 0 0.740964
    outer loop
      vertex 2.82843 6.6 -2.82843
      vertex 2.53757 15 -3.09204
      vertex 2.53757 6.6 -3.09204
    endloop
  endfacet
  facet normal -0.514095 0 0.857733
    outer loop
      vertex 1.88559 -6.6 -3.52768
      vertex 2.22228 -15 -3.32588
      vertex 2.22228 -6.6 -3.32588
    endloop
  endfacet
  facet normal -0.514095 0 0.857733
    outer loop
      vertex 2.22228 -15 -3.32588
      vertex 1.88559 -6.6 -3.52768
      vertex 1.88559 -15 -3.52768
    endloop
  endfacet
  facet normal -0.514095 0 0.857733
    outer loop
      vertex 1.88559 15 -3.52768
      vertex 2.22228 6.6 -3.32588
      vertex 2.22228 15 -3.32588
    endloop
  endfacet
  facet normal -0.514095 0 0.857733
    outer loop
      vertex 2.22228 6.6 -3.32588
      vertex 1.88559 15 -3.52768
      vertex 1.88559 6.6 -3.52768
    endloop
  endfacet
  facet normal -0.595708 0 0.803201
    outer loop
      vertex 2.22228 -6.6 -3.32588
      vertex 2.53757 -15 -3.09204
      vertex 2.53757 -6.6 -3.09204
    endloop
  endfacet
  facet normal -0.595708 0 0.803201
    outer loop
      vertex 2.53757 -15 -3.09204
      vertex 2.22228 -6.6 -3.32588
      vertex 2.22228 -15 -3.32588
    endloop
  endfacet
  facet normal -0.595708 0 0.803201
    outer loop
      vertex 2.22228 15 -3.32588
      vertex 2.53757 6.6 -3.09204
      vertex 2.53757 15 -3.09204
    endloop
  endfacet
  facet normal -0.595708 0 0.803201
    outer loop
      vertex 2.53757 6.6 -3.09204
      vertex 2.22228 15 -3.32588
      vertex 2.22228 6.6 -3.32588
    endloop
  endfacet
  facet normal -0.803201 0 0.595708
    outer loop
      vertex 3.09204 -15 -2.53757
      vertex 3.32588 -6.6 -2.22228
      vertex 3.09204 -6.6 -2.53757
    endloop
  endfacet
  facet normal -0.803201 0 0.595708
    outer loop
      vertex 3.32588 -6.6 -2.22228
      vertex 3.09204 -15 -2.53757
      vertex 3.32588 -15 -2.22228
    endloop
  endfacet
  facet normal -0.803201 0 0.595708
    outer loop
      vertex 3.09204 6.6 -2.53757
      vertex 3.32588 15 -2.22228
      vertex 3.09204 15 -2.53757
    endloop
  endfacet
  facet normal -0.803201 0 0.595708
    outer loop
      vertex 3.32588 15 -2.22228
      vertex 3.09204 6.6 -2.53757
      vertex 3.32588 6.6 -2.22228
    endloop
  endfacet
  facet normal -0.941545 0 0.336887
    outer loop
      vertex 3.69552 -15 -1.53073
      vertex 3.82776 -6.6 -1.16114
      vertex 3.69552 -6.6 -1.53073
    endloop
  endfacet
  facet normal -0.941545 0 0.336887
    outer loop
      vertex 3.82776 -6.6 -1.16114
      vertex 3.69552 -15 -1.53073
      vertex 3.82776 -15 -1.16114
    endloop
  endfacet
  facet normal -0.941545 0 0.336887
    outer loop
      vertex 3.69552 6.6 -1.53073
      vertex 3.82776 15 -1.16114
      vertex 3.69552 15 -1.53073
    endloop
  endfacet
  facet normal -0.941545 0 0.336887
    outer loop
      vertex 3.82776 15 -1.16114
      vertex 3.69552 6.6 -1.53073
      vertex 3.82776 6.6 -1.16114
    endloop
  endfacet
  facet normal -0.998796 0 0.049065
    outer loop
      vertex 3.98074 -15 -0.392068
      vertex 4 -6.6 0
      vertex 3.98074 -6.6 -0.392068
    endloop
  endfacet
  facet normal -0.998796 0 0.049065
    outer loop
      vertex 4 -6.6 0
      vertex 3.98074 -15 -0.392068
      vertex 4 -15 0
    endloop
  endfacet
  facet normal -0.998796 0 0.049065
    outer loop
      vertex 3.98074 6.6 -0.392068
      vertex 4 15 0
      vertex 3.98074 15 -0.392068
    endloop
  endfacet
  facet normal -0.998796 0 0.049065
    outer loop
      vertex 4 15 0
      vertex 3.98074 6.6 -0.392068
      vertex 4 6.6 0
    endloop
  endfacet
  facet normal 0.24298 0 0.970031
    outer loop
      vertex -1.16114 -6.6 -3.82776
      vertex -0.780361 -15 -3.92314
      vertex -0.780361 -6.6 -3.92314
    endloop
  endfacet
  facet normal 0.24298 0 0.970031
    outer loop
      vertex -0.780361 -15 -3.92314
      vertex -1.16114 -6.6 -3.82776
      vertex -1.16114 -15 -3.82776
    endloop
  endfacet
  facet normal 0.24298 0 0.970031
    outer loop
      vertex -1.16114 15 -3.82776
      vertex -0.780361 6.6 -3.92314
      vertex -0.780361 15 -3.92314
    endloop
  endfacet
  facet normal 0.24298 0 0.970031
    outer loop
      vertex -0.780361 6.6 -3.92314
      vertex -1.16114 15 -3.82776
      vertex -1.16114 6.6 -3.82776
    endloop
  endfacet
  facet normal 0.146736 0 0.989176
    outer loop
      vertex -0.780361 -6.6 -3.92314
      vertex -0.392068 -15 -3.98074
      vertex -0.392068 -6.6 -3.98074
    endloop
  endfacet
  facet normal 0.146736 0 0.989176
    outer loop
      vertex -0.392068 -15 -3.98074
      vertex -0.780361 -6.6 -3.92314
      vertex -0.780361 -15 -3.92314
    endloop
  endfacet
  facet normal 0.146736 0 0.989176
    outer loop
      vertex -0.780361 15 -3.92314
      vertex -0.392068 6.6 -3.98074
      vertex -0.392068 15 -3.98074
    endloop
  endfacet
  facet normal 0.146736 0 0.989176
    outer loop
      vertex -0.392068 6.6 -3.98074
      vertex -0.780361 15 -3.92314
      vertex -0.780361 6.6 -3.92314
    endloop
  endfacet
  facet normal 0.514095 0 0.857733
    outer loop
      vertex -2.22228 -6.6 -3.32588
      vertex -1.88559 -15 -3.52768
      vertex -1.88559 -6.6 -3.52768
    endloop
  endfacet
  facet normal 0.514095 0 0.857733
    outer loop
      vertex -1.88559 -15 -3.52768
      vertex -2.22228 -6.6 -3.32588
      vertex -2.22228 -15 -3.32588
    endloop
  endfacet
  facet normal 0.514095 0 0.857733
    outer loop
      vertex -2.22228 15 -3.32588
      vertex -1.88559 6.6 -3.52768
      vertex -1.88559 15 -3.52768
    endloop
  endfacet
  facet normal 0.514095 0 0.857733
    outer loop
      vertex -1.88559 6.6 -3.52768
      vertex -2.22228 15 -3.32588
      vertex -2.22228 6.6 -3.32588
    endloop
  endfacet
  facet normal 0.427563 0 0.903986
    outer loop
      vertex -1.88559 -6.6 -3.52768
      vertex -1.53073 -15 -3.69552
      vertex -1.53073 -6.6 -3.69552
    endloop
  endfacet
  facet normal 0.427563 0 0.903986
    outer loop
      vertex -1.53073 -15 -3.69552
      vertex -1.88559 -6.6 -3.52768
      vertex -1.88559 -15 -3.52768
    endloop
  endfacet
  facet normal 0.427563 0 0.903986
    outer loop
      vertex -1.88559 15 -3.52768
      vertex -1.53073 6.6 -3.69552
      vertex -1.53073 15 -3.69552
    endloop
  endfacet
  facet normal 0.427563 0 0.903986
    outer loop
      vertex -1.53073 6.6 -3.69552
      vertex -1.88559 15 -3.52768
      vertex -1.88559 6.6 -3.52768
    endloop
  endfacet
  facet normal 0.671545 0 0.740964
    outer loop
      vertex -2.82843 -6.6 -2.82843
      vertex -2.53757 -15 -3.09204
      vertex -2.53757 -6.6 -3.09204
    endloop
  endfacet
  facet normal 0.671545 0 0.740964
    outer loop
      vertex -2.53757 -15 -3.09204
      vertex -2.82843 -6.6 -2.82843
      vertex -2.82843 -15 -2.82843
    endloop
  endfacet
  facet normal 0.671545 0 0.740964
    outer loop
      vertex -2.82843 15 -2.82843
      vertex -2.53757 6.6 -3.09204
      vertex -2.53757 15 -3.09204
    endloop
  endfacet
  facet normal 0.671545 0 0.740964
    outer loop
      vertex -2.53757 6.6 -3.09204
      vertex -2.82843 15 -2.82843
      vertex -2.82843 6.6 -2.82843
    endloop
  endfacet
  facet normal 0.857733 -0 0.514095
    outer loop
      vertex -3.52768 -15 -1.88559
      vertex -3.32588 -6.6 -2.22228
      vertex -3.52768 -6.6 -1.88559
    endloop
  endfacet
  facet normal 0.857733 0 0.514095
    outer loop
      vertex -3.32588 -6.6 -2.22228
      vertex -3.52768 -15 -1.88559
      vertex -3.32588 -15 -2.22228
    endloop
  endfacet
  facet normal 0.857733 -0 0.514095
    outer loop
      vertex -3.52768 6.6 -1.88559
      vertex -3.32588 15 -2.22228
      vertex -3.52768 15 -1.88559
    endloop
  endfacet
  facet normal 0.857733 0 0.514095
    outer loop
      vertex -3.32588 15 -2.22228
      vertex -3.52768 6.6 -1.88559
      vertex -3.32588 6.6 -2.22228
    endloop
  endfacet
  facet normal 0.998796 -0 0.049065
    outer loop
      vertex -4 -15 0
      vertex -3.98074 -6.6 -0.392068
      vertex -4 -6.6 0
    endloop
  endfacet
  facet normal 0.998796 0 0.049065
    outer loop
      vertex -3.98074 -6.6 -0.392068
      vertex -4 -15 0
      vertex -3.98074 -15 -0.392068
    endloop
  endfacet
  facet normal 0.998796 -0 0.049065
    outer loop
      vertex -4 6.6 0
      vertex -3.98074 15 -0.392068
      vertex -4 15 0
    endloop
  endfacet
  facet normal 0.998796 0 0.049065
    outer loop
      vertex -3.98074 15 -0.392068
      vertex -4 6.6 0
      vertex -3.98074 6.6 -0.392068
    endloop
  endfacet
  facet normal 0.989176 -0 0.146736
    outer loop
      vertex -3.98074 -15 -0.392068
      vertex -3.92314 -6.6 -0.780361
      vertex -3.98074 -6.6 -0.392068
    endloop
  endfacet
  facet normal 0.989176 0 0.146736
    outer loop
      vertex -3.92314 -6.6 -0.780361
      vertex -3.98074 -15 -0.392068
      vertex -3.92314 -15 -0.780361
    endloop
  endfacet
  facet normal 0.989176 -0 0.146736
    outer loop
      vertex -3.98074 6.6 -0.392068
      vertex -3.92314 15 -0.780361
      vertex -3.98074 15 -0.392068
    endloop
  endfacet
  facet normal 0.989176 0 0.146736
    outer loop
      vertex -3.92314 15 -0.780361
      vertex -3.98074 6.6 -0.392068
      vertex -3.92314 6.6 -0.780361
    endloop
  endfacet
  facet normal 0.970031 -0 0.24298
    outer loop
      vertex -3.92314 -15 -0.780361
      vertex -3.82776 -6.6 -1.16114
      vertex -3.92314 -6.6 -0.780361
    endloop
  endfacet
  facet normal 0.970031 0 0.24298
    outer loop
      vertex -3.82776 -6.6 -1.16114
      vertex -3.92314 -15 -0.780361
      vertex -3.82776 -15 -1.16114
    endloop
  endfacet
  facet normal 0.970031 -0 0.24298
    outer loop
      vertex -3.92314 6.6 -0.780361
      vertex -3.82776 15 -1.16114
      vertex -3.92314 15 -0.780361
    endloop
  endfacet
  facet normal 0.970031 0 0.24298
    outer loop
      vertex -3.82776 15 -1.16114
      vertex -3.92314 6.6 -0.780361
      vertex -3.82776 6.6 -1.16114
    endloop
  endfacet
  facet normal 0.941545 -0 0.336887
    outer loop
      vertex -3.82776 -15 -1.16114
      vertex -3.69552 -6.6 -1.53073
      vertex -3.82776 -6.6 -1.16114
    endloop
  endfacet
  facet normal 0.941545 0 0.336887
    outer loop
      vertex -3.69552 -6.6 -1.53073
      vertex -3.82776 -15 -1.16114
      vertex -3.69552 -15 -1.53073
    endloop
  endfacet
  facet normal 0.941545 -0 0.336887
    outer loop
      vertex -3.82776 6.6 -1.16114
      vertex -3.69552 15 -1.53073
      vertex -3.82776 15 -1.16114
    endloop
  endfacet
  facet normal 0.941545 0 0.336887
    outer loop
      vertex -3.69552 15 -1.53073
      vertex -3.82776 6.6 -1.16114
      vertex -3.69552 6.6 -1.53073
    endloop
  endfacet
endsolid OpenSCAD_Model
