solid OpenSCAD_Model
  facet normal 0 -0.0490672 0.998795
    outer loop
      vertex -92 2.25439 2.11075
      vertex -86 0 2
      vertex -86 2.25439 2.11075
    endloop
  endfacet
  facet normal 0 -0.0490672 0.998795
    outer loop
      vertex -86 0 2
      vertex -92 2.25439 2.11075
      vertex -92 0 2
    endloop
  endfacet
  facet normal 0 -0.0490893 -0.998794
    outer loop
      vertex -92 0 48
      vertex -88 2.25439 47.8892
      vertex -88 0 48
    endloop
  endfacet
  facet normal -0 -0.0490893 -0.998794
    outer loop
      vertex -88 2.25439 47.8892
      vertex -92 0 48
      vertex -92 2.25439 47.8892
    endloop
  endfacet
  facet normal 0 0.998794 -0.0490891
    outer loop
      vertex -88 -23 25
      vertex -92 -22.8892 27.2544
      vertex -88 -22.8892 27.2544
    endloop
  endfacet
  facet normal 0 0.998794 -0.0490891
    outer loop
      vertex -92 -22.8892 27.2544
      vertex -88 -23 25
      vertex -92 -23 25
    endloop
  endfacet
  facet normal 0 0.671519 -0.740988
    outer loop
      vertex -92 -16.2635 41.2635
      vertex -88 -14.591 42.7792
      vertex -88 -16.2635 41.2635
    endloop
  endfacet
  facet normal 0 0.671519 -0.740988
    outer loop
      vertex -88 -14.591 42.7792
      vertex -92 -16.2635 41.2635
      vertex -92 -14.591 42.7792
    endloop
  endfacet
  facet normal 0 -0.740988 -0.671519
    outer loop
      vertex -92 17.7792 39.591
      vertex -88 16.2635 41.2635
      vertex -92 16.2635 41.2635
    endloop
  endfacet
  facet normal 0 -0.740988 -0.671519
    outer loop
      vertex -88 16.2635 41.2635
      vertex -92 17.7792 39.591
      vertex -88 17.7792 39.591
    endloop
  endfacet
  facet normal 0 -0.941545 -0.336886
    outer loop
      vertex -92 22.0096 31.6765
      vertex -88 21.2492 33.8017
      vertex -92 21.2492 33.8017
    endloop
  endfacet
  facet normal 0 -0.941545 -0.336886
    outer loop
      vertex -88 21.2492 33.8017
      vertex -92 22.0096 31.6765
      vertex -88 22.0096 31.6765
    endloop
  endfacet
  facet normal 0 0.336891 -0.941544
    outer loop
      vertex -92 -8.80172 46.2492
      vertex -88 -6.67655 47.0096
      vertex -88 -8.80172 46.2492
    endloop
  endfacet
  facet normal 0 0.336891 -0.941544
    outer loop
      vertex -88 -6.67655 47.0096
      vertex -92 -8.80172 46.2492
      vertex -92 -6.67655 47.0096
    endloop
  endfacet
  facet normal 0 -0.970022 0.243015
    outer loop
      vertex -92 22.0096 18.3235
      vertex -88 22.5581 20.5129
      vertex -92 22.5581 20.5129
    endloop
  endfacet
  facet normal 0 -0.970022 0.243015
    outer loop
      vertex -88 22.5581 20.5129
      vertex -92 22.0096 18.3235
      vertex -88 22.0096 18.3235
    endloop
  endfacet
  facet normal 0 -0.427545 -0.903994
    outer loop
      vertex -92 8.80172 46.2492
      vertex -88 10.8421 45.2842
      vertex -88 8.80172 46.2492
    endloop
  endfacet
  facet normal -0 -0.427545 -0.903994
    outer loop
      vertex -88 10.8421 45.2842
      vertex -92 8.80172 46.2492
      vertex -92 10.8421 45.2842
    endloop
  endfacet
  facet normal 0 -0.989182 -0.146692
    outer loop
      vertex -92 22.8892 27.2544
      vertex -88 22.5581 29.4871
      vertex -92 22.5581 29.4871
    endloop
  endfacet
  facet normal 0 -0.989182 -0.146692
    outer loop
      vertex -88 22.5581 29.4871
      vertex -92 22.8892 27.2544
      vertex -88 22.8892 27.2544
    endloop
  endfacet
  facet normal 0 0.903996 -0.427542
    outer loop
      vertex -88 -21.2492 33.8017
      vertex -92 -20.2842 35.8421
      vertex -88 -20.2842 35.8421
    endloop
  endfacet
  facet normal 0 0.903996 -0.427542
    outer loop
      vertex -92 -20.2842 35.8421
      vertex -88 -21.2492 33.8017
      vertex -92 -21.2492 33.8017
    endloop
  endfacet
  facet normal 0 0.146692 -0.989182
    outer loop
      vertex -92 -4.48708 47.5581
      vertex -88 -2.25439 47.8892
      vertex -88 -4.48708 47.5581
    endloop
  endfacet
  facet normal 0 0.146692 -0.989182
    outer loop
      vertex -88 -2.25439 47.8892
      vertex -92 -4.48708 47.5581
      vertex -92 -2.25439 47.8892
    endloop
  endfacet
  facet normal 0 -0.146731 0.989176
    outer loop
      vertex -92 4.48708 2.44194
      vertex -86 2.25439 2.11075
      vertex -86 4.48708 2.44194
    endloop
  endfacet
  facet normal 0 -0.146731 0.989176
    outer loop
      vertex -86 2.25439 2.11075
      vertex -92 4.48708 2.44194
      vertex -92 2.25439 2.11075
    endloop
  endfacet
  facet normal 0 -0.336891 0.941544
    outer loop
      vertex -92 8.80172 3.75077
      vertex -86 6.67655 2.99037
      vertex -86 8.80172 3.75077
    endloop
  endfacet
  facet normal 0 -0.336891 0.941544
    outer loop
      vertex -86 6.67655 2.99037
      vertex -92 8.80172 3.75077
      vertex -92 6.67655 2.99037
    endloop
  endfacet
  facet normal 0 -0.671538 0.74097
    outer loop
      vertex -92 16.2635 8.73654
      vertex -88 14.591 7.22076
      vertex -88 16.2635 8.73654
    endloop
  endfacet
  facet normal 0 -0.671538 0.74097
    outer loop
      vertex -88 14.591 7.22076
      vertex -92 16.2635 8.73654
      vertex -92 14.591 7.22076
    endloop
  endfacet
  facet normal 0 -0.514116 0.857721
    outer loop
      vertex -88 12.7781 5.8762
      vertex -92 12.7781 5.8762
      vertex -88 11.3163 5
    endloop
  endfacet
  facet normal 0 -0.514057 0.857756
    outer loop
      vertex -88 11.3163 5
      vertex -86 10.8421 4.71581
      vertex -86 11.3163 5
    endloop
  endfacet
  facet normal 0 -0.514057 0.857756
    outer loop
      vertex -88 11.3163 5
      vertex -92 10.8421 4.71581
      vertex -86 10.8421 4.71581
    endloop
  endfacet
  facet normal 7.21029e-06 -0.514102 0.857729
    outer loop
      vertex -92 10.8421 4.71581
      vertex -88 11.3163 5
      vertex -92 12.7781 5.8762
    endloop
  endfacet
  facet normal 0 -0.989182 0.146692
    outer loop
      vertex -92 22.5581 20.5129
      vertex -88 22.8892 22.7456
      vertex -92 22.8892 22.7456
    endloop
  endfacet
  facet normal 0 -0.989182 0.146692
    outer loop
      vertex -88 22.8892 22.7456
      vertex -92 22.5581 20.5129
      vertex -88 22.5581 20.5129
    endloop
  endfacet
  facet normal 0 -0.903996 0.427542
    outer loop
      vertex -92 20.2842 14.1579
      vertex -88 21.2492 16.1983
      vertex -92 21.2492 16.1983
    endloop
  endfacet
  facet normal 0 -0.903996 0.427542
    outer loop
      vertex -88 21.2492 16.1983
      vertex -92 20.2842 14.1579
      vertex -88 20.2842 14.1579
    endloop
  endfacet
  facet normal 0 -0.803194 0.595717
    outer loop
      vertex -92 17.7792 10.409
      vertex -88 19.1238 12.2219
      vertex -92 19.1238 12.2219
    endloop
  endfacet
  facet normal 0 -0.803194 0.595717
    outer loop
      vertex -88 19.1238 12.2219
      vertex -92 17.7792 10.409
      vertex -88 17.7792 10.409
    endloop
  endfacet
  facet normal 0 -0.243008 -0.970024
    outer loop
      vertex -92 4.48708 47.5581
      vertex -88 6.67655 47.0096
      vertex -88 4.48708 47.5581
    endloop
  endfacet
  facet normal -0 -0.243008 -0.970024
    outer loop
      vertex -88 6.67655 47.0096
      vertex -92 4.48708 47.5581
      vertex -92 6.67655 47.0096
    endloop
  endfacet
  facet normal 0 -0.595717 -0.803194
    outer loop
      vertex -92 12.7781 44.1238
      vertex -88 14.591 42.7792
      vertex -88 12.7781 44.1238
    endloop
  endfacet
  facet normal -0 -0.595717 -0.803194
    outer loop
      vertex -88 14.591 42.7792
      vertex -92 12.7781 44.1238
      vertex -92 14.591 42.7792
    endloop
  endfacet
  facet normal 0 -0.671519 -0.740988
    outer loop
      vertex -92 14.591 42.7792
      vertex -88 16.2635 41.2635
      vertex -88 14.591 42.7792
    endloop
  endfacet
  facet normal -0 -0.671519 -0.740988
    outer loop
      vertex -88 16.2635 41.2635
      vertex -92 14.591 42.7792
      vertex -92 16.2635 41.2635
    endloop
  endfacet
  facet normal 0 -0.514105 -0.857727
    outer loop
      vertex -92 10.8421 45.2842
      vertex -88 12.7781 44.1238
      vertex -88 10.8421 45.2842
    endloop
  endfacet
  facet normal -0 -0.514105 -0.857727
    outer loop
      vertex -88 12.7781 44.1238
      vertex -92 10.8421 45.2842
      vertex -92 12.7781 44.1238
    endloop
  endfacet
  facet normal 0 -0.336891 -0.941544
    outer loop
      vertex -92 6.67655 47.0096
      vertex -88 8.80172 46.2492
      vertex -88 6.67655 47.0096
    endloop
  endfacet
  facet normal -0 -0.336891 -0.941544
    outer loop
      vertex -88 8.80172 46.2492
      vertex -92 6.67655 47.0096
      vertex -92 8.80172 46.2492
    endloop
  endfacet
  facet normal 0 -0.146692 -0.989182
    outer loop
      vertex -92 2.25439 47.8892
      vertex -88 4.48708 47.5581
      vertex -88 2.25439 47.8892
    endloop
  endfacet
  facet normal -0 -0.146692 -0.989182
    outer loop
      vertex -88 4.48708 47.5581
      vertex -92 2.25439 47.8892
      vertex -92 4.48708 47.5581
    endloop
  endfacet
  facet normal 0 -0.857727 -0.514105
    outer loop
      vertex -92 20.2842 35.8421
      vertex -88 19.1238 37.7781
      vertex -92 19.1238 37.7781
    endloop
  endfacet
  facet normal 0 -0.857727 -0.514105
    outer loop
      vertex -88 19.1238 37.7781
      vertex -92 20.2842 35.8421
      vertex -88 20.2842 35.8421
    endloop
  endfacet
  facet normal 0 -0.903996 -0.427542
    outer loop
      vertex -92 21.2492 33.8017
      vertex -88 20.2842 35.8421
      vertex -92 20.2842 35.8421
    endloop
  endfacet
  facet normal 0 -0.903996 -0.427542
    outer loop
      vertex -88 20.2842 35.8421
      vertex -92 21.2492 33.8017
      vertex -88 21.2492 33.8017
    endloop
  endfacet
  facet normal 0 -0.803194 -0.595717
    outer loop
      vertex -92 19.1238 37.7781
      vertex -88 17.7792 39.591
      vertex -92 17.7792 39.591
    endloop
  endfacet
  facet normal 0 -0.803194 -0.595717
    outer loop
      vertex -88 17.7792 39.591
      vertex -92 19.1238 37.7781
      vertex -88 19.1238 37.7781
    endloop
  endfacet
  facet normal 0 -0.970022 -0.243015
    outer loop
      vertex -92 22.5581 29.4871
      vertex -88 22.0096 31.6765
      vertex -92 22.0096 31.6765
    endloop
  endfacet
  facet normal 0 -0.970022 -0.243015
    outer loop
      vertex -88 22.0096 31.6765
      vertex -92 22.5581 29.4871
      vertex -88 22.5581 29.4871
    endloop
  endfacet
  facet normal 0 -0.998794 -0.0490891
    outer loop
      vertex -92 23 25
      vertex -88 22.8892 27.2544
      vertex -92 22.8892 27.2544
    endloop
  endfacet
  facet normal 0 -0.998794 -0.0490891
    outer loop
      vertex -88 22.8892 27.2544
      vertex -92 23 25
      vertex -88 23 25
    endloop
  endfacet
  facet normal -0 0.0490672 0.998795
    outer loop
      vertex -92 0 2
      vertex -86 -2.25439 2.11075
      vertex -86 0 2
    endloop
  endfacet
  facet normal 0 0.0490672 0.998795
    outer loop
      vertex -86 -2.25439 2.11075
      vertex -92 0 2
      vertex -92 -2.25439 2.11075
    endloop
  endfacet
  facet normal 0 0.941545 0.336886
    outer loop
      vertex -88 -21.2492 16.1983
      vertex -92 -22.0096 18.3235
      vertex -88 -22.0096 18.3235
    endloop
  endfacet
  facet normal 0 0.941545 0.336886
    outer loop
      vertex -92 -22.0096 18.3235
      vertex -88 -21.2492 16.1983
      vertex -92 -21.2492 16.1983
    endloop
  endfacet
  facet normal 0 0.74098 0.671527
    outer loop
      vertex -88 -16.2635 8.73654
      vertex -92 -17.7792 10.409
      vertex -88 -17.7792 10.409
    endloop
  endfacet
  facet normal 0 0.74098 0.671527
    outer loop
      vertex -92 -17.7792 10.409
      vertex -88 -16.2635 8.73654
      vertex -92 -16.2635 8.73654
    endloop
  endfacet
  facet normal 0 0.857727 0.514105
    outer loop
      vertex -88 -19.1238 12.2219
      vertex -92 -20.2842 14.1579
      vertex -88 -20.2842 14.1579
    endloop
  endfacet
  facet normal 0 0.857727 0.514105
    outer loop
      vertex -92 -20.2842 14.1579
      vertex -88 -19.1238 12.2219
      vertex -92 -19.1238 12.2219
    endloop
  endfacet
  facet normal -0 0.595706 0.803203
    outer loop
      vertex -92 -12.7781 5.8762
      vertex -88 -14.591 7.22076
      vertex -88 -12.7781 5.8762
    endloop
  endfacet
  facet normal 0 0.595706 0.803203
    outer loop
      vertex -88 -14.591 7.22076
      vertex -92 -12.7781 5.8762
      vertex -92 -14.591 7.22076
    endloop
  endfacet
  facet normal -0 0.427559 0.903987
    outer loop
      vertex -92 -8.80172 3.75077
      vertex -86 -10.8421 4.71581
      vertex -86 -8.80172 3.75077
    endloop
  endfacet
  facet normal 0 0.427559 0.903987
    outer loop
      vertex -86 -10.8421 4.71581
      vertex -92 -8.80172 3.75077
      vertex -92 -10.8421 4.71581
    endloop
  endfacet
  facet normal 0 0.970022 -0.243015
    outer loop
      vertex -88 -22.5581 29.4871
      vertex -92 -22.0096 31.6765
      vertex -88 -22.0096 31.6765
    endloop
  endfacet
  facet normal 0 0.970022 -0.243015
    outer loop
      vertex -92 -22.0096 31.6765
      vertex -88 -22.5581 29.4871
      vertex -92 -22.5581 29.4871
    endloop
  endfacet
  facet normal 0 0.803194 -0.595717
    outer loop
      vertex -88 -19.1238 37.7781
      vertex -92 -17.7792 39.591
      vertex -88 -17.7792 39.591
    endloop
  endfacet
  facet normal 0 0.803194 -0.595717
    outer loop
      vertex -92 -17.7792 39.591
      vertex -88 -19.1238 37.7781
      vertex -92 -19.1238 37.7781
    endloop
  endfacet
  facet normal 0 0.740988 -0.671519
    outer loop
      vertex -88 -17.7792 39.591
      vertex -92 -16.2635 41.2635
      vertex -88 -16.2635 41.2635
    endloop
  endfacet
  facet normal 0 0.740988 -0.671519
    outer loop
      vertex -92 -16.2635 41.2635
      vertex -88 -17.7792 39.591
      vertex -92 -17.7792 39.591
    endloop
  endfacet
  facet normal 0 0.857727 -0.514105
    outer loop
      vertex -88 -20.2842 35.8421
      vertex -92 -19.1238 37.7781
      vertex -88 -19.1238 37.7781
    endloop
  endfacet
  facet normal 0 0.857727 -0.514105
    outer loop
      vertex -92 -19.1238 37.7781
      vertex -88 -20.2842 35.8421
      vertex -92 -20.2842 35.8421
    endloop
  endfacet
  facet normal 0 0.941545 -0.336886
    outer loop
      vertex -88 -22.0096 31.6765
      vertex -92 -21.2492 33.8017
      vertex -88 -21.2492 33.8017
    endloop
  endfacet
  facet normal 0 0.941545 -0.336886
    outer loop
      vertex -92 -21.2492 33.8017
      vertex -88 -22.0096 31.6765
      vertex -92 -22.0096 31.6765
    endloop
  endfacet
  facet normal 0 0.989182 -0.146692
    outer loop
      vertex -88 -22.8892 27.2544
      vertex -92 -22.5581 29.4871
      vertex -88 -22.5581 29.4871
    endloop
  endfacet
  facet normal 0 0.989182 -0.146692
    outer loop
      vertex -92 -22.5581 29.4871
      vertex -88 -22.8892 27.2544
      vertex -92 -22.8892 27.2544
    endloop
  endfacet
  facet normal -1 0 0
    outer loop
      vertex -86 8.80172 3.75077
      vertex -86 11.3163 5
      vertex -86 10.8421 4.71581
    endloop
  endfacet
  facet normal -1 0 0
    outer loop
      vertex -86 6.67655 2.99037
      vertex -86 11.3163 5
      vertex -86 8.80172 3.75077
    endloop
  endfacet
  facet normal -1 0 0
    outer loop
      vertex -86 4.48708 2.44194
      vertex -86 11.3163 5
      vertex -86 6.67655 2.99037
    endloop
  endfacet
  facet normal -1 0 0
    outer loop
      vertex -86 2.25439 2.11075
      vertex -86 11.3163 5
      vertex -86 4.48708 2.44194
    endloop
  endfacet
  facet normal -1 0 0
    outer loop
      vertex -86 0 2
      vertex -86 11.3163 5
      vertex -86 2.25439 2.11075
    endloop
  endfacet
  facet normal -1 0 0
    outer loop
      vertex -86 -2.25439 2.11075
      vertex -86 11.3163 5
      vertex -86 0 2
    endloop
  endfacet
  facet normal -1 0 0
    outer loop
      vertex -86 -4.48708 2.44194
      vertex -86 11.3163 5
      vertex -86 -2.25439 2.11075
    endloop
  endfacet
  facet normal -1 0 0
    outer loop
      vertex -86 -6.67655 2.99037
      vertex -86 11.3163 5
      vertex -86 -4.48708 2.44194
    endloop
  endfacet
  facet normal -1 0 0
    outer loop
      vertex -86 -8.80172 3.75077
      vertex -86 11.3163 5
      vertex -86 -6.67655 2.99037
    endloop
  endfacet
  facet normal -1 0 0
    outer loop
      vertex -86 -11.3163 5
      vertex -86 -8.80172 3.75077
      vertex -86 -10.8421 4.71581
    endloop
  endfacet
  facet normal -1 0 0
    outer loop
      vertex -86 -8.80172 3.75077
      vertex -86 -11.3163 5
      vertex -86 11.3163 5
    endloop
  endfacet
  facet normal 0 0.514105 -0.857727
    outer loop
      vertex -92 -12.7781 44.1238
      vertex -88 -10.8421 45.2842
      vertex -88 -12.7781 44.1238
    endloop
  endfacet
  facet normal 0 0.514105 -0.857727
    outer loop
      vertex -88 -10.8421 45.2842
      vertex -92 -12.7781 44.1238
      vertex -92 -10.8421 45.2842
    endloop
  endfacet
  facet normal 0 0.595717 -0.803194
    outer loop
      vertex -92 -14.591 42.7792
      vertex -88 -12.7781 44.1238
      vertex -88 -14.591 42.7792
    endloop
  endfacet
  facet normal 0 0.595717 -0.803194
    outer loop
      vertex -88 -12.7781 44.1238
      vertex -92 -14.591 42.7792
      vertex -92 -12.7781 44.1238
    endloop
  endfacet
  facet normal 0 0.0490893 -0.998794
    outer loop
      vertex -92 -2.25439 47.8892
      vertex -88 0 48
      vertex -88 -2.25439 47.8892
    endloop
  endfacet
  facet normal 0 0.0490893 -0.998794
    outer loop
      vertex -88 0 48
      vertex -92 -2.25439 47.8892
      vertex -92 0 48
    endloop
  endfacet
  facet normal 0 -0.242979 0.970032
    outer loop
      vertex -92 6.67655 2.99037
      vertex -86 4.48708 2.44194
      vertex -86 6.67655 2.99037
    endloop
  endfacet
  facet normal 0 -0.242979 0.970032
    outer loop
      vertex -86 4.48708 2.44194
      vertex -92 6.67655 2.99037
      vertex -92 4.48708 2.44194
    endloop
  endfacet
  facet normal 0 -0.427559 0.903987
    outer loop
      vertex -92 10.8421 4.71581
      vertex -86 8.80172 3.75077
      vertex -86 10.8421 4.71581
    endloop
  endfacet
  facet normal 0 -0.427559 0.903987
    outer loop
      vertex -86 8.80172 3.75077
      vertex -92 10.8421 4.71581
      vertex -92 8.80172 3.75077
    endloop
  endfacet
  facet normal 0 -0.74098 0.671527
    outer loop
      vertex -92 16.2635 8.73654
      vertex -88 17.7792 10.409
      vertex -92 17.7792 10.409
    endloop
  endfacet
  facet normal 0 -0.74098 0.671527
    outer loop
      vertex -88 17.7792 10.409
      vertex -92 16.2635 8.73654
      vertex -88 16.2635 8.73654
    endloop
  endfacet
  facet normal 0 -0.595706 0.803203
    outer loop
      vertex -92 14.591 7.22076
      vertex -88 12.7781 5.8762
      vertex -88 14.591 7.22076
    endloop
  endfacet
  facet normal 0 -0.595706 0.803203
    outer loop
      vertex -88 12.7781 5.8762
      vertex -92 14.591 7.22076
      vertex -92 12.7781 5.8762
    endloop
  endfacet
  facet normal 0 -0.998794 0.0490891
    outer loop
      vertex -92 22.8892 22.7456
      vertex -88 23 25
      vertex -92 23 25
    endloop
  endfacet
  facet normal 0 -0.998794 0.0490891
    outer loop
      vertex -88 23 25
      vertex -92 22.8892 22.7456
      vertex -88 22.8892 22.7456
    endloop
  endfacet
  facet normal 0 -0.941545 0.336886
    outer loop
      vertex -92 21.2492 16.1983
      vertex -88 22.0096 18.3235
      vertex -92 22.0096 18.3235
    endloop
  endfacet
  facet normal 0 -0.941545 0.336886
    outer loop
      vertex -88 22.0096 18.3235
      vertex -92 21.2492 16.1983
      vertex -88 21.2492 16.1983
    endloop
  endfacet
  facet normal 0 -0.857727 0.514105
    outer loop
      vertex -92 19.1238 12.2219
      vertex -88 20.2842 14.1579
      vertex -92 20.2842 14.1579
    endloop
  endfacet
  facet normal 0 -0.857727 0.514105
    outer loop
      vertex -88 20.2842 14.1579
      vertex -92 19.1238 12.2219
      vertex -88 19.1238 12.2219
    endloop
  endfacet
  facet normal 0 0.998794 0.0490891
    outer loop
      vertex -88 -22.8892 22.7456
      vertex -92 -23 25
      vertex -88 -23 25
    endloop
  endfacet
  facet normal 0 0.998794 0.0490891
    outer loop
      vertex -92 -23 25
      vertex -88 -22.8892 22.7456
      vertex -92 -22.8892 22.7456
    endloop
  endfacet
  facet normal 0 0.970022 0.243015
    outer loop
      vertex -88 -22.0096 18.3235
      vertex -92 -22.5581 20.5129
      vertex -88 -22.5581 20.5129
    endloop
  endfacet
  facet normal 0 0.970022 0.243015
    outer loop
      vertex -92 -22.5581 20.5129
      vertex -88 -22.0096 18.3235
      vertex -92 -22.0096 18.3235
    endloop
  endfacet
  facet normal 0 0.903996 0.427542
    outer loop
      vertex -88 -20.2842 14.1579
      vertex -92 -21.2492 16.1983
      vertex -88 -21.2492 16.1983
    endloop
  endfacet
  facet normal 0 0.903996 0.427542
    outer loop
      vertex -92 -21.2492 16.1983
      vertex -88 -20.2842 14.1579
      vertex -92 -20.2842 14.1579
    endloop
  endfacet
  facet normal -0 0.671538 0.74097
    outer loop
      vertex -92 -14.591 7.22076
      vertex -88 -16.2635 8.73654
      vertex -88 -14.591 7.22076
    endloop
  endfacet
  facet normal 0 0.671538 0.74097
    outer loop
      vertex -88 -16.2635 8.73654
      vertex -92 -14.591 7.22076
      vertex -92 -16.2635 8.73654
    endloop
  endfacet
  facet normal 0 0.803194 0.595717
    outer loop
      vertex -88 -17.7792 10.409
      vertex -92 -19.1238 12.2219
      vertex -88 -19.1238 12.2219
    endloop
  endfacet
  facet normal 0 0.803194 0.595717
    outer loop
      vertex -92 -19.1238 12.2219
      vertex -88 -17.7792 10.409
      vertex -92 -17.7792 10.409
    endloop
  endfacet
  facet normal 0 0.514057 0.857756
    outer loop
      vertex -86 -10.8421 4.71581
      vertex -88 -11.3163 5
      vertex -86 -11.3163 5
    endloop
  endfacet
  facet normal -0 0.514057 0.857756
    outer loop
      vertex -92 -10.8421 4.71581
      vertex -88 -11.3163 5
      vertex -86 -10.8421 4.71581
    endloop
  endfacet
  facet normal 7.21029e-06 0.514102 0.857729
    outer loop
      vertex -92 -12.7781 5.8762
      vertex -88 -11.3163 5
      vertex -92 -10.8421 4.71581
    endloop
  endfacet
  facet normal 0 0.514116 0.857721
    outer loop
      vertex -88 -11.3163 5
      vertex -92 -12.7781 5.8762
      vertex -88 -12.7781 5.8762
    endloop
  endfacet
  facet normal -0 0.336891 0.941544
    outer loop
      vertex -92 -6.67655 2.99037
      vertex -86 -8.80172 3.75077
      vertex -86 -6.67655 2.99037
    endloop
  endfacet
  facet normal 0 0.336891 0.941544
    outer loop
      vertex -86 -8.80172 3.75077
      vertex -92 -6.67655 2.99037
      vertex -92 -8.80172 3.75077
    endloop
  endfacet
  facet normal -0 0.146731 0.989176
    outer loop
      vertex -92 -2.25439 2.11075
      vertex -86 -4.48708 2.44194
      vertex -86 -2.25439 2.11075
    endloop
  endfacet
  facet normal 0 0.146731 0.989176
    outer loop
      vertex -86 -4.48708 2.44194
      vertex -92 -2.25439 2.11075
      vertex -92 -4.48708 2.44194
    endloop
  endfacet
  facet normal -0 0.242979 0.970032
    outer loop
      vertex -92 -4.48708 2.44194
      vertex -86 -6.67655 2.99037
      vertex -86 -4.48708 2.44194
    endloop
  endfacet
  facet normal 0 0.242979 0.970032
    outer loop
      vertex -86 -6.67655 2.99037
      vertex -92 -4.48708 2.44194
      vertex -92 -6.67655 2.99037
    endloop
  endfacet
  facet normal 0 0.427545 -0.903994
    outer loop
      vertex -92 -10.8421 45.2842
      vertex -88 -8.80172 46.2492
      vertex -88 -10.8421 45.2842
    endloop
  endfacet
  facet normal 0 0.427545 -0.903994
    outer loop
      vertex -88 -8.80172 46.2492
      vertex -92 -10.8421 45.2842
      vertex -92 -8.80172 46.2492
    endloop
  endfacet
  facet normal 0 0.243008 -0.970024
    outer loop
      vertex -92 -6.67655 47.0096
      vertex -88 -4.48708 47.5581
      vertex -88 -6.67655 47.0096
    endloop
  endfacet
  facet normal 0 0.243008 -0.970024
    outer loop
      vertex -88 -4.48708 47.5581
      vertex -92 -6.67655 47.0096
      vertex -92 -4.48708 47.5581
    endloop
  endfacet
  facet normal 0 0.989182 0.146692
    outer loop
      vertex -88 -22.5581 20.5129
      vertex -92 -22.8892 22.7456
      vertex -88 -22.8892 22.7456
    endloop
  endfacet
  facet normal 0 0.989182 0.146692
    outer loop
      vertex -92 -22.8892 22.7456
      vertex -88 -22.5581 20.5129
      vertex -92 -22.5581 20.5129
    endloop
  endfacet
  facet normal 0 -0.0490672 0.998795
    outer loop
      vertex 86 2.25439 2.11075
      vertex 92 0 2
      vertex 92 2.25439 2.11075
    endloop
  endfacet
  facet normal 0 -0.0490672 0.998795
    outer loop
      vertex 92 0 2
      vertex 86 2.25439 2.11075
      vertex 86 0 2
    endloop
  endfacet
  facet normal 0 -0.0490893 -0.998794
    outer loop
      vertex 88 0 48
      vertex 92 2.25439 47.8892
      vertex 92 0 48
    endloop
  endfacet
  facet normal -0 -0.0490893 -0.998794
    outer loop
      vertex 92 2.25439 47.8892
      vertex 88 0 48
      vertex 88 2.25439 47.8892
    endloop
  endfacet
  facet normal 0 0.998794 -0.0490891
    outer loop
      vertex 92 -23 25
      vertex 88 -22.8892 27.2544
      vertex 92 -22.8892 27.2544
    endloop
  endfacet
  facet normal 0 0.998794 -0.0490891
    outer loop
      vertex 88 -22.8892 27.2544
      vertex 92 -23 25
      vertex 88 -23 25
    endloop
  endfacet
  facet normal 0 0.671519 -0.740988
    outer loop
      vertex 88 -16.2635 41.2635
      vertex 92 -14.591 42.7792
      vertex 92 -16.2635 41.2635
    endloop
  endfacet
  facet normal 0 0.671519 -0.740988
    outer loop
      vertex 92 -14.591 42.7792
      vertex 88 -16.2635 41.2635
      vertex 88 -14.591 42.7792
    endloop
  endfacet
  facet normal 0 -0.740988 -0.671519
    outer loop
      vertex 88 17.7792 39.591
      vertex 92 16.2635 41.2635
      vertex 88 16.2635 41.2635
    endloop
  endfacet
  facet normal 0 -0.740988 -0.671519
    outer loop
      vertex 92 16.2635 41.2635
      vertex 88 17.7792 39.591
      vertex 92 17.7792 39.591
    endloop
  endfacet
  facet normal 0 -0.941545 -0.336886
    outer loop
      vertex 88 22.0096 31.6765
      vertex 92 21.2492 33.8017
      vertex 88 21.2492 33.8017
    endloop
  endfacet
  facet normal 0 -0.941545 -0.336886
    outer loop
      vertex 92 21.2492 33.8017
      vertex 88 22.0096 31.6765
      vertex 92 22.0096 31.6765
    endloop
  endfacet
  facet normal 0 0.336891 -0.941544
    outer loop
      vertex 88 -8.80172 46.2492
      vertex 92 -6.67655 47.0096
      vertex 92 -8.80172 46.2492
    endloop
  endfacet
  facet normal 0 0.336891 -0.941544
    outer loop
      vertex 92 -6.67655 47.0096
      vertex 88 -8.80172 46.2492
      vertex 88 -6.67655 47.0096
    endloop
  endfacet
  facet normal 0 -0.941545 0.336886
    outer loop
      vertex 88 21.2492 16.1983
      vertex 92 22.0096 18.3235
      vertex 88 22.0096 18.3235
    endloop
  endfacet
  facet normal 0 -0.941545 0.336886
    outer loop
      vertex 92 22.0096 18.3235
      vertex 88 21.2492 16.1983
      vertex 92 21.2492 16.1983
    endloop
  endfacet
  facet normal 0 -0.970022 0.243015
    outer loop
      vertex 88 22.0096 18.3235
      vertex 92 22.5581 20.5129
      vertex 88 22.5581 20.5129
    endloop
  endfacet
  facet normal 0 -0.970022 0.243015
    outer loop
      vertex 92 22.5581 20.5129
      vertex 88 22.0096 18.3235
      vertex 92 22.0096 18.3235
    endloop
  endfacet
  facet normal 0 -0.427545 -0.903994
    outer loop
      vertex 88 8.80172 46.2492
      vertex 92 10.8421 45.2842
      vertex 92 8.80172 46.2492
    endloop
  endfacet
  facet normal -0 -0.427545 -0.903994
    outer loop
      vertex 92 10.8421 45.2842
      vertex 88 8.80172 46.2492
      vertex 88 10.8421 45.2842
    endloop
  endfacet
  facet normal 0 -0.989182 -0.146692
    outer loop
      vertex 88 22.8892 27.2544
      vertex 92 22.5581 29.4871
      vertex 88 22.5581 29.4871
    endloop
  endfacet
  facet normal 0 -0.989182 -0.146692
    outer loop
      vertex 92 22.5581 29.4871
      vertex 88 22.8892 27.2544
      vertex 92 22.8892 27.2544
    endloop
  endfacet
  facet normal -0 0.336891 0.941544
    outer loop
      vertex 86 -6.67655 2.99037
      vertex 92 -8.80172 3.75077
      vertex 92 -6.67655 2.99037
    endloop
  endfacet
  facet normal 0 0.336891 0.941544
    outer loop
      vertex 92 -8.80172 3.75077
      vertex 86 -6.67655 2.99037
      vertex 86 -8.80172 3.75077
    endloop
  endfacet
  facet normal 0 0.903996 -0.427542
    outer loop
      vertex 92 -21.2492 33.8017
      vertex 88 -20.2842 35.8421
      vertex 92 -20.2842 35.8421
    endloop
  endfacet
  facet normal 0 0.903996 -0.427542
    outer loop
      vertex 88 -20.2842 35.8421
      vertex 92 -21.2492 33.8017
      vertex 88 -21.2492 33.8017
    endloop
  endfacet
  facet normal 0 0.146692 -0.989182
    outer loop
      vertex 88 -4.48708 47.5581
      vertex 92 -2.25439 47.8892
      vertex 92 -4.48708 47.5581
    endloop
  endfacet
  facet normal 0 0.146692 -0.989182
    outer loop
      vertex 92 -2.25439 47.8892
      vertex 88 -4.48708 47.5581
      vertex 88 -2.25439 47.8892
    endloop
  endfacet
  facet normal 0 -0.146731 0.989176
    outer loop
      vertex 86 4.48708 2.44194
      vertex 92 2.25439 2.11075
      vertex 92 4.48708 2.44194
    endloop
  endfacet
  facet normal 0 -0.146731 0.989176
    outer loop
      vertex 92 2.25439 2.11075
      vertex 86 4.48708 2.44194
      vertex 86 2.25439 2.11075
    endloop
  endfacet
  facet normal 0 -0.336891 0.941544
    outer loop
      vertex 86 8.80172 3.75077
      vertex 92 6.67655 2.99037
      vertex 92 8.80172 3.75077
    endloop
  endfacet
  facet normal 0 -0.336891 0.941544
    outer loop
      vertex 92 6.67655 2.99037
      vertex 86 8.80172 3.75077
      vertex 86 6.67655 2.99037
    endloop
  endfacet
  facet normal 0 -0.671538 0.74097
    outer loop
      vertex 88 16.2635 8.73654
      vertex 92 14.591 7.22076
      vertex 92 16.2635 8.73654
    endloop
  endfacet
  facet normal 0 -0.671538 0.74097
    outer loop
      vertex 92 14.591 7.22076
      vertex 88 16.2635 8.73654
      vertex 88 14.591 7.22076
    endloop
  endfacet
  facet normal 0 -0.514116 0.857721
    outer loop
      vertex 88 11.3163 5
      vertex 92 12.7781 5.8762
      vertex 88 12.7781 5.8762
    endloop
  endfacet
  facet normal -7.21029e-06 -0.514102 0.857729
    outer loop
      vertex 92 12.7781 5.8762
      vertex 88 11.3163 5
      vertex 92 10.8421 4.71581
    endloop
  endfacet
  facet normal 0 -0.514057 0.857756
    outer loop
      vertex 86 10.8421 4.71581
      vertex 88 11.3163 5
      vertex 86 11.3163 5
    endloop
  endfacet
  facet normal 0 -0.514057 0.857756
    outer loop
      vertex 88 11.3163 5
      vertex 86 10.8421 4.71581
      vertex 92 10.8421 4.71581
    endloop
  endfacet
  facet normal 0 -0.989182 0.146692
    outer loop
      vertex 88 22.5581 20.5129
      vertex 92 22.8892 22.7456
      vertex 88 22.8892 22.7456
    endloop
  endfacet
  facet normal 0 -0.989182 0.146692
    outer loop
      vertex 92 22.8892 22.7456
      vertex 88 22.5581 20.5129
      vertex 92 22.5581 20.5129
    endloop
  endfacet
  facet normal 0 -0.903996 0.427542
    outer loop
      vertex 88 20.2842 14.1579
      vertex 92 21.2492 16.1983
      vertex 88 21.2492 16.1983
    endloop
  endfacet
  facet normal 0 -0.903996 0.427542
    outer loop
      vertex 92 21.2492 16.1983
      vertex 88 20.2842 14.1579
      vertex 92 20.2842 14.1579
    endloop
  endfacet
  facet normal 0 -0.803194 0.595717
    outer loop
      vertex 88 17.7792 10.409
      vertex 92 19.1238 12.2219
      vertex 88 19.1238 12.2219
    endloop
  endfacet
  facet normal 0 -0.803194 0.595717
    outer loop
      vertex 92 19.1238 12.2219
      vertex 88 17.7792 10.409
      vertex 92 17.7792 10.409
    endloop
  endfacet
  facet normal 0 -0.243008 -0.970024
    outer loop
      vertex 88 4.48708 47.5581
      vertex 92 6.67655 47.0096
      vertex 92 4.48708 47.5581
    endloop
  endfacet
  facet normal -0 -0.243008 -0.970024
    outer loop
      vertex 92 6.67655 47.0096
      vertex 88 4.48708 47.5581
      vertex 88 6.67655 47.0096
    endloop
  endfacet
  facet normal 0 -0.595717 -0.803194
    outer loop
      vertex 88 12.7781 44.1238
      vertex 92 14.591 42.7792
      vertex 92 12.7781 44.1238
    endloop
  endfacet
  facet normal -0 -0.595717 -0.803194
    outer loop
      vertex 92 14.591 42.7792
      vertex 88 12.7781 44.1238
      vertex 88 14.591 42.7792
    endloop
  endfacet
  facet normal 0 -0.671519 -0.740988
    outer loop
      vertex 88 14.591 42.7792
      vertex 92 16.2635 41.2635
      vertex 92 14.591 42.7792
    endloop
  endfacet
  facet normal -0 -0.671519 -0.740988
    outer loop
      vertex 92 16.2635 41.2635
      vertex 88 14.591 42.7792
      vertex 88 16.2635 41.2635
    endloop
  endfacet
  facet normal 0 -0.514105 -0.857727
    outer loop
      vertex 88 10.8421 45.2842
      vertex 92 12.7781 44.1238
      vertex 92 10.8421 45.2842
    endloop
  endfacet
  facet normal -0 -0.514105 -0.857727
    outer loop
      vertex 92 12.7781 44.1238
      vertex 88 10.8421 45.2842
      vertex 88 12.7781 44.1238
    endloop
  endfacet
  facet normal 0 -0.336891 -0.941544
    outer loop
      vertex 88 6.67655 47.0096
      vertex 92 8.80172 46.2492
      vertex 92 6.67655 47.0096
    endloop
  endfacet
  facet normal -0 -0.336891 -0.941544
    outer loop
      vertex 92 8.80172 46.2492
      vertex 88 6.67655 47.0096
      vertex 88 8.80172 46.2492
    endloop
  endfacet
  facet normal 0 -0.146692 -0.989182
    outer loop
      vertex 88 2.25439 47.8892
      vertex 92 4.48708 47.5581
      vertex 92 2.25439 47.8892
    endloop
  endfacet
  facet normal -0 -0.146692 -0.989182
    outer loop
      vertex 92 4.48708 47.5581
      vertex 88 2.25439 47.8892
      vertex 88 4.48708 47.5581
    endloop
  endfacet
  facet normal 0 -0.857727 -0.514105
    outer loop
      vertex 88 20.2842 35.8421
      vertex 92 19.1238 37.7781
      vertex 88 19.1238 37.7781
    endloop
  endfacet
  facet normal 0 -0.857727 -0.514105
    outer loop
      vertex 92 19.1238 37.7781
      vertex 88 20.2842 35.8421
      vertex 92 20.2842 35.8421
    endloop
  endfacet
  facet normal 0 -0.903996 -0.427542
    outer loop
      vertex 88 21.2492 33.8017
      vertex 92 20.2842 35.8421
      vertex 88 20.2842 35.8421
    endloop
  endfacet
  facet normal 0 -0.903996 -0.427542
    outer loop
      vertex 92 20.2842 35.8421
      vertex 88 21.2492 33.8017
      vertex 92 21.2492 33.8017
    endloop
  endfacet
  facet normal 0 -0.803194 -0.595717
    outer loop
      vertex 88 19.1238 37.7781
      vertex 92 17.7792 39.591
      vertex 88 17.7792 39.591
    endloop
  endfacet
  facet normal 0 -0.803194 -0.595717
    outer loop
      vertex 92 17.7792 39.591
      vertex 88 19.1238 37.7781
      vertex 92 19.1238 37.7781
    endloop
  endfacet
  facet normal 0 -0.970022 -0.243015
    outer loop
      vertex 88 22.5581 29.4871
      vertex 92 22.0096 31.6765
      vertex 88 22.0096 31.6765
    endloop
  endfacet
  facet normal 0 -0.970022 -0.243015
    outer loop
      vertex 92 22.0096 31.6765
      vertex 88 22.5581 29.4871
      vertex 92 22.5581 29.4871
    endloop
  endfacet
  facet normal 0 -0.998794 -0.0490891
    outer loop
      vertex 88 23 25
      vertex 92 22.8892 27.2544
      vertex 88 22.8892 27.2544
    endloop
  endfacet
  facet normal 0 -0.998794 -0.0490891
    outer loop
      vertex 92 22.8892 27.2544
      vertex 88 23 25
      vertex 92 23 25
    endloop
  endfacet
  facet normal 1 0 0
    outer loop
      vertex 86 11.3163 5
      vertex 86 8.80172 3.75077
      vertex 86 10.8421 4.71581
    endloop
  endfacet
  facet normal 1 0 0
    outer loop
      vertex 86 11.3163 5
      vertex 86 6.67655 2.99037
      vertex 86 8.80172 3.75077
    endloop
  endfacet
  facet normal 1 0 0
    outer loop
      vertex 86 11.3163 5
      vertex 86 4.48708 2.44194
      vertex 86 6.67655 2.99037
    endloop
  endfacet
  facet normal 1 0 0
    outer loop
      vertex 86 11.3163 5
      vertex 86 2.25439 2.11075
      vertex 86 4.48708 2.44194
    endloop
  endfacet
  facet normal 1 0 0
    outer loop
      vertex 86 11.3163 5
      vertex 86 0 2
      vertex 86 2.25439 2.11075
    endloop
  endfacet
  facet normal 1 0 0
    outer loop
      vertex 86 11.3163 5
      vertex 86 -2.25439 2.11075
      vertex 86 0 2
    endloop
  endfacet
  facet normal 1 0 0
    outer loop
      vertex 86 11.3163 5
      vertex 86 -4.48708 2.44194
      vertex 86 -2.25439 2.11075
    endloop
  endfacet
  facet normal 1 0 0
    outer loop
      vertex 86 11.3163 5
      vertex 86 -6.67655 2.99037
      vertex 86 -4.48708 2.44194
    endloop
  endfacet
  facet normal 1 0 0
    outer loop
      vertex 86 11.3163 5
      vertex 86 -8.80172 3.75077
      vertex 86 -6.67655 2.99037
    endloop
  endfacet
  facet normal 1 -0 0
    outer loop
      vertex 86 -11.3163 5
      vertex 86 -8.80172 3.75077
      vertex 86 11.3163 5
    endloop
  endfacet
  facet normal 1 0 0
    outer loop
      vertex 86 -8.80172 3.75077
      vertex 86 -11.3163 5
      vertex 86 -10.8421 4.71581
    endloop
  endfacet
  facet normal 0 0.941545 0.336886
    outer loop
      vertex 92 -21.2492 16.1983
      vertex 88 -22.0096 18.3235
      vertex 92 -22.0096 18.3235
    endloop
  endfacet
  facet normal 0 0.941545 0.336886
    outer loop
      vertex 88 -22.0096 18.3235
      vertex 92 -21.2492 16.1983
      vertex 88 -21.2492 16.1983
    endloop
  endfacet
  facet normal 0 0.74098 0.671527
    outer loop
      vertex 92 -16.2635 8.73654
      vertex 88 -17.7792 10.409
      vertex 92 -17.7792 10.409
    endloop
  endfacet
  facet normal 0 0.74098 0.671527
    outer loop
      vertex 88 -17.7792 10.409
      vertex 92 -16.2635 8.73654
      vertex 88 -16.2635 8.73654
    endloop
  endfacet
  facet normal 0 0.857727 0.514105
    outer loop
      vertex 92 -19.1238 12.2219
      vertex 88 -20.2842 14.1579
      vertex 92 -20.2842 14.1579
    endloop
  endfacet
  facet normal 0 0.857727 0.514105
    outer loop
      vertex 88 -20.2842 14.1579
      vertex 92 -19.1238 12.2219
      vertex 88 -19.1238 12.2219
    endloop
  endfacet
  facet normal -0 0.595706 0.803203
    outer loop
      vertex 88 -12.7781 5.8762
      vertex 92 -14.591 7.22076
      vertex 92 -12.7781 5.8762
    endloop
  endfacet
  facet normal 0 0.595706 0.803203
    outer loop
      vertex 92 -14.591 7.22076
      vertex 88 -12.7781 5.8762
      vertex 88 -14.591 7.22076
    endloop
  endfacet
  facet normal -0 0.427559 0.903987
    outer loop
      vertex 86 -8.80172 3.75077
      vertex 92 -10.8421 4.71581
      vertex 92 -8.80172 3.75077
    endloop
  endfacet
  facet normal 0 0.427559 0.903987
    outer loop
      vertex 92 -10.8421 4.71581
      vertex 86 -8.80172 3.75077
      vertex 86 -10.8421 4.71581
    endloop
  endfacet
  facet normal 0 0.970022 -0.243015
    outer loop
      vertex 92 -22.5581 29.4871
      vertex 88 -22.0096 31.6765
      vertex 92 -22.0096 31.6765
    endloop
  endfacet
  facet normal 0 0.970022 -0.243015
    outer loop
      vertex 88 -22.0096 31.6765
      vertex 92 -22.5581 29.4871
      vertex 88 -22.5581 29.4871
    endloop
  endfacet
  facet normal 0 0.803194 -0.595717
    outer loop
      vertex 92 -19.1238 37.7781
      vertex 88 -17.7792 39.591
      vertex 92 -17.7792 39.591
    endloop
  endfacet
  facet normal 0 0.803194 -0.595717
    outer loop
      vertex 88 -17.7792 39.591
      vertex 92 -19.1238 37.7781
      vertex 88 -19.1238 37.7781
    endloop
  endfacet
  facet normal 0 0.740988 -0.671519
    outer loop
      vertex 92 -17.7792 39.591
      vertex 88 -16.2635 41.2635
      vertex 92 -16.2635 41.2635
    endloop
  endfacet
  facet normal 0 0.740988 -0.671519
    outer loop
      vertex 88 -16.2635 41.2635
      vertex 92 -17.7792 39.591
      vertex 88 -17.7792 39.591
    endloop
  endfacet
  facet normal 0 0.857727 -0.514105
    outer loop
      vertex 92 -20.2842 35.8421
      vertex 88 -19.1238 37.7781
      vertex 92 -19.1238 37.7781
    endloop
  endfacet
  facet normal 0 0.857727 -0.514105
    outer loop
      vertex 88 -19.1238 37.7781
      vertex 92 -20.2842 35.8421
      vertex 88 -20.2842 35.8421
    endloop
  endfacet
  facet normal 0 0.941545 -0.336886
    outer loop
      vertex 92 -22.0096 31.6765
      vertex 88 -21.2492 33.8017
      vertex 92 -21.2492 33.8017
    endloop
  endfacet
  facet normal 0 0.941545 -0.336886
    outer loop
      vertex 88 -21.2492 33.8017
      vertex 92 -22.0096 31.6765
      vertex 88 -22.0096 31.6765
    endloop
  endfacet
  facet normal 0 0.989182 -0.146692
    outer loop
      vertex 92 -22.8892 27.2544
      vertex 88 -22.5581 29.4871
      vertex 92 -22.5581 29.4871
    endloop
  endfacet
  facet normal 0 0.989182 -0.146692
    outer loop
      vertex 88 -22.5581 29.4871
      vertex 92 -22.8892 27.2544
      vertex 88 -22.8892 27.2544
    endloop
  endfacet
  facet normal 0 0.514105 -0.857727
    outer loop
      vertex 88 -12.7781 44.1238
      vertex 92 -10.8421 45.2842
      vertex 92 -12.7781 44.1238
    endloop
  endfacet
  facet normal 0 0.514105 -0.857727
    outer loop
      vertex 92 -10.8421 45.2842
      vertex 88 -12.7781 44.1238
      vertex 88 -10.8421 45.2842
    endloop
  endfacet
  facet normal 0 0.595717 -0.803194
    outer loop
      vertex 88 -14.591 42.7792
      vertex 92 -12.7781 44.1238
      vertex 92 -14.591 42.7792
    endloop
  endfacet
  facet normal 0 0.595717 -0.803194
    outer loop
      vertex 92 -12.7781 44.1238
      vertex 88 -14.591 42.7792
      vertex 88 -12.7781 44.1238
    endloop
  endfacet
  facet normal 0 0.243008 -0.970024
    outer loop
      vertex 88 -6.67655 47.0096
      vertex 92 -4.48708 47.5581
      vertex 92 -6.67655 47.0096
    endloop
  endfacet
  facet normal 0 0.243008 -0.970024
    outer loop
      vertex 92 -4.48708 47.5581
      vertex 88 -6.67655 47.0096
      vertex 88 -4.48708 47.5581
    endloop
  endfacet
  facet normal 0 0.0490893 -0.998794
    outer loop
      vertex 88 -2.25439 47.8892
      vertex 92 0 48
      vertex 92 -2.25439 47.8892
    endloop
  endfacet
  facet normal 0 0.0490893 -0.998794
    outer loop
      vertex 92 0 48
      vertex 88 -2.25439 47.8892
      vertex 88 0 48
    endloop
  endfacet
  facet normal 0 -0.242979 0.970032
    outer loop
      vertex 86 6.67655 2.99037
      vertex 92 4.48708 2.44194
      vertex 92 6.67655 2.99037
    endloop
  endfacet
  facet normal 0 -0.242979 0.970032
    outer loop
      vertex 92 4.48708 2.44194
      vertex 86 6.67655 2.99037
      vertex 86 4.48708 2.44194
    endloop
  endfacet
  facet normal 0 -0.427559 0.903987
    outer loop
      vertex 86 10.8421 4.71581
      vertex 92 8.80172 3.75077
      vertex 92 10.8421 4.71581
    endloop
  endfacet
  facet normal 0 -0.427559 0.903987
    outer loop
      vertex 92 8.80172 3.75077
      vertex 86 10.8421 4.71581
      vertex 86 8.80172 3.75077
    endloop
  endfacet
  facet normal 0 -0.74098 0.671527
    outer loop
      vertex 88 16.2635 8.73654
      vertex 92 17.7792 10.409
      vertex 88 17.7792 10.409
    endloop
  endfacet
  facet normal 0 -0.74098 0.671527
    outer loop
      vertex 92 17.7792 10.409
      vertex 88 16.2635 8.73654
      vertex 92 16.2635 8.73654
    endloop
  endfacet
  facet normal 0 -0.595706 0.803203
    outer loop
      vertex 88 14.591 7.22076
      vertex 92 12.7781 5.8762
      vertex 92 14.591 7.22076
    endloop
  endfacet
  facet normal 0 -0.595706 0.803203
    outer loop
      vertex 92 12.7781 5.8762
      vertex 88 14.591 7.22076
      vertex 88 12.7781 5.8762
    endloop
  endfacet
  facet normal 0 -0.998794 0.0490891
    outer loop
      vertex 88 22.8892 22.7456
      vertex 92 23 25
      vertex 88 23 25
    endloop
  endfacet
  facet normal 0 -0.998794 0.0490891
    outer loop
      vertex 92 23 25
      vertex 88 22.8892 22.7456
      vertex 92 22.8892 22.7456
    endloop
  endfacet
  facet normal 0 -0.857727 0.514105
    outer loop
      vertex 88 19.1238 12.2219
      vertex 92 20.2842 14.1579
      vertex 88 20.2842 14.1579
    endloop
  endfacet
  facet normal 0 -0.857727 0.514105
    outer loop
      vertex 92 20.2842 14.1579
      vertex 88 19.1238 12.2219
      vertex 92 19.1238 12.2219
    endloop
  endfacet
  facet normal 0 0.998794 0.0490891
    outer loop
      vertex 92 -22.8892 22.7456
      vertex 88 -23 25
      vertex 92 -23 25
    endloop
  endfacet
  facet normal 0 0.998794 0.0490891
    outer loop
      vertex 88 -23 25
      vertex 92 -22.8892 22.7456
      vertex 88 -22.8892 22.7456
    endloop
  endfacet
  facet normal 0 0.970022 0.243015
    outer loop
      vertex 92 -22.0096 18.3235
      vertex 88 -22.5581 20.5129
      vertex 92 -22.5581 20.5129
    endloop
  endfacet
  facet normal 0 0.970022 0.243015
    outer loop
      vertex 88 -22.5581 20.5129
      vertex 92 -22.0096 18.3235
      vertex 88 -22.0096 18.3235
    endloop
  endfacet
  facet normal 0 0.903996 0.427542
    outer loop
      vertex 92 -20.2842 14.1579
      vertex 88 -21.2492 16.1983
      vertex 92 -21.2492 16.1983
    endloop
  endfacet
  facet normal 0 0.903996 0.427542
    outer loop
      vertex 88 -21.2492 16.1983
      vertex 92 -20.2842 14.1579
      vertex 88 -20.2842 14.1579
    endloop
  endfacet
  facet normal -0 0.671538 0.74097
    outer loop
      vertex 88 -14.591 7.22076
      vertex 92 -16.2635 8.73654
      vertex 92 -14.591 7.22076
    endloop
  endfacet
  facet normal 0 0.671538 0.74097
    outer loop
      vertex 92 -16.2635 8.73654
      vertex 88 -14.591 7.22076
      vertex 88 -16.2635 8.73654
    endloop
  endfacet
  facet normal 0 0.803194 0.595717
    outer loop
      vertex 92 -17.7792 10.409
      vertex 88 -19.1238 12.2219
      vertex 92 -19.1238 12.2219
    endloop
  endfacet
  facet normal 0 0.803194 0.595717
    outer loop
      vertex 88 -19.1238 12.2219
      vertex 92 -17.7792 10.409
      vertex 88 -17.7792 10.409
    endloop
  endfacet
  facet normal -7.21029e-06 0.514102 0.857729
    outer loop
      vertex 92 -10.8421 4.71581
      vertex 88 -11.3163 5
      vertex 92 -12.7781 5.8762
    endloop
  endfacet
  facet normal -0 0.514057 0.857756
    outer loop
      vertex 86 -10.8421 4.71581
      vertex 88 -11.3163 5
      vertex 92 -10.8421 4.71581
    endloop
  endfacet
  facet normal 0 0.514057 0.857756
    outer loop
      vertex 88 -11.3163 5
      vertex 86 -10.8421 4.71581
      vertex 86 -11.3163 5
    endloop
  endfacet
  facet normal 0 0.514116 0.857721
    outer loop
      vertex 92 -12.7781 5.8762
      vertex 88 -11.3163 5
      vertex 88 -12.7781 5.8762
    endloop
  endfacet
  facet normal -0 0.146731 0.989176
    outer loop
      vertex 86 -2.25439 2.11075
      vertex 92 -4.48708 2.44194
      vertex 92 -2.25439 2.11075
    endloop
  endfacet
  facet normal 0 0.146731 0.989176
    outer loop
      vertex 92 -4.48708 2.44194
      vertex 86 -2.25439 2.11075
      vertex 86 -4.48708 2.44194
    endloop
  endfacet
  facet normal -0 0.242979 0.970032
    outer loop
      vertex 86 -4.48708 2.44194
      vertex 92 -6.67655 2.99037
      vertex 92 -4.48708 2.44194
    endloop
  endfacet
  facet normal 0 0.242979 0.970032
    outer loop
      vertex 92 -6.67655 2.99037
      vertex 86 -4.48708 2.44194
      vertex 86 -6.67655 2.99037
    endloop
  endfacet
  facet normal -0 0.0490672 0.998795
    outer loop
      vertex 86 0 2
      vertex 92 -2.25439 2.11075
      vertex 92 0 2
    endloop
  endfacet
  facet normal 0 0.0490672 0.998795
    outer loop
      vertex 92 -2.25439 2.11075
      vertex 86 0 2
      vertex 86 -2.25439 2.11075
    endloop
  endfacet
  facet normal 0 0.427545 -0.903994
    outer loop
      vertex 88 -10.8421 45.2842
      vertex 92 -8.80172 46.2492
      vertex 92 -10.8421 45.2842
    endloop
  endfacet
  facet normal 0 0.427545 -0.903994
    outer loop
      vertex 92 -8.80172 46.2492
      vertex 88 -10.8421 45.2842
      vertex 88 -8.80172 46.2492
    endloop
  endfacet
  facet normal 0 0.989182 0.146692
    outer loop
      vertex 92 -22.5581 20.5129
      vertex 88 -22.8892 22.7456
      vertex 92 -22.8892 22.7456
    endloop
  endfacet
  facet normal 0 0.989182 0.146692
    outer loop
      vertex 88 -22.8892 22.7456
      vertex 92 -22.5581 20.5129
      vertex 88 -22.5581 20.5129
    endloop
  endfacet
  facet normal -0.970072 -0.242818 0
    outer loop
      vertex -74.3327 -42.6683 0
      vertex -74.3732 -42.5065 5
      vertex -74.3732 -42.5065 0
    endloop
  endfacet
  facet normal -0.970072 -0.242818 0
    outer loop
      vertex -74.3732 -42.5065 5
      vertex -74.3327 -42.6683 0
      vertex -74.3327 -42.6683 5
    endloop
  endfacet
  facet normal -0.998791 -0.0491602 0
    outer loop
      vertex -74.3 -43 0
      vertex -74.3082 -42.8334 5
      vertex -74.3082 -42.8334 0
    endloop
  endfacet
  facet normal -0.998791 -0.0491602 0
    outer loop
      vertex -74.3082 -42.8334 5
      vertex -74.3 -43 0
      vertex -74.3 -43 5
    endloop
  endfacet
  facet normal 0.998791 -0.0491602 0
    outer loop
      vertex -77.7 -43 5
      vertex -77.6918 -42.8334 0
      vertex -77.6918 -42.8334 5
    endloop
  endfacet
  facet normal 0.998791 -0.0491602 0
    outer loop
      vertex -77.6918 -42.8334 0
      vertex -77.7 -43 5
      vertex -77.7 -43 0
    endloop
  endfacet
  facet normal -0.0491602 -0.998791 0
    outer loop
      vertex -76 -41.3 0
      vertex -75.8334 -41.3082 5
      vertex -76 -41.3 5
    endloop
  endfacet
  facet normal -0.0491602 -0.998791 -0
    outer loop
      vertex -75.8334 -41.3082 5
      vertex -76 -41.3 0
      vertex -75.8334 -41.3082 0
    endloop
  endfacet
  facet normal -0.671478 -0.741024 0
    outer loop
      vertex -74.9215 -41.6859 0
      vertex -74.7979 -41.7979 5
      vertex -74.9215 -41.6859 5
    endloop
  endfacet
  facet normal -0.671478 -0.741024 -0
    outer loop
      vertex -74.7979 -41.7979 5
      vertex -74.9215 -41.6859 0
      vertex -74.7979 -41.7979 0
    endloop
  endfacet
  facet normal 0.671478 -0.741024 0
    outer loop
      vertex -77.2021 -41.7979 0
      vertex -77.0785 -41.6859 5
      vertex -77.2021 -41.7979 5
    endloop
  endfacet
  facet normal 0.671478 -0.741024 0
    outer loop
      vertex -77.0785 -41.6859 5
      vertex -77.2021 -41.7979 0
      vertex -77.0785 -41.6859 0
    endloop
  endfacet
  facet normal 0.33683 -0.941566 0
    outer loop
      vertex -76.6506 -41.4294 0
      vertex -76.4935 -41.3732 5
      vertex -76.6506 -41.4294 5
    endloop
  endfacet
  facet normal 0.33683 -0.941566 0
    outer loop
      vertex -76.4935 -41.3732 5
      vertex -76.6506 -41.4294 0
      vertex -76.4935 -41.3732 0
    endloop
  endfacet
  facet normal 0.803154 0.595772 0
    outer loop
      vertex -77.3141 -44.0785 5
      vertex -77.4135 -43.9445 0
      vertex -77.4135 -43.9445 5
    endloop
  endfacet
  facet normal 0.803154 0.595772 0
    outer loop
      vertex -77.4135 -43.9445 0
      vertex -77.3141 -44.0785 5
      vertex -77.3141 -44.0785 0
    endloop
  endfacet
  facet normal -0.941566 -0.33683 0
    outer loop
      vertex -74.3732 -42.5065 0
      vertex -74.4294 -42.3494 5
      vertex -74.4294 -42.3494 0
    endloop
  endfacet
  facet normal -0.941566 -0.33683 0
    outer loop
      vertex -74.4294 -42.3494 5
      vertex -74.3732 -42.5065 0
      vertex -74.3732 -42.5065 5
    endloop
  endfacet
  facet normal -0.427442 -0.904043 0
    outer loop
      vertex -75.3494 -41.4294 0
      vertex -75.1986 -41.5007 5
      vertex -75.3494 -41.4294 5
    endloop
  endfacet
  facet normal -0.427442 -0.904043 -0
    outer loop
      vertex -75.1986 -41.5007 5
      vertex -75.3494 -41.4294 0
      vertex -75.1986 -41.5007 0
    endloop
  endfacet
  facet normal -0.595772 -0.803154 0
    outer loop
      vertex -75.0555 -41.5865 0
      vertex -74.9215 -41.6859 5
      vertex -75.0555 -41.5865 5
    endloop
  endfacet
  facet normal -0.595772 -0.803154 -0
    outer loop
      vertex -74.9215 -41.6859 5
      vertex -75.0555 -41.5865 0
      vertex -74.9215 -41.6859 0
    endloop
  endfacet
  facet normal 0.857652 -0.514231 0
    outer loop
      vertex -77.4993 -42.1986 5
      vertex -77.4135 -42.0555 0
      vertex -77.4135 -42.0555 5
    endloop
  endfacet
  facet normal 0.857652 -0.514231 0
    outer loop
      vertex -77.4135 -42.0555 0
      vertex -77.4993 -42.1986 5
      vertex -77.4993 -42.1986 0
    endloop
  endfacet
  facet normal 0.803154 -0.595772 0
    outer loop
      vertex -77.4135 -42.0555 5
      vertex -77.3141 -41.9215 0
      vertex -77.3141 -41.9215 5
    endloop
  endfacet
  facet normal 0.803154 -0.595772 0
    outer loop
      vertex -77.3141 -41.9215 0
      vertex -77.4135 -42.0555 5
      vertex -77.4135 -42.0555 0
    endloop
  endfacet
  facet normal -0.904043 0.427442 0
    outer loop
      vertex -74.5007 -43.8014 0
      vertex -74.4294 -43.6506 5
      vertex -74.4294 -43.6506 0
    endloop
  endfacet
  facet normal -0.904043 0.427442 0
    outer loop
      vertex -74.4294 -43.6506 5
      vertex -74.5007 -43.8014 0
      vertex -74.5007 -43.8014 5
    endloop
  endfacet
  facet normal -0.242677 0.970107 0
    outer loop
      vertex -75.5065 -44.6268 0
      vertex -75.6684 -44.6673 5
      vertex -75.5065 -44.6268 5
    endloop
  endfacet
  facet normal -0.242677 0.970107 0
    outer loop
      vertex -75.6684 -44.6673 5
      vertex -75.5065 -44.6268 0
      vertex -75.6684 -44.6673 0
    endloop
  endfacet
  facet normal -0.741024 0.671478 0
    outer loop
      vertex -74.7979 -44.2021 0
      vertex -74.6859 -44.0785 5
      vertex -74.6859 -44.0785 0
    endloop
  endfacet
  facet normal -0.741024 0.671478 0
    outer loop
      vertex -74.6859 -44.0785 5
      vertex -74.7979 -44.2021 0
      vertex -74.7979 -44.2021 5
    endloop
  endfacet
  facet normal -0.970072 0.242818 0
    outer loop
      vertex -74.3732 -43.4935 0
      vertex -74.3327 -43.3317 5
      vertex -74.3327 -43.3317 0
    endloop
  endfacet
  facet normal -0.970072 0.242818 0
    outer loop
      vertex -74.3327 -43.3317 5
      vertex -74.3732 -43.4935 0
      vertex -74.3732 -43.4935 5
    endloop
  endfacet
  facet normal 0.33683 0.941566 -0
    outer loop
      vertex -76.4935 -44.6268 0
      vertex -76.6506 -44.5706 5
      vertex -76.4935 -44.6268 5
    endloop
  endfacet
  facet normal 0.33683 0.941566 0
    outer loop
      vertex -76.6506 -44.5706 5
      vertex -76.4935 -44.6268 0
      vertex -76.6506 -44.5706 0
    endloop
  endfacet
  facet normal 0.514231 0.857652 -0
    outer loop
      vertex -76.8014 -44.4993 0
      vertex -76.9445 -44.4135 5
      vertex -76.8014 -44.4993 5
    endloop
  endfacet
  facet normal 0.514231 0.857652 0
    outer loop
      vertex -76.9445 -44.4135 5
      vertex -76.8014 -44.4993 0
      vertex -76.9445 -44.4135 0
    endloop
  endfacet
  facet normal -0.989168 -0.146788 0
    outer loop
      vertex -74.3082 -42.8334 0
      vertex -74.3327 -42.6683 5
      vertex -74.3327 -42.6683 0
    endloop
  endfacet
  facet normal -0.989168 -0.146788 0
    outer loop
      vertex -74.3327 -42.6683 5
      vertex -74.3082 -42.8334 0
      vertex -74.3082 -42.8334 5
    endloop
  endfacet
  facet normal -0.904043 -0.427442 0
    outer loop
      vertex -74.4294 -42.3494 0
      vertex -74.5007 -42.1986 5
      vertex -74.5007 -42.1986 0
    endloop
  endfacet
  facet normal -0.904043 -0.427442 0
    outer loop
      vertex -74.5007 -42.1986 5
      vertex -74.4294 -42.3494 0
      vertex -74.4294 -42.3494 5
    endloop
  endfacet
  facet normal -0.857652 -0.514231 0
    outer loop
      vertex -74.5007 -42.1986 0
      vertex -74.5865 -42.0555 5
      vertex -74.5865 -42.0555 0
    endloop
  endfacet
  facet normal -0.857652 -0.514231 0
    outer loop
      vertex -74.5865 -42.0555 5
      vertex -74.5007 -42.1986 0
      vertex -74.5007 -42.1986 5
    endloop
  endfacet
  facet normal -0.803154 -0.595772 0
    outer loop
      vertex -74.5865 -42.0555 0
      vertex -74.6859 -41.9215 5
      vertex -74.6859 -41.9215 0
    endloop
  endfacet
  facet normal -0.803154 -0.595772 0
    outer loop
      vertex -74.6859 -41.9215 5
      vertex -74.5865 -42.0555 0
      vertex -74.5865 -42.0555 5
    endloop
  endfacet
  facet normal -0.242677 -0.970107 0
    outer loop
      vertex -75.6684 -41.3327 0
      vertex -75.5065 -41.3732 5
      vertex -75.6684 -41.3327 5
    endloop
  endfacet
  facet normal -0.242677 -0.970107 -0
    outer loop
      vertex -75.5065 -41.3732 5
      vertex -75.6684 -41.3327 0
      vertex -75.5065 -41.3732 0
    endloop
  endfacet
  facet normal -0.146875 -0.989155 0
    outer loop
      vertex -75.8334 -41.3082 0
      vertex -75.6684 -41.3327 5
      vertex -75.8334 -41.3082 5
    endloop
  endfacet
  facet normal -0.146875 -0.989155 -0
    outer loop
      vertex -75.6684 -41.3327 5
      vertex -75.8334 -41.3082 0
      vertex -75.6684 -41.3327 0
    endloop
  endfacet
  facet normal -0.514231 -0.857652 0
    outer loop
      vertex -75.1986 -41.5007 0
      vertex -75.0555 -41.5865 5
      vertex -75.1986 -41.5007 5
    endloop
  endfacet
  facet normal -0.514231 -0.857652 -0
    outer loop
      vertex -75.0555 -41.5865 5
      vertex -75.1986 -41.5007 0
      vertex -75.0555 -41.5865 0
    endloop
  endfacet
  facet normal 0.741024 -0.671478 0
    outer loop
      vertex -77.3141 -41.9215 5
      vertex -77.2021 -41.7979 0
      vertex -77.2021 -41.7979 5
    endloop
  endfacet
  facet normal 0.741024 -0.671478 0
    outer loop
      vertex -77.2021 -41.7979 0
      vertex -77.3141 -41.9215 5
      vertex -77.3141 -41.9215 0
    endloop
  endfacet
  facet normal 0.904043 -0.427442 0
    outer loop
      vertex -77.5706 -42.3494 5
      vertex -77.4993 -42.1986 0
      vertex -77.4993 -42.1986 5
    endloop
  endfacet
  facet normal 0.904043 -0.427442 0
    outer loop
      vertex -77.4993 -42.1986 0
      vertex -77.5706 -42.3494 5
      vertex -77.5706 -42.3494 0
    endloop
  endfacet
  facet normal 0.970072 -0.242818 0
    outer loop
      vertex -77.6673 -42.6683 5
      vertex -77.6268 -42.5065 0
      vertex -77.6268 -42.5065 5
    endloop
  endfacet
  facet normal 0.970072 -0.242818 0
    outer loop
      vertex -77.6268 -42.5065 0
      vertex -77.6673 -42.6683 5
      vertex -77.6673 -42.6683 0
    endloop
  endfacet
  facet normal 0.989168 -0.146788 0
    outer loop
      vertex -77.6918 -42.8334 5
      vertex -77.6673 -42.6683 0
      vertex -77.6673 -42.6683 5
    endloop
  endfacet
  facet normal 0.989168 -0.146788 0
    outer loop
      vertex -77.6673 -42.6683 0
      vertex -77.6918 -42.8334 5
      vertex -77.6918 -42.8334 0
    endloop
  endfacet
  facet normal 0.514231 -0.857652 0
    outer loop
      vertex -76.9445 -41.5865 0
      vertex -76.8014 -41.5007 5
      vertex -76.9445 -41.5865 5
    endloop
  endfacet
  facet normal 0.514231 -0.857652 0
    outer loop
      vertex -76.8014 -41.5007 5
      vertex -76.9445 -41.5865 0
      vertex -76.8014 -41.5007 0
    endloop
  endfacet
  facet normal 0.595772 -0.803154 0
    outer loop
      vertex -77.0785 -41.6859 0
      vertex -76.9445 -41.5865 5
      vertex -77.0785 -41.6859 5
    endloop
  endfacet
  facet normal 0.595772 -0.803154 0
    outer loop
      vertex -76.9445 -41.5865 5
      vertex -77.0785 -41.6859 0
      vertex -76.9445 -41.5865 0
    endloop
  endfacet
  facet normal 0.0491602 -0.998791 0
    outer loop
      vertex -76.1666 -41.3082 0
      vertex -76 -41.3 5
      vertex -76.1666 -41.3082 5
    endloop
  endfacet
  facet normal 0.0491602 -0.998791 0
    outer loop
      vertex -76 -41.3 5
      vertex -76.1666 -41.3082 0
      vertex -76 -41.3 0
    endloop
  endfacet
  facet normal 0.146875 -0.989155 0
    outer loop
      vertex -76.3316 -41.3327 0
      vertex -76.1666 -41.3082 5
      vertex -76.3316 -41.3327 5
    endloop
  endfacet
  facet normal 0.146875 -0.989155 0
    outer loop
      vertex -76.1666 -41.3082 5
      vertex -76.3316 -41.3327 0
      vertex -76.1666 -41.3082 0
    endloop
  endfacet
  facet normal -0.0491602 0.998791 0
    outer loop
      vertex -75.8334 -44.6918 0
      vertex -76 -44.7 5
      vertex -75.8334 -44.6918 5
    endloop
  endfacet
  facet normal -0.0491602 0.998791 0
    outer loop
      vertex -76 -44.7 5
      vertex -75.8334 -44.6918 0
      vertex -76 -44.7 0
    endloop
  endfacet
  facet normal -0.146875 0.989155 0
    outer loop
      vertex -75.6684 -44.6673 0
      vertex -75.8334 -44.6918 5
      vertex -75.6684 -44.6673 5
    endloop
  endfacet
  facet normal -0.146875 0.989155 0
    outer loop
      vertex -75.8334 -44.6918 5
      vertex -75.6684 -44.6673 0
      vertex -75.8334 -44.6918 0
    endloop
  endfacet
  facet normal -0.514231 0.857652 0
    outer loop
      vertex -75.0555 -44.4135 0
      vertex -75.1986 -44.4993 5
      vertex -75.0555 -44.4135 5
    endloop
  endfacet
  facet normal -0.514231 0.857652 0
    outer loop
      vertex -75.1986 -44.4993 5
      vertex -75.0555 -44.4135 0
      vertex -75.1986 -44.4993 0
    endloop
  endfacet
  facet normal -0.671478 0.741024 0
    outer loop
      vertex -74.7979 -44.2021 0
      vertex -74.9215 -44.3141 5
      vertex -74.7979 -44.2021 5
    endloop
  endfacet
  facet normal -0.671478 0.741024 0
    outer loop
      vertex -74.9215 -44.3141 5
      vertex -74.7979 -44.2021 0
      vertex -74.9215 -44.3141 0
    endloop
  endfacet
  facet normal -0.803154 0.595772 0
    outer loop
      vertex -74.6859 -44.0785 0
      vertex -74.5865 -43.9445 5
      vertex -74.5865 -43.9445 0
    endloop
  endfacet
  facet normal -0.803154 0.595772 0
    outer loop
      vertex -74.5865 -43.9445 5
      vertex -74.6859 -44.0785 0
      vertex -74.6859 -44.0785 5
    endloop
  endfacet
  facet normal -0.857652 0.514231 0
    outer loop
      vertex -74.5865 -43.9445 0
      vertex -74.5007 -43.8014 5
      vertex -74.5007 -43.8014 0
    endloop
  endfacet
  facet normal -0.857652 0.514231 0
    outer loop
      vertex -74.5007 -43.8014 5
      vertex -74.5865 -43.9445 0
      vertex -74.5865 -43.9445 5
    endloop
  endfacet
  facet normal 0.146875 0.989155 -0
    outer loop
      vertex -76.1666 -44.6918 0
      vertex -76.3316 -44.6673 5
      vertex -76.1666 -44.6918 5
    endloop
  endfacet
  facet normal 0.146875 0.989155 0
    outer loop
      vertex -76.3316 -44.6673 5
      vertex -76.1666 -44.6918 0
      vertex -76.3316 -44.6673 0
    endloop
  endfacet
  facet normal 0.671478 0.741024 -0
    outer loop
      vertex -77.0785 -44.3141 0
      vertex -77.2021 -44.2021 5
      vertex -77.0785 -44.3141 5
    endloop
  endfacet
  facet normal 0.671478 0.741024 0
    outer loop
      vertex -77.2021 -44.2021 5
      vertex -77.0785 -44.3141 0
      vertex -77.2021 -44.2021 0
    endloop
  endfacet
  facet normal 0.427442 0.904043 -0
    outer loop
      vertex -76.6506 -44.5706 0
      vertex -76.8014 -44.4993 5
      vertex -76.6506 -44.5706 5
    endloop
  endfacet
  facet normal 0.427442 0.904043 0
    outer loop
      vertex -76.8014 -44.4993 5
      vertex -76.6506 -44.5706 0
      vertex -76.8014 -44.4993 0
    endloop
  endfacet
  facet normal 0.0491602 0.998791 -0
    outer loop
      vertex -76 -44.7 0
      vertex -76.1666 -44.6918 5
      vertex -76 -44.7 5
    endloop
  endfacet
  facet normal 0.0491602 0.998791 0
    outer loop
      vertex -76.1666 -44.6918 5
      vertex -76 -44.7 0
      vertex -76.1666 -44.6918 0
    endloop
  endfacet
  facet normal 0.595772 0.803154 -0
    outer loop
      vertex -76.9445 -44.4135 0
      vertex -77.0785 -44.3141 5
      vertex -76.9445 -44.4135 5
    endloop
  endfacet
  facet normal 0.595772 0.803154 0
    outer loop
      vertex -77.0785 -44.3141 5
      vertex -76.9445 -44.4135 0
      vertex -77.0785 -44.3141 0
    endloop
  endfacet
  facet normal 0.741024 0.671478 0
    outer loop
      vertex -77.2021 -44.2021 5
      vertex -77.3141 -44.0785 0
      vertex -77.3141 -44.0785 5
    endloop
  endfacet
  facet normal 0.741024 0.671478 0
    outer loop
      vertex -77.3141 -44.0785 0
      vertex -77.2021 -44.2021 5
      vertex -77.2021 -44.2021 0
    endloop
  endfacet
  facet normal 0.904043 0.427442 0
    outer loop
      vertex -77.4993 -43.8014 5
      vertex -77.5706 -43.6506 0
      vertex -77.5706 -43.6506 5
    endloop
  endfacet
  facet normal 0.904043 0.427442 0
    outer loop
      vertex -77.5706 -43.6506 0
      vertex -77.4993 -43.8014 5
      vertex -77.4993 -43.8014 0
    endloop
  endfacet
  facet normal 0.970072 0.242818 0
    outer loop
      vertex -77.6268 -43.4935 5
      vertex -77.6673 -43.3317 0
      vertex -77.6673 -43.3317 5
    endloop
  endfacet
  facet normal 0.970072 0.242818 0
    outer loop
      vertex -77.6673 -43.3317 0
      vertex -77.6268 -43.4935 5
      vertex -77.6268 -43.4935 0
    endloop
  endfacet
  facet normal 0.998791 0.0491602 0
    outer loop
      vertex -77.6918 -43.1666 5
      vertex -77.7 -43 0
      vertex -77.7 -43 5
    endloop
  endfacet
  facet normal 0.998791 0.0491602 0
    outer loop
      vertex -77.7 -43 0
      vertex -77.6918 -43.1666 5
      vertex -77.6918 -43.1666 0
    endloop
  endfacet
  facet normal -0.741024 -0.671478 0
    outer loop
      vertex -74.6859 -41.9215 0
      vertex -74.7979 -41.7979 5
      vertex -74.7979 -41.7979 0
    endloop
  endfacet
  facet normal -0.741024 -0.671478 0
    outer loop
      vertex -74.7979 -41.7979 5
      vertex -74.6859 -41.9215 0
      vertex -74.6859 -41.9215 5
    endloop
  endfacet
  facet normal -0.33683 -0.941566 0
    outer loop
      vertex -75.5065 -41.3732 0
      vertex -75.3494 -41.4294 5
      vertex -75.5065 -41.3732 5
    endloop
  endfacet
  facet normal -0.33683 -0.941566 -0
    outer loop
      vertex -75.3494 -41.4294 5
      vertex -75.5065 -41.3732 0
      vertex -75.3494 -41.4294 0
    endloop
  endfacet
  facet normal 0.941566 -0.33683 0
    outer loop
      vertex -77.6268 -42.5065 5
      vertex -77.5706 -42.3494 0
      vertex -77.5706 -42.3494 5
    endloop
  endfacet
  facet normal 0.941566 -0.33683 0
    outer loop
      vertex -77.5706 -42.3494 0
      vertex -77.6268 -42.5065 5
      vertex -77.6268 -42.5065 0
    endloop
  endfacet
  facet normal 0.427442 -0.904043 0
    outer loop
      vertex -76.8014 -41.5007 0
      vertex -76.6506 -41.4294 5
      vertex -76.8014 -41.5007 5
    endloop
  endfacet
  facet normal 0.427442 -0.904043 0
    outer loop
      vertex -76.6506 -41.4294 5
      vertex -76.8014 -41.5007 0
      vertex -76.6506 -41.4294 0
    endloop
  endfacet
  facet normal 0.242677 -0.970107 0
    outer loop
      vertex -76.4935 -41.3732 0
      vertex -76.3316 -41.3327 5
      vertex -76.4935 -41.3732 5
    endloop
  endfacet
  facet normal 0.242677 -0.970107 0
    outer loop
      vertex -76.3316 -41.3327 5
      vertex -76.4935 -41.3732 0
      vertex -76.3316 -41.3327 0
    endloop
  endfacet
  facet normal -0.427442 0.904043 0
    outer loop
      vertex -75.1986 -44.4993 0
      vertex -75.3494 -44.5706 5
      vertex -75.1986 -44.4993 5
    endloop
  endfacet
  facet normal -0.427442 0.904043 0
    outer loop
      vertex -75.3494 -44.5706 5
      vertex -75.1986 -44.4993 0
      vertex -75.3494 -44.5706 0
    endloop
  endfacet
  facet normal -0.595772 0.803154 0
    outer loop
      vertex -74.9215 -44.3141 0
      vertex -75.0555 -44.4135 5
      vertex -74.9215 -44.3141 5
    endloop
  endfacet
  facet normal -0.595772 0.803154 0
    outer loop
      vertex -75.0555 -44.4135 5
      vertex -74.9215 -44.3141 0
      vertex -75.0555 -44.4135 0
    endloop
  endfacet
  facet normal -0.941566 0.33683 0
    outer loop
      vertex -74.4294 -43.6506 0
      vertex -74.3732 -43.4935 5
      vertex -74.3732 -43.4935 0
    endloop
  endfacet
  facet normal -0.941566 0.33683 0
    outer loop
      vertex -74.3732 -43.4935 5
      vertex -74.4294 -43.6506 0
      vertex -74.4294 -43.6506 5
    endloop
  endfacet
  facet normal -0.989168 0.146788 0
    outer loop
      vertex -74.3327 -43.3317 0
      vertex -74.3082 -43.1666 5
      vertex -74.3082 -43.1666 0
    endloop
  endfacet
  facet normal -0.989168 0.146788 0
    outer loop
      vertex -74.3082 -43.1666 5
      vertex -74.3327 -43.3317 0
      vertex -74.3327 -43.3317 5
    endloop
  endfacet
  facet normal -0.998791 0.0491602 0
    outer loop
      vertex -74.3082 -43.1666 0
      vertex -74.3 -43 5
      vertex -74.3 -43 0
    endloop
  endfacet
  facet normal -0.998791 0.0491602 0
    outer loop
      vertex -74.3 -43 5
      vertex -74.3082 -43.1666 0
      vertex -74.3082 -43.1666 5
    endloop
  endfacet
  facet normal 0.242677 0.970107 -0
    outer loop
      vertex -76.3316 -44.6673 0
      vertex -76.4935 -44.6268 5
      vertex -76.3316 -44.6673 5
    endloop
  endfacet
  facet normal 0.242677 0.970107 0
    outer loop
      vertex -76.4935 -44.6268 5
      vertex -76.3316 -44.6673 0
      vertex -76.4935 -44.6268 0
    endloop
  endfacet
  facet normal 0.857652 0.514231 0
    outer loop
      vertex -77.4135 -43.9445 5
      vertex -77.4993 -43.8014 0
      vertex -77.4993 -43.8014 5
    endloop
  endfacet
  facet normal 0.857652 0.514231 0
    outer loop
      vertex -77.4993 -43.8014 0
      vertex -77.4135 -43.9445 5
      vertex -77.4135 -43.9445 0
    endloop
  endfacet
  facet normal 0.989168 0.146788 0
    outer loop
      vertex -77.6673 -43.3317 5
      vertex -77.6918 -43.1666 0
      vertex -77.6918 -43.1666 5
    endloop
  endfacet
  facet normal 0.989168 0.146788 0
    outer loop
      vertex -77.6918 -43.1666 0
      vertex -77.6673 -43.3317 5
      vertex -77.6673 -43.3317 0
    endloop
  endfacet
  facet normal 0.941566 0.33683 0
    outer loop
      vertex -77.5706 -43.6506 5
      vertex -77.6268 -43.4935 0
      vertex -77.6268 -43.4935 5
    endloop
  endfacet
  facet normal 0.941566 0.33683 0
    outer loop
      vertex -77.6268 -43.4935 0
      vertex -77.5706 -43.6506 5
      vertex -77.5706 -43.6506 0
    endloop
  endfacet
  facet normal -0.33683 0.941566 0
    outer loop
      vertex -75.3494 -44.5706 0
      vertex -75.5065 -44.6268 5
      vertex -75.3494 -44.5706 5
    endloop
  endfacet
  facet normal -0.33683 0.941566 0
    outer loop
      vertex -75.5065 -44.6268 5
      vertex -75.3494 -44.5706 0
      vertex -75.5065 -44.6268 0
    endloop
  endfacet
  facet normal -0.857652 -0.514231 0
    outer loop
      vertex -74.5007 43.8014 0
      vertex -74.5865 43.9445 5
      vertex -74.5865 43.9445 0
    endloop
  endfacet
  facet normal -0.857652 -0.514231 0
    outer loop
      vertex -74.5865 43.9445 5
      vertex -74.5007 43.8014 0
      vertex -74.5007 43.8014 5
    endloop
  endfacet
  facet normal -0.33683 -0.941566 0
    outer loop
      vertex -75.5065 44.6268 0
      vertex -75.3494 44.5706 5
      vertex -75.5065 44.6268 5
    endloop
  endfacet
  facet normal -0.33683 -0.941566 -0
    outer loop
      vertex -75.3494 44.5706 5
      vertex -75.5065 44.6268 0
      vertex -75.3494 44.5706 0
    endloop
  endfacet
  facet normal 0.427442 -0.904043 0
    outer loop
      vertex -76.8014 44.4993 0
      vertex -76.6506 44.5706 5
      vertex -76.8014 44.4993 5
    endloop
  endfacet
  facet normal 0.427442 -0.904043 0
    outer loop
      vertex -76.6506 44.5706 5
      vertex -76.8014 44.4993 0
      vertex -76.6506 44.5706 0
    endloop
  endfacet
  facet normal 0.941566 -0.33683 0
    outer loop
      vertex -77.6268 43.4935 5
      vertex -77.5706 43.6506 0
      vertex -77.5706 43.6506 5
    endloop
  endfacet
  facet normal 0.941566 -0.33683 0
    outer loop
      vertex -77.5706 43.6506 0
      vertex -77.6268 43.4935 5
      vertex -77.6268 43.4935 0
    endloop
  endfacet
  facet normal -0.998791 0.0491602 0
    outer loop
      vertex -74.3082 42.8334 0
      vertex -74.3 43 5
      vertex -74.3 43 0
    endloop
  endfacet
  facet normal -0.998791 0.0491602 0
    outer loop
      vertex -74.3 43 5
      vertex -74.3082 42.8334 0
      vertex -74.3082 42.8334 5
    endloop
  endfacet
  facet normal -0.0491602 -0.998791 0
    outer loop
      vertex -76 44.7 0
      vertex -75.8334 44.6918 5
      vertex -76 44.7 5
    endloop
  endfacet
  facet normal -0.0491602 -0.998791 -0
    outer loop
      vertex -75.8334 44.6918 5
      vertex -76 44.7 0
      vertex -75.8334 44.6918 0
    endloop
  endfacet
  facet normal -0.514231 -0.857652 0
    outer loop
      vertex -75.1986 44.4993 0
      vertex -75.0555 44.4135 5
      vertex -75.1986 44.4993 5
    endloop
  endfacet
  facet normal -0.514231 -0.857652 -0
    outer loop
      vertex -75.0555 44.4135 5
      vertex -75.1986 44.4993 0
      vertex -75.0555 44.4135 0
    endloop
  endfacet
  facet normal 0.998791 -0.0491602 0
    outer loop
      vertex -77.7 43 5
      vertex -77.6918 43.1666 0
      vertex -77.6918 43.1666 5
    endloop
  endfacet
  facet normal 0.998791 -0.0491602 0
    outer loop
      vertex -77.6918 43.1666 0
      vertex -77.7 43 5
      vertex -77.7 43 0
    endloop
  endfacet
  facet normal 0.803154 -0.595772 0
    outer loop
      vertex -77.4135 43.9445 5
      vertex -77.3141 44.0785 0
      vertex -77.3141 44.0785 5
    endloop
  endfacet
  facet normal 0.803154 -0.595772 0
    outer loop
      vertex -77.3141 44.0785 0
      vertex -77.4135 43.9445 5
      vertex -77.4135 43.9445 0
    endloop
  endfacet
  facet normal 0.242677 -0.970107 0
    outer loop
      vertex -76.4935 44.6268 0
      vertex -76.3316 44.6673 5
      vertex -76.4935 44.6268 5
    endloop
  endfacet
  facet normal 0.242677 -0.970107 0
    outer loop
      vertex -76.3316 44.6673 5
      vertex -76.4935 44.6268 0
      vertex -76.3316 44.6673 0
    endloop
  endfacet
  facet normal 0.595772 0.803154 -0
    outer loop
      vertex -76.9445 41.5865 0
      vertex -77.0785 41.6859 5
      vertex -76.9445 41.5865 5
    endloop
  endfacet
  facet normal 0.595772 0.803154 0
    outer loop
      vertex -77.0785 41.6859 5
      vertex -76.9445 41.5865 0
      vertex -77.0785 41.6859 0
    endloop
  endfacet
  facet normal -0.989168 -0.146788 0
    outer loop
      vertex -74.3082 43.1666 0
      vertex -74.3327 43.3317 5
      vertex -74.3327 43.3317 0
    endloop
  endfacet
  facet normal -0.989168 -0.146788 0
    outer loop
      vertex -74.3327 43.3317 5
      vertex -74.3082 43.1666 0
      vertex -74.3082 43.1666 5
    endloop
  endfacet
  facet normal -0.803154 -0.595772 0
    outer loop
      vertex -74.5865 43.9445 0
      vertex -74.6859 44.0785 5
      vertex -74.6859 44.0785 0
    endloop
  endfacet
  facet normal -0.803154 -0.595772 0
    outer loop
      vertex -74.6859 44.0785 5
      vertex -74.5865 43.9445 0
      vertex -74.5865 43.9445 5
    endloop
  endfacet
  facet normal -0.671478 -0.741024 0
    outer loop
      vertex -74.9215 44.3141 0
      vertex -74.7979 44.2021 5
      vertex -74.9215 44.3141 5
    endloop
  endfacet
  facet normal -0.671478 -0.741024 -0
    outer loop
      vertex -74.7979 44.2021 5
      vertex -74.9215 44.3141 0
      vertex -74.7979 44.2021 0
    endloop
  endfacet
  facet normal -0.741024 -0.671478 0
    outer loop
      vertex -74.6859 44.0785 0
      vertex -74.7979 44.2021 5
      vertex -74.7979 44.2021 0
    endloop
  endfacet
  facet normal -0.741024 -0.671478 0
    outer loop
      vertex -74.7979 44.2021 5
      vertex -74.6859 44.0785 0
      vertex -74.6859 44.0785 5
    endloop
  endfacet
  facet normal 0.0491602 -0.998791 0
    outer loop
      vertex -76.1666 44.6918 0
      vertex -76 44.7 5
      vertex -76.1666 44.6918 5
    endloop
  endfacet
  facet normal 0.0491602 -0.998791 0
    outer loop
      vertex -76 44.7 5
      vertex -76.1666 44.6918 0
      vertex -76 44.7 0
    endloop
  endfacet
  facet normal -0.242677 -0.970107 0
    outer loop
      vertex -75.6684 44.6673 0
      vertex -75.5065 44.6268 5
      vertex -75.6684 44.6673 5
    endloop
  endfacet
  facet normal -0.242677 -0.970107 -0
    outer loop
      vertex -75.5065 44.6268 5
      vertex -75.6684 44.6673 0
      vertex -75.5065 44.6268 0
    endloop
  endfacet
  facet normal -0.146875 -0.989155 0
    outer loop
      vertex -75.8334 44.6918 0
      vertex -75.6684 44.6673 5
      vertex -75.8334 44.6918 5
    endloop
  endfacet
  facet normal -0.146875 -0.989155 -0
    outer loop
      vertex -75.6684 44.6673 5
      vertex -75.8334 44.6918 0
      vertex -75.6684 44.6673 0
    endloop
  endfacet
  facet normal -0.427442 -0.904043 0
    outer loop
      vertex -75.3494 44.5706 0
      vertex -75.1986 44.4993 5
      vertex -75.3494 44.5706 5
    endloop
  endfacet
  facet normal -0.427442 -0.904043 -0
    outer loop
      vertex -75.1986 44.4993 5
      vertex -75.3494 44.5706 0
      vertex -75.1986 44.4993 0
    endloop
  endfacet
  facet normal -0.595772 -0.803154 0
    outer loop
      vertex -75.0555 44.4135 0
      vertex -74.9215 44.3141 5
      vertex -75.0555 44.4135 5
    endloop
  endfacet
  facet normal -0.595772 -0.803154 -0
    outer loop
      vertex -74.9215 44.3141 5
      vertex -75.0555 44.4135 0
      vertex -74.9215 44.3141 0
    endloop
  endfacet
  facet normal 0.970072 -0.242818 0
    outer loop
      vertex -77.6673 43.3317 5
      vertex -77.6268 43.4935 0
      vertex -77.6268 43.4935 5
    endloop
  endfacet
  facet normal 0.970072 -0.242818 0
    outer loop
      vertex -77.6268 43.4935 0
      vertex -77.6673 43.3317 5
      vertex -77.6673 43.3317 0
    endloop
  endfacet
  facet normal 0.989168 -0.146788 0
    outer loop
      vertex -77.6918 43.1666 5
      vertex -77.6673 43.3317 0
      vertex -77.6673 43.3317 5
    endloop
  endfacet
  facet normal 0.989168 -0.146788 0
    outer loop
      vertex -77.6673 43.3317 0
      vertex -77.6918 43.1666 5
      vertex -77.6918 43.1666 0
    endloop
  endfacet
  facet normal 0.904043 -0.427442 0
    outer loop
      vertex -77.5706 43.6506 5
      vertex -77.4993 43.8014 0
      vertex -77.4993 43.8014 5
    endloop
  endfacet
  facet normal 0.904043 -0.427442 0
    outer loop
      vertex -77.4993 43.8014 0
      vertex -77.5706 43.6506 5
      vertex -77.5706 43.6506 0
    endloop
  endfacet
  facet normal 0.857652 -0.514231 0
    outer loop
      vertex -77.4993 43.8014 5
      vertex -77.4135 43.9445 0
      vertex -77.4135 43.9445 5
    endloop
  endfacet
  facet normal 0.857652 -0.514231 0
    outer loop
      vertex -77.4135 43.9445 0
      vertex -77.4993 43.8014 5
      vertex -77.4993 43.8014 0
    endloop
  endfacet
  facet normal 0.33683 -0.941566 0
    outer loop
      vertex -76.6506 44.5706 0
      vertex -76.4935 44.6268 5
      vertex -76.6506 44.5706 5
    endloop
  endfacet
  facet normal 0.33683 -0.941566 0
    outer loop
      vertex -76.4935 44.6268 5
      vertex -76.6506 44.5706 0
      vertex -76.4935 44.6268 0
    endloop
  endfacet
  facet normal 0.146875 -0.989155 0
    outer loop
      vertex -76.3316 44.6673 0
      vertex -76.1666 44.6918 5
      vertex -76.3316 44.6673 5
    endloop
  endfacet
  facet normal 0.146875 -0.989155 0
    outer loop
      vertex -76.1666 44.6918 5
      vertex -76.3316 44.6673 0
      vertex -76.1666 44.6918 0
    endloop
  endfacet
  facet normal 0.595772 -0.803154 0
    outer loop
      vertex -77.0785 44.3141 0
      vertex -76.9445 44.4135 5
      vertex -77.0785 44.3141 5
    endloop
  endfacet
  facet normal 0.595772 -0.803154 0
    outer loop
      vertex -76.9445 44.4135 5
      vertex -77.0785 44.3141 0
      vertex -76.9445 44.4135 0
    endloop
  endfacet
  facet normal 0.671478 -0.741024 0
    outer loop
      vertex -77.2021 44.2021 0
      vertex -77.0785 44.3141 5
      vertex -77.2021 44.2021 5
    endloop
  endfacet
  facet normal 0.671478 -0.741024 0
    outer loop
      vertex -77.0785 44.3141 5
      vertex -77.2021 44.2021 0
      vertex -77.0785 44.3141 0
    endloop
  endfacet
  facet normal 0.514231 -0.857652 0
    outer loop
      vertex -76.9445 44.4135 0
      vertex -76.8014 44.4993 5
      vertex -76.9445 44.4135 5
    endloop
  endfacet
  facet normal 0.514231 -0.857652 0
    outer loop
      vertex -76.8014 44.4993 5
      vertex -76.9445 44.4135 0
      vertex -76.8014 44.4993 0
    endloop
  endfacet
  facet normal 0.741024 -0.671478 0
    outer loop
      vertex -77.3141 44.0785 5
      vertex -77.2021 44.2021 0
      vertex -77.2021 44.2021 5
    endloop
  endfacet
  facet normal 0.741024 -0.671478 0
    outer loop
      vertex -77.2021 44.2021 0
      vertex -77.3141 44.0785 5
      vertex -77.3141 44.0785 0
    endloop
  endfacet
  facet normal -0.998791 -0.0491602 0
    outer loop
      vertex -74.3 43 0
      vertex -74.3082 43.1666 5
      vertex -74.3082 43.1666 0
    endloop
  endfacet
  facet normal -0.998791 -0.0491602 0
    outer loop
      vertex -74.3082 43.1666 5
      vertex -74.3 43 0
      vertex -74.3 43 5
    endloop
  endfacet
  facet normal -0.970072 0.242818 0
    outer loop
      vertex -74.3732 42.5065 0
      vertex -74.3327 42.6683 5
      vertex -74.3327 42.6683 0
    endloop
  endfacet
  facet normal -0.970072 0.242818 0
    outer loop
      vertex -74.3327 42.6683 5
      vertex -74.3732 42.5065 0
      vertex -74.3732 42.5065 5
    endloop
  endfacet
  facet normal -0.0491602 0.998791 0
    outer loop
      vertex -75.8334 41.3082 0
      vertex -76 41.3 5
      vertex -75.8334 41.3082 5
    endloop
  endfacet
  facet normal -0.0491602 0.998791 0
    outer loop
      vertex -76 41.3 5
      vertex -75.8334 41.3082 0
      vertex -76 41.3 0
    endloop
  endfacet
  facet normal 0.941566 0.33683 0
    outer loop
      vertex -77.5706 42.3494 5
      vertex -77.6268 42.5065 0
      vertex -77.6268 42.5065 5
    endloop
  endfacet
  facet normal 0.941566 0.33683 0
    outer loop
      vertex -77.6268 42.5065 0
      vertex -77.5706 42.3494 5
      vertex -77.5706 42.3494 0
    endloop
  endfacet
  facet normal 0.741024 0.671478 0
    outer loop
      vertex -77.2021 41.7979 5
      vertex -77.3141 41.9215 0
      vertex -77.3141 41.9215 5
    endloop
  endfacet
  facet normal 0.741024 0.671478 0
    outer loop
      vertex -77.3141 41.9215 0
      vertex -77.2021 41.7979 5
      vertex -77.2021 41.7979 0
    endloop
  endfacet
  facet normal -0.146875 0.989155 0
    outer loop
      vertex -75.6684 41.3327 0
      vertex -75.8334 41.3082 5
      vertex -75.6684 41.3327 5
    endloop
  endfacet
  facet normal -0.146875 0.989155 0
    outer loop
      vertex -75.8334 41.3082 5
      vertex -75.6684 41.3327 0
      vertex -75.8334 41.3082 0
    endloop
  endfacet
  facet normal -0.904043 -0.427442 0
    outer loop
      vertex -74.4294 43.6506 0
      vertex -74.5007 43.8014 5
      vertex -74.5007 43.8014 0
    endloop
  endfacet
  facet normal -0.904043 -0.427442 0
    outer loop
      vertex -74.5007 43.8014 5
      vertex -74.4294 43.6506 0
      vertex -74.4294 43.6506 5
    endloop
  endfacet
  facet normal -0.941566 -0.33683 0
    outer loop
      vertex -74.3732 43.4935 0
      vertex -74.4294 43.6506 5
      vertex -74.4294 43.6506 0
    endloop
  endfacet
  facet normal -0.941566 -0.33683 0
    outer loop
      vertex -74.4294 43.6506 5
      vertex -74.3732 43.4935 0
      vertex -74.3732 43.4935 5
    endloop
  endfacet
  facet normal -0.970072 -0.242818 0
    outer loop
      vertex -74.3327 43.3317 0
      vertex -74.3732 43.4935 5
      vertex -74.3732 43.4935 0
    endloop
  endfacet
  facet normal -0.970072 -0.242818 0
    outer loop
      vertex -74.3732 43.4935 5
      vertex -74.3327 43.3317 0
      vertex -74.3327 43.3317 5
    endloop
  endfacet
  facet normal 0.998791 0.0491602 0
    outer loop
      vertex -77.6918 42.8334 5
      vertex -77.7 43 0
      vertex -77.7 43 5
    endloop
  endfacet
  facet normal 0.998791 0.0491602 0
    outer loop
      vertex -77.7 43 0
      vertex -77.6918 42.8334 5
      vertex -77.6918 42.8334 0
    endloop
  endfacet
  facet normal -0.741024 0.671478 0
    outer loop
      vertex -74.7979 41.7979 0
      vertex -74.6859 41.9215 5
      vertex -74.6859 41.9215 0
    endloop
  endfacet
  facet normal -0.741024 0.671478 0
    outer loop
      vertex -74.6859 41.9215 5
      vertex -74.7979 41.7979 0
      vertex -74.7979 41.7979 5
    endloop
  endfacet
  facet normal -0.803154 0.595772 0
    outer loop
      vertex -74.6859 41.9215 0
      vertex -74.5865 42.0555 5
      vertex -74.5865 42.0555 0
    endloop
  endfacet
  facet normal -0.803154 0.595772 0
    outer loop
      vertex -74.5865 42.0555 5
      vertex -74.6859 41.9215 0
      vertex -74.6859 41.9215 5
    endloop
  endfacet
  facet normal -0.904043 0.427442 0
    outer loop
      vertex -74.5007 42.1986 0
      vertex -74.4294 42.3494 5
      vertex -74.4294 42.3494 0
    endloop
  endfacet
  facet normal -0.904043 0.427442 0
    outer loop
      vertex -74.4294 42.3494 5
      vertex -74.5007 42.1986 0
      vertex -74.5007 42.1986 5
    endloop
  endfacet
  facet normal -0.857652 0.514231 0
    outer loop
      vertex -74.5865 42.0555 0
      vertex -74.5007 42.1986 5
      vertex -74.5007 42.1986 0
    endloop
  endfacet
  facet normal -0.857652 0.514231 0
    outer loop
      vertex -74.5007 42.1986 5
      vertex -74.5865 42.0555 0
      vertex -74.5865 42.0555 5
    endloop
  endfacet
  facet normal 0.33683 0.941566 -0
    outer loop
      vertex -76.4935 41.3732 0
      vertex -76.6506 41.4294 5
      vertex -76.4935 41.3732 5
    endloop
  endfacet
  facet normal 0.33683 0.941566 0
    outer loop
      vertex -76.6506 41.4294 5
      vertex -76.4935 41.3732 0
      vertex -76.6506 41.4294 0
    endloop
  endfacet
  facet normal 0.904043 0.427442 0
    outer loop
      vertex -77.4993 42.1986 5
      vertex -77.5706 42.3494 0
      vertex -77.5706 42.3494 5
    endloop
  endfacet
  facet normal 0.904043 0.427442 0
    outer loop
      vertex -77.5706 42.3494 0
      vertex -77.4993 42.1986 5
      vertex -77.4993 42.1986 0
    endloop
  endfacet
  facet normal 0.671478 0.741024 -0
    outer loop
      vertex -77.0785 41.6859 0
      vertex -77.2021 41.7979 5
      vertex -77.0785 41.6859 5
    endloop
  endfacet
  facet normal 0.671478 0.741024 0
    outer loop
      vertex -77.2021 41.7979 5
      vertex -77.0785 41.6859 0
      vertex -77.2021 41.7979 0
    endloop
  endfacet
  facet normal -0.242677 0.970107 0
    outer loop
      vertex -75.5065 41.3732 0
      vertex -75.6684 41.3327 5
      vertex -75.5065 41.3732 5
    endloop
  endfacet
  facet normal -0.242677 0.970107 0
    outer loop
      vertex -75.6684 41.3327 5
      vertex -75.5065 41.3732 0
      vertex -75.6684 41.3327 0
    endloop
  endfacet
  facet normal -0.427442 0.904043 0
    outer loop
      vertex -75.1986 41.5007 0
      vertex -75.3494 41.4294 5
      vertex -75.1986 41.5007 5
    endloop
  endfacet
  facet normal -0.427442 0.904043 0
    outer loop
      vertex -75.3494 41.4294 5
      vertex -75.1986 41.5007 0
      vertex -75.3494 41.4294 0
    endloop
  endfacet
  facet normal -0.33683 0.941566 0
    outer loop
      vertex -75.3494 41.4294 0
      vertex -75.5065 41.3732 5
      vertex -75.3494 41.4294 5
    endloop
  endfacet
  facet normal -0.33683 0.941566 0
    outer loop
      vertex -75.5065 41.3732 5
      vertex -75.3494 41.4294 0
      vertex -75.5065 41.3732 0
    endloop
  endfacet
  facet normal -0.989168 0.146788 0
    outer loop
      vertex -74.3327 42.6683 0
      vertex -74.3082 42.8334 5
      vertex -74.3082 42.8334 0
    endloop
  endfacet
  facet normal -0.989168 0.146788 0
    outer loop
      vertex -74.3082 42.8334 5
      vertex -74.3327 42.6683 0
      vertex -74.3327 42.6683 5
    endloop
  endfacet
  facet normal -0.671478 0.741024 0
    outer loop
      vertex -74.7979 41.7979 0
      vertex -74.9215 41.6859 5
      vertex -74.7979 41.7979 5
    endloop
  endfacet
  facet normal -0.671478 0.741024 0
    outer loop
      vertex -74.9215 41.6859 5
      vertex -74.7979 41.7979 0
      vertex -74.9215 41.6859 0
    endloop
  endfacet
  facet normal -0.941566 0.33683 0
    outer loop
      vertex -74.4294 42.3494 0
      vertex -74.3732 42.5065 5
      vertex -74.3732 42.5065 0
    endloop
  endfacet
  facet normal -0.941566 0.33683 0
    outer loop
      vertex -74.3732 42.5065 5
      vertex -74.4294 42.3494 0
      vertex -74.4294 42.3494 5
    endloop
  endfacet
  facet normal 0.0491602 0.998791 -0
    outer loop
      vertex -76 41.3 0
      vertex -76.1666 41.3082 5
      vertex -76 41.3 5
    endloop
  endfacet
  facet normal 0.0491602 0.998791 0
    outer loop
      vertex -76.1666 41.3082 5
      vertex -76 41.3 0
      vertex -76.1666 41.3082 0
    endloop
  endfacet
  facet normal 0.427442 0.904043 -0
    outer loop
      vertex -76.6506 41.4294 0
      vertex -76.8014 41.5007 5
      vertex -76.6506 41.4294 5
    endloop
  endfacet
  facet normal 0.427442 0.904043 0
    outer loop
      vertex -76.8014 41.5007 5
      vertex -76.6506 41.4294 0
      vertex -76.8014 41.5007 0
    endloop
  endfacet
  facet normal 0.970072 0.242818 0
    outer loop
      vertex -77.6268 42.5065 5
      vertex -77.6673 42.6683 0
      vertex -77.6673 42.6683 5
    endloop
  endfacet
  facet normal 0.970072 0.242818 0
    outer loop
      vertex -77.6673 42.6683 0
      vertex -77.6268 42.5065 5
      vertex -77.6268 42.5065 0
    endloop
  endfacet
  facet normal 0.989168 0.146788 0
    outer loop
      vertex -77.6673 42.6683 5
      vertex -77.6918 42.8334 0
      vertex -77.6918 42.8334 5
    endloop
  endfacet
  facet normal 0.989168 0.146788 0
    outer loop
      vertex -77.6918 42.8334 0
      vertex -77.6673 42.6683 5
      vertex -77.6673 42.6683 0
    endloop
  endfacet
  facet normal 0.803154 0.595772 0
    outer loop
      vertex -77.3141 41.9215 5
      vertex -77.4135 42.0555 0
      vertex -77.4135 42.0555 5
    endloop
  endfacet
  facet normal 0.803154 0.595772 0
    outer loop
      vertex -77.4135 42.0555 0
      vertex -77.3141 41.9215 5
      vertex -77.3141 41.9215 0
    endloop
  endfacet
  facet normal 0.857652 0.514231 0
    outer loop
      vertex -77.4135 42.0555 5
      vertex -77.4993 42.1986 0
      vertex -77.4993 42.1986 5
    endloop
  endfacet
  facet normal 0.857652 0.514231 0
    outer loop
      vertex -77.4993 42.1986 0
      vertex -77.4135 42.0555 5
      vertex -77.4135 42.0555 0
    endloop
  endfacet
  facet normal -0.595772 0.803154 0
    outer loop
      vertex -74.9215 41.6859 0
      vertex -75.0555 41.5865 5
      vertex -74.9215 41.6859 5
    endloop
  endfacet
  facet normal -0.595772 0.803154 0
    outer loop
      vertex -75.0555 41.5865 5
      vertex -74.9215 41.6859 0
      vertex -75.0555 41.5865 0
    endloop
  endfacet
  facet normal -0.514231 0.857652 0
    outer loop
      vertex -75.0555 41.5865 0
      vertex -75.1986 41.5007 5
      vertex -75.0555 41.5865 5
    endloop
  endfacet
  facet normal -0.514231 0.857652 0
    outer loop
      vertex -75.1986 41.5007 5
      vertex -75.0555 41.5865 0
      vertex -75.1986 41.5007 0
    endloop
  endfacet
  facet normal 0.514231 0.857652 -0
    outer loop
      vertex -76.8014 41.5007 0
      vertex -76.9445 41.5865 5
      vertex -76.8014 41.5007 5
    endloop
  endfacet
  facet normal 0.514231 0.857652 0
    outer loop
      vertex -76.9445 41.5865 5
      vertex -76.8014 41.5007 0
      vertex -76.9445 41.5865 0
    endloop
  endfacet
  facet normal 0.146875 0.989155 -0
    outer loop
      vertex -76.1666 41.3082 0
      vertex -76.3316 41.3327 5
      vertex -76.1666 41.3082 5
    endloop
  endfacet
  facet normal 0.146875 0.989155 0
    outer loop
      vertex -76.3316 41.3327 5
      vertex -76.1666 41.3082 0
      vertex -76.3316 41.3327 0
    endloop
  endfacet
  facet normal 0.242677 0.970107 -0
    outer loop
      vertex -76.3316 41.3327 0
      vertex -76.4935 41.3732 5
      vertex -76.3316 41.3327 5
    endloop
  endfacet
  facet normal 0.242677 0.970107 0
    outer loop
      vertex -76.4935 41.3732 5
      vertex -76.3316 41.3327 0
      vertex -76.4935 41.3732 0
    endloop
  endfacet
  facet normal -0.595772 -0.803154 0
    outer loop
      vertex 76.9445 -41.5865 0
      vertex 77.0785 -41.6859 5
      vertex 76.9445 -41.5865 5
    endloop
  endfacet
  facet normal -0.595772 -0.803154 -0
    outer loop
      vertex 77.0785 -41.6859 5
      vertex 76.9445 -41.5865 0
      vertex 77.0785 -41.6859 0
    endloop
  endfacet
  facet normal 0.33683 -0.941566 0
    outer loop
      vertex 75.3494 -41.4294 0
      vertex 75.5065 -41.3732 5
      vertex 75.3494 -41.4294 5
    endloop
  endfacet
  facet normal 0.33683 -0.941566 0
    outer loop
      vertex 75.5065 -41.3732 5
      vertex 75.3494 -41.4294 0
      vertex 75.5065 -41.3732 0
    endloop
  endfacet
  facet normal 0.904043 -0.427442 0
    outer loop
      vertex 74.4294 -42.3494 5
      vertex 74.5007 -42.1986 0
      vertex 74.5007 -42.1986 5
    endloop
  endfacet
  facet normal 0.904043 -0.427442 0
    outer loop
      vertex 74.5007 -42.1986 0
      vertex 74.4294 -42.3494 5
      vertex 74.4294 -42.3494 0
    endloop
  endfacet
  facet normal -0.998791 0.0491602 0
    outer loop
      vertex 77.6918 -43.1666 0
      vertex 77.7 -43 5
      vertex 77.7 -43 0
    endloop
  endfacet
  facet normal -0.998791 0.0491602 0
    outer loop
      vertex 77.7 -43 5
      vertex 77.6918 -43.1666 0
      vertex 77.6918 -43.1666 5
    endloop
  endfacet
  facet normal -0.904043 -0.427442 0
    outer loop
      vertex 77.5706 -42.3494 0
      vertex 77.4993 -42.1986 5
      vertex 77.4993 -42.1986 0
    endloop
  endfacet
  facet normal -0.904043 -0.427442 0
    outer loop
      vertex 77.4993 -42.1986 5
      vertex 77.5706 -42.3494 0
      vertex 77.5706 -42.3494 5
    endloop
  endfacet
  facet normal -0.857652 -0.514231 0
    outer loop
      vertex 77.4993 -42.1986 0
      vertex 77.4135 -42.0555 5
      vertex 77.4135 -42.0555 0
    endloop
  endfacet
  facet normal -0.857652 -0.514231 0
    outer loop
      vertex 77.4135 -42.0555 5
      vertex 77.4993 -42.1986 0
      vertex 77.4993 -42.1986 5
    endloop
  endfacet
  facet normal -0.427442 -0.904043 0
    outer loop
      vertex 76.6506 -41.4294 0
      vertex 76.8014 -41.5007 5
      vertex 76.6506 -41.4294 5
    endloop
  endfacet
  facet normal -0.427442 -0.904043 -0
    outer loop
      vertex 76.8014 -41.5007 5
      vertex 76.6506 -41.4294 0
      vertex 76.8014 -41.5007 0
    endloop
  endfacet
  facet normal -0.146875 -0.989155 0
    outer loop
      vertex 76.1666 -41.3082 0
      vertex 76.3316 -41.3327 5
      vertex 76.1666 -41.3082 5
    endloop
  endfacet
  facet normal -0.146875 -0.989155 -0
    outer loop
      vertex 76.3316 -41.3327 5
      vertex 76.1666 -41.3082 0
      vertex 76.3316 -41.3327 0
    endloop
  endfacet
  facet normal 0.989168 -0.146788 0
    outer loop
      vertex 74.3082 -42.8334 5
      vertex 74.3327 -42.6683 0
      vertex 74.3327 -42.6683 5
    endloop
  endfacet
  facet normal 0.989168 -0.146788 0
    outer loop
      vertex 74.3327 -42.6683 0
      vertex 74.3082 -42.8334 5
      vertex 74.3082 -42.8334 0
    endloop
  endfacet
  facet normal 0.741024 -0.671478 0
    outer loop
      vertex 74.6859 -41.9215 5
      vertex 74.7979 -41.7979 0
      vertex 74.7979 -41.7979 5
    endloop
  endfacet
  facet normal 0.741024 -0.671478 0
    outer loop
      vertex 74.7979 -41.7979 0
      vertex 74.6859 -41.9215 5
      vertex 74.6859 -41.9215 0
    endloop
  endfacet
  facet normal 0.146875 -0.989155 0
    outer loop
      vertex 75.6684 -41.3327 0
      vertex 75.8334 -41.3082 5
      vertex 75.6684 -41.3327 5
    endloop
  endfacet
  facet normal 0.146875 -0.989155 0
    outer loop
      vertex 75.8334 -41.3082 5
      vertex 75.6684 -41.3327 0
      vertex 75.8334 -41.3082 0
    endloop
  endfacet
  facet normal -0.941566 0.33683 0
    outer loop
      vertex 77.5706 -43.6506 0
      vertex 77.6268 -43.4935 5
      vertex 77.6268 -43.4935 0
    endloop
  endfacet
  facet normal -0.941566 0.33683 0
    outer loop
      vertex 77.6268 -43.4935 5
      vertex 77.5706 -43.6506 0
      vertex 77.5706 -43.6506 5
    endloop
  endfacet
  facet normal 0.146875 0.989155 -0
    outer loop
      vertex 75.8334 -44.6918 0
      vertex 75.6684 -44.6673 5
      vertex 75.8334 -44.6918 5
    endloop
  endfacet
  facet normal 0.146875 0.989155 0
    outer loop
      vertex 75.6684 -44.6673 5
      vertex 75.8334 -44.6918 0
      vertex 75.6684 -44.6673 0
    endloop
  endfacet
  facet normal 0.671478 0.741024 -0
    outer loop
      vertex 74.9215 -44.3141 0
      vertex 74.7979 -44.2021 5
      vertex 74.9215 -44.3141 5
    endloop
  endfacet
  facet normal 0.671478 0.741024 0
    outer loop
      vertex 74.7979 -44.2021 5
      vertex 74.9215 -44.3141 0
      vertex 74.7979 -44.2021 0
    endloop
  endfacet
  facet normal -0.989168 -0.146788 0
    outer loop
      vertex 77.6918 -42.8334 0
      vertex 77.6673 -42.6683 5
      vertex 77.6673 -42.6683 0
    endloop
  endfacet
  facet normal -0.989168 -0.146788 0
    outer loop
      vertex 77.6673 -42.6683 5
      vertex 77.6918 -42.8334 0
      vertex 77.6918 -42.8334 5
    endloop
  endfacet
  facet normal -0.970072 -0.242818 0
    outer loop
      vertex 77.6673 -42.6683 0
      vertex 77.6268 -42.5065 5
      vertex 77.6268 -42.5065 0
    endloop
  endfacet
  facet normal -0.970072 -0.242818 0
    outer loop
      vertex 77.6268 -42.5065 5
      vertex 77.6673 -42.6683 0
      vertex 77.6673 -42.6683 5
    endloop
  endfacet
  facet normal -0.941566 -0.33683 0
    outer loop
      vertex 77.6268 -42.5065 0
      vertex 77.5706 -42.3494 5
      vertex 77.5706 -42.3494 0
    endloop
  endfacet
  facet normal -0.941566 -0.33683 0
    outer loop
      vertex 77.5706 -42.3494 5
      vertex 77.6268 -42.5065 0
      vertex 77.6268 -42.5065 5
    endloop
  endfacet
  facet normal -0.741024 -0.671478 0
    outer loop
      vertex 77.3141 -41.9215 0
      vertex 77.2021 -41.7979 5
      vertex 77.2021 -41.7979 0
    endloop
  endfacet
  facet normal -0.741024 -0.671478 0
    outer loop
      vertex 77.2021 -41.7979 5
      vertex 77.3141 -41.9215 0
      vertex 77.3141 -41.9215 5
    endloop
  endfacet
  facet normal -0.803154 -0.595772 0
    outer loop
      vertex 77.4135 -42.0555 0
      vertex 77.3141 -41.9215 5
      vertex 77.3141 -41.9215 0
    endloop
  endfacet
  facet normal -0.803154 -0.595772 0
    outer loop
      vertex 77.3141 -41.9215 5
      vertex 77.4135 -42.0555 0
      vertex 77.4135 -42.0555 5
    endloop
  endfacet
  facet normal -0.671478 -0.741024 0
    outer loop
      vertex 77.0785 -41.6859 0
      vertex 77.2021 -41.7979 5
      vertex 77.0785 -41.6859 5
    endloop
  endfacet
  facet normal -0.671478 -0.741024 -0
    outer loop
      vertex 77.2021 -41.7979 5
      vertex 77.0785 -41.6859 0
      vertex 77.2021 -41.7979 0
    endloop
  endfacet
  facet normal -0.514231 -0.857652 0
    outer loop
      vertex 76.8014 -41.5007 0
      vertex 76.9445 -41.5865 5
      vertex 76.8014 -41.5007 5
    endloop
  endfacet
  facet normal -0.514231 -0.857652 -0
    outer loop
      vertex 76.9445 -41.5865 5
      vertex 76.8014 -41.5007 0
      vertex 76.9445 -41.5865 0
    endloop
  endfacet
  facet normal -0.0491602 -0.998791 0
    outer loop
      vertex 76 -41.3 0
      vertex 76.1666 -41.3082 5
      vertex 76 -41.3 5
    endloop
  endfacet
  facet normal -0.0491602 -0.998791 -0
    outer loop
      vertex 76.1666 -41.3082 5
      vertex 76 -41.3 0
      vertex 76.1666 -41.3082 0
    endloop
  endfacet
  facet normal -0.33683 -0.941566 0
    outer loop
      vertex 76.4935 -41.3732 0
      vertex 76.6506 -41.4294 5
      vertex 76.4935 -41.3732 5
    endloop
  endfacet
  facet normal -0.33683 -0.941566 -0
    outer loop
      vertex 76.6506 -41.4294 5
      vertex 76.4935 -41.3732 0
      vertex 76.6506 -41.4294 0
    endloop
  endfacet
  facet normal -0.242677 -0.970107 0
    outer loop
      vertex 76.3316 -41.3327 0
      vertex 76.4935 -41.3732 5
      vertex 76.3316 -41.3327 5
    endloop
  endfacet
  facet normal -0.242677 -0.970107 -0
    outer loop
      vertex 76.4935 -41.3732 5
      vertex 76.3316 -41.3327 0
      vertex 76.4935 -41.3732 0
    endloop
  endfacet
  facet normal 0.998791 -0.0491602 0
    outer loop
      vertex 74.3 -43 5
      vertex 74.3082 -42.8334 0
      vertex 74.3082 -42.8334 5
    endloop
  endfacet
  facet normal 0.998791 -0.0491602 0
    outer loop
      vertex 74.3082 -42.8334 0
      vertex 74.3 -43 5
      vertex 74.3 -43 0
    endloop
  endfacet
  facet normal 0.941566 -0.33683 0
    outer loop
      vertex 74.3732 -42.5065 5
      vertex 74.4294 -42.3494 0
      vertex 74.4294 -42.3494 5
    endloop
  endfacet
  facet normal 0.941566 -0.33683 0
    outer loop
      vertex 74.4294 -42.3494 0
      vertex 74.3732 -42.5065 5
      vertex 74.3732 -42.5065 0
    endloop
  endfacet
  facet normal 0.970072 -0.242818 0
    outer loop
      vertex 74.3327 -42.6683 5
      vertex 74.3732 -42.5065 0
      vertex 74.3732 -42.5065 5
    endloop
  endfacet
  facet normal 0.970072 -0.242818 0
    outer loop
      vertex 74.3732 -42.5065 0
      vertex 74.3327 -42.6683 5
      vertex 74.3327 -42.6683 0
    endloop
  endfacet
  facet normal 0.857652 -0.514231 0
    outer loop
      vertex 74.5007 -42.1986 5
      vertex 74.5865 -42.0555 0
      vertex 74.5865 -42.0555 5
    endloop
  endfacet
  facet normal 0.857652 -0.514231 0
    outer loop
      vertex 74.5865 -42.0555 0
      vertex 74.5007 -42.1986 5
      vertex 74.5007 -42.1986 0
    endloop
  endfacet
  facet normal 0.803154 -0.595772 0
    outer loop
      vertex 74.5865 -42.0555 5
      vertex 74.6859 -41.9215 0
      vertex 74.6859 -41.9215 5
    endloop
  endfacet
  facet normal 0.803154 -0.595772 0
    outer loop
      vertex 74.6859 -41.9215 0
      vertex 74.5865 -42.0555 5
      vertex 74.5865 -42.0555 0
    endloop
  endfacet
  facet normal 0.242677 -0.970107 0
    outer loop
      vertex 75.5065 -41.3732 0
      vertex 75.6684 -41.3327 5
      vertex 75.5065 -41.3732 5
    endloop
  endfacet
  facet normal 0.242677 -0.970107 0
    outer loop
      vertex 75.6684 -41.3327 5
      vertex 75.5065 -41.3732 0
      vertex 75.6684 -41.3327 0
    endloop
  endfacet
  facet normal 0.0491602 -0.998791 0
    outer loop
      vertex 75.8334 -41.3082 0
      vertex 76 -41.3 5
      vertex 75.8334 -41.3082 5
    endloop
  endfacet
  facet normal 0.0491602 -0.998791 0
    outer loop
      vertex 76 -41.3 5
      vertex 75.8334 -41.3082 0
      vertex 76 -41.3 0
    endloop
  endfacet
  facet normal 0.514231 -0.857652 0
    outer loop
      vertex 75.0555 -41.5865 0
      vertex 75.1986 -41.5007 5
      vertex 75.0555 -41.5865 5
    endloop
  endfacet
  facet normal 0.514231 -0.857652 0
    outer loop
      vertex 75.1986 -41.5007 5
      vertex 75.0555 -41.5865 0
      vertex 75.1986 -41.5007 0
    endloop
  endfacet
  facet normal 0.595772 -0.803154 0
    outer loop
      vertex 74.9215 -41.6859 0
      vertex 75.0555 -41.5865 5
      vertex 74.9215 -41.6859 5
    endloop
  endfacet
  facet normal 0.595772 -0.803154 0
    outer loop
      vertex 75.0555 -41.5865 5
      vertex 74.9215 -41.6859 0
      vertex 75.0555 -41.5865 0
    endloop
  endfacet
  facet normal 0.427442 -0.904043 0
    outer loop
      vertex 75.1986 -41.5007 0
      vertex 75.3494 -41.4294 5
      vertex 75.1986 -41.5007 5
    endloop
  endfacet
  facet normal 0.427442 -0.904043 0
    outer loop
      vertex 75.3494 -41.4294 5
      vertex 75.1986 -41.5007 0
      vertex 75.3494 -41.4294 0
    endloop
  endfacet
  facet normal 0.671478 -0.741024 0
    outer loop
      vertex 74.7979 -41.7979 0
      vertex 74.9215 -41.6859 5
      vertex 74.7979 -41.7979 5
    endloop
  endfacet
  facet normal 0.671478 -0.741024 0
    outer loop
      vertex 74.9215 -41.6859 5
      vertex 74.7979 -41.7979 0
      vertex 74.9215 -41.6859 0
    endloop
  endfacet
  facet normal -0.998791 -0.0491602 0
    outer loop
      vertex 77.7 -43 0
      vertex 77.6918 -42.8334 5
      vertex 77.6918 -42.8334 0
    endloop
  endfacet
  facet normal -0.998791 -0.0491602 0
    outer loop
      vertex 77.6918 -42.8334 5
      vertex 77.7 -43 0
      vertex 77.7 -43 5
    endloop
  endfacet
  facet normal -0.0491602 0.998791 0
    outer loop
      vertex 76.1666 -44.6918 0
      vertex 76 -44.7 5
      vertex 76.1666 -44.6918 5
    endloop
  endfacet
  facet normal -0.0491602 0.998791 0
    outer loop
      vertex 76 -44.7 5
      vertex 76.1666 -44.6918 0
      vertex 76 -44.7 0
    endloop
  endfacet
  facet normal -0.970072 0.242818 0
    outer loop
      vertex 77.6268 -43.4935 0
      vertex 77.6673 -43.3317 5
      vertex 77.6673 -43.3317 0
    endloop
  endfacet
  facet normal -0.970072 0.242818 0
    outer loop
      vertex 77.6673 -43.3317 5
      vertex 77.6268 -43.4935 0
      vertex 77.6268 -43.4935 5
    endloop
  endfacet
  facet normal -0.803154 0.595772 0
    outer loop
      vertex 77.3141 -44.0785 0
      vertex 77.4135 -43.9445 5
      vertex 77.4135 -43.9445 0
    endloop
  endfacet
  facet normal -0.803154 0.595772 0
    outer loop
      vertex 77.4135 -43.9445 5
      vertex 77.3141 -44.0785 0
      vertex 77.3141 -44.0785 5
    endloop
  endfacet
  facet normal -0.904043 0.427442 0
    outer loop
      vertex 77.4993 -43.8014 0
      vertex 77.5706 -43.6506 5
      vertex 77.5706 -43.6506 0
    endloop
  endfacet
  facet normal -0.904043 0.427442 0
    outer loop
      vertex 77.5706 -43.6506 5
      vertex 77.4993 -43.8014 0
      vertex 77.4993 -43.8014 5
    endloop
  endfacet
  facet normal -0.146875 0.989155 0
    outer loop
      vertex 76.3316 -44.6673 0
      vertex 76.1666 -44.6918 5
      vertex 76.3316 -44.6673 5
    endloop
  endfacet
  facet normal -0.146875 0.989155 0
    outer loop
      vertex 76.1666 -44.6918 5
      vertex 76.3316 -44.6673 0
      vertex 76.1666 -44.6918 0
    endloop
  endfacet
  facet normal -0.741024 0.671478 0
    outer loop
      vertex 77.2021 -44.2021 0
      vertex 77.3141 -44.0785 5
      vertex 77.3141 -44.0785 0
    endloop
  endfacet
  facet normal -0.741024 0.671478 0
    outer loop
      vertex 77.3141 -44.0785 5
      vertex 77.2021 -44.2021 0
      vertex 77.2021 -44.2021 5
    endloop
  endfacet
  facet normal -0.671478 0.741024 0
    outer loop
      vertex 77.2021 -44.2021 0
      vertex 77.0785 -44.3141 5
      vertex 77.2021 -44.2021 5
    endloop
  endfacet
  facet normal -0.671478 0.741024 0
    outer loop
      vertex 77.0785 -44.3141 5
      vertex 77.2021 -44.2021 0
      vertex 77.0785 -44.3141 0
    endloop
  endfacet
  facet normal -0.514231 0.857652 0
    outer loop
      vertex 76.9445 -44.4135 0
      vertex 76.8014 -44.4993 5
      vertex 76.9445 -44.4135 5
    endloop
  endfacet
  facet normal -0.514231 0.857652 0
    outer loop
      vertex 76.8014 -44.4993 5
      vertex 76.9445 -44.4135 0
      vertex 76.8014 -44.4993 0
    endloop
  endfacet
  facet normal 0.0491602 0.998791 -0
    outer loop
      vertex 76 -44.7 0
      vertex 75.8334 -44.6918 5
      vertex 76 -44.7 5
    endloop
  endfacet
  facet normal 0.0491602 0.998791 0
    outer loop
      vertex 75.8334 -44.6918 5
      vertex 76 -44.7 0
      vertex 75.8334 -44.6918 0
    endloop
  endfacet
  facet normal 0.33683 0.941566 -0
    outer loop
      vertex 75.5065 -44.6268 0
      vertex 75.3494 -44.5706 5
      vertex 75.5065 -44.6268 5
    endloop
  endfacet
  facet normal 0.33683 0.941566 0
    outer loop
      vertex 75.3494 -44.5706 5
      vertex 75.5065 -44.6268 0
      vertex 75.3494 -44.5706 0
    endloop
  endfacet
  facet normal 0.514231 0.857652 -0
    outer loop
      vertex 75.1986 -44.4993 0
      vertex 75.0555 -44.4135 5
      vertex 75.1986 -44.4993 5
    endloop
  endfacet
  facet normal 0.514231 0.857652 0
    outer loop
      vertex 75.0555 -44.4135 5
      vertex 75.1986 -44.4993 0
      vertex 75.0555 -44.4135 0
    endloop
  endfacet
  facet normal 0.970072 0.242818 0
    outer loop
      vertex 74.3732 -43.4935 5
      vertex 74.3327 -43.3317 0
      vertex 74.3327 -43.3317 5
    endloop
  endfacet
  facet normal 0.970072 0.242818 0
    outer loop
      vertex 74.3327 -43.3317 0
      vertex 74.3732 -43.4935 5
      vertex 74.3732 -43.4935 0
    endloop
  endfacet
  facet normal 0.998791 0.0491602 0
    outer loop
      vertex 74.3082 -43.1666 5
      vertex 74.3 -43 0
      vertex 74.3 -43 5
    endloop
  endfacet
  facet normal 0.998791 0.0491602 0
    outer loop
      vertex 74.3 -43 0
      vertex 74.3082 -43.1666 5
      vertex 74.3082 -43.1666 0
    endloop
  endfacet
  facet normal 0.803154 0.595772 0
    outer loop
      vertex 74.6859 -44.0785 5
      vertex 74.5865 -43.9445 0
      vertex 74.5865 -43.9445 5
    endloop
  endfacet
  facet normal 0.803154 0.595772 0
    outer loop
      vertex 74.5865 -43.9445 0
      vertex 74.6859 -44.0785 5
      vertex 74.6859 -44.0785 0
    endloop
  endfacet
  facet normal 0.904043 0.427442 0
    outer loop
      vertex 74.5007 -43.8014 5
      vertex 74.4294 -43.6506 0
      vertex 74.4294 -43.6506 5
    endloop
  endfacet
  facet normal 0.904043 0.427442 0
    outer loop
      vertex 74.4294 -43.6506 0
      vertex 74.5007 -43.8014 5
      vertex 74.5007 -43.8014 0
    endloop
  endfacet
  facet normal -0.989168 0.146788 0
    outer loop
      vertex 77.6673 -43.3317 0
      vertex 77.6918 -43.1666 5
      vertex 77.6918 -43.1666 0
    endloop
  endfacet
  facet normal -0.989168 0.146788 0
    outer loop
      vertex 77.6918 -43.1666 5
      vertex 77.6673 -43.3317 0
      vertex 77.6673 -43.3317 5
    endloop
  endfacet
  facet normal -0.857652 0.514231 0
    outer loop
      vertex 77.4135 -43.9445 0
      vertex 77.4993 -43.8014 5
      vertex 77.4993 -43.8014 0
    endloop
  endfacet
  facet normal -0.857652 0.514231 0
    outer loop
      vertex 77.4993 -43.8014 5
      vertex 77.4135 -43.9445 0
      vertex 77.4135 -43.9445 5
    endloop
  endfacet
  facet normal -0.427442 0.904043 0
    outer loop
      vertex 76.8014 -44.4993 0
      vertex 76.6506 -44.5706 5
      vertex 76.8014 -44.4993 5
    endloop
  endfacet
  facet normal -0.427442 0.904043 0
    outer loop
      vertex 76.6506 -44.5706 5
      vertex 76.8014 -44.4993 0
      vertex 76.6506 -44.5706 0
    endloop
  endfacet
  facet normal -0.242677 0.970107 0
    outer loop
      vertex 76.4935 -44.6268 0
      vertex 76.3316 -44.6673 5
      vertex 76.4935 -44.6268 5
    endloop
  endfacet
  facet normal -0.242677 0.970107 0
    outer loop
      vertex 76.3316 -44.6673 5
      vertex 76.4935 -44.6268 0
      vertex 76.3316 -44.6673 0
    endloop
  endfacet
  facet normal -0.595772 0.803154 0
    outer loop
      vertex 77.0785 -44.3141 0
      vertex 76.9445 -44.4135 5
      vertex 77.0785 -44.3141 5
    endloop
  endfacet
  facet normal -0.595772 0.803154 0
    outer loop
      vertex 76.9445 -44.4135 5
      vertex 77.0785 -44.3141 0
      vertex 76.9445 -44.4135 0
    endloop
  endfacet
  facet normal 0.242677 0.970107 -0
    outer loop
      vertex 75.6684 -44.6673 0
      vertex 75.5065 -44.6268 5
      vertex 75.6684 -44.6673 5
    endloop
  endfacet
  facet normal 0.242677 0.970107 0
    outer loop
      vertex 75.5065 -44.6268 5
      vertex 75.6684 -44.6673 0
      vertex 75.5065 -44.6268 0
    endloop
  endfacet
  facet normal 0.427442 0.904043 -0
    outer loop
      vertex 75.3494 -44.5706 0
      vertex 75.1986 -44.4993 5
      vertex 75.3494 -44.5706 5
    endloop
  endfacet
  facet normal 0.427442 0.904043 0
    outer loop
      vertex 75.1986 -44.4993 5
      vertex 75.3494 -44.5706 0
      vertex 75.1986 -44.4993 0
    endloop
  endfacet
  facet normal 0.595772 0.803154 -0
    outer loop
      vertex 75.0555 -44.4135 0
      vertex 74.9215 -44.3141 5
      vertex 75.0555 -44.4135 5
    endloop
  endfacet
  facet normal 0.595772 0.803154 0
    outer loop
      vertex 74.9215 -44.3141 5
      vertex 75.0555 -44.4135 0
      vertex 74.9215 -44.3141 0
    endloop
  endfacet
  facet normal 0.941566 0.33683 0
    outer loop
      vertex 74.4294 -43.6506 5
      vertex 74.3732 -43.4935 0
      vertex 74.3732 -43.4935 5
    endloop
  endfacet
  facet normal 0.941566 0.33683 0
    outer loop
      vertex 74.3732 -43.4935 0
      vertex 74.4294 -43.6506 5
      vertex 74.4294 -43.6506 0
    endloop
  endfacet
  facet normal 0.989168 0.146788 0
    outer loop
      vertex 74.3327 -43.3317 5
      vertex 74.3082 -43.1666 0
      vertex 74.3082 -43.1666 5
    endloop
  endfacet
  facet normal 0.989168 0.146788 0
    outer loop
      vertex 74.3082 -43.1666 0
      vertex 74.3327 -43.3317 5
      vertex 74.3327 -43.3317 0
    endloop
  endfacet
  facet normal 0.857652 0.514231 0
    outer loop
      vertex 74.5865 -43.9445 5
      vertex 74.5007 -43.8014 0
      vertex 74.5007 -43.8014 5
    endloop
  endfacet
  facet normal 0.857652 0.514231 0
    outer loop
      vertex 74.5007 -43.8014 0
      vertex 74.5865 -43.9445 5
      vertex 74.5865 -43.9445 0
    endloop
  endfacet
  facet normal 0.741024 0.671478 0
    outer loop
      vertex 74.7979 -44.2021 5
      vertex 74.6859 -44.0785 0
      vertex 74.6859 -44.0785 5
    endloop
  endfacet
  facet normal 0.741024 0.671478 0
    outer loop
      vertex 74.6859 -44.0785 0
      vertex 74.7979 -44.2021 5
      vertex 74.7979 -44.2021 0
    endloop
  endfacet
  facet normal -0.33683 0.941566 0
    outer loop
      vertex 76.6506 -44.5706 0
      vertex 76.4935 -44.6268 5
      vertex 76.6506 -44.5706 5
    endloop
  endfacet
  facet normal -0.33683 0.941566 0
    outer loop
      vertex 76.4935 -44.6268 5
      vertex 76.6506 -44.5706 0
      vertex 76.4935 -44.6268 0
    endloop
  endfacet
  facet normal -0.998791 -0.0491602 0
    outer loop
      vertex 77.7 43 0
      vertex 77.6918 43.1666 5
      vertex 77.6918 43.1666 0
    endloop
  endfacet
  facet normal -0.998791 -0.0491602 0
    outer loop
      vertex 77.6918 43.1666 5
      vertex 77.7 43 0
      vertex 77.7 43 5
    endloop
  endfacet
  facet normal 0.0491602 -0.998791 0
    outer loop
      vertex 75.8334 44.6918 0
      vertex 76 44.7 5
      vertex 75.8334 44.6918 5
    endloop
  endfacet
  facet normal 0.0491602 -0.998791 0
    outer loop
      vertex 76 44.7 5
      vertex 75.8334 44.6918 0
      vertex 76 44.7 0
    endloop
  endfacet
  facet normal -0.0491602 0.998791 0
    outer loop
      vertex 76.1666 41.3082 0
      vertex 76 41.3 5
      vertex 76.1666 41.3082 5
    endloop
  endfacet
  facet normal -0.0491602 0.998791 0
    outer loop
      vertex 76 41.3 5
      vertex 76.1666 41.3082 0
      vertex 76 41.3 0
    endloop
  endfacet
  facet normal -0.671478 -0.741024 0
    outer loop
      vertex 77.0785 44.3141 0
      vertex 77.2021 44.2021 5
      vertex 77.0785 44.3141 5
    endloop
  endfacet
  facet normal -0.671478 -0.741024 -0
    outer loop
      vertex 77.2021 44.2021 5
      vertex 77.0785 44.3141 0
      vertex 77.2021 44.2021 0
    endloop
  endfacet
  facet normal 0.741024 -0.671478 0
    outer loop
      vertex 74.6859 44.0785 5
      vertex 74.7979 44.2021 0
      vertex 74.7979 44.2021 5
    endloop
  endfacet
  facet normal 0.741024 -0.671478 0
    outer loop
      vertex 74.7979 44.2021 0
      vertex 74.6859 44.0785 5
      vertex 74.6859 44.0785 0
    endloop
  endfacet
  facet normal 0.427442 -0.904043 0
    outer loop
      vertex 75.1986 44.4993 0
      vertex 75.3494 44.5706 5
      vertex 75.1986 44.4993 5
    endloop
  endfacet
  facet normal 0.427442 -0.904043 0
    outer loop
      vertex 75.3494 44.5706 5
      vertex 75.1986 44.4993 0
      vertex 75.3494 44.5706 0
    endloop
  endfacet
  facet normal -0.857652 0.514231 0
    outer loop
      vertex 77.4135 42.0555 0
      vertex 77.4993 42.1986 5
      vertex 77.4993 42.1986 0
    endloop
  endfacet
  facet normal -0.857652 0.514231 0
    outer loop
      vertex 77.4993 42.1986 5
      vertex 77.4135 42.0555 0
      vertex 77.4135 42.0555 5
    endloop
  endfacet
  facet normal -0.904043 -0.427442 0
    outer loop
      vertex 77.5706 43.6506 0
      vertex 77.4993 43.8014 5
      vertex 77.4993 43.8014 0
    endloop
  endfacet
  facet normal -0.904043 -0.427442 0
    outer loop
      vertex 77.4993 43.8014 5
      vertex 77.5706 43.6506 0
      vertex 77.5706 43.6506 5
    endloop
  endfacet
  facet normal -0.33683 -0.941566 0
    outer loop
      vertex 76.4935 44.6268 0
      vertex 76.6506 44.5706 5
      vertex 76.4935 44.6268 5
    endloop
  endfacet
  facet normal -0.33683 -0.941566 -0
    outer loop
      vertex 76.6506 44.5706 5
      vertex 76.4935 44.6268 0
      vertex 76.6506 44.5706 0
    endloop
  endfacet
  facet normal -0.514231 -0.857652 0
    outer loop
      vertex 76.8014 44.4993 0
      vertex 76.9445 44.4135 5
      vertex 76.8014 44.4993 5
    endloop
  endfacet
  facet normal -0.514231 -0.857652 -0
    outer loop
      vertex 76.9445 44.4135 5
      vertex 76.8014 44.4993 0
      vertex 76.9445 44.4135 0
    endloop
  endfacet
  facet normal 0.941566 -0.33683 0
    outer loop
      vertex 74.3732 43.4935 5
      vertex 74.4294 43.6506 0
      vertex 74.4294 43.6506 5
    endloop
  endfacet
  facet normal 0.941566 -0.33683 0
    outer loop
      vertex 74.4294 43.6506 0
      vertex 74.3732 43.4935 5
      vertex 74.3732 43.4935 0
    endloop
  endfacet
  facet normal 0.242677 -0.970107 0
    outer loop
      vertex 75.5065 44.6268 0
      vertex 75.6684 44.6673 5
      vertex 75.5065 44.6268 5
    endloop
  endfacet
  facet normal 0.242677 -0.970107 0
    outer loop
      vertex 75.6684 44.6673 5
      vertex 75.5065 44.6268 0
      vertex 75.6684 44.6673 0
    endloop
  endfacet
  facet normal -0.989168 0.146788 0
    outer loop
      vertex 77.6673 42.6683 0
      vertex 77.6918 42.8334 5
      vertex 77.6918 42.8334 0
    endloop
  endfacet
  facet normal -0.989168 0.146788 0
    outer loop
      vertex 77.6918 42.8334 5
      vertex 77.6673 42.6683 0
      vertex 77.6673 42.6683 5
    endloop
  endfacet
  facet normal -0.146875 0.989155 0
    outer loop
      vertex 76.3316 41.3327 0
      vertex 76.1666 41.3082 5
      vertex 76.3316 41.3327 5
    endloop
  endfacet
  facet normal -0.146875 0.989155 0
    outer loop
      vertex 76.1666 41.3082 5
      vertex 76.3316 41.3327 0
      vertex 76.1666 41.3082 0
    endloop
  endfacet
  facet normal -0.970072 -0.242818 0
    outer loop
      vertex 77.6673 43.3317 0
      vertex 77.6268 43.4935 5
      vertex 77.6268 43.4935 0
    endloop
  endfacet
  facet normal -0.970072 -0.242818 0
    outer loop
      vertex 77.6268 43.4935 5
      vertex 77.6673 43.3317 0
      vertex 77.6673 43.3317 5
    endloop
  endfacet
  facet normal -0.989168 -0.146788 0
    outer loop
      vertex 77.6918 43.1666 0
      vertex 77.6673 43.3317 5
      vertex 77.6673 43.3317 0
    endloop
  endfacet
  facet normal -0.989168 -0.146788 0
    outer loop
      vertex 77.6673 43.3317 5
      vertex 77.6918 43.1666 0
      vertex 77.6918 43.1666 5
    endloop
  endfacet
  facet normal -0.941566 -0.33683 0
    outer loop
      vertex 77.6268 43.4935 0
      vertex 77.5706 43.6506 5
      vertex 77.5706 43.6506 0
    endloop
  endfacet
  facet normal -0.941566 -0.33683 0
    outer loop
      vertex 77.5706 43.6506 5
      vertex 77.6268 43.4935 0
      vertex 77.6268 43.4935 5
    endloop
  endfacet
  facet normal -0.803154 -0.595772 0
    outer loop
      vertex 77.4135 43.9445 0
      vertex 77.3141 44.0785 5
      vertex 77.3141 44.0785 0
    endloop
  endfacet
  facet normal -0.803154 -0.595772 0
    outer loop
      vertex 77.3141 44.0785 5
      vertex 77.4135 43.9445 0
      vertex 77.4135 43.9445 5
    endloop
  endfacet
  facet normal -0.741024 -0.671478 0
    outer loop
      vertex 77.3141 44.0785 0
      vertex 77.2021 44.2021 5
      vertex 77.2021 44.2021 0
    endloop
  endfacet
  facet normal -0.741024 -0.671478 0
    outer loop
      vertex 77.2021 44.2021 5
      vertex 77.3141 44.0785 0
      vertex 77.3141 44.0785 5
    endloop
  endfacet
  facet normal -0.857652 -0.514231 0
    outer loop
      vertex 77.4993 43.8014 0
      vertex 77.4135 43.9445 5
      vertex 77.4135 43.9445 0
    endloop
  endfacet
  facet normal -0.857652 -0.514231 0
    outer loop
      vertex 77.4135 43.9445 5
      vertex 77.4993 43.8014 0
      vertex 77.4993 43.8014 5
    endloop
  endfacet
  facet normal -0.146875 -0.989155 0
    outer loop
      vertex 76.1666 44.6918 0
      vertex 76.3316 44.6673 5
      vertex 76.1666 44.6918 5
    endloop
  endfacet
  facet normal -0.146875 -0.989155 -0
    outer loop
      vertex 76.3316 44.6673 5
      vertex 76.1666 44.6918 0
      vertex 76.3316 44.6673 0
    endloop
  endfacet
  facet normal -0.242677 -0.970107 0
    outer loop
      vertex 76.3316 44.6673 0
      vertex 76.4935 44.6268 5
      vertex 76.3316 44.6673 5
    endloop
  endfacet
  facet normal -0.242677 -0.970107 -0
    outer loop
      vertex 76.4935 44.6268 5
      vertex 76.3316 44.6673 0
      vertex 76.4935 44.6268 0
    endloop
  endfacet
  facet normal -0.0491602 -0.998791 0
    outer loop
      vertex 76 44.7 0
      vertex 76.1666 44.6918 5
      vertex 76 44.7 5
    endloop
  endfacet
  facet normal -0.0491602 -0.998791 -0
    outer loop
      vertex 76.1666 44.6918 5
      vertex 76 44.7 0
      vertex 76.1666 44.6918 0
    endloop
  endfacet
  facet normal -0.427442 -0.904043 0
    outer loop
      vertex 76.6506 44.5706 0
      vertex 76.8014 44.4993 5
      vertex 76.6506 44.5706 5
    endloop
  endfacet
  facet normal -0.427442 -0.904043 -0
    outer loop
      vertex 76.8014 44.4993 5
      vertex 76.6506 44.5706 0
      vertex 76.8014 44.4993 0
    endloop
  endfacet
  facet normal -0.595772 -0.803154 0
    outer loop
      vertex 76.9445 44.4135 0
      vertex 77.0785 44.3141 5
      vertex 76.9445 44.4135 5
    endloop
  endfacet
  facet normal -0.595772 -0.803154 -0
    outer loop
      vertex 77.0785 44.3141 5
      vertex 76.9445 44.4135 0
      vertex 77.0785 44.3141 0
    endloop
  endfacet
  facet normal 0.989168 -0.146788 0
    outer loop
      vertex 74.3082 43.1666 5
      vertex 74.3327 43.3317 0
      vertex 74.3327 43.3317 5
    endloop
  endfacet
  facet normal 0.989168 -0.146788 0
    outer loop
      vertex 74.3327 43.3317 0
      vertex 74.3082 43.1666 5
      vertex 74.3082 43.1666 0
    endloop
  endfacet
  facet normal 0.857652 -0.514231 0
    outer loop
      vertex 74.5007 43.8014 5
      vertex 74.5865 43.9445 0
      vertex 74.5865 43.9445 5
    endloop
  endfacet
  facet normal 0.857652 -0.514231 0
    outer loop
      vertex 74.5865 43.9445 0
      vertex 74.5007 43.8014 5
      vertex 74.5007 43.8014 0
    endloop
  endfacet
  facet normal 0.803154 -0.595772 0
    outer loop
      vertex 74.5865 43.9445 5
      vertex 74.6859 44.0785 0
      vertex 74.6859 44.0785 5
    endloop
  endfacet
  facet normal 0.803154 -0.595772 0
    outer loop
      vertex 74.6859 44.0785 0
      vertex 74.5865 43.9445 5
      vertex 74.5865 43.9445 0
    endloop
  endfacet
  facet normal 0.904043 -0.427442 0
    outer loop
      vertex 74.4294 43.6506 5
      vertex 74.5007 43.8014 0
      vertex 74.5007 43.8014 5
    endloop
  endfacet
  facet normal 0.904043 -0.427442 0
    outer loop
      vertex 74.5007 43.8014 0
      vertex 74.4294 43.6506 5
      vertex 74.4294 43.6506 0
    endloop
  endfacet
  facet normal 0.970072 -0.242818 0
    outer loop
      vertex 74.3327 43.3317 5
      vertex 74.3732 43.4935 0
      vertex 74.3732 43.4935 5
    endloop
  endfacet
  facet normal 0.970072 -0.242818 0
    outer loop
      vertex 74.3732 43.4935 0
      vertex 74.3327 43.3317 5
      vertex 74.3327 43.3317 0
    endloop
  endfacet
  facet normal 0.998791 -0.0491602 0
    outer loop
      vertex 74.3 43 5
      vertex 74.3082 43.1666 0
      vertex 74.3082 43.1666 5
    endloop
  endfacet
  facet normal 0.998791 -0.0491602 0
    outer loop
      vertex 74.3082 43.1666 0
      vertex 74.3 43 5
      vertex 74.3 43 0
    endloop
  endfacet
  facet normal 0.595772 -0.803154 0
    outer loop
      vertex 74.9215 44.3141 0
      vertex 75.0555 44.4135 5
      vertex 74.9215 44.3141 5
    endloop
  endfacet
  facet normal 0.595772 -0.803154 0
    outer loop
      vertex 75.0555 44.4135 5
      vertex 74.9215 44.3141 0
      vertex 75.0555 44.4135 0
    endloop
  endfacet
  facet normal 0.514231 -0.857652 0
    outer loop
      vertex 75.0555 44.4135 0
      vertex 75.1986 44.4993 5
      vertex 75.0555 44.4135 5
    endloop
  endfacet
  facet normal 0.514231 -0.857652 0
    outer loop
      vertex 75.1986 44.4993 5
      vertex 75.0555 44.4135 0
      vertex 75.1986 44.4993 0
    endloop
  endfacet
  facet normal 0.671478 -0.741024 0
    outer loop
      vertex 74.7979 44.2021 0
      vertex 74.9215 44.3141 5
      vertex 74.7979 44.2021 5
    endloop
  endfacet
  facet normal 0.671478 -0.741024 0
    outer loop
      vertex 74.9215 44.3141 5
      vertex 74.7979 44.2021 0
      vertex 74.9215 44.3141 0
    endloop
  endfacet
  facet normal 0.33683 -0.941566 0
    outer loop
      vertex 75.3494 44.5706 0
      vertex 75.5065 44.6268 5
      vertex 75.3494 44.5706 5
    endloop
  endfacet
  facet normal 0.33683 -0.941566 0
    outer loop
      vertex 75.5065 44.6268 5
      vertex 75.3494 44.5706 0
      vertex 75.5065 44.6268 0
    endloop
  endfacet
  facet normal 0.146875 -0.989155 0
    outer loop
      vertex 75.6684 44.6673 0
      vertex 75.8334 44.6918 5
      vertex 75.6684 44.6673 5
    endloop
  endfacet
  facet normal 0.146875 -0.989155 0
    outer loop
      vertex 75.8334 44.6918 5
      vertex 75.6684 44.6673 0
      vertex 75.8334 44.6918 0
    endloop
  endfacet
  facet normal -0.998791 0.0491602 0
    outer loop
      vertex 77.6918 42.8334 0
      vertex 77.7 43 5
      vertex 77.7 43 0
    endloop
  endfacet
  facet normal -0.998791 0.0491602 0
    outer loop
      vertex 77.7 43 5
      vertex 77.6918 42.8334 0
      vertex 77.6918 42.8334 5
    endloop
  endfacet
  facet normal -0.741024 0.671478 0
    outer loop
      vertex 77.2021 41.7979 0
      vertex 77.3141 41.9215 5
      vertex 77.3141 41.9215 0
    endloop
  endfacet
  facet normal -0.741024 0.671478 0
    outer loop
      vertex 77.3141 41.9215 5
      vertex 77.2021 41.7979 0
      vertex 77.2021 41.7979 5
    endloop
  endfacet
  facet normal 0.857652 0.514231 0
    outer loop
      vertex 74.5865 42.0555 5
      vertex 74.5007 42.1986 0
      vertex 74.5007 42.1986 5
    endloop
  endfacet
  facet normal 0.857652 0.514231 0
    outer loop
      vertex 74.5007 42.1986 0
      vertex 74.5865 42.0555 5
      vertex 74.5865 42.0555 0
    endloop
  endfacet
  facet normal 0.741024 0.671478 0
    outer loop
      vertex 74.7979 41.7979 5
      vertex 74.6859 41.9215 0
      vertex 74.6859 41.9215 5
    endloop
  endfacet
  facet normal 0.741024 0.671478 0
    outer loop
      vertex 74.6859 41.9215 0
      vertex 74.7979 41.7979 5
      vertex 74.7979 41.7979 0
    endloop
  endfacet
  facet normal 0.998791 0.0491602 0
    outer loop
      vertex 74.3082 42.8334 5
      vertex 74.3 43 0
      vertex 74.3 43 5
    endloop
  endfacet
  facet normal 0.998791 0.0491602 0
    outer loop
      vertex 74.3 43 0
      vertex 74.3082 42.8334 5
      vertex 74.3082 42.8334 0
    endloop
  endfacet
  facet normal -0.970072 0.242818 0
    outer loop
      vertex 77.6268 42.5065 0
      vertex 77.6673 42.6683 5
      vertex 77.6673 42.6683 0
    endloop
  endfacet
  facet normal -0.970072 0.242818 0
    outer loop
      vertex 77.6673 42.6683 5
      vertex 77.6268 42.5065 0
      vertex 77.6268 42.5065 5
    endloop
  endfacet
  facet normal -0.514231 0.857652 0
    outer loop
      vertex 76.9445 41.5865 0
      vertex 76.8014 41.5007 5
      vertex 76.9445 41.5865 5
    endloop
  endfacet
  facet normal -0.514231 0.857652 0
    outer loop
      vertex 76.8014 41.5007 5
      vertex 76.9445 41.5865 0
      vertex 76.8014 41.5007 0
    endloop
  endfacet
  facet normal -0.671478 0.741024 0
    outer loop
      vertex 77.2021 41.7979 0
      vertex 77.0785 41.6859 5
      vertex 77.2021 41.7979 5
    endloop
  endfacet
  facet normal -0.671478 0.741024 0
    outer loop
      vertex 77.0785 41.6859 5
      vertex 77.2021 41.7979 0
      vertex 77.0785 41.6859 0
    endloop
  endfacet
  facet normal -0.904043 0.427442 0
    outer loop
      vertex 77.4993 42.1986 0
      vertex 77.5706 42.3494 5
      vertex 77.5706 42.3494 0
    endloop
  endfacet
  facet normal -0.904043 0.427442 0
    outer loop
      vertex 77.5706 42.3494 5
      vertex 77.4993 42.1986 0
      vertex 77.4993 42.1986 5
    endloop
  endfacet
  facet normal -0.803154 0.595772 0
    outer loop
      vertex 77.3141 41.9215 0
      vertex 77.4135 42.0555 5
      vertex 77.4135 42.0555 0
    endloop
  endfacet
  facet normal -0.803154 0.595772 0
    outer loop
      vertex 77.4135 42.0555 5
      vertex 77.3141 41.9215 0
      vertex 77.3141 41.9215 5
    endloop
  endfacet
  facet normal 0.242677 0.970107 -0
    outer loop
      vertex 75.6684 41.3327 0
      vertex 75.5065 41.3732 5
      vertex 75.6684 41.3327 5
    endloop
  endfacet
  facet normal 0.242677 0.970107 0
    outer loop
      vertex 75.5065 41.3732 5
      vertex 75.6684 41.3327 0
      vertex 75.5065 41.3732 0
    endloop
  endfacet
  facet normal 0.671478 0.741024 -0
    outer loop
      vertex 74.9215 41.6859 0
      vertex 74.7979 41.7979 5
      vertex 74.9215 41.6859 5
    endloop
  endfacet
  facet normal 0.671478 0.741024 0
    outer loop
      vertex 74.7979 41.7979 5
      vertex 74.9215 41.6859 0
      vertex 74.7979 41.7979 0
    endloop
  endfacet
  facet normal 0.941566 0.33683 0
    outer loop
      vertex 74.4294 42.3494 5
      vertex 74.3732 42.5065 0
      vertex 74.3732 42.5065 5
    endloop
  endfacet
  facet normal 0.941566 0.33683 0
    outer loop
      vertex 74.3732 42.5065 0
      vertex 74.4294 42.3494 5
      vertex 74.4294 42.3494 0
    endloop
  endfacet
  facet normal 0.904043 0.427442 0
    outer loop
      vertex 74.5007 42.1986 5
      vertex 74.4294 42.3494 0
      vertex 74.4294 42.3494 5
    endloop
  endfacet
  facet normal 0.904043 0.427442 0
    outer loop
      vertex 74.4294 42.3494 0
      vertex 74.5007 42.1986 5
      vertex 74.5007 42.1986 0
    endloop
  endfacet
  facet normal -0.242677 0.970107 0
    outer loop
      vertex 76.4935 41.3732 0
      vertex 76.3316 41.3327 5
      vertex 76.4935 41.3732 5
    endloop
  endfacet
  facet normal -0.242677 0.970107 0
    outer loop
      vertex 76.3316 41.3327 5
      vertex 76.4935 41.3732 0
      vertex 76.3316 41.3327 0
    endloop
  endfacet
  facet normal -0.427442 0.904043 0
    outer loop
      vertex 76.8014 41.5007 0
      vertex 76.6506 41.4294 5
      vertex 76.8014 41.5007 5
    endloop
  endfacet
  facet normal -0.427442 0.904043 0
    outer loop
      vertex 76.6506 41.4294 5
      vertex 76.8014 41.5007 0
      vertex 76.6506 41.4294 0
    endloop
  endfacet
  facet normal -0.33683 0.941566 0
    outer loop
      vertex 76.6506 41.4294 0
      vertex 76.4935 41.3732 5
      vertex 76.6506 41.4294 5
    endloop
  endfacet
  facet normal -0.33683 0.941566 0
    outer loop
      vertex 76.4935 41.3732 5
      vertex 76.6506 41.4294 0
      vertex 76.4935 41.3732 0
    endloop
  endfacet
  facet normal -0.941566 0.33683 0
    outer loop
      vertex 77.5706 42.3494 0
      vertex 77.6268 42.5065 5
      vertex 77.6268 42.5065 0
    endloop
  endfacet
  facet normal -0.941566 0.33683 0
    outer loop
      vertex 77.6268 42.5065 5
      vertex 77.5706 42.3494 0
      vertex 77.5706 42.3494 5
    endloop
  endfacet
  facet normal 0.0491602 0.998791 -0
    outer loop
      vertex 76 41.3 0
      vertex 75.8334 41.3082 5
      vertex 76 41.3 5
    endloop
  endfacet
  facet normal 0.0491602 0.998791 0
    outer loop
      vertex 75.8334 41.3082 5
      vertex 76 41.3 0
      vertex 75.8334 41.3082 0
    endloop
  endfacet
  facet normal 0.33683 0.941566 -0
    outer loop
      vertex 75.5065 41.3732 0
      vertex 75.3494 41.4294 5
      vertex 75.5065 41.3732 5
    endloop
  endfacet
  facet normal 0.33683 0.941566 0
    outer loop
      vertex 75.3494 41.4294 5
      vertex 75.5065 41.3732 0
      vertex 75.3494 41.4294 0
    endloop
  endfacet
  facet normal 0.803154 0.595772 0
    outer loop
      vertex 74.6859 41.9215 5
      vertex 74.5865 42.0555 0
      vertex 74.5865 42.0555 5
    endloop
  endfacet
  facet normal 0.803154 0.595772 0
    outer loop
      vertex 74.5865 42.0555 0
      vertex 74.6859 41.9215 5
      vertex 74.6859 41.9215 0
    endloop
  endfacet
  facet normal 0.970072 0.242818 0
    outer loop
      vertex 74.3732 42.5065 5
      vertex 74.3327 42.6683 0
      vertex 74.3327 42.6683 5
    endloop
  endfacet
  facet normal 0.970072 0.242818 0
    outer loop
      vertex 74.3327 42.6683 0
      vertex 74.3732 42.5065 5
      vertex 74.3732 42.5065 0
    endloop
  endfacet
  facet normal 0.989168 0.146788 0
    outer loop
      vertex 74.3327 42.6683 5
      vertex 74.3082 42.8334 0
      vertex 74.3082 42.8334 5
    endloop
  endfacet
  facet normal 0.989168 0.146788 0
    outer loop
      vertex 74.3082 42.8334 0
      vertex 74.3327 42.6683 5
      vertex 74.3327 42.6683 0
    endloop
  endfacet
  facet normal -0.595772 0.803154 0
    outer loop
      vertex 77.0785 41.6859 0
      vertex 76.9445 41.5865 5
      vertex 77.0785 41.6859 5
    endloop
  endfacet
  facet normal -0.595772 0.803154 0
    outer loop
      vertex 76.9445 41.5865 5
      vertex 77.0785 41.6859 0
      vertex 76.9445 41.5865 0
    endloop
  endfacet
  facet normal 0.427442 0.904043 -0
    outer loop
      vertex 75.3494 41.4294 0
      vertex 75.1986 41.5007 5
      vertex 75.3494 41.4294 5
    endloop
  endfacet
  facet normal 0.427442 0.904043 0
    outer loop
      vertex 75.1986 41.5007 5
      vertex 75.3494 41.4294 0
      vertex 75.1986 41.5007 0
    endloop
  endfacet
  facet normal 0.146875 0.989155 -0
    outer loop
      vertex 75.8334 41.3082 0
      vertex 75.6684 41.3327 5
      vertex 75.8334 41.3082 5
    endloop
  endfacet
  facet normal 0.146875 0.989155 0
    outer loop
      vertex 75.6684 41.3327 5
      vertex 75.8334 41.3082 0
      vertex 75.6684 41.3327 0
    endloop
  endfacet
  facet normal 0.514231 0.857652 -0
    outer loop
      vertex 75.1986 41.5007 0
      vertex 75.0555 41.5865 5
      vertex 75.1986 41.5007 5
    endloop
  endfacet
  facet normal 0.514231 0.857652 0
    outer loop
      vertex 75.0555 41.5865 5
      vertex 75.1986 41.5007 0
      vertex 75.0555 41.5865 0
    endloop
  endfacet
  facet normal 0.595772 0.803154 -0
    outer loop
      vertex 75.0555 41.5865 0
      vertex 74.9215 41.6859 5
      vertex 75.0555 41.5865 5
    endloop
  endfacet
  facet normal 0.595772 0.803154 0
    outer loop
      vertex 74.9215 41.6859 5
      vertex 75.0555 41.5865 0
      vertex 74.9215 41.6859 0
    endloop
  endfacet
  facet normal 0 0 -1
    outer loop
      vertex -74.4294 -42.3494 0
      vertex 74.4294 -42.3494 0
      vertex -74.3732 -42.5065 0
    endloop
  endfacet
  facet normal 0 0 -1
    outer loop
      vertex 74.5007 42.1986 0
      vertex -74.3082 42.8334 0
      vertex -74.3 43 0
    endloop
  endfacet
  facet normal 0 0 -1
    outer loop
      vertex 74.4294 -42.3494 0
      vertex -74.4294 -42.3494 0
      vertex 74.5007 -42.1986 0
    endloop
  endfacet
  facet normal 0 0 -1
    outer loop
      vertex 74.5007 42.1986 0
      vertex -74.3327 42.6683 0
      vertex -74.3082 42.8334 0
    endloop
  endfacet
  facet normal 0 0 -1
    outer loop
      vertex -74.5007 -42.1986 0
      vertex 74.5007 -42.1986 0
      vertex -74.4294 -42.3494 0
    endloop
  endfacet
  facet normal 0 0 -1
    outer loop
      vertex 74.5007 42.1986 0
      vertex -74.3732 42.5065 0
      vertex -74.3327 42.6683 0
    endloop
  endfacet
  facet normal 0 0 -1
    outer loop
      vertex 74.5007 -42.1986 0
      vertex -74.5007 -42.1986 0
      vertex 74.5007 42.1986 0
    endloop
  endfacet
  facet normal 0 0 -1
    outer loop
      vertex 74.5007 42.1986 0
      vertex -74.4294 42.3494 0
      vertex -74.3732 42.5065 0
    endloop
  endfacet
  facet normal 0 0 -1
    outer loop
      vertex -74.5007 42.1986 0
      vertex 74.5007 42.1986 0
      vertex -74.5007 -42.1986 0
    endloop
  endfacet
  facet normal 0 0 -1
    outer loop
      vertex 74.5007 42.1986 0
      vertex -74.5007 42.1986 0
      vertex -74.4294 42.3494 0
    endloop
  endfacet
  facet normal 0 0 -1
    outer loop
      vertex -74.5865 -42.0555 0
      vertex -74.5007 42.1986 0
      vertex -74.5007 -42.1986 0
    endloop
  endfacet
  facet normal 0 0 -1
    outer loop
      vertex -74.5865 -42.0555 0
      vertex -74.5865 42.0555 0
      vertex -74.5007 42.1986 0
    endloop
  endfacet
  facet normal 0 0 -1
    outer loop
      vertex -74.6859 -41.9215 0
      vertex -74.5865 42.0555 0
      vertex -74.5865 -42.0555 0
    endloop
  endfacet
  facet normal 0 0 -1
    outer loop
      vertex -74.6859 -41.9215 0
      vertex -74.6859 41.9215 0
      vertex -74.5865 42.0555 0
    endloop
  endfacet
  facet normal 0 0 -1
    outer loop
      vertex -74.7979 -41.7979 0
      vertex -74.6859 41.9215 0
      vertex -74.6859 -41.9215 0
    endloop
  endfacet
  facet normal 0 0 -1
    outer loop
      vertex -74.7979 -41.7979 0
      vertex -74.7979 41.7979 0
      vertex -74.6859 41.9215 0
    endloop
  endfacet
  facet normal 0 0 -1
    outer loop
      vertex -74.9215 -41.6859 0
      vertex -74.7979 41.7979 0
      vertex -74.7979 -41.7979 0
    endloop
  endfacet
  facet normal 0 0 -1
    outer loop
      vertex -74.9215 -41.6859 0
      vertex -74.9215 41.6859 0
      vertex -74.7979 41.7979 0
    endloop
  endfacet
  facet normal 0 0 -1
    outer loop
      vertex -75.0555 -41.5865 0
      vertex -74.9215 41.6859 0
      vertex -74.9215 -41.6859 0
    endloop
  endfacet
  facet normal 0 0 -1
    outer loop
      vertex -75.0555 -41.5865 0
      vertex -75.0555 41.5865 0
      vertex -74.9215 41.6859 0
    endloop
  endfacet
  facet normal 0 0 -1
    outer loop
      vertex -75.1986 -41.5007 0
      vertex -75.0555 41.5865 0
      vertex -75.0555 -41.5865 0
    endloop
  endfacet
  facet normal 0 0 -1
    outer loop
      vertex -75.1986 -41.5007 0
      vertex -75.1986 41.5007 0
      vertex -75.0555 41.5865 0
    endloop
  endfacet
  facet normal 0 0 -1
    outer loop
      vertex -75.3494 -41.4294 0
      vertex -75.1986 41.5007 0
      vertex -75.1986 -41.5007 0
    endloop
  endfacet
  facet normal 0 0 -1
    outer loop
      vertex -75.3494 -41.4294 0
      vertex -75.3494 41.4294 0
      vertex -75.1986 41.5007 0
    endloop
  endfacet
  facet normal 0 0 -1
    outer loop
      vertex -75.5065 -41.3732 0
      vertex -75.3494 41.4294 0
      vertex -75.3494 -41.4294 0
    endloop
  endfacet
  facet normal 0 0 -1
    outer loop
      vertex -75.5065 -41.3732 0
      vertex -75.5065 41.3732 0
      vertex -75.3494 41.4294 0
    endloop
  endfacet
  facet normal 0 0 -1
    outer loop
      vertex -75.6684 -41.3327 0
      vertex -75.5065 41.3732 0
      vertex -75.5065 -41.3732 0
    endloop
  endfacet
  facet normal 0 0 -1
    outer loop
      vertex -75.6684 -41.3327 0
      vertex -75.6684 41.3327 0
      vertex -75.5065 41.3732 0
    endloop
  endfacet
  facet normal 0 0 -1
    outer loop
      vertex -75.8334 -41.3082 0
      vertex -75.6684 41.3327 0
      vertex -75.6684 -41.3327 0
    endloop
  endfacet
  facet normal 0 0 -1
    outer loop
      vertex -75.8334 -41.3082 0
      vertex -75.8334 41.3082 0
      vertex -75.6684 41.3327 0
    endloop
  endfacet
  facet normal 0 0 -1
    outer loop
      vertex -76 -41.3 0
      vertex -75.8334 41.3082 0
      vertex -75.8334 -41.3082 0
    endloop
  endfacet
  facet normal 0 0 -1
    outer loop
      vertex -76 -41.3 0
      vertex -76 41.3 0
      vertex -75.8334 41.3082 0
    endloop
  endfacet
  facet normal 0 0 -1
    outer loop
      vertex -76.1666 -41.3082 0
      vertex -76 41.3 0
      vertex -76 -41.3 0
    endloop
  endfacet
  facet normal 0 0 -1
    outer loop
      vertex -76.1666 -41.3082 0
      vertex -76.1666 41.3082 0
      vertex -76 41.3 0
    endloop
  endfacet
  facet normal 0 0 -1
    outer loop
      vertex -76.3316 -41.3327 0
      vertex -76.1666 41.3082 0
      vertex -76.1666 -41.3082 0
    endloop
  endfacet
  facet normal 0 0 -1
    outer loop
      vertex -76.3316 -41.3327 0
      vertex -76.3316 41.3327 0
      vertex -76.1666 41.3082 0
    endloop
  endfacet
  facet normal 0 0 -1
    outer loop
      vertex -76.4935 -41.3732 0
      vertex -76.3316 41.3327 0
      vertex -76.3316 -41.3327 0
    endloop
  endfacet
  facet normal 0 0 -1
    outer loop
      vertex -76.4935 -41.3732 0
      vertex -76.4935 41.3732 0
      vertex -76.3316 41.3327 0
    endloop
  endfacet
  facet normal 0 0 -1
    outer loop
      vertex -76.6506 -41.4294 0
      vertex -76.4935 41.3732 0
      vertex -76.4935 -41.3732 0
    endloop
  endfacet
  facet normal 0 0 -1
    outer loop
      vertex -76.6506 -41.4294 0
      vertex -76.6506 41.4294 0
      vertex -76.4935 41.3732 0
    endloop
  endfacet
  facet normal 0 0 -1
    outer loop
      vertex -76.8014 -41.5007 0
      vertex -76.6506 41.4294 0
      vertex -76.6506 -41.4294 0
    endloop
  endfacet
  facet normal 0 0 -1
    outer loop
      vertex -76.8014 -41.5007 0
      vertex -76.8014 41.5007 0
      vertex -76.6506 41.4294 0
    endloop
  endfacet
  facet normal 0 0 -1
    outer loop
      vertex -92 -47 0
      vertex -76.8014 -41.5007 0
      vertex -76.9445 -41.5865 0
    endloop
  endfacet
  facet normal -0 0 -1
    outer loop
      vertex -76.8014 -41.5007 0
      vertex -92 -47 0
      vertex -76.8014 41.5007 0
    endloop
  endfacet
  facet normal 0 0 -1
    outer loop
      vertex -92 -47 0
      vertex -76.9445 -41.5865 0
      vertex -77.0785 -41.6859 0
    endloop
  endfacet
  facet normal 0 0 -1
    outer loop
      vertex -92 47 0
      vertex -76.8014 41.5007 0
      vertex -92 -47 0
    endloop
  endfacet
  facet normal 0 0 -1
    outer loop
      vertex -92 -47 0
      vertex -77.0785 -41.6859 0
      vertex -77.2021 -41.7979 0
    endloop
  endfacet
  facet normal 0 0 -1
    outer loop
      vertex -76.8014 41.5007 0
      vertex -92 47 0
      vertex -76.9445 41.5865 0
    endloop
  endfacet
  facet normal 0 0 -1
    outer loop
      vertex -92 -47 0
      vertex -77.2021 -41.7979 0
      vertex -77.3141 -41.9215 0
    endloop
  endfacet
  facet normal 0 0 -1
    outer loop
      vertex -76.9445 41.5865 0
      vertex -92 47 0
      vertex -77.0785 41.6859 0
    endloop
  endfacet
  facet normal 0 0 -1
    outer loop
      vertex -92 -47 0
      vertex -77.3141 -41.9215 0
      vertex -77.4135 -42.0555 0
    endloop
  endfacet
  facet normal 0 0 -1
    outer loop
      vertex -77.0785 41.6859 0
      vertex -92 47 0
      vertex -77.2021 41.7979 0
    endloop
  endfacet
  facet normal 0 0 -1
    outer loop
      vertex -92 -47 0
      vertex -77.4135 -42.0555 0
      vertex -77.4993 -42.1986 0
    endloop
  endfacet
  facet normal 0 0 -1
    outer loop
      vertex -77.2021 41.7979 0
      vertex -92 47 0
      vertex -77.3141 41.9215 0
    endloop
  endfacet
  facet normal 0 0 -1
    outer loop
      vertex -92 -47 0
      vertex -77.4993 -42.1986 0
      vertex -77.5706 -42.3494 0
    endloop
  endfacet
  facet normal 0 0 -1
    outer loop
      vertex -77.3141 41.9215 0
      vertex -92 47 0
      vertex -77.4135 42.0555 0
    endloop
  endfacet
  facet normal 0 0 -1
    outer loop
      vertex -92 -47 0
      vertex -77.5706 -42.3494 0
      vertex -77.6268 -42.5065 0
    endloop
  endfacet
  facet normal 0 0 -1
    outer loop
      vertex -77.4135 42.0555 0
      vertex -92 47 0
      vertex -77.4993 42.1986 0
    endloop
  endfacet
  facet normal 0 0 -1
    outer loop
      vertex -92 -47 0
      vertex -77.6268 -42.5065 0
      vertex -77.6673 -42.6683 0
    endloop
  endfacet
  facet normal 0 0 -1
    outer loop
      vertex -77.4993 42.1986 0
      vertex -92 47 0
      vertex -77.5706 42.3494 0
    endloop
  endfacet
  facet normal 0 0 -1
    outer loop
      vertex -92 -47 0
      vertex -77.6673 -42.6683 0
      vertex -77.6918 -42.8334 0
    endloop
  endfacet
  facet normal 0 0 -1
    outer loop
      vertex -77.5706 42.3494 0
      vertex -92 47 0
      vertex -77.6268 42.5065 0
    endloop
  endfacet
  facet normal 0 0 -1
    outer loop
      vertex -92 -47 0
      vertex -77.6918 -42.8334 0
      vertex -77.7 -43 0
    endloop
  endfacet
  facet normal 0 0 -1
    outer loop
      vertex -77.6268 42.5065 0
      vertex -92 47 0
      vertex -77.6673 42.6683 0
    endloop
  endfacet
  facet normal 0 0 -1
    outer loop
      vertex 77.6268 -42.5065 0
      vertex 92 -47 0
      vertex 77.6673 -42.6683 0
    endloop
  endfacet
  facet normal 0 0 -1
    outer loop
      vertex 92 47 0
      vertex 77.6918 42.8334 0
      vertex 77.7 43 0
    endloop
  endfacet
  facet normal 0 0 -1
    outer loop
      vertex 77.5706 -42.3494 0
      vertex 92 -47 0
      vertex 77.6268 -42.5065 0
    endloop
  endfacet
  facet normal 0 0 -1
    outer loop
      vertex 92 47 0
      vertex 77.6673 42.6683 0
      vertex 77.6918 42.8334 0
    endloop
  endfacet
  facet normal 0 0 -1
    outer loop
      vertex 77.4993 -42.1986 0
      vertex 92 -47 0
      vertex 77.5706 -42.3494 0
    endloop
  endfacet
  facet normal 0 0 -1
    outer loop
      vertex 92 47 0
      vertex 77.6268 42.5065 0
      vertex 77.6673 42.6683 0
    endloop
  endfacet
  facet normal 0 0 -1
    outer loop
      vertex 77.4135 -42.0555 0
      vertex 92 -47 0
      vertex 77.4993 -42.1986 0
    endloop
  endfacet
  facet normal 0 0 -1
    outer loop
      vertex 92 47 0
      vertex 77.5706 42.3494 0
      vertex 77.6268 42.5065 0
    endloop
  endfacet
  facet normal 0 0 -1
    outer loop
      vertex 77.3141 -41.9215 0
      vertex 92 -47 0
      vertex 77.4135 -42.0555 0
    endloop
  endfacet
  facet normal 0 0 -1
    outer loop
      vertex 92 47 0
      vertex 77.4993 42.1986 0
      vertex 77.5706 42.3494 0
    endloop
  endfacet
  facet normal 0 0 -1
    outer loop
      vertex 77.2021 -41.7979 0
      vertex 92 -47 0
      vertex 77.3141 -41.9215 0
    endloop
  endfacet
  facet normal 0 0 -1
    outer loop
      vertex 92 47 0
      vertex 77.4135 42.0555 0
      vertex 77.4993 42.1986 0
    endloop
  endfacet
  facet normal 0 0 -1
    outer loop
      vertex 77.0785 -41.6859 0
      vertex 92 -47 0
      vertex 77.2021 -41.7979 0
    endloop
  endfacet
  facet normal 0 0 -1
    outer loop
      vertex 92 47 0
      vertex 77.3141 41.9215 0
      vertex 77.4135 42.0555 0
    endloop
  endfacet
  facet normal 0 0 -1
    outer loop
      vertex 76.9445 -41.5865 0
      vertex 92 -47 0
      vertex 77.0785 -41.6859 0
    endloop
  endfacet
  facet normal 0 0 -1
    outer loop
      vertex 92 47 0
      vertex 77.2021 41.7979 0
      vertex 77.3141 41.9215 0
    endloop
  endfacet
  facet normal 0 0 -1
    outer loop
      vertex 76.8014 -41.5007 0
      vertex 92 -47 0
      vertex 76.9445 -41.5865 0
    endloop
  endfacet
  facet normal 0 0 -1
    outer loop
      vertex 92 47 0
      vertex 77.0785 41.6859 0
      vertex 77.2021 41.7979 0
    endloop
  endfacet
  facet normal 0 0 -1
    outer loop
      vertex 92 -47 0
      vertex 76.8014 -41.5007 0
      vertex 92 47 0
    endloop
  endfacet
  facet normal 0 0 -1
    outer loop
      vertex 92 47 0
      vertex 76.9445 41.5865 0
      vertex 77.0785 41.6859 0
    endloop
  endfacet
  facet normal 0 0 -1
    outer loop
      vertex 76.8014 41.5007 0
      vertex 92 47 0
      vertex 76.8014 -41.5007 0
    endloop
  endfacet
  facet normal 0 0 -1
    outer loop
      vertex 92 47 0
      vertex 76.8014 41.5007 0
      vertex 76.9445 41.5865 0
    endloop
  endfacet
  facet normal 0 0 -1
    outer loop
      vertex 76.6506 -41.4294 0
      vertex 76.8014 41.5007 0
      vertex 76.8014 -41.5007 0
    endloop
  endfacet
  facet normal 0 0 -1
    outer loop
      vertex 76.6506 -41.4294 0
      vertex 76.6506 41.4294 0
      vertex 76.8014 41.5007 0
    endloop
  endfacet
  facet normal 0 0 -1
    outer loop
      vertex 76.4935 -41.3732 0
      vertex 76.6506 41.4294 0
      vertex 76.6506 -41.4294 0
    endloop
  endfacet
  facet normal 0 0 -1
    outer loop
      vertex 76.4935 -41.3732 0
      vertex 76.4935 41.3732 0
      vertex 76.6506 41.4294 0
    endloop
  endfacet
  facet normal 0 0 -1
    outer loop
      vertex 76.3316 -41.3327 0
      vertex 76.4935 41.3732 0
      vertex 76.4935 -41.3732 0
    endloop
  endfacet
  facet normal 0 0 -1
    outer loop
      vertex 76.3316 -41.3327 0
      vertex 76.3316 41.3327 0
      vertex 76.4935 41.3732 0
    endloop
  endfacet
  facet normal 0 0 -1
    outer loop
      vertex 76.1666 -41.3082 0
      vertex 76.3316 41.3327 0
      vertex 76.3316 -41.3327 0
    endloop
  endfacet
  facet normal 0 0 -1
    outer loop
      vertex 76.1666 -41.3082 0
      vertex 76.1666 41.3082 0
      vertex 76.3316 41.3327 0
    endloop
  endfacet
  facet normal 0 0 -1
    outer loop
      vertex 76 -41.3 0
      vertex 76.1666 41.3082 0
      vertex 76.1666 -41.3082 0
    endloop
  endfacet
  facet normal 0 0 -1
    outer loop
      vertex 76 -41.3 0
      vertex 76 41.3 0
      vertex 76.1666 41.3082 0
    endloop
  endfacet
  facet normal 0 0 -1
    outer loop
      vertex 75.8334 -41.3082 0
      vertex 76 41.3 0
      vertex 76 -41.3 0
    endloop
  endfacet
  facet normal 0 0 -1
    outer loop
      vertex 75.8334 -41.3082 0
      vertex 75.8334 41.3082 0
      vertex 76 41.3 0
    endloop
  endfacet
  facet normal 0 0 -1
    outer loop
      vertex 75.6684 -41.3327 0
      vertex 75.8334 41.3082 0
      vertex 75.8334 -41.3082 0
    endloop
  endfacet
  facet normal 0 0 -1
    outer loop
      vertex 75.6684 -41.3327 0
      vertex 75.6684 41.3327 0
      vertex 75.8334 41.3082 0
    endloop
  endfacet
  facet normal 0 0 -1
    outer loop
      vertex 75.5065 -41.3732 0
      vertex 75.6684 41.3327 0
      vertex 75.6684 -41.3327 0
    endloop
  endfacet
  facet normal 0 0 -1
    outer loop
      vertex 75.5065 -41.3732 0
      vertex 75.5065 41.3732 0
      vertex 75.6684 41.3327 0
    endloop
  endfacet
  facet normal 0 0 -1
    outer loop
      vertex 75.3494 -41.4294 0
      vertex 75.5065 41.3732 0
      vertex 75.5065 -41.3732 0
    endloop
  endfacet
  facet normal 0 0 -1
    outer loop
      vertex 75.3494 -41.4294 0
      vertex 75.3494 41.4294 0
      vertex 75.5065 41.3732 0
    endloop
  endfacet
  facet normal 0 0 -1
    outer loop
      vertex 75.1986 -41.5007 0
      vertex 75.3494 41.4294 0
      vertex 75.3494 -41.4294 0
    endloop
  endfacet
  facet normal 0 0 -1
    outer loop
      vertex 75.1986 -41.5007 0
      vertex 75.1986 41.5007 0
      vertex 75.3494 41.4294 0
    endloop
  endfacet
  facet normal 0 0 -1
    outer loop
      vertex 75.0555 -41.5865 0
      vertex 75.1986 41.5007 0
      vertex 75.1986 -41.5007 0
    endloop
  endfacet
  facet normal 0 0 -1
    outer loop
      vertex 75.0555 -41.5865 0
      vertex 75.0555 41.5865 0
      vertex 75.1986 41.5007 0
    endloop
  endfacet
  facet normal 0 0 -1
    outer loop
      vertex 74.9215 -41.6859 0
      vertex 75.0555 41.5865 0
      vertex 75.0555 -41.5865 0
    endloop
  endfacet
  facet normal 0 0 -1
    outer loop
      vertex 74.9215 -41.6859 0
      vertex 74.9215 41.6859 0
      vertex 75.0555 41.5865 0
    endloop
  endfacet
  facet normal 0 0 -1
    outer loop
      vertex 74.7979 -41.7979 0
      vertex 74.9215 41.6859 0
      vertex 74.9215 -41.6859 0
    endloop
  endfacet
  facet normal 0 0 -1
    outer loop
      vertex 74.7979 -41.7979 0
      vertex 74.7979 41.7979 0
      vertex 74.9215 41.6859 0
    endloop
  endfacet
  facet normal 0 0 -1
    outer loop
      vertex 74.6859 -41.9215 0
      vertex 74.7979 41.7979 0
      vertex 74.7979 -41.7979 0
    endloop
  endfacet
  facet normal 0 0 -1
    outer loop
      vertex 74.6859 -41.9215 0
      vertex 74.6859 41.9215 0
      vertex 74.7979 41.7979 0
    endloop
  endfacet
  facet normal 0 0 -1
    outer loop
      vertex 74.5865 -42.0555 0
      vertex 74.6859 41.9215 0
      vertex 74.6859 -41.9215 0
    endloop
  endfacet
  facet normal 0 0 -1
    outer loop
      vertex 74.5865 -42.0555 0
      vertex 74.5865 42.0555 0
      vertex 74.6859 41.9215 0
    endloop
  endfacet
  facet normal 0 0 -1
    outer loop
      vertex 74.5007 -42.1986 0
      vertex 74.5865 42.0555 0
      vertex 74.5865 -42.0555 0
    endloop
  endfacet
  facet normal 0 0 -1
    outer loop
      vertex 74.5007 -42.1986 0
      vertex 74.5007 42.1986 0
      vertex 74.5865 42.0555 0
    endloop
  endfacet
  facet normal 0 0 -1
    outer loop
      vertex 74.3327 -42.6683 0
      vertex -74.3327 -42.6683 0
      vertex 74.3732 -42.5065 0
    endloop
  endfacet
  facet normal 0 0 -1
    outer loop
      vertex -74.3732 -42.5065 0
      vertex 74.3732 -42.5065 0
      vertex -74.3327 -42.6683 0
    endloop
  endfacet
  facet normal 0 0 -1
    outer loop
      vertex -74.3327 -42.6683 0
      vertex 74.3327 -42.6683 0
      vertex -74.3082 -42.8334 0
    endloop
  endfacet
  facet normal 0 0 -1
    outer loop
      vertex 74.3732 -42.5065 0
      vertex -74.3732 -42.5065 0
      vertex 74.4294 -42.3494 0
    endloop
  endfacet
  facet normal 0 0 -1
    outer loop
      vertex 74.3082 -42.8334 0
      vertex -74.3082 -42.8334 0
      vertex 74.3327 -42.6683 0
    endloop
  endfacet
  facet normal 0 0 -1
    outer loop
      vertex 74.5007 42.1986 0
      vertex -74.3 43 0
      vertex 74.4294 42.3494 0
    endloop
  endfacet
  facet normal 0 0 -1
    outer loop
      vertex -74.3082 -42.8334 0
      vertex 74.3082 -42.8334 0
      vertex -74.3 -43 0
    endloop
  endfacet
  facet normal 0 0 -1
    outer loop
      vertex 74.4294 42.3494 0
      vertex -74.3 43 0
      vertex 74.3732 42.5065 0
    endloop
  endfacet
  facet normal 0 0 -1
    outer loop
      vertex -74.3 -43 0
      vertex 74.3082 -42.8334 0
      vertex 74.3 -43 0
    endloop
  endfacet
  facet normal 0 0 -1
    outer loop
      vertex 74.3732 42.5065 0
      vertex -74.3 43 0
      vertex 74.3327 42.6683 0
    endloop
  endfacet
  facet normal 0 0 -1
    outer loop
      vertex 77.4993 -43.8014 0
      vertex 92 -47 0
      vertex 91.9422 -48.1762 0
    endloop
  endfacet
  facet normal 0 0 -1
    outer loop
      vertex 77.6918 -42.8334 0
      vertex 92 -47 0
      vertex 77.7 -43 0
    endloop
  endfacet
  facet normal 0 0 -1
    outer loop
      vertex 77.4993 -43.8014 0
      vertex 91.9422 -48.1762 0
      vertex 91.7694 -49.3411 0
    endloop
  endfacet
  facet normal 0 0 -1
    outer loop
      vertex 77.6673 -42.6683 0
      vertex 92 -47 0
      vertex 77.6918 -42.8334 0
    endloop
  endfacet
  facet normal 0 0 -1
    outer loop
      vertex 77.4135 -43.9445 0
      vertex 91.7694 -49.3411 0
      vertex 91.4833 -50.4834 0
    endloop
  endfacet
  facet normal 0 0 -1
    outer loop
      vertex 77.6918 43.1666 0
      vertex 92 47 0
      vertex 77.7 43 0
    endloop
  endfacet
  facet normal 0 0 -1
    outer loop
      vertex 77.4135 -43.9445 0
      vertex 91.4833 -50.4834 0
      vertex 91.0865 -51.5922 0
    endloop
  endfacet
  facet normal 0 0 -1
    outer loop
      vertex 77.6673 43.3317 0
      vertex 92 47 0
      vertex 77.6918 43.1666 0
    endloop
  endfacet
  facet normal 0 0 -1
    outer loop
      vertex 77.4135 -43.9445 0
      vertex 91.0865 -51.5922 0
      vertex 90.5831 -52.6568 0
    endloop
  endfacet
  facet normal 0 0 -1
    outer loop
      vertex 77.6268 43.4935 0
      vertex 92 47 0
      vertex 77.6673 43.3317 0
    endloop
  endfacet
  facet normal 0 0 -1
    outer loop
      vertex 77.3141 -44.0785 0
      vertex 90.5831 -52.6568 0
      vertex 89.9776 -53.6668 0
    endloop
  endfacet
  facet normal 0 0 -1
    outer loop
      vertex 77.5706 43.6506 0
      vertex 92 47 0
      vertex 77.6268 43.4935 0
    endloop
  endfacet
  facet normal 0 0 -1
    outer loop
      vertex 77.3141 -44.0785 0
      vertex 89.9776 -53.6668 0
      vertex 89.2761 -54.6127 0
    endloop
  endfacet
  facet normal 0 0 -1
    outer loop
      vertex 77.4993 43.8014 0
      vertex 92 47 0
      vertex 77.5706 43.6506 0
    endloop
  endfacet
  facet normal 0 0 -1
    outer loop
      vertex 77.2021 -44.2021 0
      vertex 89.2761 -54.6127 0
      vertex 88.4853 -55.4853 0
    endloop
  endfacet
  facet normal -0 0 -1
    outer loop
      vertex 92 47 0
      vertex 77.4993 43.8014 0
      vertex 91.9422 48.1762 0
    endloop
  endfacet
  facet normal 0 0 -1
    outer loop
      vertex 77.2021 -44.2021 0
      vertex 88.4853 -55.4853 0
      vertex 87.6127 -56.2761 0
    endloop
  endfacet
  facet normal -0 0 -1
    outer loop
      vertex 91.9422 48.1762 0
      vertex 77.4993 43.8014 0
      vertex 91.7694 49.3411 0
    endloop
  endfacet
  facet normal 0 0 -1
    outer loop
      vertex 77.0785 -44.3141 0
      vertex 87.6127 -56.2761 0
      vertex 86.6668 -56.9776 0
    endloop
  endfacet
  facet normal 0 0 -1
    outer loop
      vertex 77.4135 43.9445 0
      vertex 91.7694 49.3411 0
      vertex 77.4993 43.8014 0
    endloop
  endfacet
  facet normal 0 0 -1
    outer loop
      vertex 77.0785 -44.3141 0
      vertex 86.6668 -56.9776 0
      vertex 85.6568 -57.5831 0
    endloop
  endfacet
  facet normal -0 0 -1
    outer loop
      vertex 91.7694 49.3411 0
      vertex 77.4135 43.9445 0
      vertex 91.4833 50.4834 0
    endloop
  endfacet
  facet normal 0 0 -1
    outer loop
      vertex 77.0785 -44.3141 0
      vertex 85.6568 -57.5831 0
      vertex 84.5922 -58.0865 0
    endloop
  endfacet
  facet normal -0 0 -1
    outer loop
      vertex 91.4833 50.4834 0
      vertex 77.4135 43.9445 0
      vertex 91.0865 51.5922 0
    endloop
  endfacet
  facet normal 0 0 -1
    outer loop
      vertex 76.9445 -44.4135 0
      vertex 84.5922 -58.0865 0
      vertex 83.4834 -58.4833 0
    endloop
  endfacet
  facet normal -0 0 -1
    outer loop
      vertex 91.0865 51.5922 0
      vertex 77.4135 43.9445 0
      vertex 90.5831 52.6568 0
    endloop
  endfacet
  facet normal 0 0 -1
    outer loop
      vertex 76.9445 -44.4135 0
      vertex 83.4834 -58.4833 0
      vertex 82.3411 -58.7694 0
    endloop
  endfacet
  facet normal 0 0 -1
    outer loop
      vertex 77.3141 44.0785 0
      vertex 90.5831 52.6568 0
      vertex 77.4135 43.9445 0
    endloop
  endfacet
  facet normal 0 0 -1
    outer loop
      vertex 76.8014 -44.4993 0
      vertex 82.3411 -58.7694 0
      vertex 81.1762 -58.9422 0
    endloop
  endfacet
  facet normal -0 0 -1
    outer loop
      vertex 90.5831 52.6568 0
      vertex 77.3141 44.0785 0
      vertex 89.9776 53.6668 0
    endloop
  endfacet
  facet normal 0 0 -1
    outer loop
      vertex 76.8014 -44.4993 0
      vertex 81.1762 -58.9422 0
      vertex 80 -59 0
    endloop
  endfacet
  facet normal -0 0 -1
    outer loop
      vertex 89.9776 53.6668 0
      vertex 77.3141 44.0785 0
      vertex 89.2761 54.6127 0
    endloop
  endfacet
  facet normal 0 0 -1
    outer loop
      vertex 77.2021 44.2021 0
      vertex 89.2761 54.6127 0
      vertex 77.3141 44.0785 0
    endloop
  endfacet
  facet normal 0 0 -1
    outer loop
      vertex 92 -47 0
      vertex 77.6918 -43.1666 0
      vertex 77.7 -43 0
    endloop
  endfacet
  facet normal 0 0 -1
    outer loop
      vertex 92 -47 0
      vertex 77.6673 -43.3317 0
      vertex 77.6918 -43.1666 0
    endloop
  endfacet
  facet normal 0 0 -1
    outer loop
      vertex 92 -47 0
      vertex 77.6268 -43.4935 0
      vertex 77.6673 -43.3317 0
    endloop
  endfacet
  facet normal 0 0 -1
    outer loop
      vertex 92 -47 0
      vertex 77.5706 -43.6506 0
      vertex 77.6268 -43.4935 0
    endloop
  endfacet
  facet normal 0 0 -1
    outer loop
      vertex 92 -47 0
      vertex 77.4993 -43.8014 0
      vertex 77.5706 -43.6506 0
    endloop
  endfacet
  facet normal 0 0 -1
    outer loop
      vertex 91.7694 -49.3411 0
      vertex 77.4135 -43.9445 0
      vertex 77.4993 -43.8014 0
    endloop
  endfacet
  facet normal 0 0 -1
    outer loop
      vertex 90.5831 -52.6568 0
      vertex 77.3141 -44.0785 0
      vertex 77.4135 -43.9445 0
    endloop
  endfacet
  facet normal 0 0 -1
    outer loop
      vertex 89.2761 -54.6127 0
      vertex 77.2021 -44.2021 0
      vertex 77.3141 -44.0785 0
    endloop
  endfacet
  facet normal 0 0 -1
    outer loop
      vertex 87.6127 -56.2761 0
      vertex 77.0785 -44.3141 0
      vertex 77.2021 -44.2021 0
    endloop
  endfacet
  facet normal 0 0 -1
    outer loop
      vertex 84.5922 -58.0865 0
      vertex 76.9445 -44.4135 0
      vertex 77.0785 -44.3141 0
    endloop
  endfacet
  facet normal 0 0 -1
    outer loop
      vertex 82.3411 -58.7694 0
      vertex 76.8014 -44.4993 0
      vertex 76.9445 -44.4135 0
    endloop
  endfacet
  facet normal 0 0 -1
    outer loop
      vertex 80 -59 0
      vertex 76.6506 -44.5706 0
      vertex 76.8014 -44.4993 0
    endloop
  endfacet
  facet normal 0 0 -1
    outer loop
      vertex 80 -59 0
      vertex 76.4935 -44.6268 0
      vertex 76.6506 -44.5706 0
    endloop
  endfacet
  facet normal 0 0 -1
    outer loop
      vertex 80 -59 0
      vertex 76.3316 -44.6673 0
      vertex 76.4935 -44.6268 0
    endloop
  endfacet
  facet normal 0 0 -1
    outer loop
      vertex 80 -59 0
      vertex 76.1666 -44.6918 0
      vertex 76.3316 -44.6673 0
    endloop
  endfacet
  facet normal 0 0 -1
    outer loop
      vertex 80 -59 0
      vertex 76 -44.7 0
      vertex 76.1666 -44.6918 0
    endloop
  endfacet
  facet normal 0 0 -1
    outer loop
      vertex 80 -59 0
      vertex 75.8334 -44.6918 0
      vertex 76 -44.7 0
    endloop
  endfacet
  facet normal 0 0 -1
    outer loop
      vertex 80 -59 0
      vertex 75.6684 -44.6673 0
      vertex 75.8334 -44.6918 0
    endloop
  endfacet
  facet normal 0 0 -1
    outer loop
      vertex 80 -59 0
      vertex 75.5065 -44.6268 0
      vertex 75.6684 -44.6673 0
    endloop
  endfacet
  facet normal 0 0 -1
    outer loop
      vertex 80 -59 0
      vertex 75.3494 -44.5706 0
      vertex 75.5065 -44.6268 0
    endloop
  endfacet
  facet normal 0 0 -1
    outer loop
      vertex 80 -59 0
      vertex 75.1986 -44.4993 0
      vertex 75.3494 -44.5706 0
    endloop
  endfacet
  facet normal 0 0 -1
    outer loop
      vertex 80 -59 0
      vertex 75.0555 -44.4135 0
      vertex 75.1986 -44.4993 0
    endloop
  endfacet
  facet normal 0 0 -1
    outer loop
      vertex 80 -59 0
      vertex 74.9215 -44.3141 0
      vertex 75.0555 -44.4135 0
    endloop
  endfacet
  facet normal 0 0 -1
    outer loop
      vertex 80 -59 0
      vertex 74.7979 -44.2021 0
      vertex 74.9215 -44.3141 0
    endloop
  endfacet
  facet normal 0 0 -1
    outer loop
      vertex 80 -59 0
      vertex 74.6859 -44.0785 0
      vertex 74.7979 -44.2021 0
    endloop
  endfacet
  facet normal 0 0 -1
    outer loop
      vertex 80 -59 0
      vertex 74.5865 -43.9445 0
      vertex 74.6859 -44.0785 0
    endloop
  endfacet
  facet normal 0 0 -1
    outer loop
      vertex 80 -59 0
      vertex 74.5007 -43.8014 0
      vertex 74.5865 -43.9445 0
    endloop
  endfacet
  facet normal 0 0 -1
    outer loop
      vertex 80 -59 0
      vertex 74.4294 -43.6506 0
      vertex 74.5007 -43.8014 0
    endloop
  endfacet
  facet normal 0 0 -1
    outer loop
      vertex 74.3327 42.6683 0
      vertex -74.3 43 0
      vertex 74.3082 42.8334 0
    endloop
  endfacet
  facet normal 0 0 -1
    outer loop
      vertex 74.3082 -43.1666 0
      vertex -74.3 -43 0
      vertex 74.3 -43 0
    endloop
  endfacet
  facet normal 0 0 -1
    outer loop
      vertex -74.3082 -43.1666 0
      vertex 74.3082 -43.1666 0
      vertex 74.3327 -43.3317 0
    endloop
  endfacet
  facet normal 0 0 -1
    outer loop
      vertex -74.3327 -43.3317 0
      vertex 74.3327 -43.3317 0
      vertex 74.3732 -43.4935 0
    endloop
  endfacet
  facet normal 0 0 -1
    outer loop
      vertex -74.3732 -43.4935 0
      vertex 74.3732 -43.4935 0
      vertex 74.4294 -43.6506 0
    endloop
  endfacet
  facet normal 0 0 -1
    outer loop
      vertex -74.4294 -43.6506 0
      vertex 74.4294 -43.6506 0
      vertex 80 -59 0
    endloop
  endfacet
  facet normal 0 0 -1
    outer loop
      vertex 74.3082 -43.1666 0
      vertex -74.3082 -43.1666 0
      vertex -74.3 -43 0
    endloop
  endfacet
  facet normal 0 0 -1
    outer loop
      vertex 74.3327 -43.3317 0
      vertex -74.3327 -43.3317 0
      vertex -74.3082 -43.1666 0
    endloop
  endfacet
  facet normal 0 0 -1
    outer loop
      vertex 74.3732 -43.4935 0
      vertex -74.3732 -43.4935 0
      vertex -74.3327 -43.3317 0
    endloop
  endfacet
  facet normal 0 0 -1
    outer loop
      vertex 74.4294 -43.6506 0
      vertex -74.4294 -43.6506 0
      vertex -74.3732 -43.4935 0
    endloop
  endfacet
  facet normal 0 0 -1
    outer loop
      vertex 80 -59 0
      vertex -74.5007 -43.8014 0
      vertex -74.4294 -43.6506 0
    endloop
  endfacet
  facet normal 0 0 -1
    outer loop
      vertex -80 -59 0
      vertex -74.5007 -43.8014 0
      vertex 80 -59 0
    endloop
  endfacet
  facet normal 0 0 -1
    outer loop
      vertex -74.5007 -43.8014 0
      vertex -80 -59 0
      vertex -74.5865 -43.9445 0
    endloop
  endfacet
  facet normal 0 0 -1
    outer loop
      vertex -74.5865 -43.9445 0
      vertex -80 -59 0
      vertex -74.6859 -44.0785 0
    endloop
  endfacet
  facet normal 0 0 -1
    outer loop
      vertex -74.6859 -44.0785 0
      vertex -80 -59 0
      vertex -74.7979 -44.2021 0
    endloop
  endfacet
  facet normal 0 0 -1
    outer loop
      vertex -74.7979 -44.2021 0
      vertex -80 -59 0
      vertex -74.9215 -44.3141 0
    endloop
  endfacet
  facet normal 0 0 -1
    outer loop
      vertex -74.9215 -44.3141 0
      vertex -80 -59 0
      vertex -75.0555 -44.4135 0
    endloop
  endfacet
  facet normal 0 0 -1
    outer loop
      vertex -75.0555 -44.4135 0
      vertex -80 -59 0
      vertex -75.1986 -44.4993 0
    endloop
  endfacet
  facet normal 0 0 -1
    outer loop
      vertex -75.1986 -44.4993 0
      vertex -80 -59 0
      vertex -75.3494 -44.5706 0
    endloop
  endfacet
  facet normal 0 0 -1
    outer loop
      vertex -75.3494 -44.5706 0
      vertex -80 -59 0
      vertex -75.5065 -44.6268 0
    endloop
  endfacet
  facet normal 0 0 -1
    outer loop
      vertex -75.5065 -44.6268 0
      vertex -80 -59 0
      vertex -75.6684 -44.6673 0
    endloop
  endfacet
  facet normal 0 0 -1
    outer loop
      vertex -75.6684 -44.6673 0
      vertex -80 -59 0
      vertex -75.8334 -44.6918 0
    endloop
  endfacet
  facet normal 0 0 -1
    outer loop
      vertex -75.8334 -44.6918 0
      vertex -80 -59 0
      vertex -76 -44.7 0
    endloop
  endfacet
  facet normal 0 0 -1
    outer loop
      vertex -89.2761 -54.6127 0
      vertex -77.2021 -44.2021 0
      vertex -88.4853 -55.4853 0
    endloop
  endfacet
  facet normal 0 0 -1
    outer loop
      vertex -88.4853 -55.4853 0
      vertex -77.2021 -44.2021 0
      vertex -87.6127 -56.2761 0
    endloop
  endfacet
  facet normal -0 0 -1
    outer loop
      vertex -77.0785 -44.3141 0
      vertex -87.6127 -56.2761 0
      vertex -77.2021 -44.2021 0
    endloop
  endfacet
  facet normal 0 0 -1
    outer loop
      vertex -87.6127 -56.2761 0
      vertex -77.0785 -44.3141 0
      vertex -86.6668 -56.9776 0
    endloop
  endfacet
  facet normal 0 0 -1
    outer loop
      vertex -86.6668 -56.9776 0
      vertex -77.0785 -44.3141 0
      vertex -85.6568 -57.5831 0
    endloop
  endfacet
  facet normal 0 0 -1
    outer loop
      vertex -85.6568 -57.5831 0
      vertex -77.0785 -44.3141 0
      vertex -84.5922 -58.0865 0
    endloop
  endfacet
  facet normal -0 0 -1
    outer loop
      vertex -76.9445 -44.4135 0
      vertex -84.5922 -58.0865 0
      vertex -77.0785 -44.3141 0
    endloop
  endfacet
  facet normal 0 0 -1
    outer loop
      vertex -84.5922 -58.0865 0
      vertex -76.9445 -44.4135 0
      vertex -83.4834 -58.4833 0
    endloop
  endfacet
  facet normal 0 0 -1
    outer loop
      vertex -83.4834 -58.4833 0
      vertex -76.9445 -44.4135 0
      vertex -82.3411 -58.7694 0
    endloop
  endfacet
  facet normal -0 0 -1
    outer loop
      vertex -76.8014 -44.4993 0
      vertex -82.3411 -58.7694 0
      vertex -76.9445 -44.4135 0
    endloop
  endfacet
  facet normal 0 0 -1
    outer loop
      vertex -82.3411 -58.7694 0
      vertex -76.8014 -44.4993 0
      vertex -81.1762 -58.9422 0
    endloop
  endfacet
  facet normal 0 0 -1
    outer loop
      vertex -81.1762 -58.9422 0
      vertex -76.8014 -44.4993 0
      vertex -80 -59 0
    endloop
  endfacet
  facet normal -0 0 -1
    outer loop
      vertex -76.6506 -44.5706 0
      vertex -80 -59 0
      vertex -76.8014 -44.4993 0
    endloop
  endfacet
  facet normal -0 0 -1
    outer loop
      vertex -76.4935 -44.6268 0
      vertex -80 -59 0
      vertex -76.6506 -44.5706 0
    endloop
  endfacet
  facet normal -0 0 -1
    outer loop
      vertex -76.3316 -44.6673 0
      vertex -80 -59 0
      vertex -76.4935 -44.6268 0
    endloop
  endfacet
  facet normal -0 0 -1
    outer loop
      vertex -76.1666 -44.6918 0
      vertex -80 -59 0
      vertex -76.3316 -44.6673 0
    endloop
  endfacet
  facet normal -0 0 -1
    outer loop
      vertex -76 -44.7 0
      vertex -80 -59 0
      vertex -76.1666 -44.6918 0
    endloop
  endfacet
  facet normal -0 0 -1
    outer loop
      vertex 89.2761 54.6127 0
      vertex 77.2021 44.2021 0
      vertex 88.4853 55.4853 0
    endloop
  endfacet
  facet normal -0 0 -1
    outer loop
      vertex 88.4853 55.4853 0
      vertex 77.2021 44.2021 0
      vertex 87.6127 56.2761 0
    endloop
  endfacet
  facet normal 0 0 -1
    outer loop
      vertex 77.0785 44.3141 0
      vertex 87.6127 56.2761 0
      vertex 77.2021 44.2021 0
    endloop
  endfacet
  facet normal -0 0 -1
    outer loop
      vertex 87.6127 56.2761 0
      vertex 77.0785 44.3141 0
      vertex 86.6668 56.9776 0
    endloop
  endfacet
  facet normal -0 0 -1
    outer loop
      vertex 86.6668 56.9776 0
      vertex 77.0785 44.3141 0
      vertex 85.6568 57.5831 0
    endloop
  endfacet
  facet normal -0 0 -1
    outer loop
      vertex 85.6568 57.5831 0
      vertex 77.0785 44.3141 0
      vertex 84.5922 58.0865 0
    endloop
  endfacet
  facet normal 0 0 -1
    outer loop
      vertex 76.9445 44.4135 0
      vertex 84.5922 58.0865 0
      vertex 77.0785 44.3141 0
    endloop
  endfacet
  facet normal -0 0 -1
    outer loop
      vertex 84.5922 58.0865 0
      vertex 76.9445 44.4135 0
      vertex 83.4834 58.4833 0
    endloop
  endfacet
  facet normal -0 0 -1
    outer loop
      vertex 83.4834 58.4833 0
      vertex 76.9445 44.4135 0
      vertex 82.3411 58.7694 0
    endloop
  endfacet
  facet normal 0 0 -1
    outer loop
      vertex 76.8014 44.4993 0
      vertex 82.3411 58.7694 0
      vertex 76.9445 44.4135 0
    endloop
  endfacet
  facet normal -0 0 -1
    outer loop
      vertex 82.3411 58.7694 0
      vertex 76.8014 44.4993 0
      vertex 81.1762 58.9422 0
    endloop
  endfacet
  facet normal -0 0 -1
    outer loop
      vertex 81.1762 58.9422 0
      vertex 76.8014 44.4993 0
      vertex 80 59 0
    endloop
  endfacet
  facet normal 0 0 -1
    outer loop
      vertex 76.6506 44.5706 0
      vertex 80 59 0
      vertex 76.8014 44.4993 0
    endloop
  endfacet
  facet normal 0 0 -1
    outer loop
      vertex 76.4935 44.6268 0
      vertex 80 59 0
      vertex 76.6506 44.5706 0
    endloop
  endfacet
  facet normal 0 0 -1
    outer loop
      vertex 76.3316 44.6673 0
      vertex 80 59 0
      vertex 76.4935 44.6268 0
    endloop
  endfacet
  facet normal 0 0 -1
    outer loop
      vertex 76.1666 44.6918 0
      vertex 80 59 0
      vertex 76.3316 44.6673 0
    endloop
  endfacet
  facet normal 0 0 -1
    outer loop
      vertex 76 44.7 0
      vertex 80 59 0
      vertex 76.1666 44.6918 0
    endloop
  endfacet
  facet normal 0 0 -1
    outer loop
      vertex 75.8334 44.6918 0
      vertex 80 59 0
      vertex 76 44.7 0
    endloop
  endfacet
  facet normal 0 0 -1
    outer loop
      vertex 75.6684 44.6673 0
      vertex 80 59 0
      vertex 75.8334 44.6918 0
    endloop
  endfacet
  facet normal 0 0 -1
    outer loop
      vertex 75.5065 44.6268 0
      vertex 80 59 0
      vertex 75.6684 44.6673 0
    endloop
  endfacet
  facet normal 0 0 -1
    outer loop
      vertex 75.3494 44.5706 0
      vertex 80 59 0
      vertex 75.5065 44.6268 0
    endloop
  endfacet
  facet normal 0 0 -1
    outer loop
      vertex 75.1986 44.4993 0
      vertex 80 59 0
      vertex 75.3494 44.5706 0
    endloop
  endfacet
  facet normal 0 0 -1
    outer loop
      vertex 75.0555 44.4135 0
      vertex 80 59 0
      vertex 75.1986 44.4993 0
    endloop
  endfacet
  facet normal 0 0 -1
    outer loop
      vertex 74.9215 44.3141 0
      vertex 80 59 0
      vertex 75.0555 44.4135 0
    endloop
  endfacet
  facet normal 0 0 -1
    outer loop
      vertex 74.7979 44.2021 0
      vertex 80 59 0
      vertex 74.9215 44.3141 0
    endloop
  endfacet
  facet normal 0 0 -1
    outer loop
      vertex 74.6859 44.0785 0
      vertex 80 59 0
      vertex 74.7979 44.2021 0
    endloop
  endfacet
  facet normal 0 0 -1
    outer loop
      vertex 74.5865 43.9445 0
      vertex 80 59 0
      vertex 74.6859 44.0785 0
    endloop
  endfacet
  facet normal 0 0 -1
    outer loop
      vertex 74.5007 43.8014 0
      vertex 80 59 0
      vertex 74.5865 43.9445 0
    endloop
  endfacet
  facet normal 0 0 -1
    outer loop
      vertex 74.4294 43.6506 0
      vertex 80 59 0
      vertex 74.5007 43.8014 0
    endloop
  endfacet
  facet normal 0 0 -1
    outer loop
      vertex 74.3082 42.8334 0
      vertex -74.3 43 0
      vertex 74.3 43 0
    endloop
  endfacet
  facet normal 0 0 -1
    outer loop
      vertex 74.3 43 0
      vertex -74.3 43 0
      vertex 74.3082 43.1666 0
    endloop
  endfacet
  facet normal 0 0 -1
    outer loop
      vertex -74.3082 43.1666 0
      vertex 74.3082 43.1666 0
      vertex -74.3 43 0
    endloop
  endfacet
  facet normal 0 0 -1
    outer loop
      vertex 74.3082 43.1666 0
      vertex -74.3082 43.1666 0
      vertex 74.3327 43.3317 0
    endloop
  endfacet
  facet normal 0 0 -1
    outer loop
      vertex -74.3327 43.3317 0
      vertex 74.3327 43.3317 0
      vertex -74.3082 43.1666 0
    endloop
  endfacet
  facet normal 0 0 -1
    outer loop
      vertex 74.3327 43.3317 0
      vertex -74.3327 43.3317 0
      vertex 74.3732 43.4935 0
    endloop
  endfacet
  facet normal 0 0 -1
    outer loop
      vertex -74.3732 43.4935 0
      vertex 74.3732 43.4935 0
      vertex -74.3327 43.3317 0
    endloop
  endfacet
  facet normal 0 0 -1
    outer loop
      vertex 74.3732 43.4935 0
      vertex -74.3732 43.4935 0
      vertex 74.4294 43.6506 0
    endloop
  endfacet
  facet normal 0 0 -1
    outer loop
      vertex -74.4294 43.6506 0
      vertex 74.4294 43.6506 0
      vertex -74.3732 43.4935 0
    endloop
  endfacet
  facet normal 0 0 -1
    outer loop
      vertex 74.4294 43.6506 0
      vertex -74.4294 43.6506 0
      vertex 80 59 0
    endloop
  endfacet
  facet normal 0 0 -1
    outer loop
      vertex -74.5007 43.8014 0
      vertex 80 59 0
      vertex -74.4294 43.6506 0
    endloop
  endfacet
  facet normal 0 0 -1
    outer loop
      vertex -80 59 0
      vertex -74.5007 43.8014 0
      vertex -74.5865 43.9445 0
    endloop
  endfacet
  facet normal 0 0 -1
    outer loop
      vertex -80 59 0
      vertex -74.5865 43.9445 0
      vertex -74.6859 44.0785 0
    endloop
  endfacet
  facet normal 0 0 -1
    outer loop
      vertex -80 59 0
      vertex -74.6859 44.0785 0
      vertex -74.7979 44.2021 0
    endloop
  endfacet
  facet normal 0 0 -1
    outer loop
      vertex -80 59 0
      vertex -74.7979 44.2021 0
      vertex -74.9215 44.3141 0
    endloop
  endfacet
  facet normal 0 0 -1
    outer loop
      vertex -80 59 0
      vertex -74.9215 44.3141 0
      vertex -75.0555 44.4135 0
    endloop
  endfacet
  facet normal 0 0 -1
    outer loop
      vertex -80 59 0
      vertex -75.0555 44.4135 0
      vertex -75.1986 44.4993 0
    endloop
  endfacet
  facet normal 0 0 -1
    outer loop
      vertex -80 59 0
      vertex -75.1986 44.4993 0
      vertex -75.3494 44.5706 0
    endloop
  endfacet
  facet normal 0 0 -1
    outer loop
      vertex -80 59 0
      vertex -75.3494 44.5706 0
      vertex -75.5065 44.6268 0
    endloop
  endfacet
  facet normal 0 0 -1
    outer loop
      vertex -80 59 0
      vertex -75.5065 44.6268 0
      vertex -75.6684 44.6673 0
    endloop
  endfacet
  facet normal 0 0 -1
    outer loop
      vertex -80 59 0
      vertex -75.6684 44.6673 0
      vertex -75.8334 44.6918 0
    endloop
  endfacet
  facet normal 0 0 -1
    outer loop
      vertex -80 59 0
      vertex -75.8334 44.6918 0
      vertex -76 44.7 0
    endloop
  endfacet
  facet normal 0 0 -1
    outer loop
      vertex -80 59 0
      vertex -76 44.7 0
      vertex -76.1666 44.6918 0
    endloop
  endfacet
  facet normal 0 0 -1
    outer loop
      vertex -74.5007 43.8014 0
      vertex -80 59 0
      vertex 80 59 0
    endloop
  endfacet
  facet normal 0 0 -1
    outer loop
      vertex -76.3316 44.6673 0
      vertex -80 59 0
      vertex -76.1666 44.6918 0
    endloop
  endfacet
  facet normal 0 0 -1
    outer loop
      vertex -76.4935 44.6268 0
      vertex -80 59 0
      vertex -76.3316 44.6673 0
    endloop
  endfacet
  facet normal 0 0 -1
    outer loop
      vertex -76.6506 44.5706 0
      vertex -80 59 0
      vertex -76.4935 44.6268 0
    endloop
  endfacet
  facet normal 0 0 -1
    outer loop
      vertex -76.8014 44.4993 0
      vertex -80 59 0
      vertex -76.6506 44.5706 0
    endloop
  endfacet
  facet normal 0 0 -1
    outer loop
      vertex -82.3411 58.7694 0
      vertex -76.8014 44.4993 0
      vertex -76.9445 44.4135 0
    endloop
  endfacet
  facet normal 0 0 -1
    outer loop
      vertex -84.5922 58.0865 0
      vertex -76.9445 44.4135 0
      vertex -77.0785 44.3141 0
    endloop
  endfacet
  facet normal 0 0 -1
    outer loop
      vertex -87.6127 56.2761 0
      vertex -77.0785 44.3141 0
      vertex -77.2021 44.2021 0
    endloop
  endfacet
  facet normal 0 0 -1
    outer loop
      vertex -89.2761 54.6127 0
      vertex -77.2021 44.2021 0
      vertex -77.3141 44.0785 0
    endloop
  endfacet
  facet normal 0 0 -1
    outer loop
      vertex -90.5831 52.6568 0
      vertex -77.3141 44.0785 0
      vertex -77.4135 43.9445 0
    endloop
  endfacet
  facet normal 0 0 -1
    outer loop
      vertex -91.7694 49.3411 0
      vertex -77.4135 43.9445 0
      vertex -77.4993 43.8014 0
    endloop
  endfacet
  facet normal 0 0 -1
    outer loop
      vertex -92 47 0
      vertex -77.4993 43.8014 0
      vertex -77.5706 43.6506 0
    endloop
  endfacet
  facet normal 0 0 -1
    outer loop
      vertex -92 47 0
      vertex -77.5706 43.6506 0
      vertex -77.6268 43.4935 0
    endloop
  endfacet
  facet normal 0 0 -1
    outer loop
      vertex -92 47 0
      vertex -77.6268 43.4935 0
      vertex -77.6673 43.3317 0
    endloop
  endfacet
  facet normal 0 0 -1
    outer loop
      vertex -92 47 0
      vertex -77.6673 43.3317 0
      vertex -77.6918 43.1666 0
    endloop
  endfacet
  facet normal 0 0 -1
    outer loop
      vertex -92 47 0
      vertex -77.6918 43.1666 0
      vertex -77.7 43 0
    endloop
  endfacet
  facet normal 0 0 -1
    outer loop
      vertex -77.6673 42.6683 0
      vertex -92 47 0
      vertex -77.6918 42.8334 0
    endloop
  endfacet
  facet normal -0 0 -1
    outer loop
      vertex -77.2021 -44.2021 0
      vertex -89.2761 -54.6127 0
      vertex -77.3141 -44.0785 0
    endloop
  endfacet
  facet normal 0 0 -1
    outer loop
      vertex -77.6918 42.8334 0
      vertex -92 47 0
      vertex -77.7 43 0
    endloop
  endfacet
  facet normal 0 0 -1
    outer loop
      vertex -89.9776 -53.6668 0
      vertex -77.3141 -44.0785 0
      vertex -89.2761 -54.6127 0
    endloop
  endfacet
  facet normal 0 0 -1
    outer loop
      vertex -77.4993 43.8014 0
      vertex -92 47 0
      vertex -91.9422 48.1762 0
    endloop
  endfacet
  facet normal 0 0 -1
    outer loop
      vertex -90.5831 -52.6568 0
      vertex -77.3141 -44.0785 0
      vertex -89.9776 -53.6668 0
    endloop
  endfacet
  facet normal 0 0 -1
    outer loop
      vertex -76.8014 44.4993 0
      vertex -81.1762 58.9422 0
      vertex -80 59 0
    endloop
  endfacet
  facet normal -0 0 -1
    outer loop
      vertex -77.3141 -44.0785 0
      vertex -90.5831 -52.6568 0
      vertex -77.4135 -43.9445 0
    endloop
  endfacet
  facet normal 0 0 -1
    outer loop
      vertex -76.8014 44.4993 0
      vertex -82.3411 58.7694 0
      vertex -81.1762 58.9422 0
    endloop
  endfacet
  facet normal 0 0 -1
    outer loop
      vertex -91.0865 -51.5922 0
      vertex -77.4135 -43.9445 0
      vertex -90.5831 -52.6568 0
    endloop
  endfacet
  facet normal 0 0 -1
    outer loop
      vertex -76.9445 44.4135 0
      vertex -83.4834 58.4833 0
      vertex -82.3411 58.7694 0
    endloop
  endfacet
  facet normal 0 0 -1
    outer loop
      vertex -91.4833 -50.4834 0
      vertex -77.4135 -43.9445 0
      vertex -91.0865 -51.5922 0
    endloop
  endfacet
  facet normal 0 0 -1
    outer loop
      vertex -76.9445 44.4135 0
      vertex -84.5922 58.0865 0
      vertex -83.4834 58.4833 0
    endloop
  endfacet
  facet normal 0 0 -1
    outer loop
      vertex -91.7694 -49.3411 0
      vertex -77.4135 -43.9445 0
      vertex -91.4833 -50.4834 0
    endloop
  endfacet
  facet normal 0 0 -1
    outer loop
      vertex -77.0785 44.3141 0
      vertex -85.6568 57.5831 0
      vertex -84.5922 58.0865 0
    endloop
  endfacet
  facet normal -0 0 -1
    outer loop
      vertex -77.4135 -43.9445 0
      vertex -91.7694 -49.3411 0
      vertex -77.4993 -43.8014 0
    endloop
  endfacet
  facet normal 0 0 -1
    outer loop
      vertex -77.0785 44.3141 0
      vertex -86.6668 56.9776 0
      vertex -85.6568 57.5831 0
    endloop
  endfacet
  facet normal 0 0 -1
    outer loop
      vertex -91.9422 -48.1762 0
      vertex -77.4993 -43.8014 0
      vertex -91.7694 -49.3411 0
    endloop
  endfacet
  facet normal 0 0 -1
    outer loop
      vertex -77.0785 44.3141 0
      vertex -87.6127 56.2761 0
      vertex -86.6668 56.9776 0
    endloop
  endfacet
  facet normal 0 0 -1
    outer loop
      vertex -92 -47 0
      vertex -77.4993 -43.8014 0
      vertex -91.9422 -48.1762 0
    endloop
  endfacet
  facet normal 0 0 -1
    outer loop
      vertex -77.2021 44.2021 0
      vertex -88.4853 55.4853 0
      vertex -87.6127 56.2761 0
    endloop
  endfacet
  facet normal -0 0 -1
    outer loop
      vertex -77.4993 -43.8014 0
      vertex -92 -47 0
      vertex -77.5706 -43.6506 0
    endloop
  endfacet
  facet normal 0 0 -1
    outer loop
      vertex -77.2021 44.2021 0
      vertex -89.2761 54.6127 0
      vertex -88.4853 55.4853 0
    endloop
  endfacet
  facet normal -0 0 -1
    outer loop
      vertex -77.5706 -43.6506 0
      vertex -92 -47 0
      vertex -77.6268 -43.4935 0
    endloop
  endfacet
  facet normal 0 0 -1
    outer loop
      vertex -77.3141 44.0785 0
      vertex -89.9776 53.6668 0
      vertex -89.2761 54.6127 0
    endloop
  endfacet
  facet normal -0 0 -1
    outer loop
      vertex -77.6268 -43.4935 0
      vertex -92 -47 0
      vertex -77.6673 -43.3317 0
    endloop
  endfacet
  facet normal 0 0 -1
    outer loop
      vertex -77.3141 44.0785 0
      vertex -90.5831 52.6568 0
      vertex -89.9776 53.6668 0
    endloop
  endfacet
  facet normal -0 0 -1
    outer loop
      vertex -77.6673 -43.3317 0
      vertex -92 -47 0
      vertex -77.6918 -43.1666 0
    endloop
  endfacet
  facet normal 0 0 -1
    outer loop
      vertex -77.4135 43.9445 0
      vertex -91.0865 51.5922 0
      vertex -90.5831 52.6568 0
    endloop
  endfacet
  facet normal -0 0 -1
    outer loop
      vertex -77.6918 -43.1666 0
      vertex -92 -47 0
      vertex -77.7 -43 0
    endloop
  endfacet
  facet normal 0 0 -1
    outer loop
      vertex -77.4135 43.9445 0
      vertex -91.4833 50.4834 0
      vertex -91.0865 51.5922 0
    endloop
  endfacet
  facet normal 0 0 -1
    outer loop
      vertex -77.4135 43.9445 0
      vertex -91.7694 49.3411 0
      vertex -91.4833 50.4834 0
    endloop
  endfacet
  facet normal 0 0 -1
    outer loop
      vertex -77.4993 43.8014 0
      vertex -91.9422 48.1762 0
      vertex -91.7694 49.3411 0
    endloop
  endfacet
  facet normal -0.989176 -0.146733 0
    outer loop
      vertex -91.7694 -49.3411 0
      vertex -91.9422 -48.1762 100
      vertex -91.9422 -48.1762 0
    endloop
  endfacet
  facet normal -0.989176 -0.146733 0
    outer loop
      vertex -91.9422 -48.1762 100
      vertex -91.7694 -49.3411 0
      vertex -91.7694 -49.3411 100
    endloop
  endfacet
  facet normal -1 0 0
    outer loop
      vertex -92 22.8892 27.2544
      vertex -92 47 0
      vertex -92 23 25
    endloop
  endfacet
  facet normal -1 0 0
    outer loop
      vertex -92 47 0
      vertex -92 22.8892 22.7456
      vertex -92 23 25
    endloop
  endfacet
  facet normal -1 0 0
    outer loop
      vertex -92 47 0
      vertex -92 22.5581 20.5129
      vertex -92 22.8892 22.7456
    endloop
  endfacet
  facet normal -1 0 0
    outer loop
      vertex -92 47 0
      vertex -92 22.0096 18.3235
      vertex -92 22.5581 20.5129
    endloop
  endfacet
  facet normal -1 0 0
    outer loop
      vertex -92 47 0
      vertex -92 21.2492 16.1983
      vertex -92 22.0096 18.3235
    endloop
  endfacet
  facet normal -1 0 0
    outer loop
      vertex -92 47 0
      vertex -92 20.2842 14.1579
      vertex -92 21.2492 16.1983
    endloop
  endfacet
  facet normal -1 0 0
    outer loop
      vertex -92 47 0
      vertex -92 19.1238 12.2219
      vertex -92 20.2842 14.1579
    endloop
  endfacet
  facet normal -1 0 0
    outer loop
      vertex -92 47 0
      vertex -92 17.7792 10.409
      vertex -92 19.1238 12.2219
    endloop
  endfacet
  facet normal -1 0 0
    outer loop
      vertex -92 47 0
      vertex -92 16.2635 8.73654
      vertex -92 17.7792 10.409
    endloop
  endfacet
  facet normal -1 0 0
    outer loop
      vertex -92 47 0
      vertex -92 14.591 7.22076
      vertex -92 16.2635 8.73654
    endloop
  endfacet
  facet normal -1 0 0
    outer loop
      vertex -92 47 0
      vertex -92 12.7781 5.8762
      vertex -92 14.591 7.22076
    endloop
  endfacet
  facet normal -1 0 0
    outer loop
      vertex -92 47 0
      vertex -92 10.8421 4.71581
      vertex -92 12.7781 5.8762
    endloop
  endfacet
  facet normal -1 0 0
    outer loop
      vertex -92 47 0
      vertex -92 8.80172 3.75077
      vertex -92 10.8421 4.71581
    endloop
  endfacet
  facet normal -1 0 0
    outer loop
      vertex -92 47 0
      vertex -92 6.67655 2.99037
      vertex -92 8.80172 3.75077
    endloop
  endfacet
  facet normal -1 0 0
    outer loop
      vertex -92 47 0
      vertex -92 4.48708 2.44194
      vertex -92 6.67655 2.99037
    endloop
  endfacet
  facet normal -1 0 0
    outer loop
      vertex -92 47 0
      vertex -92 2.25439 2.11075
      vertex -92 4.48708 2.44194
    endloop
  endfacet
  facet normal -1 0 0
    outer loop
      vertex -92 47 0
      vertex -92 0 2
      vertex -92 2.25439 2.11075
    endloop
  endfacet
  facet normal -1 -0 0
    outer loop
      vertex -92 -22.8892 22.7456
      vertex -92 -47 0
      vertex -92 -23 25
    endloop
  endfacet
  facet normal -1 -0 0
    outer loop
      vertex -92 -22.5581 20.5129
      vertex -92 -47 0
      vertex -92 -22.8892 22.7456
    endloop
  endfacet
  facet normal -1 -0 0
    outer loop
      vertex -92 -22.0096 18.3235
      vertex -92 -47 0
      vertex -92 -22.5581 20.5129
    endloop
  endfacet
  facet normal -1 -0 0
    outer loop
      vertex -92 -21.2492 16.1983
      vertex -92 -47 0
      vertex -92 -22.0096 18.3235
    endloop
  endfacet
  facet normal -1 -0 0
    outer loop
      vertex -92 -20.2842 14.1579
      vertex -92 -47 0
      vertex -92 -21.2492 16.1983
    endloop
  endfacet
  facet normal -1 -0 0
    outer loop
      vertex -92 -19.1238 12.2219
      vertex -92 -47 0
      vertex -92 -20.2842 14.1579
    endloop
  endfacet
  facet normal -1 -0 0
    outer loop
      vertex -92 -17.7792 10.409
      vertex -92 -47 0
      vertex -92 -19.1238 12.2219
    endloop
  endfacet
  facet normal -1 -0 0
    outer loop
      vertex -92 -16.2635 8.73654
      vertex -92 -47 0
      vertex -92 -17.7792 10.409
    endloop
  endfacet
  facet normal -1 -0 0
    outer loop
      vertex -92 -14.591 7.22076
      vertex -92 -47 0
      vertex -92 -16.2635 8.73654
    endloop
  endfacet
  facet normal -1 -0 0
    outer loop
      vertex -92 -12.7781 5.8762
      vertex -92 -47 0
      vertex -92 -14.591 7.22076
    endloop
  endfacet
  facet normal -1 -0 0
    outer loop
      vertex -92 -10.8421 4.71581
      vertex -92 -47 0
      vertex -92 -12.7781 5.8762
    endloop
  endfacet
  facet normal -1 -0 0
    outer loop
      vertex -92 -8.80172 3.75077
      vertex -92 -47 0
      vertex -92 -10.8421 4.71581
    endloop
  endfacet
  facet normal -1 -0 0
    outer loop
      vertex -92 -6.67655 2.99037
      vertex -92 -47 0
      vertex -92 -8.80172 3.75077
    endloop
  endfacet
  facet normal -1 -0 0
    outer loop
      vertex -92 -4.48708 2.44194
      vertex -92 -47 0
      vertex -92 -6.67655 2.99037
    endloop
  endfacet
  facet normal -1 -0 0
    outer loop
      vertex -92 -2.25439 2.11075
      vertex -92 -47 0
      vertex -92 -4.48708 2.44194
    endloop
  endfacet
  facet normal -1 -0 0
    outer loop
      vertex -92 0 2
      vertex -92 -47 0
      vertex -92 -2.25439 2.11075
    endloop
  endfacet
  facet normal -1 0 0
    outer loop
      vertex -92 -47 0
      vertex -92 0 2
      vertex -92 47 0
    endloop
  endfacet
  facet normal -1 0 0
    outer loop
      vertex -92 22.5581 29.4871
      vertex -92 47 0
      vertex -92 22.8892 27.2544
    endloop
  endfacet
  facet normal -1 0 0
    outer loop
      vertex -92 22.0096 31.6765
      vertex -92 47 0
      vertex -92 22.5581 29.4871
    endloop
  endfacet
  facet normal -1 0 0
    outer loop
      vertex -92 47 0
      vertex -92 22.0096 31.6765
      vertex -92 47 100
    endloop
  endfacet
  facet normal -1 0 0
    outer loop
      vertex -92 21.2492 33.8017
      vertex -92 47 100
      vertex -92 22.0096 31.6765
    endloop
  endfacet
  facet normal -1 0 0
    outer loop
      vertex -92 20.2842 35.8421
      vertex -92 47 100
      vertex -92 21.2492 33.8017
    endloop
  endfacet
  facet normal -1 0 0
    outer loop
      vertex -92 19.1238 37.7781
      vertex -92 47 100
      vertex -92 20.2842 35.8421
    endloop
  endfacet
  facet normal -1 0 0
    outer loop
      vertex -92 17.7792 39.591
      vertex -92 47 100
      vertex -92 19.1238 37.7781
    endloop
  endfacet
  facet normal -1 0 0
    outer loop
      vertex -92 16.2635 41.2635
      vertex -92 47 100
      vertex -92 17.7792 39.591
    endloop
  endfacet
  facet normal -1 0 0
    outer loop
      vertex -92 14.591 42.7792
      vertex -92 47 100
      vertex -92 16.2635 41.2635
    endloop
  endfacet
  facet normal -1 0 0
    outer loop
      vertex -92 12.7781 44.1238
      vertex -92 47 100
      vertex -92 14.591 42.7792
    endloop
  endfacet
  facet normal -1 0 0
    outer loop
      vertex -92 10.8421 45.2842
      vertex -92 47 100
      vertex -92 12.7781 44.1238
    endloop
  endfacet
  facet normal -1 0 0
    outer loop
      vertex -92 8.80172 46.2492
      vertex -92 47 100
      vertex -92 10.8421 45.2842
    endloop
  endfacet
  facet normal -1 0 0
    outer loop
      vertex -92 6.67655 47.0096
      vertex -92 47 100
      vertex -92 8.80172 46.2492
    endloop
  endfacet
  facet normal -1 0 0
    outer loop
      vertex -92 4.48708 47.5581
      vertex -92 47 100
      vertex -92 6.67655 47.0096
    endloop
  endfacet
  facet normal -1 0 0
    outer loop
      vertex -92 2.25439 47.8892
      vertex -92 47 100
      vertex -92 4.48708 47.5581
    endloop
  endfacet
  facet normal -1 0 0
    outer loop
      vertex -92 0 48
      vertex -92 47 100
      vertex -92 2.25439 47.8892
    endloop
  endfacet
  facet normal -1 0 0
    outer loop
      vertex -92 -47 100
      vertex -92 0 48
      vertex -92 -2.25439 47.8892
    endloop
  endfacet
  facet normal -1 0 0
    outer loop
      vertex -92 -47 100
      vertex -92 -2.25439 47.8892
      vertex -92 -4.48708 47.5581
    endloop
  endfacet
  facet normal -1 0 0
    outer loop
      vertex -92 -47 100
      vertex -92 -4.48708 47.5581
      vertex -92 -6.67655 47.0096
    endloop
  endfacet
  facet normal -1 0 0
    outer loop
      vertex -92 -47 100
      vertex -92 -6.67655 47.0096
      vertex -92 -8.80172 46.2492
    endloop
  endfacet
  facet normal -1 0 0
    outer loop
      vertex -92 -47 100
      vertex -92 -8.80172 46.2492
      vertex -92 -10.8421 45.2842
    endloop
  endfacet
  facet normal -1 0 0
    outer loop
      vertex -92 -47 100
      vertex -92 -10.8421 45.2842
      vertex -92 -12.7781 44.1238
    endloop
  endfacet
  facet normal -1 0 0
    outer loop
      vertex -92 -47 100
      vertex -92 -12.7781 44.1238
      vertex -92 -14.591 42.7792
    endloop
  endfacet
  facet normal -1 0 0
    outer loop
      vertex -92 -47 100
      vertex -92 -14.591 42.7792
      vertex -92 -16.2635 41.2635
    endloop
  endfacet
  facet normal -1 0 0
    outer loop
      vertex -92 -47 0
      vertex -92 -22.8892 27.2544
      vertex -92 -23 25
    endloop
  endfacet
  facet normal -1 0 0
    outer loop
      vertex -92 -47 0
      vertex -92 -22.5581 29.4871
      vertex -92 -22.8892 27.2544
    endloop
  endfacet
  facet normal -1 0 0
    outer loop
      vertex -92 -47 0
      vertex -92 -22.0096 31.6765
      vertex -92 -22.5581 29.4871
    endloop
  endfacet
  facet normal -1 0 0
    outer loop
      vertex -92 -47 100
      vertex -92 -22.0096 31.6765
      vertex -92 -47 0
    endloop
  endfacet
  facet normal -1 0 0
    outer loop
      vertex -92 -22.0096 31.6765
      vertex -92 -47 100
      vertex -92 -21.2492 33.8017
    endloop
  endfacet
  facet normal -1 0 0
    outer loop
      vertex -92 -21.2492 33.8017
      vertex -92 -47 100
      vertex -92 -20.2842 35.8421
    endloop
  endfacet
  facet normal -1 0 0
    outer loop
      vertex -92 0 48
      vertex -92 -47 100
      vertex -92 47 100
    endloop
  endfacet
  facet normal -1 0 0
    outer loop
      vertex -92 -17.7792 39.591
      vertex -92 -47 100
      vertex -92 -16.2635 41.2635
    endloop
  endfacet
  facet normal -1 0 0
    outer loop
      vertex -92 -19.1238 37.7781
      vertex -92 -47 100
      vertex -92 -17.7792 39.591
    endloop
  endfacet
  facet normal -1 0 0
    outer loop
      vertex -92 -20.2842 35.8421
      vertex -92 -47 100
      vertex -92 -19.1238 37.7781
    endloop
  endfacet
  facet normal 0.998795 0.0490821 0
    outer loop
      vertex 92 47 100
      vertex 91.9422 48.1762 0
      vertex 91.9422 48.1762 100
    endloop
  endfacet
  facet normal 0.998795 0.0490821 0
    outer loop
      vertex 91.9422 48.1762 0
      vertex 92 47 100
      vertex 92 47 0
    endloop
  endfacet
  facet normal -0.998795 -0.0490821 0
    outer loop
      vertex -91.9422 -48.1762 0
      vertex -92 -47 100
      vertex -92 -47 0
    endloop
  endfacet
  facet normal -0.998795 -0.0490821 0
    outer loop
      vertex -92 -47 100
      vertex -91.9422 -48.1762 0
      vertex -91.9422 -48.1762 100
    endloop
  endfacet
  facet normal -0.427473 0.904028 0
    outer loop
      vertex -84.5922 58.0865 0
      vertex -85.6568 57.5831 100
      vertex -84.5922 58.0865 100
    endloop
  endfacet
  facet normal -0.427473 0.904028 0
    outer loop
      vertex -85.6568 57.5831 100
      vertex -84.5922 58.0865 0
      vertex -85.6568 57.5831 0
    endloop
  endfacet
  facet normal -0.989176 0.146733 0
    outer loop
      vertex -91.9422 48.1762 0
      vertex -91.7694 49.3411 100
      vertex -91.7694 49.3411 0
    endloop
  endfacet
  facet normal -0.989176 0.146733 0
    outer loop
      vertex -91.7694 49.3411 100
      vertex -91.9422 48.1762 0
      vertex -91.9422 48.1762 100
    endloop
  endfacet
  facet normal 0.146733 0.989176 -0
    outer loop
      vertex 82.3411 58.7694 0
      vertex 81.1762 58.9422 100
      vertex 82.3411 58.7694 100
    endloop
  endfacet
  facet normal 0.146733 0.989176 0
    outer loop
      vertex 81.1762 58.9422 100
      vertex 82.3411 58.7694 0
      vertex 81.1762 58.9422 0
    endloop
  endfacet
  facet normal -0.998795 0.0490821 0
    outer loop
      vertex -92 47 0
      vertex -91.9422 48.1762 100
      vertex -91.9422 48.1762 0
    endloop
  endfacet
  facet normal -0.998795 0.0490821 0
    outer loop
      vertex -91.9422 48.1762 100
      vertex -92 47 0
      vertex -92 47 100
    endloop
  endfacet
  facet normal 0 0 1
    outer loop
      vertex 87.3149 46.4441 100
      vertex 92 47 100
      vertex 91.9422 48.1762 100
    endloop
  endfacet
  facet normal 0 0 1
    outer loop
      vertex 92 47 100
      vertex 88 43 100
      vertex 92 -47 100
    endloop
  endfacet
  facet normal 0 0 1
    outer loop
      vertex 86.9373 47.2426 100
      vertex 91.9422 48.1762 100
      vertex 91.7694 49.3411 100
    endloop
  endfacet
  facet normal 0 0 1
    outer loop
      vertex 88 -49 100
      vertex 92 -47 100
      vertex 88 43 100
    endloop
  endfacet
  facet normal 0 0 1
    outer loop
      vertex 86.4832 48.0001 100
      vertex 91.7694 49.3411 100
      vertex 91.4833 50.4834 100
    endloop
  endfacet
  facet normal 0 0 1
    outer loop
      vertex 92 -47 100
      vertex 88 -49 100
      vertex 91.9422 -48.1762 100
    endloop
  endfacet
  facet normal 0 0 1
    outer loop
      vertex 86.4832 48.0001 100
      vertex 91.4833 50.4834 100
      vertex 91.0865 51.5922 100
    endloop
  endfacet
  facet normal 0 0 1
    outer loop
      vertex 91.9422 -48.1762 100
      vertex 88 -49 100
      vertex 91.7694 -49.3411 100
    endloop
  endfacet
  facet normal 0 0 1
    outer loop
      vertex 85.9571 48.7095 100
      vertex 91.0865 51.5922 100
      vertex 90.5831 52.6568 100
    endloop
  endfacet
  facet normal 0 0 1
    outer loop
      vertex 91.7694 -49.3411 100
      vertex 88 -49 100
      vertex 91.4833 -50.4834 100
    endloop
  endfacet
  facet normal 0 0 1
    outer loop
      vertex 85.364 49.364 100
      vertex 90.5831 52.6568 100
      vertex 89.9776 53.6668 100
    endloop
  endfacet
  facet normal -0 0 1
    outer loop
      vertex 87.9566 -49.8821 100
      vertex 91.4833 -50.4834 100
      vertex 88 -49 100
    endloop
  endfacet
  facet normal 0 0 1
    outer loop
      vertex 84.7095 49.9571 100
      vertex 89.9776 53.6668 100
      vertex 89.2761 54.6127 100
    endloop
  endfacet
  facet normal 0 0 1
    outer loop
      vertex 91.4833 -50.4834 100
      vertex 87.9566 -49.8821 100
      vertex 91.0865 -51.5922 100
    endloop
  endfacet
  facet normal 0 0 1
    outer loop
      vertex 84.7095 49.9571 100
      vertex 89.2761 54.6127 100
      vertex 88.4853 55.4853 100
    endloop
  endfacet
  facet normal -0 0 1
    outer loop
      vertex 87.8271 -50.7558 100
      vertex 91.0865 -51.5922 100
      vertex 87.9566 -49.8821 100
    endloop
  endfacet
  facet normal 0 0 1
    outer loop
      vertex 91.0865 -51.5922 100
      vertex 87.8271 -50.7558 100
      vertex 90.5831 -52.6568 100
    endloop
  endfacet
  facet normal 0 0 1
    outer loop
      vertex 92 47 100
      vertex 87.9566 43.8821 100
      vertex 88 43 100
    endloop
  endfacet
  facet normal 0 0 1
    outer loop
      vertex 92 47 100
      vertex 87.8271 44.7558 100
      vertex 87.9566 43.8821 100
    endloop
  endfacet
  facet normal 0 0 1
    outer loop
      vertex 84.0001 50.4832 100
      vertex 88.4853 55.4853 100
      vertex 87.6127 56.2761 100
    endloop
  endfacet
  facet normal 0 0 1
    outer loop
      vertex 92 47 100
      vertex 87.6125 45.6125 100
      vertex 87.8271 44.7558 100
    endloop
  endfacet
  facet normal 0 0 1
    outer loop
      vertex 92 47 100
      vertex 87.3149 46.4441 100
      vertex 87.6125 45.6125 100
    endloop
  endfacet
  facet normal 0 0 1
    outer loop
      vertex 91.9422 48.1762 100
      vertex 86.9373 47.2426 100
      vertex 87.3149 46.4441 100
    endloop
  endfacet
  facet normal 0 0 1
    outer loop
      vertex 83.2426 50.9373 100
      vertex 87.6127 56.2761 100
      vertex 86.6668 56.9776 100
    endloop
  endfacet
  facet normal 0 0 1
    outer loop
      vertex 91.7694 49.3411 100
      vertex 86.4832 48.0001 100
      vertex 86.9373 47.2426 100
    endloop
  endfacet
  facet normal 0 0 1
    outer loop
      vertex 91.0865 51.5922 100
      vertex 85.9571 48.7095 100
      vertex 86.4832 48.0001 100
    endloop
  endfacet
  facet normal 0 0 1
    outer loop
      vertex 83.2426 50.9373 100
      vertex 86.6668 56.9776 100
      vertex 85.6568 57.5831 100
    endloop
  endfacet
  facet normal 0 0 1
    outer loop
      vertex 90.5831 52.6568 100
      vertex 85.364 49.364 100
      vertex 85.9571 48.7095 100
    endloop
  endfacet
  facet normal 0 0 1
    outer loop
      vertex 89.9776 53.6668 100
      vertex 84.7095 49.9571 100
      vertex 85.364 49.364 100
    endloop
  endfacet
  facet normal 0 0 1
    outer loop
      vertex 82.4441 51.3149 100
      vertex 85.6568 57.5831 100
      vertex 84.5922 58.0865 100
    endloop
  endfacet
  facet normal 0 0 1
    outer loop
      vertex 88.4853 55.4853 100
      vertex 84.0001 50.4832 100
      vertex 84.7095 49.9571 100
    endloop
  endfacet
  facet normal 0 0 1
    outer loop
      vertex 81.6125 51.6125 100
      vertex 84.5922 58.0865 100
      vertex 83.4834 58.4833 100
    endloop
  endfacet
  facet normal 0 0 1
    outer loop
      vertex 87.6127 56.2761 100
      vertex 83.2426 50.9373 100
      vertex 84.0001 50.4832 100
    endloop
  endfacet
  facet normal 0 0 1
    outer loop
      vertex 85.6568 57.5831 100
      vertex 82.4441 51.3149 100
      vertex 83.2426 50.9373 100
    endloop
  endfacet
  facet normal 0 0 1
    outer loop
      vertex 81.6125 51.6125 100
      vertex 83.4834 58.4833 100
      vertex 82.3411 58.7694 100
    endloop
  endfacet
  facet normal 0 0 1
    outer loop
      vertex 84.5922 58.0865 100
      vertex 81.6125 51.6125 100
      vertex 82.4441 51.3149 100
    endloop
  endfacet
  facet normal 0 0 1
    outer loop
      vertex 80.7558 51.8271 100
      vertex 82.3411 58.7694 100
      vertex 81.1762 58.9422 100
    endloop
  endfacet
  facet normal 0 0 1
    outer loop
      vertex 82.3411 58.7694 100
      vertex 80.7558 51.8271 100
      vertex 81.6125 51.6125 100
    endloop
  endfacet
  facet normal 0 0 1
    outer loop
      vertex 79.8821 51.9566 100
      vertex 81.1762 58.9422 100
      vertex 80 59 100
    endloop
  endfacet
  facet normal 0 0 1
    outer loop
      vertex 81.1762 58.9422 100
      vertex 79.8821 51.9566 100
      vertex 80.7558 51.8271 100
    endloop
  endfacet
  facet normal 0 0 1
    outer loop
      vertex 80 59 100
      vertex 79 52 100
      vertex 79.8821 51.9566 100
    endloop
  endfacet
  facet normal 0 0 1
    outer loop
      vertex 80 59 100
      vertex -79 52 100
      vertex 79 52 100
    endloop
  endfacet
  facet normal -0 0 1
    outer loop
      vertex -80 59 100
      vertex -79 52 100
      vertex 80 59 100
    endloop
  endfacet
  facet normal 0 0 1
    outer loop
      vertex -80 59 100
      vertex -79.8821 51.9566 100
      vertex -79 52 100
    endloop
  endfacet
  facet normal -0 0 1
    outer loop
      vertex -81.1762 58.9422 100
      vertex -79.8821 51.9566 100
      vertex -80 59 100
    endloop
  endfacet
  facet normal 0 0 1
    outer loop
      vertex -79.8821 51.9566 100
      vertex -81.1762 58.9422 100
      vertex -80.7558 51.8271 100
    endloop
  endfacet
  facet normal -0 0 1
    outer loop
      vertex -82.3411 58.7694 100
      vertex -80.7558 51.8271 100
      vertex -81.1762 58.9422 100
    endloop
  endfacet
  facet normal 0 0 1
    outer loop
      vertex -80.7558 51.8271 100
      vertex -82.3411 58.7694 100
      vertex -81.6125 51.6125 100
    endloop
  endfacet
  facet normal -0 0 1
    outer loop
      vertex -83.4834 58.4833 100
      vertex -81.6125 51.6125 100
      vertex -82.3411 58.7694 100
    endloop
  endfacet
  facet normal -0 0 1
    outer loop
      vertex -84.5922 58.0865 100
      vertex -81.6125 51.6125 100
      vertex -83.4834 58.4833 100
    endloop
  endfacet
  facet normal 0 0 1
    outer loop
      vertex -81.6125 51.6125 100
      vertex -84.5922 58.0865 100
      vertex -82.4441 51.3149 100
    endloop
  endfacet
  facet normal -0 0 1
    outer loop
      vertex -85.6568 57.5831 100
      vertex -82.4441 51.3149 100
      vertex -84.5922 58.0865 100
    endloop
  endfacet
  facet normal 0 0 1
    outer loop
      vertex -82.4441 51.3149 100
      vertex -85.6568 57.5831 100
      vertex -83.2426 50.9373 100
    endloop
  endfacet
  facet normal -0 0 1
    outer loop
      vertex -86.6668 56.9776 100
      vertex -83.2426 50.9373 100
      vertex -85.6568 57.5831 100
    endloop
  endfacet
  facet normal -0 0 1
    outer loop
      vertex -87.6127 56.2761 100
      vertex -83.2426 50.9373 100
      vertex -86.6668 56.9776 100
    endloop
  endfacet
  facet normal 0 0 1
    outer loop
      vertex -83.2426 50.9373 100
      vertex -87.6127 56.2761 100
      vertex -84.0001 50.4832 100
    endloop
  endfacet
  facet normal -0 0 1
    outer loop
      vertex -88.4853 55.4853 100
      vertex -84.0001 50.4832 100
      vertex -87.6127 56.2761 100
    endloop
  endfacet
  facet normal 0 0 1
    outer loop
      vertex -84.0001 50.4832 100
      vertex -88.4853 55.4853 100
      vertex -84.7095 49.9571 100
    endloop
  endfacet
  facet normal -0 0 1
    outer loop
      vertex -89.2761 54.6127 100
      vertex -84.7095 49.9571 100
      vertex -88.4853 55.4853 100
    endloop
  endfacet
  facet normal -0 0 1
    outer loop
      vertex -89.9776 53.6668 100
      vertex -84.7095 49.9571 100
      vertex -89.2761 54.6127 100
    endloop
  endfacet
  facet normal 0 0 1
    outer loop
      vertex -84.7095 49.9571 100
      vertex -89.9776 53.6668 100
      vertex -85.364 49.364 100
    endloop
  endfacet
  facet normal -0 0 1
    outer loop
      vertex -90.5831 52.6568 100
      vertex -85.364 49.364 100
      vertex -89.9776 53.6668 100
    endloop
  endfacet
  facet normal 0 0 1
    outer loop
      vertex -85.364 49.364 100
      vertex -90.5831 52.6568 100
      vertex -85.9571 48.7095 100
    endloop
  endfacet
  facet normal -0 0 1
    outer loop
      vertex -91.0865 51.5922 100
      vertex -85.9571 48.7095 100
      vertex -90.5831 52.6568 100
    endloop
  endfacet
  facet normal 0 0 1
    outer loop
      vertex -85.9571 48.7095 100
      vertex -91.0865 51.5922 100
      vertex -86.4832 48.0001 100
    endloop
  endfacet
  facet normal -0 0 1
    outer loop
      vertex -91.4833 50.4834 100
      vertex -86.4832 48.0001 100
      vertex -91.0865 51.5922 100
    endloop
  endfacet
  facet normal 0 0 1
    outer loop
      vertex -86.4832 48.0001 100
      vertex -91.7694 49.3411 100
      vertex -86.9373 47.2426 100
    endloop
  endfacet
  facet normal -0 0 1
    outer loop
      vertex -91.7694 49.3411 100
      vertex -86.4832 48.0001 100
      vertex -91.4833 50.4834 100
    endloop
  endfacet
  facet normal -0 0 1
    outer loop
      vertex 87.6125 -51.6125 100
      vertex 90.5831 -52.6568 100
      vertex 87.8271 -50.7558 100
    endloop
  endfacet
  facet normal 0 0 1
    outer loop
      vertex 90.5831 -52.6568 100
      vertex 87.6125 -51.6125 100
      vertex 89.9776 -53.6668 100
    endloop
  endfacet
  facet normal -0 0 1
    outer loop
      vertex 87.3149 -52.4441 100
      vertex 89.9776 -53.6668 100
      vertex 87.6125 -51.6125 100
    endloop
  endfacet
  facet normal 0 0 1
    outer loop
      vertex 89.9776 -53.6668 100
      vertex 87.3149 -52.4441 100
      vertex 89.2761 -54.6127 100
    endloop
  endfacet
  facet normal -0 0 1
    outer loop
      vertex 86.9373 -53.2426 100
      vertex 89.2761 -54.6127 100
      vertex 87.3149 -52.4441 100
    endloop
  endfacet
  facet normal 0 0 1
    outer loop
      vertex 89.2761 -54.6127 100
      vertex 86.9373 -53.2426 100
      vertex 88.4853 -55.4853 100
    endloop
  endfacet
  facet normal -0 0 1
    outer loop
      vertex 86.4832 -54.0001 100
      vertex 88.4853 -55.4853 100
      vertex 86.9373 -53.2426 100
    endloop
  endfacet
  facet normal 0 0 1
    outer loop
      vertex 88.4853 -55.4853 100
      vertex 86.4832 -54.0001 100
      vertex 87.6127 -56.2761 100
    endloop
  endfacet
  facet normal -0 0 1
    outer loop
      vertex 85.9571 -54.7095 100
      vertex 87.6127 -56.2761 100
      vertex 86.4832 -54.0001 100
    endloop
  endfacet
  facet normal 0 0 1
    outer loop
      vertex 87.6127 -56.2761 100
      vertex 85.9571 -54.7095 100
      vertex 86.6668 -56.9776 100
    endloop
  endfacet
  facet normal -0 0 1
    outer loop
      vertex 85.364 -55.364 100
      vertex 86.6668 -56.9776 100
      vertex 85.9571 -54.7095 100
    endloop
  endfacet
  facet normal -0 0 1
    outer loop
      vertex 84.7095 -55.9571 100
      vertex 86.6668 -56.9776 100
      vertex 85.364 -55.364 100
    endloop
  endfacet
  facet normal 0 0 1
    outer loop
      vertex 86.6668 -56.9776 100
      vertex 84.7095 -55.9571 100
      vertex 85.6568 -57.5831 100
    endloop
  endfacet
  facet normal -0 0 1
    outer loop
      vertex 84.0001 -56.4832 100
      vertex 85.6568 -57.5831 100
      vertex 84.7095 -55.9571 100
    endloop
  endfacet
  facet normal 0 0 1
    outer loop
      vertex 85.6568 -57.5831 100
      vertex 84.0001 -56.4832 100
      vertex 84.5922 -58.0865 100
    endloop
  endfacet
  facet normal -0 0 1
    outer loop
      vertex 83.2426 -56.9373 100
      vertex 84.5922 -58.0865 100
      vertex 84.0001 -56.4832 100
    endloop
  endfacet
  facet normal 0 0 1
    outer loop
      vertex 84.5922 -58.0865 100
      vertex 83.2426 -56.9373 100
      vertex 83.4834 -58.4833 100
    endloop
  endfacet
  facet normal -0 0 1
    outer loop
      vertex 82.4441 -57.3149 100
      vertex 83.4834 -58.4833 100
      vertex 83.2426 -56.9373 100
    endloop
  endfacet
  facet normal 0 0 1
    outer loop
      vertex 82.4441 -57.3149 100
      vertex 82.3411 -58.7694 100
      vertex 83.4834 -58.4833 100
    endloop
  endfacet
  facet normal -0 0 1
    outer loop
      vertex 81.6125 -57.6125 100
      vertex 82.3411 -58.7694 100
      vertex 82.4441 -57.3149 100
    endloop
  endfacet
  facet normal 0 0 1
    outer loop
      vertex 81.6125 -57.6125 100
      vertex 81.1762 -58.9422 100
      vertex 82.3411 -58.7694 100
    endloop
  endfacet
  facet normal -0 0 1
    outer loop
      vertex 80.7558 -57.8271 100
      vertex 81.1762 -58.9422 100
      vertex 81.6125 -57.6125 100
    endloop
  endfacet
  facet normal 0 0 1
    outer loop
      vertex 80.7558 -57.8271 100
      vertex 80 -59 100
      vertex 81.1762 -58.9422 100
    endloop
  endfacet
  facet normal -0 0 1
    outer loop
      vertex 79.8821 -57.9566 100
      vertex 80 -59 100
      vertex 80.7558 -57.8271 100
    endloop
  endfacet
  facet normal -0 0 1
    outer loop
      vertex 79 -58 100
      vertex 80 -59 100
      vertex 79.8821 -57.9566 100
    endloop
  endfacet
  facet normal -0 0 1
    outer loop
      vertex -79 -58 100
      vertex 80 -59 100
      vertex 79 -58 100
    endloop
  endfacet
  facet normal 0 0 1
    outer loop
      vertex -79 -58 100
      vertex -80 -59 100
      vertex 80 -59 100
    endloop
  endfacet
  facet normal 0 0 1
    outer loop
      vertex -79.8821 -57.9566 100
      vertex -80 -59 100
      vertex -79 -58 100
    endloop
  endfacet
  facet normal 0 0 1
    outer loop
      vertex -80.7558 -57.8271 100
      vertex -80 -59 100
      vertex -79.8821 -57.9566 100
    endloop
  endfacet
  facet normal 0 0 1
    outer loop
      vertex -80.7558 -57.8271 100
      vertex -81.1762 -58.9422 100
      vertex -80 -59 100
    endloop
  endfacet
  facet normal 0 0 1
    outer loop
      vertex -81.6125 -57.6125 100
      vertex -81.1762 -58.9422 100
      vertex -80.7558 -57.8271 100
    endloop
  endfacet
  facet normal 0 0 1
    outer loop
      vertex -81.6125 -57.6125 100
      vertex -82.3411 -58.7694 100
      vertex -81.1762 -58.9422 100
    endloop
  endfacet
  facet normal 0 0 1
    outer loop
      vertex -82.4441 -57.3149 100
      vertex -82.3411 -58.7694 100
      vertex -81.6125 -57.6125 100
    endloop
  endfacet
  facet normal 0 0 1
    outer loop
      vertex -83.4834 -58.4833 100
      vertex -82.4441 -57.3149 100
      vertex -83.2426 -56.9373 100
    endloop
  endfacet
  facet normal 0 0 1
    outer loop
      vertex -82.4441 -57.3149 100
      vertex -83.4834 -58.4833 100
      vertex -82.3411 -58.7694 100
    endloop
  endfacet
  facet normal 0 0 1
    outer loop
      vertex -84.5922 -58.0865 100
      vertex -83.2426 -56.9373 100
      vertex -84.0001 -56.4832 100
    endloop
  endfacet
  facet normal 0 0 1
    outer loop
      vertex -83.2426 -56.9373 100
      vertex -84.5922 -58.0865 100
      vertex -83.4834 -58.4833 100
    endloop
  endfacet
  facet normal 0 0 1
    outer loop
      vertex -85.6568 -57.5831 100
      vertex -84.0001 -56.4832 100
      vertex -84.7095 -55.9571 100
    endloop
  endfacet
  facet normal 0 0 1
    outer loop
      vertex -86.6668 -56.9776 100
      vertex -84.7095 -55.9571 100
      vertex -85.364 -55.364 100
    endloop
  endfacet
  facet normal 0 0 1
    outer loop
      vertex -84.0001 -56.4832 100
      vertex -85.6568 -57.5831 100
      vertex -84.5922 -58.0865 100
    endloop
  endfacet
  facet normal 0 0 1
    outer loop
      vertex -86.6668 -56.9776 100
      vertex -85.364 -55.364 100
      vertex -85.9571 -54.7095 100
    endloop
  endfacet
  facet normal 0 0 1
    outer loop
      vertex -87.6127 -56.2761 100
      vertex -85.9571 -54.7095 100
      vertex -86.4832 -54.0001 100
    endloop
  endfacet
  facet normal 0 0 1
    outer loop
      vertex -84.7095 -55.9571 100
      vertex -86.6668 -56.9776 100
      vertex -85.6568 -57.5831 100
    endloop
  endfacet
  facet normal 0 0 1
    outer loop
      vertex -88.4853 -55.4853 100
      vertex -86.4832 -54.0001 100
      vertex -86.9373 -53.2426 100
    endloop
  endfacet
  facet normal 0 0 1
    outer loop
      vertex -89.2761 -54.6127 100
      vertex -86.9373 -53.2426 100
      vertex -87.3149 -52.4441 100
    endloop
  endfacet
  facet normal 0 0 1
    outer loop
      vertex -89.9776 -53.6668 100
      vertex -87.3149 -52.4441 100
      vertex -87.6125 -51.6125 100
    endloop
  endfacet
  facet normal 0 0 1
    outer loop
      vertex -85.9571 -54.7095 100
      vertex -87.6127 -56.2761 100
      vertex -86.6668 -56.9776 100
    endloop
  endfacet
  facet normal 0 0 1
    outer loop
      vertex -90.5831 -52.6568 100
      vertex -87.6125 -51.6125 100
      vertex -87.8271 -50.7558 100
    endloop
  endfacet
  facet normal 0 0 1
    outer loop
      vertex -91.0865 -51.5922 100
      vertex -87.8271 -50.7558 100
      vertex -87.9566 -49.8821 100
    endloop
  endfacet
  facet normal 0 0 1
    outer loop
      vertex -86.4832 -54.0001 100
      vertex -88.4853 -55.4853 100
      vertex -87.6127 -56.2761 100
    endloop
  endfacet
  facet normal 0 0 1
    outer loop
      vertex -91.4833 -50.4834 100
      vertex -87.9566 -49.8821 100
      vertex -88 -49 100
    endloop
  endfacet
  facet normal 0 0 1
    outer loop
      vertex -92 -47 100
      vertex -88 43 100
      vertex -92 47 100
    endloop
  endfacet
  facet normal -0 0 1
    outer loop
      vertex -91.9422 48.1762 100
      vertex -86.9373 47.2426 100
      vertex -91.7694 49.3411 100
    endloop
  endfacet
  facet normal 0 0 1
    outer loop
      vertex -88 43 100
      vertex -92 -47 100
      vertex -88 -49 100
    endloop
  endfacet
  facet normal 0 0 1
    outer loop
      vertex -86.9373 47.2426 100
      vertex -91.9422 48.1762 100
      vertex -87.3149 46.4441 100
    endloop
  endfacet
  facet normal -0 -0 1
    outer loop
      vertex -91.9422 -48.1762 100
      vertex -88 -49 100
      vertex -92 -47 100
    endloop
  endfacet
  facet normal -0 0 1
    outer loop
      vertex -92 47 100
      vertex -87.3149 46.4441 100
      vertex -91.9422 48.1762 100
    endloop
  endfacet
  facet normal 0 0 1
    outer loop
      vertex -86.9373 -53.2426 100
      vertex -89.2761 -54.6127 100
      vertex -88.4853 -55.4853 100
    endloop
  endfacet
  facet normal 0 0 1
    outer loop
      vertex -87.3149 46.4441 100
      vertex -92 47 100
      vertex -87.6125 45.6125 100
    endloop
  endfacet
  facet normal 0 0 1
    outer loop
      vertex -87.3149 -52.4441 100
      vertex -89.9776 -53.6668 100
      vertex -89.2761 -54.6127 100
    endloop
  endfacet
  facet normal 0 0 1
    outer loop
      vertex -87.6125 45.6125 100
      vertex -92 47 100
      vertex -87.8271 44.7558 100
    endloop
  endfacet
  facet normal 0 0 1
    outer loop
      vertex -87.6125 -51.6125 100
      vertex -90.5831 -52.6568 100
      vertex -89.9776 -53.6668 100
    endloop
  endfacet
  facet normal 0 0 1
    outer loop
      vertex -87.8271 44.7558 100
      vertex -92 47 100
      vertex -87.9566 43.8821 100
    endloop
  endfacet
  facet normal 0 0 1
    outer loop
      vertex -87.8271 -50.7558 100
      vertex -91.0865 -51.5922 100
      vertex -90.5831 -52.6568 100
    endloop
  endfacet
  facet normal 0 0 1
    outer loop
      vertex -87.9566 43.8821 100
      vertex -92 47 100
      vertex -88 43 100
    endloop
  endfacet
  facet normal 0 0 1
    outer loop
      vertex -87.9566 -49.8821 100
      vertex -91.4833 -50.4834 100
      vertex -91.0865 -51.5922 100
    endloop
  endfacet
  facet normal 0 0 1
    outer loop
      vertex -88 -49 100
      vertex -91.7694 -49.3411 100
      vertex -91.4833 -50.4834 100
    endloop
  endfacet
  facet normal 0 0 1
    outer loop
      vertex -88 -49 100
      vertex -91.9422 -48.1762 100
      vertex -91.7694 -49.3411 100
    endloop
  endfacet
  facet normal 0.998795 -0.0490821 0
    outer loop
      vertex 91.9422 -48.1762 100
      vertex 92 -47 0
      vertex 92 -47 100
    endloop
  endfacet
  facet normal 0.998795 -0.0490821 0
    outer loop
      vertex 92 -47 0
      vertex 91.9422 -48.1762 100
      vertex 91.9422 -48.1762 0
    endloop
  endfacet
  facet normal 0 -1 0
    outer loop
      vertex -80 -59 0
      vertex 80 -59 100
      vertex -80 -59 100
    endloop
  endfacet
  facet normal 0 -1 -0
    outer loop
      vertex 80 -59 100
      vertex -80 -59 0
      vertex 80 -59 0
    endloop
  endfacet
  facet normal 0.740984 0.671522 0
    outer loop
      vertex 89.2761 54.6127 100
      vertex 88.4853 55.4853 0
      vertex 88.4853 55.4853 100
    endloop
  endfacet
  facet normal 0.740984 0.671522 0
    outer loop
      vertex 88.4853 55.4853 0
      vertex 89.2761 54.6127 100
      vertex 89.2761 54.6127 0
    endloop
  endfacet
  facet normal 0 1 -0
    outer loop
      vertex 80 59 0
      vertex -80 59 100
      vertex 80 59 100
    endloop
  endfacet
  facet normal 0 1 0
    outer loop
      vertex -80 59 100
      vertex 80 59 0
      vertex -80 59 0
    endloop
  endfacet
  facet normal 0.0490821 0.998795 -0
    outer loop
      vertex 81.1762 58.9422 0
      vertex 80 59 100
      vertex 81.1762 58.9422 100
    endloop
  endfacet
  facet normal 0.0490821 0.998795 0
    outer loop
      vertex 80 59 100
      vertex 81.1762 58.9422 0
      vertex 80 59 0
    endloop
  endfacet
  facet normal -0.803219 0.595684 0
    outer loop
      vertex -89.9776 53.6668 0
      vertex -89.2761 54.6127 100
      vertex -89.2761 54.6127 0
    endloop
  endfacet
  facet normal -0.803219 0.595684 0
    outer loop
      vertex -89.2761 54.6127 100
      vertex -89.9776 53.6668 0
      vertex -89.9776 53.6668 100
    endloop
  endfacet
  facet normal 1 -0 0
    outer loop
      vertex 92 22.0096 31.6765
      vertex 92 47 0
      vertex 92 47 100
    endloop
  endfacet
  facet normal 1 0 0
    outer loop
      vertex 92 47 0
      vertex 92 22.8892 27.2544
      vertex 92 23 25
    endloop
  endfacet
  facet normal 1 0 0
    outer loop
      vertex 92 47 0
      vertex 92 22.5581 29.4871
      vertex 92 22.8892 27.2544
    endloop
  endfacet
  facet normal 1 0 0
    outer loop
      vertex 92 47 0
      vertex 92 22.0096 31.6765
      vertex 92 22.5581 29.4871
    endloop
  endfacet
  facet normal 1 0 0
    outer loop
      vertex 92 47 100
      vertex 92 21.2492 33.8017
      vertex 92 22.0096 31.6765
    endloop
  endfacet
  facet normal 1 0 0
    outer loop
      vertex 92 47 100
      vertex 92 20.2842 35.8421
      vertex 92 21.2492 33.8017
    endloop
  endfacet
  facet normal 1 0 0
    outer loop
      vertex 92 47 100
      vertex 92 19.1238 37.7781
      vertex 92 20.2842 35.8421
    endloop
  endfacet
  facet normal 1 0 0
    outer loop
      vertex 92 47 100
      vertex 92 17.7792 39.591
      vertex 92 19.1238 37.7781
    endloop
  endfacet
  facet normal 1 0 0
    outer loop
      vertex 92 47 100
      vertex 92 16.2635 41.2635
      vertex 92 17.7792 39.591
    endloop
  endfacet
  facet normal 1 0 0
    outer loop
      vertex 92 47 100
      vertex 92 14.591 42.7792
      vertex 92 16.2635 41.2635
    endloop
  endfacet
  facet normal 1 0 0
    outer loop
      vertex 92 47 100
      vertex 92 12.7781 44.1238
      vertex 92 14.591 42.7792
    endloop
  endfacet
  facet normal 1 0 0
    outer loop
      vertex 92 47 100
      vertex 92 10.8421 45.2842
      vertex 92 12.7781 44.1238
    endloop
  endfacet
  facet normal 1 0 0
    outer loop
      vertex 92 47 100
      vertex 92 8.80172 46.2492
      vertex 92 10.8421 45.2842
    endloop
  endfacet
  facet normal 1 0 0
    outer loop
      vertex 92 47 100
      vertex 92 6.67655 47.0096
      vertex 92 8.80172 46.2492
    endloop
  endfacet
  facet normal 1 0 0
    outer loop
      vertex 92 47 100
      vertex 92 4.48708 47.5581
      vertex 92 6.67655 47.0096
    endloop
  endfacet
  facet normal 1 0 0
    outer loop
      vertex 92 47 100
      vertex 92 2.25439 47.8892
      vertex 92 4.48708 47.5581
    endloop
  endfacet
  facet normal 1 0 0
    outer loop
      vertex 92 47 100
      vertex 92 0 48
      vertex 92 2.25439 47.8892
    endloop
  endfacet
  facet normal 1 -0 0
    outer loop
      vertex 92 -47 100
      vertex 92 0 48
      vertex 92 47 100
    endloop
  endfacet
  facet normal 1 0 0
    outer loop
      vertex 92 0 48
      vertex 92 -47 100
      vertex 92 -2.25439 47.8892
    endloop
  endfacet
  facet normal 1 0 0
    outer loop
      vertex 92 -2.25439 47.8892
      vertex 92 -47 100
      vertex 92 -4.48708 47.5581
    endloop
  endfacet
  facet normal 1 0 0
    outer loop
      vertex 92 -4.48708 47.5581
      vertex 92 -47 100
      vertex 92 -6.67655 47.0096
    endloop
  endfacet
  facet normal 1 0 0
    outer loop
      vertex 92 -6.67655 47.0096
      vertex 92 -47 100
      vertex 92 -8.80172 46.2492
    endloop
  endfacet
  facet normal 1 0 0
    outer loop
      vertex 92 -8.80172 46.2492
      vertex 92 -47 100
      vertex 92 -10.8421 45.2842
    endloop
  endfacet
  facet normal 1 0 0
    outer loop
      vertex 92 -10.8421 45.2842
      vertex 92 -47 100
      vertex 92 -12.7781 44.1238
    endloop
  endfacet
  facet normal 1 0 0
    outer loop
      vertex 92 -12.7781 44.1238
      vertex 92 -47 100
      vertex 92 -14.591 42.7792
    endloop
  endfacet
  facet normal 1 0 0
    outer loop
      vertex 92 -22.5581 29.4871
      vertex 92 -47 0
      vertex 92 -22.8892 27.2544
    endloop
  endfacet
  facet normal 1 0 0
    outer loop
      vertex 92 -22.0096 31.6765
      vertex 92 -47 0
      vertex 92 -22.5581 29.4871
    endloop
  endfacet
  facet normal 1 0 0
    outer loop
      vertex 92 -47 0
      vertex 92 -22.0096 31.6765
      vertex 92 -47 100
    endloop
  endfacet
  facet normal 1 0 0
    outer loop
      vertex 92 -21.2492 33.8017
      vertex 92 -47 100
      vertex 92 -22.0096 31.6765
    endloop
  endfacet
  facet normal 1 0 0
    outer loop
      vertex 92 -20.2842 35.8421
      vertex 92 -47 100
      vertex 92 -21.2492 33.8017
    endloop
  endfacet
  facet normal 1 0 0
    outer loop
      vertex 92 -19.1238 37.7781
      vertex 92 -47 100
      vertex 92 -20.2842 35.8421
    endloop
  endfacet
  facet normal 1 0 0
    outer loop
      vertex 92 -17.7792 39.591
      vertex 92 -47 100
      vertex 92 -19.1238 37.7781
    endloop
  endfacet
  facet normal 1 0 0
    outer loop
      vertex 92 -16.2635 41.2635
      vertex 92 -47 100
      vertex 92 -17.7792 39.591
    endloop
  endfacet
  facet normal 1 0 0
    outer loop
      vertex 92 -14.591 42.7792
      vertex 92 -47 100
      vertex 92 -16.2635 41.2635
    endloop
  endfacet
  facet normal 1 -0 0
    outer loop
      vertex 92 22.8892 22.7456
      vertex 92 47 0
      vertex 92 23 25
    endloop
  endfacet
  facet normal 1 -0 0
    outer loop
      vertex 92 22.5581 20.5129
      vertex 92 47 0
      vertex 92 22.8892 22.7456
    endloop
  endfacet
  facet normal 1 -0 0
    outer loop
      vertex 92 22.0096 18.3235
      vertex 92 47 0
      vertex 92 22.5581 20.5129
    endloop
  endfacet
  facet normal 1 -0 0
    outer loop
      vertex 92 21.2492 16.1983
      vertex 92 47 0
      vertex 92 22.0096 18.3235
    endloop
  endfacet
  facet normal 1 -0 0
    outer loop
      vertex 92 20.2842 14.1579
      vertex 92 47 0
      vertex 92 21.2492 16.1983
    endloop
  endfacet
  facet normal 1 -0 0
    outer loop
      vertex 92 19.1238 12.2219
      vertex 92 47 0
      vertex 92 20.2842 14.1579
    endloop
  endfacet
  facet normal 1 -0 0
    outer loop
      vertex 92 17.7792 10.409
      vertex 92 47 0
      vertex 92 19.1238 12.2219
    endloop
  endfacet
  facet normal 1 -0 0
    outer loop
      vertex 92 16.2635 8.73654
      vertex 92 47 0
      vertex 92 17.7792 10.409
    endloop
  endfacet
  facet normal 1 -0 0
    outer loop
      vertex 92 14.591 7.22076
      vertex 92 47 0
      vertex 92 16.2635 8.73654
    endloop
  endfacet
  facet normal 1 -0 0
    outer loop
      vertex 92 12.7781 5.8762
      vertex 92 47 0
      vertex 92 14.591 7.22076
    endloop
  endfacet
  facet normal 1 -0 0
    outer loop
      vertex 92 10.8421 4.71581
      vertex 92 47 0
      vertex 92 12.7781 5.8762
    endloop
  endfacet
  facet normal 1 -0 0
    outer loop
      vertex 92 8.80172 3.75077
      vertex 92 47 0
      vertex 92 10.8421 4.71581
    endloop
  endfacet
  facet normal 1 -0 0
    outer loop
      vertex 92 6.67655 2.99037
      vertex 92 47 0
      vertex 92 8.80172 3.75077
    endloop
  endfacet
  facet normal 1 -0 0
    outer loop
      vertex 92 4.48708 2.44194
      vertex 92 47 0
      vertex 92 6.67655 2.99037
    endloop
  endfacet
  facet normal 1 -0 0
    outer loop
      vertex 92 2.25439 2.11075
      vertex 92 47 0
      vertex 92 4.48708 2.44194
    endloop
  endfacet
  facet normal 1 -0 0
    outer loop
      vertex 92 0 2
      vertex 92 47 0
      vertex 92 2.25439 2.11075
    endloop
  endfacet
  facet normal 1 0 0
    outer loop
      vertex 92 -22.8892 27.2544
      vertex 92 -47 0
      vertex 92 -23 25
    endloop
  endfacet
  facet normal 1 0 0
    outer loop
      vertex 92 -23 25
      vertex 92 -47 0
      vertex 92 -22.8892 22.7456
    endloop
  endfacet
  facet normal 1 0 0
    outer loop
      vertex 92 -22.8892 22.7456
      vertex 92 -47 0
      vertex 92 -22.5581 20.5129
    endloop
  endfacet
  facet normal 1 0 0
    outer loop
      vertex 92 0 2
      vertex 92 -47 0
      vertex 92 47 0
    endloop
  endfacet
  facet normal 1 0 0
    outer loop
      vertex 92 -2.25439 2.11075
      vertex 92 -47 0
      vertex 92 0 2
    endloop
  endfacet
  facet normal 1 0 0
    outer loop
      vertex 92 -4.48708 2.44194
      vertex 92 -47 0
      vertex 92 -2.25439 2.11075
    endloop
  endfacet
  facet normal 1 0 0
    outer loop
      vertex 92 -6.67655 2.99037
      vertex 92 -47 0
      vertex 92 -4.48708 2.44194
    endloop
  endfacet
  facet normal 1 0 0
    outer loop
      vertex 92 -8.80172 3.75077
      vertex 92 -47 0
      vertex 92 -6.67655 2.99037
    endloop
  endfacet
  facet normal 1 0 0
    outer loop
      vertex 92 -10.8421 4.71581
      vertex 92 -47 0
      vertex 92 -8.80172 3.75077
    endloop
  endfacet
  facet normal 1 0 0
    outer loop
      vertex 92 -12.7781 5.8762
      vertex 92 -47 0
      vertex 92 -10.8421 4.71581
    endloop
  endfacet
  facet normal 1 0 0
    outer loop
      vertex 92 -14.591 7.22076
      vertex 92 -47 0
      vertex 92 -12.7781 5.8762
    endloop
  endfacet
  facet normal 1 0 0
    outer loop
      vertex 92 -16.2635 8.73654
      vertex 92 -47 0
      vertex 92 -14.591 7.22076
    endloop
  endfacet
  facet normal 1 0 0
    outer loop
      vertex 92 -17.7792 10.409
      vertex 92 -47 0
      vertex 92 -16.2635 8.73654
    endloop
  endfacet
  facet normal 1 0 0
    outer loop
      vertex 92 -19.1238 12.2219
      vertex 92 -47 0
      vertex 92 -17.7792 10.409
    endloop
  endfacet
  facet normal 1 0 0
    outer loop
      vertex 92 -20.2842 14.1579
      vertex 92 -47 0
      vertex 92 -19.1238 12.2219
    endloop
  endfacet
  facet normal 1 0 0
    outer loop
      vertex 92 -21.2492 16.1983
      vertex 92 -47 0
      vertex 92 -20.2842 14.1579
    endloop
  endfacet
  facet normal 1 0 0
    outer loop
      vertex 92 -22.0096 18.3235
      vertex 92 -47 0
      vertex 92 -21.2492 16.1983
    endloop
  endfacet
  facet normal 1 0 0
    outer loop
      vertex 92 -22.5581 20.5129
      vertex 92 -47 0
      vertex 92 -22.0096 18.3235
    endloop
  endfacet
  facet normal -0.904028 -0.427473 0
    outer loop
      vertex -90.5831 -52.6568 0
      vertex -91.0865 -51.5922 100
      vertex -91.0865 -51.5922 0
    endloop
  endfacet
  facet normal -0.904028 -0.427473 0
    outer loop
      vertex -91.0865 -51.5922 100
      vertex -90.5831 -52.6568 0
      vertex -90.5831 -52.6568 100
    endloop
  endfacet
  facet normal 0.904028 0.427473 0
    outer loop
      vertex 91.0865 51.5922 100
      vertex 90.5831 52.6568 0
      vertex 90.5831 52.6568 100
    endloop
  endfacet
  facet normal 0.904028 0.427473 0
    outer loop
      vertex 90.5831 52.6568 0
      vertex 91.0865 51.5922 100
      vertex 91.0865 51.5922 0
    endloop
  endfacet
  facet normal 0.514184 0.85768 -0
    outer loop
      vertex 86.6668 56.9776 0
      vertex 85.6568 57.5831 100
      vertex 86.6668 56.9776 100
    endloop
  endfacet
  facet normal 0.514184 0.85768 0
    outer loop
      vertex 85.6568 57.5831 100
      vertex 86.6668 56.9776 0
      vertex 85.6568 57.5831 0
    endloop
  endfacet
  facet normal 0.671522 0.740984 -0
    outer loop
      vertex 88.4853 55.4853 0
      vertex 87.6127 56.2761 100
      vertex 88.4853 55.4853 100
    endloop
  endfacet
  facet normal 0.671522 0.740984 0
    outer loop
      vertex 87.6127 56.2761 100
      vertex 88.4853 55.4853 0
      vertex 87.6127 56.2761 0
    endloop
  endfacet
  facet normal -0.242955 0.970038 0
    outer loop
      vertex -82.3411 58.7694 0
      vertex -83.4834 58.4833 100
      vertex -82.3411 58.7694 100
    endloop
  endfacet
  facet normal -0.242955 0.970038 0
    outer loop
      vertex -83.4834 58.4833 100
      vertex -82.3411 58.7694 0
      vertex -83.4834 58.4833 0
    endloop
  endfacet
  facet normal -0.0490821 0.998795 0
    outer loop
      vertex -80 59 0
      vertex -81.1762 58.9422 100
      vertex -80 59 100
    endloop
  endfacet
  facet normal -0.0490821 0.998795 0
    outer loop
      vertex -81.1762 58.9422 100
      vertex -80 59 0
      vertex -81.1762 58.9422 0
    endloop
  endfacet
  facet normal -0.336939 0.941527 0
    outer loop
      vertex -83.4834 58.4833 0
      vertex -84.5922 58.0865 100
      vertex -83.4834 58.4833 100
    endloop
  endfacet
  facet normal -0.336939 0.941527 0
    outer loop
      vertex -84.5922 58.0865 100
      vertex -83.4834 58.4833 0
      vertex -84.5922 58.0865 0
    endloop
  endfacet
  facet normal -0.595684 0.803219 0
    outer loop
      vertex -86.6668 56.9776 0
      vertex -87.6127 56.2761 100
      vertex -86.6668 56.9776 100
    endloop
  endfacet
  facet normal -0.595684 0.803219 0
    outer loop
      vertex -87.6127 56.2761 100
      vertex -86.6668 56.9776 0
      vertex -87.6127 56.2761 0
    endloop
  endfacet
  facet normal -0.514184 0.85768 0
    outer loop
      vertex -85.6568 57.5831 0
      vertex -86.6668 56.9776 100
      vertex -85.6568 57.5831 100
    endloop
  endfacet
  facet normal -0.514184 0.85768 0
    outer loop
      vertex -86.6668 56.9776 100
      vertex -85.6568 57.5831 0
      vertex -86.6668 56.9776 0
    endloop
  endfacet
  facet normal -0.941527 0.336939 0
    outer loop
      vertex -91.4833 50.4834 0
      vertex -91.0865 51.5922 100
      vertex -91.0865 51.5922 0
    endloop
  endfacet
  facet normal -0.941527 0.336939 0
    outer loop
      vertex -91.0865 51.5922 100
      vertex -91.4833 50.4834 0
      vertex -91.4833 50.4834 100
    endloop
  endfacet
  facet normal -0.970038 0.242955 0
    outer loop
      vertex -91.7694 49.3411 0
      vertex -91.4833 50.4834 100
      vertex -91.4833 50.4834 0
    endloop
  endfacet
  facet normal -0.970038 0.242955 0
    outer loop
      vertex -91.4833 50.4834 100
      vertex -91.7694 49.3411 0
      vertex -91.7694 49.3411 100
    endloop
  endfacet
  facet normal -0.85768 0.514184 0
    outer loop
      vertex -90.5831 52.6568 0
      vertex -89.9776 53.6668 100
      vertex -89.9776 53.6668 0
    endloop
  endfacet
  facet normal -0.85768 0.514184 0
    outer loop
      vertex -89.9776 53.6668 100
      vertex -90.5831 52.6568 0
      vertex -90.5831 52.6568 100
    endloop
  endfacet
  facet normal 0.514184 -0.85768 0
    outer loop
      vertex 85.6568 -57.5831 0
      vertex 86.6668 -56.9776 100
      vertex 85.6568 -57.5831 100
    endloop
  endfacet
  facet normal 0.514184 -0.85768 0
    outer loop
      vertex 86.6668 -56.9776 100
      vertex 85.6568 -57.5831 0
      vertex 86.6668 -56.9776 0
    endloop
  endfacet
  facet normal 0.941527 -0.336939 0
    outer loop
      vertex 91.0865 -51.5922 100
      vertex 91.4833 -50.4834 0
      vertex 91.4833 -50.4834 100
    endloop
  endfacet
  facet normal 0.941527 -0.336939 0
    outer loop
      vertex 91.4833 -50.4834 0
      vertex 91.0865 -51.5922 100
      vertex 91.0865 -51.5922 0
    endloop
  endfacet
  facet normal 0.970038 -0.242955 0
    outer loop
      vertex 91.4833 -50.4834 100
      vertex 91.7694 -49.3411 0
      vertex 91.7694 -49.3411 100
    endloop
  endfacet
  facet normal 0.970038 -0.242955 0
    outer loop
      vertex 91.7694 -49.3411 0
      vertex 91.4833 -50.4834 100
      vertex 91.4833 -50.4834 0
    endloop
  endfacet
  facet normal 0.85768 -0.514184 0
    outer loop
      vertex 89.9776 -53.6668 100
      vertex 90.5831 -52.6568 0
      vertex 90.5831 -52.6568 100
    endloop
  endfacet
  facet normal 0.85768 -0.514184 0
    outer loop
      vertex 90.5831 -52.6568 0
      vertex 89.9776 -53.6668 100
      vertex 89.9776 -53.6668 0
    endloop
  endfacet
  facet normal 0.242955 -0.970038 0
    outer loop
      vertex 82.3411 -58.7694 0
      vertex 83.4834 -58.4833 100
      vertex 82.3411 -58.7694 100
    endloop
  endfacet
  facet normal 0.242955 -0.970038 0
    outer loop
      vertex 83.4834 -58.4833 100
      vertex 82.3411 -58.7694 0
      vertex 83.4834 -58.4833 0
    endloop
  endfacet
  facet normal 0.0490821 -0.998795 0
    outer loop
      vertex 80 -59 0
      vertex 81.1762 -58.9422 100
      vertex 80 -59 100
    endloop
  endfacet
  facet normal 0.0490821 -0.998795 0
    outer loop
      vertex 81.1762 -58.9422 100
      vertex 80 -59 0
      vertex 81.1762 -58.9422 0
    endloop
  endfacet
  facet normal 0.336939 -0.941527 0
    outer loop
      vertex 83.4834 -58.4833 0
      vertex 84.5922 -58.0865 100
      vertex 83.4834 -58.4833 100
    endloop
  endfacet
  facet normal 0.336939 -0.941527 0
    outer loop
      vertex 84.5922 -58.0865 100
      vertex 83.4834 -58.4833 0
      vertex 84.5922 -58.0865 0
    endloop
  endfacet
  facet normal -0.970038 -0.242955 0
    outer loop
      vertex -91.4833 -50.4834 0
      vertex -91.7694 -49.3411 100
      vertex -91.7694 -49.3411 0
    endloop
  endfacet
  facet normal -0.970038 -0.242955 0
    outer loop
      vertex -91.7694 -49.3411 100
      vertex -91.4833 -50.4834 0
      vertex -91.4833 -50.4834 100
    endloop
  endfacet
  facet normal 0.970038 0.242955 0
    outer loop
      vertex 91.7694 49.3411 100
      vertex 91.4833 50.4834 0
      vertex 91.4833 50.4834 100
    endloop
  endfacet
  facet normal 0.970038 0.242955 0
    outer loop
      vertex 91.4833 50.4834 0
      vertex 91.7694 49.3411 100
      vertex 91.7694 49.3411 0
    endloop
  endfacet
  facet normal 0.989176 0.146733 0
    outer loop
      vertex 91.9422 48.1762 100
      vertex 91.7694 49.3411 0
      vertex 91.7694 49.3411 100
    endloop
  endfacet
  facet normal 0.989176 0.146733 0
    outer loop
      vertex 91.7694 49.3411 0
      vertex 91.9422 48.1762 100
      vertex 91.9422 48.1762 0
    endloop
  endfacet
  facet normal 0.941527 0.336939 0
    outer loop
      vertex 91.4833 50.4834 100
      vertex 91.0865 51.5922 0
      vertex 91.0865 51.5922 100
    endloop
  endfacet
  facet normal 0.941527 0.336939 0
    outer loop
      vertex 91.0865 51.5922 0
      vertex 91.4833 50.4834 100
      vertex 91.4833 50.4834 0
    endloop
  endfacet
  facet normal 0.803219 0.595684 0
    outer loop
      vertex 89.9776 53.6668 100
      vertex 89.2761 54.6127 0
      vertex 89.2761 54.6127 100
    endloop
  endfacet
  facet normal 0.803219 0.595684 0
    outer loop
      vertex 89.2761 54.6127 0
      vertex 89.9776 53.6668 100
      vertex 89.9776 53.6668 0
    endloop
  endfacet
  facet normal 0.85768 0.514184 0
    outer loop
      vertex 90.5831 52.6568 100
      vertex 89.9776 53.6668 0
      vertex 89.9776 53.6668 100
    endloop
  endfacet
  facet normal 0.85768 0.514184 0
    outer loop
      vertex 89.9776 53.6668 0
      vertex 90.5831 52.6568 100
      vertex 90.5831 52.6568 0
    endloop
  endfacet
  facet normal 0.336939 0.941527 -0
    outer loop
      vertex 84.5922 58.0865 0
      vertex 83.4834 58.4833 100
      vertex 84.5922 58.0865 100
    endloop
  endfacet
  facet normal 0.336939 0.941527 0
    outer loop
      vertex 83.4834 58.4833 100
      vertex 84.5922 58.0865 0
      vertex 83.4834 58.4833 0
    endloop
  endfacet
  facet normal 0.427473 0.904028 -0
    outer loop
      vertex 85.6568 57.5831 0
      vertex 84.5922 58.0865 100
      vertex 85.6568 57.5831 100
    endloop
  endfacet
  facet normal 0.427473 0.904028 0
    outer loop
      vertex 84.5922 58.0865 100
      vertex 85.6568 57.5831 0
      vertex 84.5922 58.0865 0
    endloop
  endfacet
  facet normal 0.242955 0.970038 -0
    outer loop
      vertex 83.4834 58.4833 0
      vertex 82.3411 58.7694 100
      vertex 83.4834 58.4833 100
    endloop
  endfacet
  facet normal 0.242955 0.970038 0
    outer loop
      vertex 82.3411 58.7694 100
      vertex 83.4834 58.4833 0
      vertex 82.3411 58.7694 0
    endloop
  endfacet
  facet normal 0.595684 0.803219 -0
    outer loop
      vertex 87.6127 56.2761 0
      vertex 86.6668 56.9776 100
      vertex 87.6127 56.2761 100
    endloop
  endfacet
  facet normal 0.595684 0.803219 0
    outer loop
      vertex 86.6668 56.9776 100
      vertex 87.6127 56.2761 0
      vertex 86.6668 56.9776 0
    endloop
  endfacet
  facet normal -0.146733 0.989176 0
    outer loop
      vertex -81.1762 58.9422 0
      vertex -82.3411 58.7694 100
      vertex -81.1762 58.9422 100
    endloop
  endfacet
  facet normal -0.146733 0.989176 0
    outer loop
      vertex -82.3411 58.7694 100
      vertex -81.1762 58.9422 0
      vertex -82.3411 58.7694 0
    endloop
  endfacet
  facet normal -0.740984 0.671522 0
    outer loop
      vertex -89.2761 54.6127 0
      vertex -88.4853 55.4853 100
      vertex -88.4853 55.4853 0
    endloop
  endfacet
  facet normal -0.740984 0.671522 0
    outer loop
      vertex -88.4853 55.4853 100
      vertex -89.2761 54.6127 0
      vertex -89.2761 54.6127 100
    endloop
  endfacet
  facet normal -0.671522 0.740984 0
    outer loop
      vertex -87.6127 56.2761 0
      vertex -88.4853 55.4853 100
      vertex -87.6127 56.2761 100
    endloop
  endfacet
  facet normal -0.671522 0.740984 0
    outer loop
      vertex -88.4853 55.4853 100
      vertex -87.6127 56.2761 0
      vertex -88.4853 55.4853 0
    endloop
  endfacet
  facet normal -0.904028 0.427473 0
    outer loop
      vertex -91.0865 51.5922 0
      vertex -90.5831 52.6568 100
      vertex -90.5831 52.6568 0
    endloop
  endfacet
  facet normal -0.904028 0.427473 0
    outer loop
      vertex -90.5831 52.6568 100
      vertex -91.0865 51.5922 0
      vertex -91.0865 51.5922 100
    endloop
  endfacet
  facet normal 0.595684 -0.803219 0
    outer loop
      vertex 86.6668 -56.9776 0
      vertex 87.6127 -56.2761 100
      vertex 86.6668 -56.9776 100
    endloop
  endfacet
  facet normal 0.595684 -0.803219 0
    outer loop
      vertex 87.6127 -56.2761 100
      vertex 86.6668 -56.9776 0
      vertex 87.6127 -56.2761 0
    endloop
  endfacet
  facet normal 0.803219 -0.595684 0
    outer loop
      vertex 89.2761 -54.6127 100
      vertex 89.9776 -53.6668 0
      vertex 89.9776 -53.6668 100
    endloop
  endfacet
  facet normal 0.803219 -0.595684 0
    outer loop
      vertex 89.9776 -53.6668 0
      vertex 89.2761 -54.6127 100
      vertex 89.2761 -54.6127 0
    endloop
  endfacet
  facet normal 0.671522 -0.740984 0
    outer loop
      vertex 87.6127 -56.2761 0
      vertex 88.4853 -55.4853 100
      vertex 87.6127 -56.2761 100
    endloop
  endfacet
  facet normal 0.671522 -0.740984 0
    outer loop
      vertex 88.4853 -55.4853 100
      vertex 87.6127 -56.2761 0
      vertex 88.4853 -55.4853 0
    endloop
  endfacet
  facet normal 0.989176 -0.146733 0
    outer loop
      vertex 91.7694 -49.3411 100
      vertex 91.9422 -48.1762 0
      vertex 91.9422 -48.1762 100
    endloop
  endfacet
  facet normal 0.989176 -0.146733 0
    outer loop
      vertex 91.9422 -48.1762 0
      vertex 91.7694 -49.3411 100
      vertex 91.7694 -49.3411 0
    endloop
  endfacet
  facet normal 0.904028 -0.427473 0
    outer loop
      vertex 90.5831 -52.6568 100
      vertex 91.0865 -51.5922 0
      vertex 91.0865 -51.5922 100
    endloop
  endfacet
  facet normal 0.904028 -0.427473 0
    outer loop
      vertex 91.0865 -51.5922 0
      vertex 90.5831 -52.6568 100
      vertex 90.5831 -52.6568 0
    endloop
  endfacet
  facet normal 0.146733 -0.989176 0
    outer loop
      vertex 81.1762 -58.9422 0
      vertex 82.3411 -58.7694 100
      vertex 81.1762 -58.9422 100
    endloop
  endfacet
  facet normal 0.146733 -0.989176 0
    outer loop
      vertex 82.3411 -58.7694 100
      vertex 81.1762 -58.9422 0
      vertex 82.3411 -58.7694 0
    endloop
  endfacet
  facet normal 0.427473 -0.904028 0
    outer loop
      vertex 84.5922 -58.0865 0
      vertex 85.6568 -57.5831 100
      vertex 84.5922 -58.0865 100
    endloop
  endfacet
  facet normal 0.427473 -0.904028 0
    outer loop
      vertex 85.6568 -57.5831 100
      vertex 84.5922 -58.0865 0
      vertex 85.6568 -57.5831 0
    endloop
  endfacet
  facet normal -0.595684 -0.803219 0
    outer loop
      vertex -87.6127 -56.2761 0
      vertex -86.6668 -56.9776 100
      vertex -87.6127 -56.2761 100
    endloop
  endfacet
  facet normal -0.595684 -0.803219 -0
    outer loop
      vertex -86.6668 -56.9776 100
      vertex -87.6127 -56.2761 0
      vertex -86.6668 -56.9776 0
    endloop
  endfacet
  facet normal -0.427473 -0.904028 0
    outer loop
      vertex -85.6568 -57.5831 0
      vertex -84.5922 -58.0865 100
      vertex -85.6568 -57.5831 100
    endloop
  endfacet
  facet normal -0.427473 -0.904028 -0
    outer loop
      vertex -84.5922 -58.0865 100
      vertex -85.6568 -57.5831 0
      vertex -84.5922 -58.0865 0
    endloop
  endfacet
  facet normal -0.242955 -0.970038 0
    outer loop
      vertex -83.4834 -58.4833 0
      vertex -82.3411 -58.7694 100
      vertex -83.4834 -58.4833 100
    endloop
  endfacet
  facet normal -0.242955 -0.970038 -0
    outer loop
      vertex -82.3411 -58.7694 100
      vertex -83.4834 -58.4833 0
      vertex -82.3411 -58.7694 0
    endloop
  endfacet
  facet normal -0.0490821 -0.998795 0
    outer loop
      vertex -81.1762 -58.9422 0
      vertex -80 -59 100
      vertex -81.1762 -58.9422 100
    endloop
  endfacet
  facet normal -0.0490821 -0.998795 -0
    outer loop
      vertex -80 -59 100
      vertex -81.1762 -58.9422 0
      vertex -80 -59 0
    endloop
  endfacet
  facet normal -0.85768 -0.514184 0
    outer loop
      vertex -89.9776 -53.6668 0
      vertex -90.5831 -52.6568 100
      vertex -90.5831 -52.6568 0
    endloop
  endfacet
  facet normal -0.85768 -0.514184 0
    outer loop
      vertex -90.5831 -52.6568 100
      vertex -89.9776 -53.6668 0
      vertex -89.9776 -53.6668 100
    endloop
  endfacet
  facet normal -0.740984 -0.671522 0
    outer loop
      vertex -88.4853 -55.4853 0
      vertex -89.2761 -54.6127 100
      vertex -89.2761 -54.6127 0
    endloop
  endfacet
  facet normal -0.740984 -0.671522 0
    outer loop
      vertex -89.2761 -54.6127 100
      vertex -88.4853 -55.4853 0
      vertex -88.4853 -55.4853 100
    endloop
  endfacet
  facet normal -0.941527 -0.336939 0
    outer loop
      vertex -91.0865 -51.5922 0
      vertex -91.4833 -50.4834 100
      vertex -91.4833 -50.4834 0
    endloop
  endfacet
  facet normal -0.941527 -0.336939 0
    outer loop
      vertex -91.4833 -50.4834 100
      vertex -91.0865 -51.5922 0
      vertex -91.0865 -51.5922 100
    endloop
  endfacet
  facet normal 0.740984 -0.671522 0
    outer loop
      vertex 88.4853 -55.4853 100
      vertex 89.2761 -54.6127 0
      vertex 89.2761 -54.6127 100
    endloop
  endfacet
  facet normal 0.740984 -0.671522 0
    outer loop
      vertex 89.2761 -54.6127 0
      vertex 88.4853 -55.4853 100
      vertex 88.4853 -55.4853 0
    endloop
  endfacet
  facet normal -0.514184 -0.85768 0
    outer loop
      vertex -86.6668 -56.9776 0
      vertex -85.6568 -57.5831 100
      vertex -86.6668 -56.9776 100
    endloop
  endfacet
  facet normal -0.514184 -0.85768 -0
    outer loop
      vertex -85.6568 -57.5831 100
      vertex -86.6668 -56.9776 0
      vertex -85.6568 -57.5831 0
    endloop
  endfacet
  facet normal -0.336939 -0.941527 0
    outer loop
      vertex -84.5922 -58.0865 0
      vertex -83.4834 -58.4833 100
      vertex -84.5922 -58.0865 100
    endloop
  endfacet
  facet normal -0.336939 -0.941527 -0
    outer loop
      vertex -83.4834 -58.4833 100
      vertex -84.5922 -58.0865 0
      vertex -83.4834 -58.4833 0
    endloop
  endfacet
  facet normal -0.146733 -0.989176 0
    outer loop
      vertex -82.3411 -58.7694 0
      vertex -81.1762 -58.9422 100
      vertex -82.3411 -58.7694 100
    endloop
  endfacet
  facet normal -0.146733 -0.989176 -0
    outer loop
      vertex -81.1762 -58.9422 100
      vertex -82.3411 -58.7694 0
      vertex -81.1762 -58.9422 0
    endloop
  endfacet
  facet normal -0.803219 -0.595684 0
    outer loop
      vertex -89.2761 -54.6127 0
      vertex -89.9776 -53.6668 100
      vertex -89.9776 -53.6668 0
    endloop
  endfacet
  facet normal -0.803219 -0.595684 0
    outer loop
      vertex -89.9776 -53.6668 100
      vertex -89.2761 -54.6127 0
      vertex -89.2761 -54.6127 100
    endloop
  endfacet
  facet normal -0.671522 -0.740984 0
    outer loop
      vertex -88.4853 -55.4853 0
      vertex -87.6127 -56.2761 100
      vertex -88.4853 -55.4853 100
    endloop
  endfacet
  facet normal -0.671522 -0.740984 -0
    outer loop
      vertex -87.6127 -56.2761 100
      vertex -88.4853 -55.4853 0
      vertex -87.6127 -56.2761 0
    endloop
  endfacet
  facet normal 0.989193 0.146618 0
    outer loop
      vertex -87.8271 -50.7558 100
      vertex -87.9566 -49.8821 5
      vertex -87.9566 -49.8821 100
    endloop
  endfacet
  facet normal 0.989193 0.146618 0
    outer loop
      vertex -87.9566 -49.8821 5
      vertex -87.8271 -50.7558 100
      vertex -87.8271 -50.7558 5
    endloop
  endfacet
  facet normal 0.970029 0.242989 0
    outer loop
      vertex -87.6125 -51.6125 100
      vertex -87.8271 -50.7558 5
      vertex -87.8271 -50.7558 100
    endloop
  endfacet
  facet normal 0.970029 0.242989 0
    outer loop
      vertex -87.8271 -50.7558 5
      vertex -87.6125 -51.6125 100
      vertex -87.6125 -51.6125 5
    endloop
  endfacet
  facet normal 0.941527 0.336939 0
    outer loop
      vertex -87.3149 -52.4441 100
      vertex -87.6125 -51.6125 5
      vertex -87.6125 -51.6125 100
    endloop
  endfacet
  facet normal 0.941527 0.336939 0
    outer loop
      vertex -87.6125 -51.6125 5
      vertex -87.3149 -52.4441 100
      vertex -87.3149 -52.4441 5
    endloop
  endfacet
  facet normal -0.970029 -0.242989 0
    outer loop
      vertex 87.8271 44.7558 5
      vertex 87.6125 45.6125 100
      vertex 87.6125 45.6125 5
    endloop
  endfacet
  facet normal -0.970029 -0.242989 0
    outer loop
      vertex 87.6125 45.6125 100
      vertex 87.8271 44.7558 5
      vertex 87.8271 44.7558 100
    endloop
  endfacet
  facet normal 0.671494 -0.74101 0
    outer loop
      vertex -85.364 49.364 5
      vertex -84.7095 49.9571 100
      vertex -85.364 49.364 100
    endloop
  endfacet
  facet normal 0.671494 -0.74101 0
    outer loop
      vertex -84.7095 49.9571 100
      vertex -85.364 49.364 5
      vertex -84.7095 49.9571 5
    endloop
  endfacet
  facet normal 1 -0 0
    outer loop
      vertex -88 22.0096 31.6765
      vertex -88 43 5
      vertex -88 43 100
    endloop
  endfacet
  facet normal 1 0 0
    outer loop
      vertex -88 43 5
      vertex -88 22.8892 27.2544
      vertex -88 23 25
    endloop
  endfacet
  facet normal 1 0 0
    outer loop
      vertex -88 43 5
      vertex -88 22.5581 29.4871
      vertex -88 22.8892 27.2544
    endloop
  endfacet
  facet normal 1 0 0
    outer loop
      vertex -88 43 5
      vertex -88 22.0096 31.6765
      vertex -88 22.5581 29.4871
    endloop
  endfacet
  facet normal 1 0 0
    outer loop
      vertex -88 43 100
      vertex -88 21.2492 33.8017
      vertex -88 22.0096 31.6765
    endloop
  endfacet
  facet normal 1 0 0
    outer loop
      vertex -88 43 100
      vertex -88 20.2842 35.8421
      vertex -88 21.2492 33.8017
    endloop
  endfacet
  facet normal 1 0 0
    outer loop
      vertex -88 43 100
      vertex -88 19.1238 37.7781
      vertex -88 20.2842 35.8421
    endloop
  endfacet
  facet normal 1 0 0
    outer loop
      vertex -88 43 100
      vertex -88 17.7792 39.591
      vertex -88 19.1238 37.7781
    endloop
  endfacet
  facet normal 1 0 0
    outer loop
      vertex -88 43 100
      vertex -88 16.2635 41.2635
      vertex -88 17.7792 39.591
    endloop
  endfacet
  facet normal 1 0 0
    outer loop
      vertex -88 43 100
      vertex -88 14.591 42.7792
      vertex -88 16.2635 41.2635
    endloop
  endfacet
  facet normal 1 0 0
    outer loop
      vertex -88 43 100
      vertex -88 12.7781 44.1238
      vertex -88 14.591 42.7792
    endloop
  endfacet
  facet normal 1 0 0
    outer loop
      vertex -88 43 100
      vertex -88 10.8421 45.2842
      vertex -88 12.7781 44.1238
    endloop
  endfacet
  facet normal 1 0 0
    outer loop
      vertex -88 43 100
      vertex -88 8.80172 46.2492
      vertex -88 10.8421 45.2842
    endloop
  endfacet
  facet normal 1 0 0
    outer loop
      vertex -88 43 100
      vertex -88 6.67655 47.0096
      vertex -88 8.80172 46.2492
    endloop
  endfacet
  facet normal 1 0 0
    outer loop
      vertex -88 43 100
      vertex -88 4.48708 47.5581
      vertex -88 6.67655 47.0096
    endloop
  endfacet
  facet normal 1 0 0
    outer loop
      vertex -88 43 100
      vertex -88 2.25439 47.8892
      vertex -88 4.48708 47.5581
    endloop
  endfacet
  facet normal 1 0 0
    outer loop
      vertex -88 43 100
      vertex -88 0 48
      vertex -88 2.25439 47.8892
    endloop
  endfacet
  facet normal 1 0 0
    outer loop
      vertex -88 43 100
      vertex -88 -2.25439 47.8892
      vertex -88 0 48
    endloop
  endfacet
  facet normal 1 -0 0
    outer loop
      vertex -88 -49 100
      vertex -88 -2.25439 47.8892
      vertex -88 43 100
    endloop
  endfacet
  facet normal 1 0 0
    outer loop
      vertex -88 -2.25439 47.8892
      vertex -88 -49 100
      vertex -88 -4.48708 47.5581
    endloop
  endfacet
  facet normal 1 0 0
    outer loop
      vertex -88 -4.48708 47.5581
      vertex -88 -49 100
      vertex -88 -6.67655 47.0096
    endloop
  endfacet
  facet normal 1 0 0
    outer loop
      vertex -88 -6.67655 47.0096
      vertex -88 -49 100
      vertex -88 -8.80172 46.2492
    endloop
  endfacet
  facet normal 1 0 0
    outer loop
      vertex -88 -8.80172 46.2492
      vertex -88 -49 100
      vertex -88 -10.8421 45.2842
    endloop
  endfacet
  facet normal 1 0 0
    outer loop
      vertex -88 -10.8421 45.2842
      vertex -88 -49 100
      vertex -88 -12.7781 44.1238
    endloop
  endfacet
  facet normal 1 0 0
    outer loop
      vertex -88 -12.7781 44.1238
      vertex -88 -49 100
      vertex -88 -14.591 42.7792
    endloop
  endfacet
  facet normal 1 0 0
    outer loop
      vertex -88 -22.5581 29.4871
      vertex -88 -49 5
      vertex -88 -22.8892 27.2544
    endloop
  endfacet
  facet normal 1 0 0
    outer loop
      vertex -88 -22.0096 31.6765
      vertex -88 -49 5
      vertex -88 -22.5581 29.4871
    endloop
  endfacet
  facet normal 1 0 0
    outer loop
      vertex -88 -21.2492 33.8017
      vertex -88 -49 5
      vertex -88 -22.0096 31.6765
    endloop
  endfacet
  facet normal 1 0 0
    outer loop
      vertex -88 -49 5
      vertex -88 -21.2492 33.8017
      vertex -88 -49 100
    endloop
  endfacet
  facet normal 1 0 0
    outer loop
      vertex -88 -20.2842 35.8421
      vertex -88 -49 100
      vertex -88 -21.2492 33.8017
    endloop
  endfacet
  facet normal 1 0 0
    outer loop
      vertex -88 -19.1238 37.7781
      vertex -88 -49 100
      vertex -88 -20.2842 35.8421
    endloop
  endfacet
  facet normal 1 0 0
    outer loop
      vertex -88 -17.7792 39.591
      vertex -88 -49 100
      vertex -88 -19.1238 37.7781
    endloop
  endfacet
  facet normal 1 0 0
    outer loop
      vertex -88 -16.2635 41.2635
      vertex -88 -49 100
      vertex -88 -17.7792 39.591
    endloop
  endfacet
  facet normal 1 0 0
    outer loop
      vertex -88 -14.591 42.7792
      vertex -88 -49 100
      vertex -88 -16.2635 41.2635
    endloop
  endfacet
  facet normal 1 -0 0
    outer loop
      vertex -88 22.8892 22.7456
      vertex -88 43 5
      vertex -88 23 25
    endloop
  endfacet
  facet normal 1 -0 0
    outer loop
      vertex -88 22.5581 20.5129
      vertex -88 43 5
      vertex -88 22.8892 22.7456
    endloop
  endfacet
  facet normal 1 -0 0
    outer loop
      vertex -88 22.0096 18.3235
      vertex -88 43 5
      vertex -88 22.5581 20.5129
    endloop
  endfacet
  facet normal 1 -0 0
    outer loop
      vertex -88 21.2492 16.1983
      vertex -88 43 5
      vertex -88 22.0096 18.3235
    endloop
  endfacet
  facet normal 1 -0 0
    outer loop
      vertex -88 20.2842 14.1579
      vertex -88 43 5
      vertex -88 21.2492 16.1983
    endloop
  endfacet
  facet normal 1 -0 0
    outer loop
      vertex -88 19.1238 12.2219
      vertex -88 43 5
      vertex -88 20.2842 14.1579
    endloop
  endfacet
  facet normal 1 -0 0
    outer loop
      vertex -88 17.7792 10.409
      vertex -88 43 5
      vertex -88 19.1238 12.2219
    endloop
  endfacet
  facet normal 1 -0 0
    outer loop
      vertex -88 16.2635 8.73654
      vertex -88 43 5
      vertex -88 17.7792 10.409
    endloop
  endfacet
  facet normal 1 -0 0
    outer loop
      vertex -88 14.591 7.22076
      vertex -88 43 5
      vertex -88 16.2635 8.73654
    endloop
  endfacet
  facet normal 1 -0 0
    outer loop
      vertex -88 12.7781 5.8762
      vertex -88 43 5
      vertex -88 14.591 7.22076
    endloop
  endfacet
  facet normal 1 0 0
    outer loop
      vertex -88 43 5
      vertex -88 12.7781 5.8762
      vertex -88 11.3163 5
    endloop
  endfacet
  facet normal 1 0 0
    outer loop
      vertex -88 -22.8892 27.2544
      vertex -88 -49 5
      vertex -88 -23 25
    endloop
  endfacet
  facet normal 1 0 0
    outer loop
      vertex -88 -23 25
      vertex -88 -49 5
      vertex -88 -22.8892 22.7456
    endloop
  endfacet
  facet normal 1 0 0
    outer loop
      vertex -88 -22.8892 22.7456
      vertex -88 -49 5
      vertex -88 -22.5581 20.5129
    endloop
  endfacet
  facet normal 1 0 0
    outer loop
      vertex -88 -12.7781 5.8762
      vertex -88 -49 5
      vertex -88 -11.3163 5
    endloop
  endfacet
  facet normal 1 0 0
    outer loop
      vertex -88 -14.591 7.22076
      vertex -88 -49 5
      vertex -88 -12.7781 5.8762
    endloop
  endfacet
  facet normal 1 0 0
    outer loop
      vertex -88 -16.2635 8.73654
      vertex -88 -49 5
      vertex -88 -14.591 7.22076
    endloop
  endfacet
  facet normal 1 0 0
    outer loop
      vertex -88 -17.7792 10.409
      vertex -88 -49 5
      vertex -88 -16.2635 8.73654
    endloop
  endfacet
  facet normal 1 0 0
    outer loop
      vertex -88 -19.1238 12.2219
      vertex -88 -49 5
      vertex -88 -17.7792 10.409
    endloop
  endfacet
  facet normal 1 0 0
    outer loop
      vertex -88 -20.2842 14.1579
      vertex -88 -49 5
      vertex -88 -19.1238 12.2219
    endloop
  endfacet
  facet normal 1 0 0
    outer loop
      vertex -88 -21.2492 16.1983
      vertex -88 -49 5
      vertex -88 -20.2842 14.1579
    endloop
  endfacet
  facet normal 1 0 0
    outer loop
      vertex -88 -22.0096 18.3235
      vertex -88 -49 5
      vertex -88 -21.2492 16.1983
    endloop
  endfacet
  facet normal 1 0 0
    outer loop
      vertex -88 -22.5581 20.5129
      vertex -88 -49 5
      vertex -88 -22.0096 18.3235
    endloop
  endfacet
  facet normal 0 0 1
    outer loop
      vertex 77.3141 41.9215 5
      vertex 88 43 5
      vertex 87.9566 43.8821 5
    endloop
  endfacet
  facet normal 0 0 1
    outer loop
      vertex 77.3141 41.9215 5
      vertex 87.9566 43.8821 5
      vertex 87.8271 44.7558 5
    endloop
  endfacet
  facet normal 0 0 1
    outer loop
      vertex 77.3141 41.9215 5
      vertex 87.8271 44.7558 5
      vertex 87.6125 45.6125 5
    endloop
  endfacet
  facet normal 0 0 1
    outer loop
      vertex 77.3141 41.9215 5
      vertex 87.6125 45.6125 5
      vertex 87.3149 46.4441 5
    endloop
  endfacet
  facet normal 0 0 1
    outer loop
      vertex 77.3141 41.9215 5
      vertex 87.3149 46.4441 5
      vertex 86.9373 47.2426 5
    endloop
  endfacet
  facet normal 0 0 1
    outer loop
      vertex 77.3141 41.9215 5
      vertex 86.9373 47.2426 5
      vertex 86.4832 48.0001 5
    endloop
  endfacet
  facet normal 0 0 1
    outer loop
      vertex 88 43 5
      vertex 77.3141 41.9215 5
      vertex 77.2021 41.7979 5
    endloop
  endfacet
  facet normal 0 0 1
    outer loop
      vertex 88 43 5
      vertex 77.2021 41.7979 5
      vertex 77.0785 41.6859 5
    endloop
  endfacet
  facet normal 0 0 1
    outer loop
      vertex 77.3141 41.9215 5
      vertex 86.4832 48.0001 5
      vertex 85.9571 48.7095 5
    endloop
  endfacet
  facet normal -0 0 1
    outer loop
      vertex 77.3141 -41.9215 5
      vertex 88 -49 5
      vertex 88 -11.3163 5
    endloop
  endfacet
  facet normal -0 -0 1
    outer loop
      vertex 77.4993 -42.1986 5
      vertex 88 -49 5
      vertex 77.4135 -42.0555 5
    endloop
  endfacet
  facet normal -0 -0 1
    outer loop
      vertex 77.5706 -42.3494 5
      vertex 88 -49 5
      vertex 77.4993 -42.1986 5
    endloop
  endfacet
  facet normal -0 -0 1
    outer loop
      vertex 77.6673 -42.6683 5
      vertex 88 -49 5
      vertex 77.6268 -42.5065 5
    endloop
  endfacet
  facet normal -0 -0 1
    outer loop
      vertex 77.6918 -42.8334 5
      vertex 88 -49 5
      vertex 77.6673 -42.6683 5
    endloop
  endfacet
  facet normal -0 0 1
    outer loop
      vertex 77.6918 -43.1666 5
      vertex 88 -49 5
      vertex 77.7 -43 5
    endloop
  endfacet
  facet normal 0 0 1
    outer loop
      vertex 77.0785 -41.6859 5
      vertex 88 -11.3163 5
      vertex 86 -11.3163 5
    endloop
  endfacet
  facet normal -0 0 1
    outer loop
      vertex 77.6673 -43.3317 5
      vertex 88 -49 5
      vertex 77.6918 -43.1666 5
    endloop
  endfacet
  facet normal 0 0 1
    outer loop
      vertex 88 43 5
      vertex 86 11.3163 5
      vertex 88 11.3163 5
    endloop
  endfacet
  facet normal 0 0 1
    outer loop
      vertex 77.5706 43.6506 5
      vertex 85.9571 48.7095 5
      vertex 85.364 49.364 5
    endloop
  endfacet
  facet normal -0 -0 1
    outer loop
      vertex 77.7 -43 5
      vertex 88 -49 5
      vertex 77.6918 -42.8334 5
    endloop
  endfacet
  facet normal 0 0 1
    outer loop
      vertex 77.4993 43.8014 5
      vertex 85.364 49.364 5
      vertex 84.7095 49.9571 5
    endloop
  endfacet
  facet normal -0 0 1
    outer loop
      vertex 77.6268 -43.4935 5
      vertex 88 -49 5
      vertex 77.6673 -43.3317 5
    endloop
  endfacet
  facet normal 0 0 1
    outer loop
      vertex 77.4135 43.9445 5
      vertex 84.7095 49.9571 5
      vertex 84.0001 50.4832 5
    endloop
  endfacet
  facet normal -0 0 1
    outer loop
      vertex 77.4993 -43.8014 5
      vertex 88 -49 5
      vertex 77.5706 -43.6506 5
    endloop
  endfacet
  facet normal 0 0 1
    outer loop
      vertex 77.4135 43.9445 5
      vertex 84.0001 50.4832 5
      vertex 83.2426 50.9373 5
    endloop
  endfacet
  facet normal -0 0 1
    outer loop
      vertex 77.4135 -43.9445 5
      vertex 88 -49 5
      vertex 77.4993 -43.8014 5
    endloop
  endfacet
  facet normal 0 0 1
    outer loop
      vertex 77.3141 44.0785 5
      vertex 83.2426 50.9373 5
      vertex 82.4441 51.3149 5
    endloop
  endfacet
  facet normal -0 0 1
    outer loop
      vertex 77.2021 -44.2021 5
      vertex 88 -49 5
      vertex 77.3141 -44.0785 5
    endloop
  endfacet
  facet normal 0 0 1
    outer loop
      vertex 77.2021 44.2021 5
      vertex 82.4441 51.3149 5
      vertex 81.6125 51.6125 5
    endloop
  endfacet
  facet normal 0 0 1
    outer loop
      vertex 88 -49 5
      vertex 77.2021 -44.2021 5
      vertex 87.9566 -49.8821 5
    endloop
  endfacet
  facet normal 0 0 1
    outer loop
      vertex 77.2021 44.2021 5
      vertex 81.6125 51.6125 5
      vertex 80.7558 51.8271 5
    endloop
  endfacet
  facet normal 0 0 1
    outer loop
      vertex 87.9566 -49.8821 5
      vertex 77.0785 -44.3141 5
      vertex 87.8271 -50.7558 5
    endloop
  endfacet
  facet normal 0 0 1
    outer loop
      vertex 77.0785 44.3141 5
      vertex 80.7558 51.8271 5
      vertex 79.8821 51.9566 5
    endloop
  endfacet
  facet normal 0 0 1
    outer loop
      vertex 87.8271 -50.7558 5
      vertex 77.0785 -44.3141 5
      vertex 87.6125 -51.6125 5
    endloop
  endfacet
  facet normal 0 0 1
    outer loop
      vertex 76.9445 44.4135 5
      vertex 79.8821 51.9566 5
      vertex 79 52 5
    endloop
  endfacet
  facet normal -0 0 1
    outer loop
      vertex 76.9445 -44.4135 5
      vertex 87.3149 -52.4441 5
      vertex 77.0785 -44.3141 5
    endloop
  endfacet
  facet normal 0 0 1
    outer loop
      vertex 85.9571 48.7095 5
      vertex 77.7 43 5
      vertex 77.6918 42.8334 5
    endloop
  endfacet
  facet normal 0 0 1
    outer loop
      vertex 85.9571 48.7095 5
      vertex 77.6918 43.1666 5
      vertex 77.7 43 5
    endloop
  endfacet
  facet normal 0 0 1
    outer loop
      vertex 85.9571 48.7095 5
      vertex 77.6673 43.3317 5
      vertex 77.6918 43.1666 5
    endloop
  endfacet
  facet normal 0 0 1
    outer loop
      vertex 85.9571 48.7095 5
      vertex 77.6268 43.4935 5
      vertex 77.6673 43.3317 5
    endloop
  endfacet
  facet normal 0 0 1
    outer loop
      vertex 85.9571 48.7095 5
      vertex 77.5706 43.6506 5
      vertex 77.6268 43.4935 5
    endloop
  endfacet
  facet normal 0 0 1
    outer loop
      vertex 85.364 49.364 5
      vertex 77.4993 43.8014 5
      vertex 77.5706 43.6506 5
    endloop
  endfacet
  facet normal 0 0 1
    outer loop
      vertex 84.7095 49.9571 5
      vertex 77.4135 43.9445 5
      vertex 77.4993 43.8014 5
    endloop
  endfacet
  facet normal 0 0 1
    outer loop
      vertex 83.2426 50.9373 5
      vertex 77.3141 44.0785 5
      vertex 77.4135 43.9445 5
    endloop
  endfacet
  facet normal 0 0 1
    outer loop
      vertex 82.4441 51.3149 5
      vertex 77.2021 44.2021 5
      vertex 77.3141 44.0785 5
    endloop
  endfacet
  facet normal 0 0 1
    outer loop
      vertex 80.7558 51.8271 5
      vertex 77.0785 44.3141 5
      vertex 77.2021 44.2021 5
    endloop
  endfacet
  facet normal 0 0 1
    outer loop
      vertex 79.8821 51.9566 5
      vertex 76.9445 44.4135 5
      vertex 77.0785 44.3141 5
    endloop
  endfacet
  facet normal 0 0 1
    outer loop
      vertex 79 52 5
      vertex 76.8014 44.4993 5
      vertex 76.9445 44.4135 5
    endloop
  endfacet
  facet normal 0 0 1
    outer loop
      vertex 79 52 5
      vertex 76.6506 44.5706 5
      vertex 76.8014 44.4993 5
    endloop
  endfacet
  facet normal 0 0 1
    outer loop
      vertex 79 52 5
      vertex 76.4935 44.6268 5
      vertex 76.6506 44.5706 5
    endloop
  endfacet
  facet normal 0 0 1
    outer loop
      vertex 79 52 5
      vertex 76.3316 44.6673 5
      vertex 76.4935 44.6268 5
    endloop
  endfacet
  facet normal 0 0 1
    outer loop
      vertex 79 52 5
      vertex 76.1666 44.6918 5
      vertex 76.3316 44.6673 5
    endloop
  endfacet
  facet normal 0 0 1
    outer loop
      vertex 79 52 5
      vertex 76 44.7 5
      vertex 76.1666 44.6918 5
    endloop
  endfacet
  facet normal 0 0 1
    outer loop
      vertex 79 52 5
      vertex 75.8334 44.6918 5
      vertex 76 44.7 5
    endloop
  endfacet
  facet normal 0 0 1
    outer loop
      vertex 79 52 5
      vertex 75.6684 44.6673 5
      vertex 75.8334 44.6918 5
    endloop
  endfacet
  facet normal 0 0 1
    outer loop
      vertex 79 52 5
      vertex 75.5065 44.6268 5
      vertex 75.6684 44.6673 5
    endloop
  endfacet
  facet normal 0 0 1
    outer loop
      vertex 79 52 5
      vertex 75.3494 44.5706 5
      vertex 75.5065 44.6268 5
    endloop
  endfacet
  facet normal 0 0 1
    outer loop
      vertex 79 52 5
      vertex 75.1986 44.4993 5
      vertex 75.3494 44.5706 5
    endloop
  endfacet
  facet normal 0 0 1
    outer loop
      vertex 79 52 5
      vertex 75.0555 44.4135 5
      vertex 75.1986 44.4993 5
    endloop
  endfacet
  facet normal 0 0 1
    outer loop
      vertex 79 52 5
      vertex 74.9215 44.3141 5
      vertex 75.0555 44.4135 5
    endloop
  endfacet
  facet normal 0 0 1
    outer loop
      vertex 79 52 5
      vertex 74.7979 44.2021 5
      vertex 74.9215 44.3141 5
    endloop
  endfacet
  facet normal 0 0 1
    outer loop
      vertex 79 52 5
      vertex 74.6859 44.0785 5
      vertex 74.7979 44.2021 5
    endloop
  endfacet
  facet normal 0 0 1
    outer loop
      vertex 79 52 5
      vertex 74.5865 43.9445 5
      vertex 74.6859 44.0785 5
    endloop
  endfacet
  facet normal 0 0 1
    outer loop
      vertex -74.5865 43.9445 5
      vertex 74.5865 43.9445 5
      vertex 79 52 5
    endloop
  endfacet
  facet normal 0 0 1
    outer loop
      vertex 74.5007 42.1986 5
      vertex -74.5007 42.1986 5
      vertex 74.5007 -42.1986 5
    endloop
  endfacet
  facet normal 0 0 1
    outer loop
      vertex 74.3082 43.1666 5
      vertex -74.3 43 5
      vertex 74.3 43 5
    endloop
  endfacet
  facet normal 0 0 1
    outer loop
      vertex -74.3082 43.1666 5
      vertex 74.3082 43.1666 5
      vertex 74.3327 43.3317 5
    endloop
  endfacet
  facet normal 0 0 1
    outer loop
      vertex -74.3327 43.3317 5
      vertex 74.3327 43.3317 5
      vertex 74.3732 43.4935 5
    endloop
  endfacet
  facet normal 0 0 1
    outer loop
      vertex -74.3732 43.4935 5
      vertex 74.3732 43.4935 5
      vertex 74.4294 43.6506 5
    endloop
  endfacet
  facet normal 0 0 1
    outer loop
      vertex -74.4294 43.6506 5
      vertex 74.4294 43.6506 5
      vertex 74.5007 43.8014 5
    endloop
  endfacet
  facet normal 0 0 1
    outer loop
      vertex 74.5865 43.9445 5
      vertex -74.5865 43.9445 5
      vertex 74.5007 43.8014 5
    endloop
  endfacet
  facet normal 0 0 1
    outer loop
      vertex 74.3082 43.1666 5
      vertex -74.3082 43.1666 5
      vertex -74.3 43 5
    endloop
  endfacet
  facet normal 0 0 1
    outer loop
      vertex 74.3327 43.3317 5
      vertex -74.3327 43.3317 5
      vertex -74.3082 43.1666 5
    endloop
  endfacet
  facet normal 0 0 1
    outer loop
      vertex 74.3732 43.4935 5
      vertex -74.3732 43.4935 5
      vertex -74.3327 43.3317 5
    endloop
  endfacet
  facet normal 0 0 1
    outer loop
      vertex 74.4294 43.6506 5
      vertex -74.4294 43.6506 5
      vertex -74.3732 43.4935 5
    endloop
  endfacet
  facet normal 0 0 1
    outer loop
      vertex 74.5007 43.8014 5
      vertex -74.5007 43.8014 5
      vertex -74.4294 43.6506 5
    endloop
  endfacet
  facet normal 0 0 1
    outer loop
      vertex 74.5007 43.8014 5
      vertex -74.5865 43.9445 5
      vertex -74.5007 43.8014 5
    endloop
  endfacet
  facet normal -0 0 1
    outer loop
      vertex -79 52 5
      vertex -74.5865 43.9445 5
      vertex 79 52 5
    endloop
  endfacet
  facet normal 0 0 1
    outer loop
      vertex -74.5865 43.9445 5
      vertex -79 52 5
      vertex -74.6859 44.0785 5
    endloop
  endfacet
  facet normal 0 0 1
    outer loop
      vertex -74.6859 44.0785 5
      vertex -79 52 5
      vertex -74.7979 44.2021 5
    endloop
  endfacet
  facet normal 0 0 1
    outer loop
      vertex -74.7979 44.2021 5
      vertex -79 52 5
      vertex -74.9215 44.3141 5
    endloop
  endfacet
  facet normal 0 0 1
    outer loop
      vertex -74.9215 44.3141 5
      vertex -79 52 5
      vertex -75.0555 44.4135 5
    endloop
  endfacet
  facet normal 0 0 1
    outer loop
      vertex -75.0555 44.4135 5
      vertex -79 52 5
      vertex -75.1986 44.4993 5
    endloop
  endfacet
  facet normal 0 0 1
    outer loop
      vertex -75.1986 44.4993 5
      vertex -79 52 5
      vertex -75.3494 44.5706 5
    endloop
  endfacet
  facet normal 0 0 1
    outer loop
      vertex -75.3494 44.5706 5
      vertex -79 52 5
      vertex -75.5065 44.6268 5
    endloop
  endfacet
  facet normal 0 0 1
    outer loop
      vertex -75.5065 44.6268 5
      vertex -79 52 5
      vertex -75.6684 44.6673 5
    endloop
  endfacet
  facet normal 0 0 1
    outer loop
      vertex -75.6684 44.6673 5
      vertex -79 52 5
      vertex -75.8334 44.6918 5
    endloop
  endfacet
  facet normal 0 0 1
    outer loop
      vertex -77.4993 -42.1986 5
      vertex -88 -49 5
      vertex -77.5706 -42.3494 5
    endloop
  endfacet
  facet normal 0 0 1
    outer loop
      vertex -77.6918 43.1666 5
      vertex -79 52 5
      vertex -77.7 43 5
    endloop
  endfacet
  facet normal 0 0 1
    outer loop
      vertex -77.6673 43.3317 5
      vertex -79 52 5
      vertex -77.6918 43.1666 5
    endloop
  endfacet
  facet normal 0 0 1
    outer loop
      vertex -77.6268 43.4935 5
      vertex -79 52 5
      vertex -77.6673 43.3317 5
    endloop
  endfacet
  facet normal 0 0 1
    outer loop
      vertex -77.5706 43.6506 5
      vertex -79 52 5
      vertex -77.6268 43.4935 5
    endloop
  endfacet
  facet normal 0 0 1
    outer loop
      vertex -77.4993 43.8014 5
      vertex -79 52 5
      vertex -77.5706 43.6506 5
    endloop
  endfacet
  facet normal 0 0 1
    outer loop
      vertex -77.4135 43.9445 5
      vertex -79 52 5
      vertex -77.4993 43.8014 5
    endloop
  endfacet
  facet normal 0 0 1
    outer loop
      vertex -77.3141 44.0785 5
      vertex -79 52 5
      vertex -77.4135 43.9445 5
    endloop
  endfacet
  facet normal 0 0 1
    outer loop
      vertex -77.2021 44.2021 5
      vertex -79 52 5
      vertex -77.3141 44.0785 5
    endloop
  endfacet
  facet normal 0 0 1
    outer loop
      vertex -77.0785 44.3141 5
      vertex -79 52 5
      vertex -77.2021 44.2021 5
    endloop
  endfacet
  facet normal 0 0 1
    outer loop
      vertex -76.9445 44.4135 5
      vertex -79 52 5
      vertex -77.0785 44.3141 5
    endloop
  endfacet
  facet normal 0 0 1
    outer loop
      vertex -76.8014 44.4993 5
      vertex -79 52 5
      vertex -76.9445 44.4135 5
    endloop
  endfacet
  facet normal 0 0 1
    outer loop
      vertex -76.6506 44.5706 5
      vertex -79 52 5
      vertex -76.8014 44.4993 5
    endloop
  endfacet
  facet normal 0 0 1
    outer loop
      vertex -76.4935 44.6268 5
      vertex -79 52 5
      vertex -76.6506 44.5706 5
    endloop
  endfacet
  facet normal 0 0 1
    outer loop
      vertex -76.3316 44.6673 5
      vertex -79 52 5
      vertex -76.4935 44.6268 5
    endloop
  endfacet
  facet normal 0 0 1
    outer loop
      vertex -76.1666 44.6918 5
      vertex -79 52 5
      vertex -76.3316 44.6673 5
    endloop
  endfacet
  facet normal 0 0 1
    outer loop
      vertex -76 44.7 5
      vertex -79 52 5
      vertex -76.1666 44.6918 5
    endloop
  endfacet
  facet normal 0 0 1
    outer loop
      vertex -75.8334 44.6918 5
      vertex -79 52 5
      vertex -76 44.7 5
    endloop
  endfacet
  facet normal 0 0 1
    outer loop
      vertex -77.6673 -42.6683 5
      vertex -88 -49 5
      vertex -77.6918 -42.8334 5
    endloop
  endfacet
  facet normal 0 -0 1
    outer loop
      vertex -87.9566 -49.8821 5
      vertex -77.7 -43 5
      vertex -88 -49 5
    endloop
  endfacet
  facet normal 0 0 1
    outer loop
      vertex -77.7 -43 5
      vertex -86.4832 -54.0001 5
      vertex -85.9571 -54.7095 5
    endloop
  endfacet
  facet normal 0 0 1
    outer loop
      vertex -77.7 -43 5
      vertex -86.9373 -53.2426 5
      vertex -86.4832 -54.0001 5
    endloop
  endfacet
  facet normal 0 0 1
    outer loop
      vertex -77.7 -43 5
      vertex -87.3149 -52.4441 5
      vertex -86.9373 -53.2426 5
    endloop
  endfacet
  facet normal 0 0 1
    outer loop
      vertex -77.7 -43 5
      vertex -87.6125 -51.6125 5
      vertex -87.3149 -52.4441 5
    endloop
  endfacet
  facet normal 0 0 1
    outer loop
      vertex -77.7 -43 5
      vertex -87.8271 -50.7558 5
      vertex -87.6125 -51.6125 5
    endloop
  endfacet
  facet normal 0 0 1
    outer loop
      vertex -77.6918 -42.8334 5
      vertex -88 -49 5
      vertex -77.7 -43 5
    endloop
  endfacet
  facet normal 0 0 1
    outer loop
      vertex -77.7 -43 5
      vertex -87.9566 -49.8821 5
      vertex -87.8271 -50.7558 5
    endloop
  endfacet
  facet normal 0 0 1
    outer loop
      vertex 74.5007 -42.1986 5
      vertex -74.5007 -42.1986 5
      vertex 74.4294 -42.3494 5
    endloop
  endfacet
  facet normal 0 0 1
    outer loop
      vertex 74.3 -43 5
      vertex -74.3082 -42.8334 5
      vertex -74.3 -43 5
    endloop
  endfacet
  facet normal 0 -0 1
    outer loop
      vertex -74.4294 -42.3494 5
      vertex 74.4294 -42.3494 5
      vertex -74.5007 -42.1986 5
    endloop
  endfacet
  facet normal 0 0 1
    outer loop
      vertex 74.3082 -42.8334 5
      vertex -74.3082 -42.8334 5
      vertex 74.3 -43 5
    endloop
  endfacet
  facet normal 0 0 1
    outer loop
      vertex 74.4294 -42.3494 5
      vertex -74.4294 -42.3494 5
      vertex 74.3732 -42.5065 5
    endloop
  endfacet
  facet normal 0 -0 1
    outer loop
      vertex -74.3082 -42.8334 5
      vertex 74.3082 -42.8334 5
      vertex -74.3327 -42.6683 5
    endloop
  endfacet
  facet normal 0 -0 1
    outer loop
      vertex -74.3732 -42.5065 5
      vertex 74.3732 -42.5065 5
      vertex -74.4294 -42.3494 5
    endloop
  endfacet
  facet normal 0 0 1
    outer loop
      vertex 74.3327 -42.6683 5
      vertex -74.3327 -42.6683 5
      vertex 74.3082 -42.8334 5
    endloop
  endfacet
  facet normal 0 0 1
    outer loop
      vertex 74.3732 -42.5065 5
      vertex -74.3732 -42.5065 5
      vertex 74.3327 -42.6683 5
    endloop
  endfacet
  facet normal 0 -0 1
    outer loop
      vertex -74.3327 -42.6683 5
      vertex 74.3327 -42.6683 5
      vertex -74.3732 -42.5065 5
    endloop
  endfacet
  facet normal -0 0 1
    outer loop
      vertex -74.5865 42.0555 5
      vertex -74.5007 -42.1986 5
      vertex -74.5007 42.1986 5
    endloop
  endfacet
  facet normal 0 0 1
    outer loop
      vertex -74.5865 42.0555 5
      vertex -74.5865 -42.0555 5
      vertex -74.5007 -42.1986 5
    endloop
  endfacet
  facet normal 0 0 1
    outer loop
      vertex -86 11.3163 5
      vertex -74.5865 42.0555 5
      vertex -74.6859 41.9215 5
    endloop
  endfacet
  facet normal 0 0 1
    outer loop
      vertex -74.5865 42.0555 5
      vertex -86 11.3163 5
      vertex -74.5865 -42.0555 5
    endloop
  endfacet
  facet normal 0 0 1
    outer loop
      vertex -86 11.3163 5
      vertex -74.6859 41.9215 5
      vertex -74.7979 41.7979 5
    endloop
  endfacet
  facet normal -0 0 1
    outer loop
      vertex -86 -11.3163 5
      vertex -74.5865 -42.0555 5
      vertex -86 11.3163 5
    endloop
  endfacet
  facet normal 0 0 1
    outer loop
      vertex -86 11.3163 5
      vertex -74.7979 41.7979 5
      vertex -74.9215 41.6859 5
    endloop
  endfacet
  facet normal 0 0 1
    outer loop
      vertex -74.5865 -42.0555 5
      vertex -86 -11.3163 5
      vertex -74.6859 -41.9215 5
    endloop
  endfacet
  facet normal 0 0 1
    outer loop
      vertex -86 11.3163 5
      vertex -74.9215 41.6859 5
      vertex -75.0555 41.5865 5
    endloop
  endfacet
  facet normal 0 0 1
    outer loop
      vertex -74.6859 -41.9215 5
      vertex -86 -11.3163 5
      vertex -74.7979 -41.7979 5
    endloop
  endfacet
  facet normal 0 0 1
    outer loop
      vertex -86 11.3163 5
      vertex -75.0555 41.5865 5
      vertex -75.1986 41.5007 5
    endloop
  endfacet
  facet normal 0 0 1
    outer loop
      vertex -74.7979 -41.7979 5
      vertex -86 -11.3163 5
      vertex -74.9215 -41.6859 5
    endloop
  endfacet
  facet normal 0 0 1
    outer loop
      vertex -86 11.3163 5
      vertex -75.1986 41.5007 5
      vertex -75.3494 41.4294 5
    endloop
  endfacet
  facet normal 0 0 1
    outer loop
      vertex -74.9215 -41.6859 5
      vertex -86 -11.3163 5
      vertex -75.0555 -41.5865 5
    endloop
  endfacet
  facet normal 0 0 1
    outer loop
      vertex -86 11.3163 5
      vertex -75.3494 41.4294 5
      vertex -75.5065 41.3732 5
    endloop
  endfacet
  facet normal 0 0 1
    outer loop
      vertex -75.0555 -41.5865 5
      vertex -86 -11.3163 5
      vertex -75.1986 -41.5007 5
    endloop
  endfacet
  facet normal 0 0 1
    outer loop
      vertex -86 11.3163 5
      vertex -75.5065 41.3732 5
      vertex -75.6684 41.3327 5
    endloop
  endfacet
  facet normal 0 0 1
    outer loop
      vertex -75.1986 -41.5007 5
      vertex -86 -11.3163 5
      vertex -75.3494 -41.4294 5
    endloop
  endfacet
  facet normal 0 0 1
    outer loop
      vertex -86 11.3163 5
      vertex -75.6684 41.3327 5
      vertex -75.8334 41.3082 5
    endloop
  endfacet
  facet normal 0 0 1
    outer loop
      vertex -75.3494 -41.4294 5
      vertex -86 -11.3163 5
      vertex -75.5065 -41.3732 5
    endloop
  endfacet
  facet normal 0 0 1
    outer loop
      vertex -86 11.3163 5
      vertex -75.8334 41.3082 5
      vertex -76 41.3 5
    endloop
  endfacet
  facet normal 0 0 1
    outer loop
      vertex -75.5065 -41.3732 5
      vertex -86 -11.3163 5
      vertex -75.6684 -41.3327 5
    endloop
  endfacet
  facet normal 0 0 1
    outer loop
      vertex -86 11.3163 5
      vertex -76 41.3 5
      vertex -76.1666 41.3082 5
    endloop
  endfacet
  facet normal 0 0 1
    outer loop
      vertex -75.6684 -41.3327 5
      vertex -86 -11.3163 5
      vertex -75.8334 -41.3082 5
    endloop
  endfacet
  facet normal 0 0 1
    outer loop
      vertex -86 11.3163 5
      vertex -76.1666 41.3082 5
      vertex -76.3316 41.3327 5
    endloop
  endfacet
  facet normal 0 0 1
    outer loop
      vertex -75.8334 -41.3082 5
      vertex -86 -11.3163 5
      vertex -76 -41.3 5
    endloop
  endfacet
  facet normal 0 0 1
    outer loop
      vertex -86 11.3163 5
      vertex -76.3316 41.3327 5
      vertex -76.4935 41.3732 5
    endloop
  endfacet
  facet normal 0 0 1
    outer loop
      vertex -76 -41.3 5
      vertex -86 -11.3163 5
      vertex -76.1666 -41.3082 5
    endloop
  endfacet
  facet normal 0 0 1
    outer loop
      vertex -86 11.3163 5
      vertex -76.4935 41.3732 5
      vertex -76.6506 41.4294 5
    endloop
  endfacet
  facet normal 0 0 1
    outer loop
      vertex -76.1666 -41.3082 5
      vertex -86 -11.3163 5
      vertex -76.3316 -41.3327 5
    endloop
  endfacet
  facet normal 0 0 1
    outer loop
      vertex -86 11.3163 5
      vertex -76.6506 41.4294 5
      vertex -76.8014 41.5007 5
    endloop
  endfacet
  facet normal 0 0 1
    outer loop
      vertex -76.3316 -41.3327 5
      vertex -86 -11.3163 5
      vertex -76.4935 -41.3732 5
    endloop
  endfacet
  facet normal 0 0 1
    outer loop
      vertex -86 11.3163 5
      vertex -76.8014 41.5007 5
      vertex -76.9445 41.5865 5
    endloop
  endfacet
  facet normal 0 0 1
    outer loop
      vertex -76.4935 -41.3732 5
      vertex -86 -11.3163 5
      vertex -76.6506 -41.4294 5
    endloop
  endfacet
  facet normal 0 0 1
    outer loop
      vertex -86 11.3163 5
      vertex -76.9445 41.5865 5
      vertex -77.0785 41.6859 5
    endloop
  endfacet
  facet normal 0 0 1
    outer loop
      vertex -76.6506 -41.4294 5
      vertex -86 -11.3163 5
      vertex -76.8014 -41.5007 5
    endloop
  endfacet
  facet normal 0 0 1
    outer loop
      vertex -86 11.3163 5
      vertex -77.0785 41.6859 5
      vertex -77.2021 41.7979 5
    endloop
  endfacet
  facet normal 0 0 1
    outer loop
      vertex -76.8014 -41.5007 5
      vertex -86 -11.3163 5
      vertex -76.9445 -41.5865 5
    endloop
  endfacet
  facet normal 0 0 1
    outer loop
      vertex -86 11.3163 5
      vertex -77.2021 41.7979 5
      vertex -77.3141 41.9215 5
    endloop
  endfacet
  facet normal 0 0 1
    outer loop
      vertex -76.9445 -41.5865 5
      vertex -86 -11.3163 5
      vertex -77.0785 -41.6859 5
    endloop
  endfacet
  facet normal 0 0 1
    outer loop
      vertex -86 11.3163 5
      vertex -77.3141 41.9215 5
      vertex -77.4135 42.0555 5
    endloop
  endfacet
  facet normal -0 0 1
    outer loop
      vertex -88 -11.3163 5
      vertex -77.0785 -41.6859 5
      vertex -86 -11.3163 5
    endloop
  endfacet
  facet normal 0 0 1
    outer loop
      vertex -86 11.3163 5
      vertex -77.4135 42.0555 5
      vertex -77.4993 42.1986 5
    endloop
  endfacet
  facet normal 0 0 1
    outer loop
      vertex -77.0785 -41.6859 5
      vertex -88 -11.3163 5
      vertex -77.2021 -41.7979 5
    endloop
  endfacet
  facet normal 0 0 1
    outer loop
      vertex -86 11.3163 5
      vertex -77.4993 42.1986 5
      vertex -77.5706 42.3494 5
    endloop
  endfacet
  facet normal 0 0 1
    outer loop
      vertex -77.2021 -41.7979 5
      vertex -88 -11.3163 5
      vertex -77.3141 -41.9215 5
    endloop
  endfacet
  facet normal 0 0 1
    outer loop
      vertex -86 11.3163 5
      vertex -77.5706 42.3494 5
      vertex -77.6268 42.5065 5
    endloop
  endfacet
  facet normal 0 0 1
    outer loop
      vertex -88 -49 5
      vertex -77.3141 -41.9215 5
      vertex -88 -11.3163 5
    endloop
  endfacet
  facet normal 0 0 1
    outer loop
      vertex -86 11.3163 5
      vertex -77.6268 42.5065 5
      vertex -77.6673 42.6683 5
    endloop
  endfacet
  facet normal 0 0 1
    outer loop
      vertex -77.3141 -41.9215 5
      vertex -88 -49 5
      vertex -77.4135 -42.0555 5
    endloop
  endfacet
  facet normal 0 0 1
    outer loop
      vertex -86 11.3163 5
      vertex -77.6673 42.6683 5
      vertex -77.6918 42.8334 5
    endloop
  endfacet
  facet normal 0 0 1
    outer loop
      vertex -77.4135 -42.0555 5
      vertex -88 -49 5
      vertex -77.4993 -42.1986 5
    endloop
  endfacet
  facet normal 0 0 1
    outer loop
      vertex -79 52 5
      vertex -77.6918 42.8334 5
      vertex -77.7 43 5
    endloop
  endfacet
  facet normal 0 0 1
    outer loop
      vertex -86 11.3163 5
      vertex -77.6918 42.8334 5
      vertex -79 52 5
    endloop
  endfacet
  facet normal 0 0 1
    outer loop
      vertex 87.3149 -52.4441 5
      vertex 76.9445 -44.4135 5
      vertex 86.9373 -53.2426 5
    endloop
  endfacet
  facet normal 0 0 1
    outer loop
      vertex 86.9373 -53.2426 5
      vertex 76.9445 -44.4135 5
      vertex 86.4832 -54.0001 5
    endloop
  endfacet
  facet normal 0 0 1
    outer loop
      vertex 85.9571 48.7095 5
      vertex 77.6673 42.6683 5
      vertex 77.6268 42.5065 5
    endloop
  endfacet
  facet normal 0 0 1
    outer loop
      vertex 87.6125 -51.6125 5
      vertex 77.0785 -44.3141 5
      vertex 87.3149 -52.4441 5
    endloop
  endfacet
  facet normal 0 0 1
    outer loop
      vertex 85.9571 48.7095 5
      vertex 77.6268 42.5065 5
      vertex 77.5706 42.3494 5
    endloop
  endfacet
  facet normal -0 0 1
    outer loop
      vertex 77.0785 -44.3141 5
      vertex 87.9566 -49.8821 5
      vertex 77.2021 -44.2021 5
    endloop
  endfacet
  facet normal 0 0 1
    outer loop
      vertex 85.9571 48.7095 5
      vertex 77.5706 42.3494 5
      vertex 77.4993 42.1986 5
    endloop
  endfacet
  facet normal -0 0 1
    outer loop
      vertex 77.3141 -44.0785 5
      vertex 88 -49 5
      vertex 77.4135 -43.9445 5
    endloop
  endfacet
  facet normal 0 0 1
    outer loop
      vertex 85.9571 48.7095 5
      vertex 77.4993 42.1986 5
      vertex 77.4135 42.0555 5
    endloop
  endfacet
  facet normal -0 0 1
    outer loop
      vertex 77.5706 -43.6506 5
      vertex 88 -49 5
      vertex 77.6268 -43.4935 5
    endloop
  endfacet
  facet normal 0 0 1
    outer loop
      vertex 85.9571 48.7095 5
      vertex 77.4135 42.0555 5
      vertex 77.3141 41.9215 5
    endloop
  endfacet
  facet normal -0 -0 1
    outer loop
      vertex 77.6268 -42.5065 5
      vertex 88 -49 5
      vertex 77.5706 -42.3494 5
    endloop
  endfacet
  facet normal 0 0 1
    outer loop
      vertex 88 43 5
      vertex 77.0785 41.6859 5
      vertex 76.9445 41.5865 5
    endloop
  endfacet
  facet normal 0 0 1
    outer loop
      vertex 88 -49 5
      vertex 77.3141 -41.9215 5
      vertex 77.4135 -42.0555 5
    endloop
  endfacet
  facet normal 0 0 1
    outer loop
      vertex 76.8014 41.5007 5
      vertex 88 43 5
      vertex 76.9445 41.5865 5
    endloop
  endfacet
  facet normal 0 0 1
    outer loop
      vertex 88 -11.3163 5
      vertex 77.2021 -41.7979 5
      vertex 77.3141 -41.9215 5
    endloop
  endfacet
  facet normal 0 0 1
    outer loop
      vertex 88 43 5
      vertex 76.8014 41.5007 5
      vertex 86 11.3163 5
    endloop
  endfacet
  facet normal 0 0 1
    outer loop
      vertex 88 -11.3163 5
      vertex 77.0785 -41.6859 5
      vertex 77.2021 -41.7979 5
    endloop
  endfacet
  facet normal -0 0 1
    outer loop
      vertex 76.6506 41.4294 5
      vertex 86 11.3163 5
      vertex 76.8014 41.5007 5
    endloop
  endfacet
  facet normal 0 0 1
    outer loop
      vertex 86 -11.3163 5
      vertex 76.9445 -41.5865 5
      vertex 77.0785 -41.6859 5
    endloop
  endfacet
  facet normal -0 0 1
    outer loop
      vertex 76.4935 41.3732 5
      vertex 86 11.3163 5
      vertex 76.6506 41.4294 5
    endloop
  endfacet
  facet normal 0 0 1
    outer loop
      vertex 86 -11.3163 5
      vertex 76.8014 -41.5007 5
      vertex 76.9445 -41.5865 5
    endloop
  endfacet
  facet normal -0 0 1
    outer loop
      vertex 76.3316 41.3327 5
      vertex 86 11.3163 5
      vertex 76.4935 41.3732 5
    endloop
  endfacet
  facet normal 0 0 1
    outer loop
      vertex 86 -11.3163 5
      vertex 76.6506 -41.4294 5
      vertex 76.8014 -41.5007 5
    endloop
  endfacet
  facet normal -0 0 1
    outer loop
      vertex 76.1666 41.3082 5
      vertex 86 11.3163 5
      vertex 76.3316 41.3327 5
    endloop
  endfacet
  facet normal 0 0 1
    outer loop
      vertex 86 -11.3163 5
      vertex 76.4935 -41.3732 5
      vertex 76.6506 -41.4294 5
    endloop
  endfacet
  facet normal -0 0 1
    outer loop
      vertex 76 41.3 5
      vertex 86 11.3163 5
      vertex 76.1666 41.3082 5
    endloop
  endfacet
  facet normal 0 0 1
    outer loop
      vertex 86 -11.3163 5
      vertex 76.3316 -41.3327 5
      vertex 76.4935 -41.3732 5
    endloop
  endfacet
  facet normal 0 0 1
    outer loop
      vertex 75.8334 41.3082 5
      vertex 86 11.3163 5
      vertex 76 41.3 5
    endloop
  endfacet
  facet normal 0 0 1
    outer loop
      vertex 86 -11.3163 5
      vertex 76.1666 -41.3082 5
      vertex 76.3316 -41.3327 5
    endloop
  endfacet
  facet normal 0 0 1
    outer loop
      vertex 75.6684 41.3327 5
      vertex 86 11.3163 5
      vertex 75.8334 41.3082 5
    endloop
  endfacet
  facet normal 0 0 1
    outer loop
      vertex 86 -11.3163 5
      vertex 76 -41.3 5
      vertex 76.1666 -41.3082 5
    endloop
  endfacet
  facet normal 0 0 1
    outer loop
      vertex 75.5065 41.3732 5
      vertex 86 11.3163 5
      vertex 75.6684 41.3327 5
    endloop
  endfacet
  facet normal 0 0 1
    outer loop
      vertex 86 -11.3163 5
      vertex 75.8334 -41.3082 5
      vertex 76 -41.3 5
    endloop
  endfacet
  facet normal 0 0 1
    outer loop
      vertex 75.3494 41.4294 5
      vertex 86 11.3163 5
      vertex 75.5065 41.3732 5
    endloop
  endfacet
  facet normal 0 0 1
    outer loop
      vertex 86 -11.3163 5
      vertex 75.6684 -41.3327 5
      vertex 75.8334 -41.3082 5
    endloop
  endfacet
  facet normal 0 0 1
    outer loop
      vertex 75.1986 41.5007 5
      vertex 86 11.3163 5
      vertex 75.3494 41.4294 5
    endloop
  endfacet
  facet normal 0 0 1
    outer loop
      vertex 86 -11.3163 5
      vertex 75.5065 -41.3732 5
      vertex 75.6684 -41.3327 5
    endloop
  endfacet
  facet normal 0 0 1
    outer loop
      vertex 75.0555 41.5865 5
      vertex 86 11.3163 5
      vertex 75.1986 41.5007 5
    endloop
  endfacet
  facet normal 0 0 1
    outer loop
      vertex 86 -11.3163 5
      vertex 75.3494 -41.4294 5
      vertex 75.5065 -41.3732 5
    endloop
  endfacet
  facet normal 0 0 1
    outer loop
      vertex 74.9215 41.6859 5
      vertex 86 11.3163 5
      vertex 75.0555 41.5865 5
    endloop
  endfacet
  facet normal 0 0 1
    outer loop
      vertex 86 -11.3163 5
      vertex 75.1986 -41.5007 5
      vertex 75.3494 -41.4294 5
    endloop
  endfacet
  facet normal 0 0 1
    outer loop
      vertex 74.7979 41.7979 5
      vertex 86 11.3163 5
      vertex 74.9215 41.6859 5
    endloop
  endfacet
  facet normal 0 0 1
    outer loop
      vertex 86 -11.3163 5
      vertex 75.0555 -41.5865 5
      vertex 75.1986 -41.5007 5
    endloop
  endfacet
  facet normal 0 0 1
    outer loop
      vertex 74.6859 41.9215 5
      vertex 86 11.3163 5
      vertex 74.7979 41.7979 5
    endloop
  endfacet
  facet normal 0 0 1
    outer loop
      vertex 86 -11.3163 5
      vertex 74.9215 -41.6859 5
      vertex 75.0555 -41.5865 5
    endloop
  endfacet
  facet normal 0 0 1
    outer loop
      vertex 74.5865 42.0555 5
      vertex 86 11.3163 5
      vertex 74.6859 41.9215 5
    endloop
  endfacet
  facet normal 0 0 1
    outer loop
      vertex 86 -11.3163 5
      vertex 74.7979 -41.7979 5
      vertex 74.9215 -41.6859 5
    endloop
  endfacet
  facet normal 0 0 1
    outer loop
      vertex 86 11.3163 5
      vertex 74.5865 42.0555 5
      vertex 86 -11.3163 5
    endloop
  endfacet
  facet normal 0 0 1
    outer loop
      vertex 86 -11.3163 5
      vertex 74.6859 -41.9215 5
      vertex 74.7979 -41.7979 5
    endloop
  endfacet
  facet normal 0 0 1
    outer loop
      vertex 74.5865 -42.0555 5
      vertex 86 -11.3163 5
      vertex 74.5865 42.0555 5
    endloop
  endfacet
  facet normal 0 0 1
    outer loop
      vertex 86 -11.3163 5
      vertex 74.5865 -42.0555 5
      vertex 74.6859 -41.9215 5
    endloop
  endfacet
  facet normal 0 0 1
    outer loop
      vertex 74.5007 42.1986 5
      vertex 74.5865 -42.0555 5
      vertex 74.5865 42.0555 5
    endloop
  endfacet
  facet normal 0 0 1
    outer loop
      vertex 74.5007 42.1986 5
      vertex 74.5007 -42.1986 5
      vertex 74.5865 -42.0555 5
    endloop
  endfacet
  facet normal 0 0 1
    outer loop
      vertex 74.3327 42.6683 5
      vertex -74.3327 42.6683 5
      vertex 74.3732 42.5065 5
    endloop
  endfacet
  facet normal 0 0 1
    outer loop
      vertex -74.3732 42.5065 5
      vertex 74.3732 42.5065 5
      vertex -74.3327 42.6683 5
    endloop
  endfacet
  facet normal 0 0 1
    outer loop
      vertex -74.3327 42.6683 5
      vertex 74.3327 42.6683 5
      vertex -74.3082 42.8334 5
    endloop
  endfacet
  facet normal 0 0 1
    outer loop
      vertex 74.3732 42.5065 5
      vertex -74.3732 42.5065 5
      vertex 74.4294 42.3494 5
    endloop
  endfacet
  facet normal 0 0 1
    outer loop
      vertex 74.3082 42.8334 5
      vertex -74.3082 42.8334 5
      vertex 74.3327 42.6683 5
    endloop
  endfacet
  facet normal 0 0 1
    outer loop
      vertex -74.4294 42.3494 5
      vertex 74.4294 42.3494 5
      vertex -74.3732 42.5065 5
    endloop
  endfacet
  facet normal 0 0 1
    outer loop
      vertex -74.3082 42.8334 5
      vertex 74.3082 42.8334 5
      vertex -74.3 43 5
    endloop
  endfacet
  facet normal 0 0 1
    outer loop
      vertex 74.4294 42.3494 5
      vertex -74.4294 42.3494 5
      vertex 74.5007 42.1986 5
    endloop
  endfacet
  facet normal -0 0 1
    outer loop
      vertex -74.3 43 5
      vertex 74.3082 42.8334 5
      vertex 74.3 43 5
    endloop
  endfacet
  facet normal 0 0 1
    outer loop
      vertex -74.5007 42.1986 5
      vertex 74.5007 42.1986 5
      vertex -74.4294 42.3494 5
    endloop
  endfacet
  facet normal 0 0 1
    outer loop
      vertex 85.9571 48.7095 5
      vertex 77.6918 42.8334 5
      vertex 77.6673 42.6683 5
    endloop
  endfacet
  facet normal 0 0 1
    outer loop
      vertex 86.4832 -54.0001 5
      vertex 76.9445 -44.4135 5
      vertex 85.9571 -54.7095 5
    endloop
  endfacet
  facet normal 0 0 1
    outer loop
      vertex 85.9571 -54.7095 5
      vertex 76.9445 -44.4135 5
      vertex 85.364 -55.364 5
    endloop
  endfacet
  facet normal -0 0 1
    outer loop
      vertex 76.8014 -44.4993 5
      vertex 85.364 -55.364 5
      vertex 76.9445 -44.4135 5
    endloop
  endfacet
  facet normal 0 0 1
    outer loop
      vertex 85.364 -55.364 5
      vertex 76.8014 -44.4993 5
      vertex 84.7095 -55.9571 5
    endloop
  endfacet
  facet normal 0 0 1
    outer loop
      vertex 84.7095 -55.9571 5
      vertex 76.8014 -44.4993 5
      vertex 84.0001 -56.4832 5
    endloop
  endfacet
  facet normal 0 0 1
    outer loop
      vertex 84.0001 -56.4832 5
      vertex 76.8014 -44.4993 5
      vertex 83.2426 -56.9373 5
    endloop
  endfacet
  facet normal 0 0 1
    outer loop
      vertex 83.2426 -56.9373 5
      vertex 76.8014 -44.4993 5
      vertex 82.4441 -57.3149 5
    endloop
  endfacet
  facet normal 0 0 1
    outer loop
      vertex 82.4441 -57.3149 5
      vertex 76.8014 -44.4993 5
      vertex 81.6125 -57.6125 5
    endloop
  endfacet
  facet normal -0 0 1
    outer loop
      vertex 76.6506 -44.5706 5
      vertex 81.6125 -57.6125 5
      vertex 76.8014 -44.4993 5
    endloop
  endfacet
  facet normal 0 0 1
    outer loop
      vertex 81.6125 -57.6125 5
      vertex 76.6506 -44.5706 5
      vertex 80.7558 -57.8271 5
    endloop
  endfacet
  facet normal 0 0 1
    outer loop
      vertex 80.7558 -57.8271 5
      vertex 76.6506 -44.5706 5
      vertex 79.8821 -57.9566 5
    endloop
  endfacet
  facet normal 0 0 1
    outer loop
      vertex 79.8821 -57.9566 5
      vertex 76.6506 -44.5706 5
      vertex 79 -58 5
    endloop
  endfacet
  facet normal -0 0 1
    outer loop
      vertex 76.4935 -44.6268 5
      vertex 79 -58 5
      vertex 76.6506 -44.5706 5
    endloop
  endfacet
  facet normal -0 0 1
    outer loop
      vertex 76.3316 -44.6673 5
      vertex 79 -58 5
      vertex 76.4935 -44.6268 5
    endloop
  endfacet
  facet normal -0 0 1
    outer loop
      vertex 76.1666 -44.6918 5
      vertex 79 -58 5
      vertex 76.3316 -44.6673 5
    endloop
  endfacet
  facet normal -0 0 1
    outer loop
      vertex 76 -44.7 5
      vertex 79 -58 5
      vertex 76.1666 -44.6918 5
    endloop
  endfacet
  facet normal 0 0 1
    outer loop
      vertex 75.8334 -44.6918 5
      vertex 79 -58 5
      vertex 76 -44.7 5
    endloop
  endfacet
  facet normal 0 0 1
    outer loop
      vertex 75.6684 -44.6673 5
      vertex 79 -58 5
      vertex 75.8334 -44.6918 5
    endloop
  endfacet
  facet normal 0 0 1
    outer loop
      vertex 75.5065 -44.6268 5
      vertex 79 -58 5
      vertex 75.6684 -44.6673 5
    endloop
  endfacet
  facet normal 0 0 1
    outer loop
      vertex 75.3494 -44.5706 5
      vertex 79 -58 5
      vertex 75.5065 -44.6268 5
    endloop
  endfacet
  facet normal 0 0 1
    outer loop
      vertex 75.1986 -44.4993 5
      vertex 79 -58 5
      vertex 75.3494 -44.5706 5
    endloop
  endfacet
  facet normal 0 0 1
    outer loop
      vertex 75.0555 -44.4135 5
      vertex 79 -58 5
      vertex 75.1986 -44.4993 5
    endloop
  endfacet
  facet normal 0 0 1
    outer loop
      vertex 74.9215 -44.3141 5
      vertex 79 -58 5
      vertex 75.0555 -44.4135 5
    endloop
  endfacet
  facet normal 0 0 1
    outer loop
      vertex 74.7979 -44.2021 5
      vertex 79 -58 5
      vertex 74.9215 -44.3141 5
    endloop
  endfacet
  facet normal 0 0 1
    outer loop
      vertex 74.6859 -44.0785 5
      vertex 79 -58 5
      vertex 74.7979 -44.2021 5
    endloop
  endfacet
  facet normal 0 0 1
    outer loop
      vertex 74.5865 -43.9445 5
      vertex 79 -58 5
      vertex 74.6859 -44.0785 5
    endloop
  endfacet
  facet normal 0 0 1
    outer loop
      vertex 74.5007 -43.8014 5
      vertex 79 -58 5
      vertex 74.5865 -43.9445 5
    endloop
  endfacet
  facet normal 0 0 1
    outer loop
      vertex 74.4294 -43.6506 5
      vertex 79 -58 5
      vertex 74.5007 -43.8014 5
    endloop
  endfacet
  facet normal 0 0 1
    outer loop
      vertex -74.4294 -43.6506 5
      vertex 74.4294 -43.6506 5
      vertex 74.3732 -43.4935 5
    endloop
  endfacet
  facet normal 0 0 1
    outer loop
      vertex -74.5007 -42.1986 5
      vertex 74.5007 -42.1986 5
      vertex -74.5007 42.1986 5
    endloop
  endfacet
  facet normal 0 0 1
    outer loop
      vertex 74.3 -43 5
      vertex -74.3 -43 5
      vertex 74.3082 -43.1666 5
    endloop
  endfacet
  facet normal 0 0 1
    outer loop
      vertex -74.3082 -43.1666 5
      vertex 74.3082 -43.1666 5
      vertex -74.3 -43 5
    endloop
  endfacet
  facet normal 0 0 1
    outer loop
      vertex 74.3082 -43.1666 5
      vertex -74.3082 -43.1666 5
      vertex 74.3327 -43.3317 5
    endloop
  endfacet
  facet normal 0 0 1
    outer loop
      vertex -74.3327 -43.3317 5
      vertex 74.3327 -43.3317 5
      vertex -74.3082 -43.1666 5
    endloop
  endfacet
  facet normal 0 0 1
    outer loop
      vertex 74.3327 -43.3317 5
      vertex -74.3327 -43.3317 5
      vertex 74.3732 -43.4935 5
    endloop
  endfacet
  facet normal 0 0 1
    outer loop
      vertex -74.3732 -43.4935 5
      vertex 74.3732 -43.4935 5
      vertex -74.3327 -43.3317 5
    endloop
  endfacet
  facet normal 0 0 1
    outer loop
      vertex -74.4294 -43.6506 5
      vertex 74.3732 -43.4935 5
      vertex -74.3732 -43.4935 5
    endloop
  endfacet
  facet normal 0 0 1
    outer loop
      vertex 74.4294 -43.6506 5
      vertex -74.4294 -43.6506 5
      vertex 79 -58 5
    endloop
  endfacet
  facet normal 0 0 1
    outer loop
      vertex -79 -58 5
      vertex -74.4294 -43.6506 5
      vertex -74.5007 -43.8014 5
    endloop
  endfacet
  facet normal 0 0 1
    outer loop
      vertex -79 -58 5
      vertex -74.5007 -43.8014 5
      vertex -74.5865 -43.9445 5
    endloop
  endfacet
  facet normal 0 0 1
    outer loop
      vertex -79 -58 5
      vertex -74.5865 -43.9445 5
      vertex -74.6859 -44.0785 5
    endloop
  endfacet
  facet normal 0 0 1
    outer loop
      vertex -79 -58 5
      vertex -74.6859 -44.0785 5
      vertex -74.7979 -44.2021 5
    endloop
  endfacet
  facet normal 0 0 1
    outer loop
      vertex -79 -58 5
      vertex -74.7979 -44.2021 5
      vertex -74.9215 -44.3141 5
    endloop
  endfacet
  facet normal 0 0 1
    outer loop
      vertex -79 -58 5
      vertex -74.9215 -44.3141 5
      vertex -75.0555 -44.4135 5
    endloop
  endfacet
  facet normal 0 0 1
    outer loop
      vertex -79 -58 5
      vertex -75.0555 -44.4135 5
      vertex -75.1986 -44.4993 5
    endloop
  endfacet
  facet normal 0 0 1
    outer loop
      vertex -79 -58 5
      vertex -75.1986 -44.4993 5
      vertex -75.3494 -44.5706 5
    endloop
  endfacet
  facet normal 0 0 1
    outer loop
      vertex -79 -58 5
      vertex -75.3494 -44.5706 5
      vertex -75.5065 -44.6268 5
    endloop
  endfacet
  facet normal 0 0 1
    outer loop
      vertex -79 -58 5
      vertex -75.5065 -44.6268 5
      vertex -75.6684 -44.6673 5
    endloop
  endfacet
  facet normal 0 0 1
    outer loop
      vertex -79 -58 5
      vertex -75.6684 -44.6673 5
      vertex -75.8334 -44.6918 5
    endloop
  endfacet
  facet normal 0 0 1
    outer loop
      vertex -79 -58 5
      vertex -75.8334 -44.6918 5
      vertex -76 -44.7 5
    endloop
  endfacet
  facet normal 0 0 1
    outer loop
      vertex -79 -58 5
      vertex -76 -44.7 5
      vertex -76.1666 -44.6918 5
    endloop
  endfacet
  facet normal 0 0 1
    outer loop
      vertex -74.4294 -43.6506 5
      vertex -79 -58 5
      vertex 79 -58 5
    endloop
  endfacet
  facet normal 0 0 1
    outer loop
      vertex -76.3316 -44.6673 5
      vertex -79 -58 5
      vertex -76.1666 -44.6918 5
    endloop
  endfacet
  facet normal 0 0 1
    outer loop
      vertex -76.4935 -44.6268 5
      vertex -79 -58 5
      vertex -76.3316 -44.6673 5
    endloop
  endfacet
  facet normal 0 0 1
    outer loop
      vertex -76.6506 -44.5706 5
      vertex -79 -58 5
      vertex -76.4935 -44.6268 5
    endloop
  endfacet
  facet normal 0 0 1
    outer loop
      vertex -81.6125 -57.6125 5
      vertex -76.6506 -44.5706 5
      vertex -76.8014 -44.4993 5
    endloop
  endfacet
  facet normal 0 0 1
    outer loop
      vertex -85.364 -55.364 5
      vertex -76.8014 -44.4993 5
      vertex -76.9445 -44.4135 5
    endloop
  endfacet
  facet normal 0 0 1
    outer loop
      vertex -85.9571 -54.7095 5
      vertex -76.9445 -44.4135 5
      vertex -77.0785 -44.3141 5
    endloop
  endfacet
  facet normal 0 0 1
    outer loop
      vertex -85.9571 -54.7095 5
      vertex -77.0785 -44.3141 5
      vertex -77.2021 -44.2021 5
    endloop
  endfacet
  facet normal 0 0 1
    outer loop
      vertex -85.9571 -54.7095 5
      vertex -77.2021 -44.2021 5
      vertex -77.3141 -44.0785 5
    endloop
  endfacet
  facet normal 0 0 1
    outer loop
      vertex -85.9571 -54.7095 5
      vertex -77.3141 -44.0785 5
      vertex -77.4135 -43.9445 5
    endloop
  endfacet
  facet normal 0 0 1
    outer loop
      vertex -85.9571 -54.7095 5
      vertex -77.4135 -43.9445 5
      vertex -77.4993 -43.8014 5
    endloop
  endfacet
  facet normal 0 0 1
    outer loop
      vertex -85.9571 -54.7095 5
      vertex -77.4993 -43.8014 5
      vertex -77.5706 -43.6506 5
    endloop
  endfacet
  facet normal 0 0 1
    outer loop
      vertex -85.9571 -54.7095 5
      vertex -77.5706 -43.6506 5
      vertex -77.6268 -43.4935 5
    endloop
  endfacet
  facet normal 0 0 1
    outer loop
      vertex -85.9571 -54.7095 5
      vertex -77.6268 -43.4935 5
      vertex -77.6673 -43.3317 5
    endloop
  endfacet
  facet normal 0 0 1
    outer loop
      vertex -85.9571 -54.7095 5
      vertex -77.6673 -43.3317 5
      vertex -77.6918 -43.1666 5
    endloop
  endfacet
  facet normal 0 0 1
    outer loop
      vertex -85.9571 -54.7095 5
      vertex -77.6918 -43.1666 5
      vertex -77.7 -43 5
    endloop
  endfacet
  facet normal 0 0 1
    outer loop
      vertex -77.5706 -42.3494 5
      vertex -88 -49 5
      vertex -77.6268 -42.5065 5
    endloop
  endfacet
  facet normal 0 0 1
    outer loop
      vertex -88 43 5
      vertex -79 52 5
      vertex -79.8821 51.9566 5
    endloop
  endfacet
  facet normal 0 0 1
    outer loop
      vertex -77.6268 -42.5065 5
      vertex -88 -49 5
      vertex -77.6673 -42.6683 5
    endloop
  endfacet
  facet normal 0 0 1
    outer loop
      vertex -88 43 5
      vertex -79.8821 51.9566 5
      vertex -80.7558 51.8271 5
    endloop
  endfacet
  facet normal 0 0 1
    outer loop
      vertex -76.9445 -44.4135 5
      vertex -85.9571 -54.7095 5
      vertex -85.364 -55.364 5
    endloop
  endfacet
  facet normal 0 0 1
    outer loop
      vertex -88 43 5
      vertex -80.7558 51.8271 5
      vertex -81.6125 51.6125 5
    endloop
  endfacet
  facet normal 0 0 1
    outer loop
      vertex -76.6506 -44.5706 5
      vertex -79.8821 -57.9566 5
      vertex -79 -58 5
    endloop
  endfacet
  facet normal 0 0 1
    outer loop
      vertex -88 43 5
      vertex -81.6125 51.6125 5
      vertex -82.4441 51.3149 5
    endloop
  endfacet
  facet normal 0 0 1
    outer loop
      vertex -76.6506 -44.5706 5
      vertex -80.7558 -57.8271 5
      vertex -79.8821 -57.9566 5
    endloop
  endfacet
  facet normal 0 0 1
    outer loop
      vertex -88 43 5
      vertex -82.4441 51.3149 5
      vertex -83.2426 50.9373 5
    endloop
  endfacet
  facet normal 0 0 1
    outer loop
      vertex -76.6506 -44.5706 5
      vertex -81.6125 -57.6125 5
      vertex -80.7558 -57.8271 5
    endloop
  endfacet
  facet normal 0 0 1
    outer loop
      vertex -88 43 5
      vertex -83.2426 50.9373 5
      vertex -84.0001 50.4832 5
    endloop
  endfacet
  facet normal 0 0 1
    outer loop
      vertex -76.8014 -44.4993 5
      vertex -82.4441 -57.3149 5
      vertex -81.6125 -57.6125 5
    endloop
  endfacet
  facet normal 0 0 1
    outer loop
      vertex -88 43 5
      vertex -84.0001 50.4832 5
      vertex -84.7095 49.9571 5
    endloop
  endfacet
  facet normal 0 0 1
    outer loop
      vertex -76.8014 -44.4993 5
      vertex -83.2426 -56.9373 5
      vertex -82.4441 -57.3149 5
    endloop
  endfacet
  facet normal 0 0 1
    outer loop
      vertex -88 43 5
      vertex -84.7095 49.9571 5
      vertex -85.364 49.364 5
    endloop
  endfacet
  facet normal 0 0 1
    outer loop
      vertex -76.8014 -44.4993 5
      vertex -84.0001 -56.4832 5
      vertex -83.2426 -56.9373 5
    endloop
  endfacet
  facet normal 0 0 1
    outer loop
      vertex -88 43 5
      vertex -85.364 49.364 5
      vertex -85.9571 48.7095 5
    endloop
  endfacet
  facet normal 0 0 1
    outer loop
      vertex -76.8014 -44.4993 5
      vertex -84.7095 -55.9571 5
      vertex -84.0001 -56.4832 5
    endloop
  endfacet
  facet normal 0 0 1
    outer loop
      vertex -76.8014 -44.4993 5
      vertex -85.364 -55.364 5
      vertex -84.7095 -55.9571 5
    endloop
  endfacet
  facet normal 0 0 1
    outer loop
      vertex -88 43 5
      vertex -85.9571 48.7095 5
      vertex -86.4832 48.0001 5
    endloop
  endfacet
  facet normal 0 0 1
    outer loop
      vertex -88 43 5
      vertex -86.4832 48.0001 5
      vertex -86.9373 47.2426 5
    endloop
  endfacet
  facet normal 0 0 1
    outer loop
      vertex -88 43 5
      vertex -86.9373 47.2426 5
      vertex -87.3149 46.4441 5
    endloop
  endfacet
  facet normal 0 0 1
    outer loop
      vertex -88 43 5
      vertex -87.3149 46.4441 5
      vertex -87.6125 45.6125 5
    endloop
  endfacet
  facet normal 0 0 1
    outer loop
      vertex -88 43 5
      vertex -87.6125 45.6125 5
      vertex -87.8271 44.7558 5
    endloop
  endfacet
  facet normal 0 0 1
    outer loop
      vertex -88 43 5
      vertex -87.8271 44.7558 5
      vertex -87.9566 43.8821 5
    endloop
  endfacet
  facet normal 0 0 1
    outer loop
      vertex -79 52 5
      vertex -88 43 5
      vertex -86 11.3163 5
    endloop
  endfacet
  facet normal 0 0 1
    outer loop
      vertex -86 11.3163 5
      vertex -88 43 5
      vertex -88 11.3163 5
    endloop
  endfacet
  facet normal 0.998792 0.0491413 0
    outer loop
      vertex -87.9566 -49.8821 100
      vertex -88 -49 5
      vertex -88 -49 100
    endloop
  endfacet
  facet normal 0.998792 0.0491413 0
    outer loop
      vertex -88 -49 5
      vertex -87.9566 -49.8821 100
      vertex -87.9566 -49.8821 5
    endloop
  endfacet
  facet normal 0.998792 -0.0491413 0
    outer loop
      vertex -88 43 100
      vertex -87.9566 43.8821 5
      vertex -87.9566 43.8821 100
    endloop
  endfacet
  facet normal 0.998792 -0.0491413 0
    outer loop
      vertex -87.9566 43.8821 5
      vertex -88 43 100
      vertex -88 43 5
    endloop
  endfacet
  facet normal -1 -0 0
    outer loop
      vertex 88 -22.8892 22.7456
      vertex 88 -49 5
      vertex 88 -23 25
    endloop
  endfacet
  facet normal -1 -0 0
    outer loop
      vertex 88 -22.5581 20.5129
      vertex 88 -49 5
      vertex 88 -22.8892 22.7456
    endloop
  endfacet
  facet normal -1 -0 0
    outer loop
      vertex 88 -22.0096 18.3235
      vertex 88 -49 5
      vertex 88 -22.5581 20.5129
    endloop
  endfacet
  facet normal -1 -0 0
    outer loop
      vertex 88 -21.2492 16.1983
      vertex 88 -49 5
      vertex 88 -22.0096 18.3235
    endloop
  endfacet
  facet normal -1 -0 0
    outer loop
      vertex 88 -20.2842 14.1579
      vertex 88 -49 5
      vertex 88 -21.2492 16.1983
    endloop
  endfacet
  facet normal -1 -0 0
    outer loop
      vertex 88 -19.1238 12.2219
      vertex 88 -49 5
      vertex 88 -20.2842 14.1579
    endloop
  endfacet
  facet normal -1 -0 0
    outer loop
      vertex 88 -17.7792 10.409
      vertex 88 -49 5
      vertex 88 -19.1238 12.2219
    endloop
  endfacet
  facet normal -1 -0 0
    outer loop
      vertex 88 -16.2635 8.73654
      vertex 88 -49 5
      vertex 88 -17.7792 10.409
    endloop
  endfacet
  facet normal -1 -0 0
    outer loop
      vertex 88 -14.591 7.22076
      vertex 88 -49 5
      vertex 88 -16.2635 8.73654
    endloop
  endfacet
  facet normal -1 -0 0
    outer loop
      vertex 88 -12.7781 5.8762
      vertex 88 -49 5
      vertex 88 -14.591 7.22076
    endloop
  endfacet
  facet normal -1 0 0
    outer loop
      vertex 88 -49 5
      vertex 88 -12.7781 5.8762
      vertex 88 -11.3163 5
    endloop
  endfacet
  facet normal -1 0 0
    outer loop
      vertex 88 22.8892 27.2544
      vertex 88 43 5
      vertex 88 23 25
    endloop
  endfacet
  facet normal -1 0 0
    outer loop
      vertex 88 43 5
      vertex 88 22.8892 22.7456
      vertex 88 23 25
    endloop
  endfacet
  facet normal -1 0 0
    outer loop
      vertex 88 43 5
      vertex 88 22.5581 20.5129
      vertex 88 22.8892 22.7456
    endloop
  endfacet
  facet normal -1 0 0
    outer loop
      vertex 88 43 5
      vertex 88 22.0096 18.3235
      vertex 88 22.5581 20.5129
    endloop
  endfacet
  facet normal -1 0 0
    outer loop
      vertex 88 43 5
      vertex 88 21.2492 16.1983
      vertex 88 22.0096 18.3235
    endloop
  endfacet
  facet normal -1 0 0
    outer loop
      vertex 88 43 5
      vertex 88 20.2842 14.1579
      vertex 88 21.2492 16.1983
    endloop
  endfacet
  facet normal -1 0 0
    outer loop
      vertex 88 43 5
      vertex 88 19.1238 12.2219
      vertex 88 20.2842 14.1579
    endloop
  endfacet
  facet normal -1 0 0
    outer loop
      vertex 88 43 5
      vertex 88 17.7792 10.409
      vertex 88 19.1238 12.2219
    endloop
  endfacet
  facet normal -1 0 0
    outer loop
      vertex 88 43 5
      vertex 88 16.2635 8.73654
      vertex 88 17.7792 10.409
    endloop
  endfacet
  facet normal -1 0 0
    outer loop
      vertex 88 43 5
      vertex 88 14.591 7.22076
      vertex 88 16.2635 8.73654
    endloop
  endfacet
  facet normal -1 0 0
    outer loop
      vertex 88 43 5
      vertex 88 12.7781 5.8762
      vertex 88 14.591 7.22076
    endloop
  endfacet
  facet normal -1 0 -0
    outer loop
      vertex 88 12.7781 5.8762
      vertex 88 43 5
      vertex 88 11.3163 5
    endloop
  endfacet
  facet normal -1 0 0
    outer loop
      vertex 88 22.5581 29.4871
      vertex 88 43 5
      vertex 88 22.8892 27.2544
    endloop
  endfacet
  facet normal -1 0 0
    outer loop
      vertex 88 22.0096 31.6765
      vertex 88 43 5
      vertex 88 22.5581 29.4871
    endloop
  endfacet
  facet normal -1 0 0
    outer loop
      vertex 88 43 5
      vertex 88 22.0096 31.6765
      vertex 88 43 100
    endloop
  endfacet
  facet normal -1 0 0
    outer loop
      vertex 88 21.2492 33.8017
      vertex 88 43 100
      vertex 88 22.0096 31.6765
    endloop
  endfacet
  facet normal -1 0 0
    outer loop
      vertex 88 20.2842 35.8421
      vertex 88 43 100
      vertex 88 21.2492 33.8017
    endloop
  endfacet
  facet normal -1 0 0
    outer loop
      vertex 88 19.1238 37.7781
      vertex 88 43 100
      vertex 88 20.2842 35.8421
    endloop
  endfacet
  facet normal -1 0 0
    outer loop
      vertex 88 17.7792 39.591
      vertex 88 43 100
      vertex 88 19.1238 37.7781
    endloop
  endfacet
  facet normal -1 0 0
    outer loop
      vertex 88 16.2635 41.2635
      vertex 88 43 100
      vertex 88 17.7792 39.591
    endloop
  endfacet
  facet normal -1 0 0
    outer loop
      vertex 88 14.591 42.7792
      vertex 88 43 100
      vertex 88 16.2635 41.2635
    endloop
  endfacet
  facet normal -1 0 0
    outer loop
      vertex 88 12.7781 44.1238
      vertex 88 43 100
      vertex 88 14.591 42.7792
    endloop
  endfacet
  facet normal -1 0 0
    outer loop
      vertex 88 10.8421 45.2842
      vertex 88 43 100
      vertex 88 12.7781 44.1238
    endloop
  endfacet
  facet normal -1 0 0
    outer loop
      vertex 88 8.80172 46.2492
      vertex 88 43 100
      vertex 88 10.8421 45.2842
    endloop
  endfacet
  facet normal -1 0 0
    outer loop
      vertex 88 6.67655 47.0096
      vertex 88 43 100
      vertex 88 8.80172 46.2492
    endloop
  endfacet
  facet normal -1 0 0
    outer loop
      vertex 88 4.48708 47.5581
      vertex 88 43 100
      vertex 88 6.67655 47.0096
    endloop
  endfacet
  facet normal -1 0 0
    outer loop
      vertex 88 2.25439 47.8892
      vertex 88 43 100
      vertex 88 4.48708 47.5581
    endloop
  endfacet
  facet normal -1 0 0
    outer loop
      vertex 88 0 48
      vertex 88 43 100
      vertex 88 2.25439 47.8892
    endloop
  endfacet
  facet normal -1 0 0
    outer loop
      vertex 88 -2.25439 47.8892
      vertex 88 43 100
      vertex 88 0 48
    endloop
  endfacet
  facet normal -1 0 0
    outer loop
      vertex 88 -49 100
      vertex 88 -2.25439 47.8892
      vertex 88 -4.48708 47.5581
    endloop
  endfacet
  facet normal -1 0 0
    outer loop
      vertex 88 -49 100
      vertex 88 -4.48708 47.5581
      vertex 88 -6.67655 47.0096
    endloop
  endfacet
  facet normal -1 0 0
    outer loop
      vertex 88 -49 100
      vertex 88 -6.67655 47.0096
      vertex 88 -8.80172 46.2492
    endloop
  endfacet
  facet normal -1 0 0
    outer loop
      vertex 88 -49 100
      vertex 88 -8.80172 46.2492
      vertex 88 -10.8421 45.2842
    endloop
  endfacet
  facet normal -1 0 0
    outer loop
      vertex 88 -49 100
      vertex 88 -10.8421 45.2842
      vertex 88 -12.7781 44.1238
    endloop
  endfacet
  facet normal -1 0 0
    outer loop
      vertex 88 -49 100
      vertex 88 -12.7781 44.1238
      vertex 88 -14.591 42.7792
    endloop
  endfacet
  facet normal -1 0 0
    outer loop
      vertex 88 -49 100
      vertex 88 -14.591 42.7792
      vertex 88 -16.2635 41.2635
    endloop
  endfacet
  facet normal -1 0 0
    outer loop
      vertex 88 -49 5
      vertex 88 -22.8892 27.2544
      vertex 88 -23 25
    endloop
  endfacet
  facet normal -1 0 0
    outer loop
      vertex 88 -49 5
      vertex 88 -22.5581 29.4871
      vertex 88 -22.8892 27.2544
    endloop
  endfacet
  facet normal -1 0 0
    outer loop
      vertex 88 -49 5
      vertex 88 -22.0096 31.6765
      vertex 88 -22.5581 29.4871
    endloop
  endfacet
  facet normal -1 0 0
    outer loop
      vertex 88 -49 5
      vertex 88 -21.2492 33.8017
      vertex 88 -22.0096 31.6765
    endloop
  endfacet
  facet normal -1 0 0
    outer loop
      vertex 88 -49 100
      vertex 88 -21.2492 33.8017
      vertex 88 -49 5
    endloop
  endfacet
  facet normal -1 0 0
    outer loop
      vertex 88 -21.2492 33.8017
      vertex 88 -49 100
      vertex 88 -20.2842 35.8421
    endloop
  endfacet
  facet normal -1 0 0
    outer loop
      vertex 88 -20.2842 35.8421
      vertex 88 -49 100
      vertex 88 -19.1238 37.7781
    endloop
  endfacet
  facet normal -1 0 0
    outer loop
      vertex 88 -2.25439 47.8892
      vertex 88 -49 100
      vertex 88 43 100
    endloop
  endfacet
  facet normal -1 0 0
    outer loop
      vertex 88 -17.7792 39.591
      vertex 88 -49 100
      vertex 88 -16.2635 41.2635
    endloop
  endfacet
  facet normal -1 0 0
    outer loop
      vertex 88 -19.1238 37.7781
      vertex 88 -49 100
      vertex 88 -17.7792 39.591
    endloop
  endfacet
  facet normal -0.857693 -0.514163 0
    outer loop
      vertex 86.9373 47.2426 5
      vertex 86.4832 48.0001 100
      vertex 86.4832 48.0001 5
    endloop
  endfacet
  facet normal -0.857693 -0.514163 0
    outer loop
      vertex 86.4832 48.0001 100
      vertex 86.9373 47.2426 5
      vertex 86.9373 47.2426 100
    endloop
  endfacet
  facet normal 0 -1 0
    outer loop
      vertex -79 52 5
      vertex 79 52 100
      vertex -79 52 100
    endloop
  endfacet
  facet normal 0 -1 -0
    outer loop
      vertex 79 52 100
      vertex -79 52 5
      vertex 79 52 5
    endloop
  endfacet
  facet normal 0.904017 -0.427497 0
    outer loop
      vertex -87.3149 46.4441 100
      vertex -86.9373 47.2426 5
      vertex -86.9373 47.2426 100
    endloop
  endfacet
  facet normal 0.904017 -0.427497 0
    outer loop
      vertex -86.9373 47.2426 5
      vertex -87.3149 46.4441 100
      vertex -87.3149 46.4441 5
    endloop
  endfacet
  facet normal -0.998792 -0.0491413 0
    outer loop
      vertex 88 43 5
      vertex 87.9566 43.8821 100
      vertex 87.9566 43.8821 5
    endloop
  endfacet
  facet normal -0.998792 -0.0491413 0
    outer loop
      vertex 87.9566 43.8821 100
      vertex 88 43 5
      vertex 88 43 100
    endloop
  endfacet
  facet normal 0 1 -0
    outer loop
      vertex 79 -58 5
      vertex -79 -58 100
      vertex 79 -58 100
    endloop
  endfacet
  facet normal 0 1 0
    outer loop
      vertex -79 -58 100
      vertex 79 -58 5
      vertex -79 -58 5
    endloop
  endfacet
  facet normal -0.427497 0.904017 0
    outer loop
      vertex 83.2426 -56.9373 5
      vertex 82.4441 -57.3149 100
      vertex 83.2426 -56.9373 100
    endloop
  endfacet
  facet normal -0.427497 0.904017 0
    outer loop
      vertex 82.4441 -57.3149 100
      vertex 83.2426 -56.9373 5
      vertex 82.4441 -57.3149 5
    endloop
  endfacet
  facet normal -0.74101 0.671494 0
    outer loop
      vertex 85.364 -55.364 5
      vertex 85.9571 -54.7095 100
      vertex 85.9571 -54.7095 5
    endloop
  endfacet
  facet normal -0.74101 0.671494 0
    outer loop
      vertex 85.9571 -54.7095 100
      vertex 85.364 -55.364 5
      vertex 85.364 -55.364 100
    endloop
  endfacet
  facet normal -0.242989 -0.970029 0
    outer loop
      vertex 80.7558 51.8271 5
      vertex 81.6125 51.6125 100
      vertex 80.7558 51.8271 100
    endloop
  endfacet
  facet normal -0.242989 -0.970029 -0
    outer loop
      vertex 81.6125 51.6125 100
      vertex 80.7558 51.8271 5
      vertex 81.6125 51.6125 5
    endloop
  endfacet
  facet normal 0.427497 -0.904017 0
    outer loop
      vertex -83.2426 50.9373 5
      vertex -82.4441 51.3149 100
      vertex -83.2426 50.9373 100
    endloop
  endfacet
  facet normal 0.427497 -0.904017 0
    outer loop
      vertex -82.4441 51.3149 100
      vertex -83.2426 50.9373 5
      vertex -82.4441 51.3149 5
    endloop
  endfacet
  facet normal 0.970029 -0.242989 0
    outer loop
      vertex -87.8271 44.7558 100
      vertex -87.6125 45.6125 5
      vertex -87.6125 45.6125 100
    endloop
  endfacet
  facet normal 0.970029 -0.242989 0
    outer loop
      vertex -87.6125 45.6125 5
      vertex -87.8271 44.7558 100
      vertex -87.8271 44.7558 5
    endloop
  endfacet
  facet normal 0.941527 -0.336939 0
    outer loop
      vertex -87.6125 45.6125 100
      vertex -87.3149 46.4441 5
      vertex -87.3149 46.4441 100
    endloop
  endfacet
  facet normal 0.941527 -0.336939 0
    outer loop
      vertex -87.3149 46.4441 5
      vertex -87.6125 45.6125 100
      vertex -87.6125 45.6125 5
    endloop
  endfacet
  facet normal 0.74101 -0.671494 0
    outer loop
      vertex -85.9571 48.7095 100
      vertex -85.364 49.364 5
      vertex -85.364 49.364 100
    endloop
  endfacet
  facet normal 0.74101 -0.671494 0
    outer loop
      vertex -85.364 49.364 5
      vertex -85.9571 48.7095 100
      vertex -85.9571 48.7095 5
    endloop
  endfacet
  facet normal 0.59568 -0.803222 0
    outer loop
      vertex -84.7095 49.9571 5
      vertex -84.0001 50.4832 100
      vertex -84.7095 49.9571 100
    endloop
  endfacet
  facet normal 0.59568 -0.803222 0
    outer loop
      vertex -84.0001 50.4832 100
      vertex -84.7095 49.9571 5
      vertex -84.0001 50.4832 5
    endloop
  endfacet
  facet normal -0.989193 -0.146618 0
    outer loop
      vertex 87.9566 43.8821 5
      vertex 87.8271 44.7558 100
      vertex 87.8271 44.7558 5
    endloop
  endfacet
  facet normal -0.989193 -0.146618 0
    outer loop
      vertex 87.8271 44.7558 100
      vertex 87.9566 43.8821 5
      vertex 87.9566 43.8821 100
    endloop
  endfacet
  facet normal -0.0491413 0.998792 0
    outer loop
      vertex 79.8821 -57.9566 5
      vertex 79 -58 100
      vertex 79.8821 -57.9566 100
    endloop
  endfacet
  facet normal -0.0491413 0.998792 0
    outer loop
      vertex 79 -58 100
      vertex 79.8821 -57.9566 5
      vertex 79 -58 5
    endloop
  endfacet
  facet normal -0.671494 0.74101 0
    outer loop
      vertex 85.364 -55.364 5
      vertex 84.7095 -55.9571 100
      vertex 85.364 -55.364 100
    endloop
  endfacet
  facet normal -0.671494 0.74101 0
    outer loop
      vertex 84.7095 -55.9571 100
      vertex 85.364 -55.364 5
      vertex 84.7095 -55.9571 5
    endloop
  endfacet
  facet normal -0.904017 0.427497 0
    outer loop
      vertex 86.9373 -53.2426 5
      vertex 87.3149 -52.4441 100
      vertex 87.3149 -52.4441 5
    endloop
  endfacet
  facet normal -0.904017 0.427497 0
    outer loop
      vertex 87.3149 -52.4441 100
      vertex 86.9373 -53.2426 5
      vertex 86.9373 -53.2426 100
    endloop
  endfacet
  facet normal -0.857693 0.514163 0
    outer loop
      vertex 86.4832 -54.0001 5
      vertex 86.9373 -53.2426 100
      vertex 86.9373 -53.2426 5
    endloop
  endfacet
  facet normal -0.857693 0.514163 0
    outer loop
      vertex 86.9373 -53.2426 100
      vertex 86.4832 -54.0001 5
      vertex 86.4832 -54.0001 100
    endloop
  endfacet
  facet normal -0.803222 -0.59568 0
    outer loop
      vertex 86.4832 48.0001 5
      vertex 85.9571 48.7095 100
      vertex 85.9571 48.7095 5
    endloop
  endfacet
  facet normal -0.803222 -0.59568 0
    outer loop
      vertex 85.9571 48.7095 100
      vertex 86.4832 48.0001 5
      vertex 86.4832 48.0001 100
    endloop
  endfacet
  facet normal -0.0491413 -0.998792 0
    outer loop
      vertex 79 52 5
      vertex 79.8821 51.9566 100
      vertex 79 52 100
    endloop
  endfacet
  facet normal -0.0491413 -0.998792 -0
    outer loop
      vertex 79.8821 51.9566 100
      vertex 79 52 5
      vertex 79.8821 51.9566 5
    endloop
  endfacet
  facet normal -0.336939 -0.941527 0
    outer loop
      vertex 81.6125 51.6125 5
      vertex 82.4441 51.3149 100
      vertex 81.6125 51.6125 100
    endloop
  endfacet
  facet normal -0.336939 -0.941527 -0
    outer loop
      vertex 82.4441 51.3149 100
      vertex 81.6125 51.6125 5
      vertex 82.4441 51.3149 5
    endloop
  endfacet
  facet normal -0.146618 -0.989193 0
    outer loop
      vertex 79.8821 51.9566 5
      vertex 80.7558 51.8271 100
      vertex 79.8821 51.9566 100
    endloop
  endfacet
  facet normal -0.146618 -0.989193 -0
    outer loop
      vertex 80.7558 51.8271 100
      vertex 79.8821 51.9566 5
      vertex 80.7558 51.8271 5
    endloop
  endfacet
  facet normal 0.989193 -0.146618 0
    outer loop
      vertex -87.9566 43.8821 100
      vertex -87.8271 44.7558 5
      vertex -87.8271 44.7558 100
    endloop
  endfacet
  facet normal 0.989193 -0.146618 0
    outer loop
      vertex -87.8271 44.7558 5
      vertex -87.9566 43.8821 100
      vertex -87.9566 43.8821 5
    endloop
  endfacet
  facet normal 0.857693 -0.514163 0
    outer loop
      vertex -86.9373 47.2426 100
      vertex -86.4832 48.0001 5
      vertex -86.4832 48.0001 100
    endloop
  endfacet
  facet normal 0.857693 -0.514163 0
    outer loop
      vertex -86.4832 48.0001 5
      vertex -86.9373 47.2426 100
      vertex -86.9373 47.2426 5
    endloop
  endfacet
  facet normal 0.803222 -0.59568 0
    outer loop
      vertex -86.4832 48.0001 100
      vertex -85.9571 48.7095 5
      vertex -85.9571 48.7095 100
    endloop
  endfacet
  facet normal 0.803222 -0.59568 0
    outer loop
      vertex -85.9571 48.7095 5
      vertex -86.4832 48.0001 100
      vertex -86.4832 48.0001 5
    endloop
  endfacet
  facet normal 0.514163 -0.857693 0
    outer loop
      vertex -84.0001 50.4832 5
      vertex -83.2426 50.9373 100
      vertex -84.0001 50.4832 100
    endloop
  endfacet
  facet normal 0.514163 -0.857693 0
    outer loop
      vertex -83.2426 50.9373 100
      vertex -84.0001 50.4832 5
      vertex -83.2426 50.9373 5
    endloop
  endfacet
  facet normal -0.336939 0.941527 0
    outer loop
      vertex 82.4441 -57.3149 5
      vertex 81.6125 -57.6125 100
      vertex 82.4441 -57.3149 100
    endloop
  endfacet
  facet normal -0.336939 0.941527 0
    outer loop
      vertex 81.6125 -57.6125 100
      vertex 82.4441 -57.3149 5
      vertex 81.6125 -57.6125 5
    endloop
  endfacet
  facet normal 0.904017 0.427497 0
    outer loop
      vertex -86.9373 -53.2426 100
      vertex -87.3149 -52.4441 5
      vertex -87.3149 -52.4441 100
    endloop
  endfacet
  facet normal 0.904017 0.427497 0
    outer loop
      vertex -87.3149 -52.4441 5
      vertex -86.9373 -53.2426 100
      vertex -86.9373 -53.2426 5
    endloop
  endfacet
  facet normal -0.514163 0.857693 0
    outer loop
      vertex 84.0001 -56.4832 5
      vertex 83.2426 -56.9373 100
      vertex 84.0001 -56.4832 100
    endloop
  endfacet
  facet normal -0.514163 0.857693 0
    outer loop
      vertex 83.2426 -56.9373 100
      vertex 84.0001 -56.4832 5
      vertex 83.2426 -56.9373 5
    endloop
  endfacet
  facet normal -0.970029 0.242989 0
    outer loop
      vertex 87.6125 -51.6125 5
      vertex 87.8271 -50.7558 100
      vertex 87.8271 -50.7558 5
    endloop
  endfacet
  facet normal -0.970029 0.242989 0
    outer loop
      vertex 87.8271 -50.7558 100
      vertex 87.6125 -51.6125 5
      vertex 87.6125 -51.6125 100
    endloop
  endfacet
  facet normal -0.803222 0.59568 0
    outer loop
      vertex 85.9571 -54.7095 5
      vertex 86.4832 -54.0001 100
      vertex 86.4832 -54.0001 5
    endloop
  endfacet
  facet normal -0.803222 0.59568 0
    outer loop
      vertex 86.4832 -54.0001 100
      vertex 85.9571 -54.7095 5
      vertex 85.9571 -54.7095 100
    endloop
  endfacet
  facet normal -0.427497 -0.904017 0
    outer loop
      vertex 82.4441 51.3149 5
      vertex 83.2426 50.9373 100
      vertex 82.4441 51.3149 100
    endloop
  endfacet
  facet normal -0.427497 -0.904017 -0
    outer loop
      vertex 83.2426 50.9373 100
      vertex 82.4441 51.3149 5
      vertex 83.2426 50.9373 5
    endloop
  endfacet
  facet normal 0.242989 -0.970029 0
    outer loop
      vertex -81.6125 51.6125 5
      vertex -80.7558 51.8271 100
      vertex -81.6125 51.6125 100
    endloop
  endfacet
  facet normal 0.242989 -0.970029 0
    outer loop
      vertex -80.7558 51.8271 100
      vertex -81.6125 51.6125 5
      vertex -80.7558 51.8271 5
    endloop
  endfacet
  facet normal 0.336939 -0.941527 0
    outer loop
      vertex -82.4441 51.3149 5
      vertex -81.6125 51.6125 100
      vertex -82.4441 51.3149 100
    endloop
  endfacet
  facet normal 0.336939 -0.941527 0
    outer loop
      vertex -81.6125 51.6125 100
      vertex -82.4441 51.3149 5
      vertex -81.6125 51.6125 5
    endloop
  endfacet
  facet normal -0.242989 0.970029 0
    outer loop
      vertex 81.6125 -57.6125 5
      vertex 80.7558 -57.8271 100
      vertex 81.6125 -57.6125 100
    endloop
  endfacet
  facet normal -0.242989 0.970029 0
    outer loop
      vertex 80.7558 -57.8271 100
      vertex 81.6125 -57.6125 5
      vertex 80.7558 -57.8271 5
    endloop
  endfacet
  facet normal 0.242989 0.970029 -0
    outer loop
      vertex -80.7558 -57.8271 5
      vertex -81.6125 -57.6125 100
      vertex -80.7558 -57.8271 100
    endloop
  endfacet
  facet normal 0.242989 0.970029 0
    outer loop
      vertex -81.6125 -57.6125 100
      vertex -80.7558 -57.8271 5
      vertex -81.6125 -57.6125 5
    endloop
  endfacet
  facet normal 0.59568 0.803222 -0
    outer loop
      vertex -84.0001 -56.4832 5
      vertex -84.7095 -55.9571 100
      vertex -84.0001 -56.4832 100
    endloop
  endfacet
  facet normal 0.59568 0.803222 0
    outer loop
      vertex -84.7095 -55.9571 100
      vertex -84.0001 -56.4832 5
      vertex -84.7095 -55.9571 5
    endloop
  endfacet
  facet normal 0.74101 0.671494 0
    outer loop
      vertex -85.364 -55.364 100
      vertex -85.9571 -54.7095 5
      vertex -85.9571 -54.7095 100
    endloop
  endfacet
  facet normal 0.74101 0.671494 0
    outer loop
      vertex -85.9571 -54.7095 5
      vertex -85.364 -55.364 100
      vertex -85.364 -55.364 5
    endloop
  endfacet
  facet normal 0.857693 0.514163 0
    outer loop
      vertex -86.4832 -54.0001 100
      vertex -86.9373 -53.2426 5
      vertex -86.9373 -53.2426 100
    endloop
  endfacet
  facet normal 0.857693 0.514163 0
    outer loop
      vertex -86.9373 -53.2426 5
      vertex -86.4832 -54.0001 100
      vertex -86.4832 -54.0001 5
    endloop
  endfacet
  facet normal -0.989193 0.146618 0
    outer loop
      vertex 87.8271 -50.7558 5
      vertex 87.9566 -49.8821 100
      vertex 87.9566 -49.8821 5
    endloop
  endfacet
  facet normal -0.989193 0.146618 0
    outer loop
      vertex 87.9566 -49.8821 100
      vertex 87.8271 -50.7558 5
      vertex 87.8271 -50.7558 100
    endloop
  endfacet
  facet normal -0.941527 0.336939 0
    outer loop
      vertex 87.3149 -52.4441 5
      vertex 87.6125 -51.6125 100
      vertex 87.6125 -51.6125 5
    endloop
  endfacet
  facet normal -0.941527 0.336939 0
    outer loop
      vertex 87.6125 -51.6125 100
      vertex 87.3149 -52.4441 5
      vertex 87.3149 -52.4441 100
    endloop
  endfacet
  facet normal -0.59568 0.803222 0
    outer loop
      vertex 84.7095 -55.9571 5
      vertex 84.0001 -56.4832 100
      vertex 84.7095 -55.9571 100
    endloop
  endfacet
  facet normal -0.59568 0.803222 0
    outer loop
      vertex 84.0001 -56.4832 100
      vertex 84.7095 -55.9571 5
      vertex 84.0001 -56.4832 5
    endloop
  endfacet
  facet normal -0.671494 -0.74101 0
    outer loop
      vertex 84.7095 49.9571 5
      vertex 85.364 49.364 100
      vertex 84.7095 49.9571 100
    endloop
  endfacet
  facet normal -0.671494 -0.74101 -0
    outer loop
      vertex 85.364 49.364 100
      vertex 84.7095 49.9571 5
      vertex 85.364 49.364 5
    endloop
  endfacet
  facet normal -0.74101 -0.671494 0
    outer loop
      vertex 85.9571 48.7095 5
      vertex 85.364 49.364 100
      vertex 85.364 49.364 5
    endloop
  endfacet
  facet normal -0.74101 -0.671494 0
    outer loop
      vertex 85.364 49.364 100
      vertex 85.9571 48.7095 5
      vertex 85.9571 48.7095 100
    endloop
  endfacet
  facet normal 0.146618 -0.989193 0
    outer loop
      vertex -80.7558 51.8271 5
      vertex -79.8821 51.9566 100
      vertex -80.7558 51.8271 100
    endloop
  endfacet
  facet normal 0.146618 -0.989193 0
    outer loop
      vertex -79.8821 51.9566 100
      vertex -80.7558 51.8271 5
      vertex -79.8821 51.9566 5
    endloop
  endfacet
  facet normal 0.0491413 -0.998792 0
    outer loop
      vertex -79.8821 51.9566 5
      vertex -79 52 100
      vertex -79.8821 51.9566 100
    endloop
  endfacet
  facet normal 0.0491413 -0.998792 0
    outer loop
      vertex -79 52 100
      vertex -79.8821 51.9566 5
      vertex -79 52 5
    endloop
  endfacet
  facet normal -0.146618 0.989193 0
    outer loop
      vertex 80.7558 -57.8271 5
      vertex 79.8821 -57.9566 100
      vertex 80.7558 -57.8271 100
    endloop
  endfacet
  facet normal -0.146618 0.989193 0
    outer loop
      vertex 79.8821 -57.9566 100
      vertex 80.7558 -57.8271 5
      vertex 79.8821 -57.9566 5
    endloop
  endfacet
  facet normal 0.336939 0.941527 -0
    outer loop
      vertex -81.6125 -57.6125 5
      vertex -82.4441 -57.3149 100
      vertex -81.6125 -57.6125 100
    endloop
  endfacet
  facet normal 0.336939 0.941527 0
    outer loop
      vertex -82.4441 -57.3149 100
      vertex -81.6125 -57.6125 5
      vertex -82.4441 -57.3149 5
    endloop
  endfacet
  facet normal 0.146618 0.989193 -0
    outer loop
      vertex -79.8821 -57.9566 5
      vertex -80.7558 -57.8271 100
      vertex -79.8821 -57.9566 100
    endloop
  endfacet
  facet normal 0.146618 0.989193 0
    outer loop
      vertex -80.7558 -57.8271 100
      vertex -79.8821 -57.9566 5
      vertex -80.7558 -57.8271 5
    endloop
  endfacet
  facet normal 0.803222 0.59568 0
    outer loop
      vertex -85.9571 -54.7095 100
      vertex -86.4832 -54.0001 5
      vertex -86.4832 -54.0001 100
    endloop
  endfacet
  facet normal 0.803222 0.59568 0
    outer loop
      vertex -86.4832 -54.0001 5
      vertex -85.9571 -54.7095 100
      vertex -85.9571 -54.7095 5
    endloop
  endfacet
  facet normal -0.998792 0.0491413 0
    outer loop
      vertex 87.9566 -49.8821 5
      vertex 88 -49 100
      vertex 88 -49 5
    endloop
  endfacet
  facet normal -0.998792 0.0491413 0
    outer loop
      vertex 88 -49 100
      vertex 87.9566 -49.8821 5
      vertex 87.9566 -49.8821 100
    endloop
  endfacet
  facet normal -0.514163 -0.857693 0
    outer loop
      vertex 83.2426 50.9373 5
      vertex 84.0001 50.4832 100
      vertex 83.2426 50.9373 100
    endloop
  endfacet
  facet normal -0.514163 -0.857693 -0
    outer loop
      vertex 84.0001 50.4832 100
      vertex 83.2426 50.9373 5
      vertex 84.0001 50.4832 5
    endloop
  endfacet
  facet normal -0.59568 -0.803222 0
    outer loop
      vertex 84.0001 50.4832 5
      vertex 84.7095 49.9571 100
      vertex 84.0001 50.4832 100
    endloop
  endfacet
  facet normal -0.59568 -0.803222 -0
    outer loop
      vertex 84.7095 49.9571 100
      vertex 84.0001 50.4832 5
      vertex 84.7095 49.9571 5
    endloop
  endfacet
  facet normal -0.904017 -0.427497 0
    outer loop
      vertex 87.3149 46.4441 5
      vertex 86.9373 47.2426 100
      vertex 86.9373 47.2426 5
    endloop
  endfacet
  facet normal -0.904017 -0.427497 0
    outer loop
      vertex 86.9373 47.2426 100
      vertex 87.3149 46.4441 5
      vertex 87.3149 46.4441 100
    endloop
  endfacet
  facet normal -0.941527 -0.336939 0
    outer loop
      vertex 87.6125 45.6125 5
      vertex 87.3149 46.4441 100
      vertex 87.3149 46.4441 5
    endloop
  endfacet
  facet normal -0.941527 -0.336939 0
    outer loop
      vertex 87.3149 46.4441 100
      vertex 87.6125 45.6125 5
      vertex 87.6125 45.6125 100
    endloop
  endfacet
  facet normal 0.514163 0.857693 -0
    outer loop
      vertex -83.2426 -56.9373 5
      vertex -84.0001 -56.4832 100
      vertex -83.2426 -56.9373 100
    endloop
  endfacet
  facet normal 0.514163 0.857693 0
    outer loop
      vertex -84.0001 -56.4832 100
      vertex -83.2426 -56.9373 5
      vertex -84.0001 -56.4832 5
    endloop
  endfacet
  facet normal 0.427497 0.904017 -0
    outer loop
      vertex -82.4441 -57.3149 5
      vertex -83.2426 -56.9373 100
      vertex -82.4441 -57.3149 100
    endloop
  endfacet
  facet normal 0.427497 0.904017 0
    outer loop
      vertex -83.2426 -56.9373 100
      vertex -82.4441 -57.3149 5
      vertex -83.2426 -56.9373 5
    endloop
  endfacet
  facet normal 0.0491413 0.998792 -0
    outer loop
      vertex -79 -58 5
      vertex -79.8821 -57.9566 100
      vertex -79 -58 100
    endloop
  endfacet
  facet normal 0.0491413 0.998792 0
    outer loop
      vertex -79.8821 -57.9566 100
      vertex -79 -58 5
      vertex -79.8821 -57.9566 5
    endloop
  endfacet
  facet normal 0.671494 0.74101 -0
    outer loop
      vertex -84.7095 -55.9571 5
      vertex -85.364 -55.364 100
      vertex -84.7095 -55.9571 100
    endloop
  endfacet
  facet normal 0.671494 0.74101 0
    outer loop
      vertex -85.364 -55.364 100
      vertex -84.7095 -55.9571 5
      vertex -85.364 -55.364 5
    endloop
  endfacet
endsolid OpenSCAD_Model
