solid OpenSCAD_Model
  facet normal -0.595695 -0.803211 0
    outer loop
      vertex -19.0555 1.4135 -5
      vertex -18.9215 1.31412 5
      vertex -19.0555 1.4135 5
    endloop
  endfacet
  facet normal -0.595695 -0.803211 -0
    outer loop
      vertex -18.9215 1.31412 5
      vertex -19.0555 1.4135 -5
      vertex -18.9215 1.31412 -5
    endloop
  endfacet
  facet normal 0.336883 -0.941546 0
    outer loop
      vertex -20.6506 1.57059 -5
      vertex -20.4935 1.6268 5
      vertex -20.6506 1.57059 5
    endloop
  endfacet
  facet normal 0.336883 -0.941546 0
    outer loop
      vertex -20.4935 1.6268 5
      vertex -20.6506 1.57059 -5
      vertex -20.4935 1.6268 -5
    endloop
  endfacet
  facet normal 0.904057 -0.427412 0
    outer loop
      vertex -21.5706 0.650561 5
      vertex -21.4993 0.801374 -5
      vertex -21.4993 0.801374 5
    endloop
  endfacet
  facet normal 0.904057 -0.427412 0
    outer loop
      vertex -21.4993 0.801374 -5
      vertex -21.5706 0.650561 5
      vertex -21.5706 0.650561 -5
    endloop
  endfacet
  facet normal -0.998791 0.0491516 0
    outer loop
      vertex -18.3082 -0.166629 -5
      vertex -18.3 0 5
      vertex -18.3 0 -5
    endloop
  endfacet
  facet normal -0.998791 0.0491516 0
    outer loop
      vertex -18.3 0 5
      vertex -18.3082 -0.166629 -5
      vertex -18.3082 -0.166629 5
    endloop
  endfacet
  facet normal 0.42754 0.903996 -0
    outer loop
      vertex -20.6506 -1.57059 -5
      vertex -20.8014 -1.49927 5
      vertex -20.6506 -1.57059 5
    endloop
  endfacet
  facet normal 0.42754 0.903996 0
    outer loop
      vertex -20.8014 -1.49927 5
      vertex -20.6506 -1.57059 -5
      vertex -20.8014 -1.49927 -5
    endloop
  endfacet
  facet normal -0.904057 -0.427412 0
    outer loop
      vertex -18.4294 0.650561 -5
      vertex -18.5007 0.801374 5
      vertex -18.5007 0.801374 -5
    endloop
  endfacet
  facet normal -0.904057 -0.427412 0
    outer loop
      vertex -18.5007 0.801374 5
      vertex -18.4294 0.650561 -5
      vertex -18.4294 0.650561 5
    endloop
  endfacet
  facet normal -0.857642 -0.514247 0
    outer loop
      vertex -18.5007 0.801374 -5
      vertex -18.5865 0.944468 5
      vertex -18.5865 0.944468 -5
    endloop
  endfacet
  facet normal -0.857642 -0.514247 0
    outer loop
      vertex -18.5865 0.944468 5
      vertex -18.5007 0.801374 -5
      vertex -18.5007 0.801374 5
    endloop
  endfacet
  facet normal -0.42754 -0.903996 0
    outer loop
      vertex -19.3494 1.57059 -5
      vertex -19.1986 1.49927 5
      vertex -19.3494 1.57059 5
    endloop
  endfacet
  facet normal -0.42754 -0.903996 -0
    outer loop
      vertex -19.1986 1.49927 5
      vertex -19.3494 1.57059 -5
      vertex -19.1986 1.49927 -5
    endloop
  endfacet
  facet normal 0.741051 -0.671448 0
    outer loop
      vertex -21.3141 1.07847 5
      vertex -21.2021 1.20208 -5
      vertex -21.2021 1.20208 5
    endloop
  endfacet
  facet normal 0.741051 -0.671448 0
    outer loop
      vertex -21.2021 1.20208 -5
      vertex -21.3141 1.07847 5
      vertex -21.3141 1.07847 -5
    endloop
  endfacet
  facet normal 0.14667 -0.989185 0
    outer loop
      vertex -20.3317 1.66733 -5
      vertex -20.1666 1.69181 5
      vertex -20.3317 1.66733 5
    endloop
  endfacet
  facet normal 0.14667 -0.989185 0
    outer loop
      vertex -20.1666 1.69181 5
      vertex -20.3317 1.66733 -5
      vertex -20.1666 1.69181 -5
    endloop
  endfacet
  facet normal 0.14667 0.989185 -0
    outer loop
      vertex -20.1666 -1.69181 -5
      vertex -20.3317 -1.66733 5
      vertex -20.1666 -1.69181 5
    endloop
  endfacet
  facet normal 0.14667 0.989185 0
    outer loop
      vertex -20.3317 -1.66733 5
      vertex -20.1666 -1.69181 -5
      vertex -20.3317 -1.66733 -5
    endloop
  endfacet
  facet normal 0.67161 0.740905 -0
    outer loop
      vertex -21.0785 -1.31412 -5
      vertex -21.2021 -1.20208 5
      vertex -21.0785 -1.31412 5
    endloop
  endfacet
  facet normal 0.67161 0.740905 0
    outer loop
      vertex -21.2021 -1.20208 5
      vertex -21.0785 -1.31412 -5
      vertex -21.2021 -1.20208 -5
    endloop
  endfacet
  facet normal 0.989158 0.146854 0
    outer loop
      vertex -21.6673 -0.331653 5
      vertex -21.6918 -0.166629 -5
      vertex -21.6918 -0.166629 5
    endloop
  endfacet
  facet normal 0.989158 0.146854 0
    outer loop
      vertex -21.6918 -0.166629 -5
      vertex -21.6673 -0.331653 5
      vertex -21.6673 -0.331653 -5
    endloop
  endfacet
  facet normal 0.741051 0.671448 0
    outer loop
      vertex -21.2021 -1.20208 5
      vertex -21.3141 -1.07847 -5
      vertex -21.3141 -1.07847 5
    endloop
  endfacet
  facet normal 0.741051 0.671448 0
    outer loop
      vertex -21.3141 -1.07847 -5
      vertex -21.2021 -1.20208 5
      vertex -21.2021 -1.20208 -5
    endloop
  endfacet
  facet normal -0.970083 -0.242774 0
    outer loop
      vertex -18.3327 0.331653 -5
      vertex -18.3732 0.493484 5
      vertex -18.3732 0.493484 -5
    endloop
  endfacet
  facet normal -0.970083 -0.242774 0
    outer loop
      vertex -18.3732 0.493484 5
      vertex -18.3327 0.331653 -5
      vertex -18.3327 0.331653 5
    endloop
  endfacet
  facet normal -0.94155 -0.336874 0
    outer loop
      vertex -18.3732 0.493484 -5
      vertex -18.4294 0.650561 5
      vertex -18.4294 0.650561 -5
    endloop
  endfacet
  facet normal -0.94155 -0.336874 0
    outer loop
      vertex -18.4294 0.650561 5
      vertex -18.3732 0.493484 -5
      vertex -18.3732 0.493484 5
    endloop
  endfacet
  facet normal -0.741051 -0.671448 0
    outer loop
      vertex -18.6859 1.07847 -5
      vertex -18.7979 1.20208 5
      vertex -18.7979 1.20208 -5
    endloop
  endfacet
  facet normal -0.741051 -0.671448 0
    outer loop
      vertex -18.7979 1.20208 5
      vertex -18.6859 1.07847 -5
      vertex -18.6859 1.07847 5
    endloop
  endfacet
  facet normal -0.803158 -0.595766 0
    outer loop
      vertex -18.5865 0.944468 -5
      vertex -18.6859 1.07847 5
      vertex -18.6859 1.07847 -5
    endloop
  endfacet
  facet normal -0.803158 -0.595766 0
    outer loop
      vertex -18.6859 1.07847 5
      vertex -18.5865 0.944468 -5
      vertex -18.5865 0.944468 5
    endloop
  endfacet
  facet normal -0.67161 -0.740905 0
    outer loop
      vertex -18.9215 1.31412 -5
      vertex -18.7979 1.20208 5
      vertex -18.9215 1.31412 5
    endloop
  endfacet
  facet normal -0.67161 -0.740905 -0
    outer loop
      vertex -18.7979 1.20208 5
      vertex -18.9215 1.31412 -5
      vertex -18.7979 1.20208 -5
    endloop
  endfacet
  facet normal -0.514099 -0.857731 0
    outer loop
      vertex -19.1986 1.49927 -5
      vertex -19.0555 1.4135 5
      vertex -19.1986 1.49927 5
    endloop
  endfacet
  facet normal -0.514099 -0.857731 -0
    outer loop
      vertex -19.0555 1.4135 5
      vertex -19.1986 1.49927 -5
      vertex -19.0555 1.4135 -5
    endloop
  endfacet
  facet normal -0.0491004 -0.998794 0
    outer loop
      vertex -20 1.7 -5
      vertex -19.8334 1.69181 5
      vertex -20 1.7 5
    endloop
  endfacet
  facet normal -0.0491004 -0.998794 -0
    outer loop
      vertex -19.8334 1.69181 5
      vertex -20 1.7 -5
      vertex -19.8334 1.69181 -5
    endloop
  endfacet
  facet normal -0.336883 -0.941546 0
    outer loop
      vertex -19.5065 1.6268 -5
      vertex -19.3494 1.57059 5
      vertex -19.5065 1.6268 5
    endloop
  endfacet
  facet normal -0.336883 -0.941546 -0
    outer loop
      vertex -19.3494 1.57059 5
      vertex -19.5065 1.6268 -5
      vertex -19.3494 1.57059 -5
    endloop
  endfacet
  facet normal -0.242987 -0.97003 0
    outer loop
      vertex -19.6683 1.66733 -5
      vertex -19.5065 1.6268 5
      vertex -19.6683 1.66733 5
    endloop
  endfacet
  facet normal -0.242987 -0.97003 -0
    outer loop
      vertex -19.5065 1.6268 5
      vertex -19.6683 1.66733 -5
      vertex -19.5065 1.6268 -5
    endloop
  endfacet
  facet normal 0.998791 -0.0491516 0
    outer loop
      vertex -21.7 0 5
      vertex -21.6918 0.166629 -5
      vertex -21.6918 0.166629 5
    endloop
  endfacet
  facet normal 0.998791 -0.0491516 0
    outer loop
      vertex -21.6918 0.166629 -5
      vertex -21.7 0 5
      vertex -21.7 0 -5
    endloop
  endfacet
  facet normal 0.94155 -0.336874 0
    outer loop
      vertex -21.6268 0.493484 5
      vertex -21.5706 0.650561 -5
      vertex -21.5706 0.650561 5
    endloop
  endfacet
  facet normal 0.94155 -0.336874 0
    outer loop
      vertex -21.5706 0.650561 -5
      vertex -21.6268 0.493484 5
      vertex -21.6268 0.493484 -5
    endloop
  endfacet
  facet normal 0.970083 -0.242774 0
    outer loop
      vertex -21.6673 0.331653 5
      vertex -21.6268 0.493484 -5
      vertex -21.6268 0.493484 5
    endloop
  endfacet
  facet normal 0.970083 -0.242774 0
    outer loop
      vertex -21.6268 0.493484 -5
      vertex -21.6673 0.331653 5
      vertex -21.6673 0.331653 -5
    endloop
  endfacet
  facet normal 0.857642 -0.514247 0
    outer loop
      vertex -21.4993 0.801374 5
      vertex -21.4135 0.944468 -5
      vertex -21.4135 0.944468 5
    endloop
  endfacet
  facet normal 0.857642 -0.514247 0
    outer loop
      vertex -21.4135 0.944468 -5
      vertex -21.4993 0.801374 5
      vertex -21.4993 0.801374 -5
    endloop
  endfacet
  facet normal 0.803158 -0.595766 0
    outer loop
      vertex -21.4135 0.944468 5
      vertex -21.3141 1.07847 -5
      vertex -21.3141 1.07847 5
    endloop
  endfacet
  facet normal 0.803158 -0.595766 0
    outer loop
      vertex -21.3141 1.07847 -5
      vertex -21.4135 0.944468 5
      vertex -21.4135 0.944468 -5
    endloop
  endfacet
  facet normal 0.242987 -0.97003 0
    outer loop
      vertex -20.4935 1.6268 -5
      vertex -20.3317 1.66733 5
      vertex -20.4935 1.6268 5
    endloop
  endfacet
  facet normal 0.242987 -0.97003 0
    outer loop
      vertex -20.3317 1.66733 5
      vertex -20.4935 1.6268 -5
      vertex -20.3317 1.66733 -5
    endloop
  endfacet
  facet normal 0.0491004 -0.998794 0
    outer loop
      vertex -20.1666 1.69181 -5
      vertex -20 1.7 5
      vertex -20.1666 1.69181 5
    endloop
  endfacet
  facet normal 0.0491004 -0.998794 0
    outer loop
      vertex -20 1.7 5
      vertex -20.1666 1.69181 -5
      vertex -20 1.7 -5
    endloop
  endfacet
  facet normal 0.514099 -0.857731 0
    outer loop
      vertex -20.9445 1.4135 -5
      vertex -20.8014 1.49927 5
      vertex -20.9445 1.4135 5
    endloop
  endfacet
  facet normal 0.514099 -0.857731 0
    outer loop
      vertex -20.8014 1.49927 5
      vertex -20.9445 1.4135 -5
      vertex -20.8014 1.49927 -5
    endloop
  endfacet
  facet normal 0.595695 -0.803211 0
    outer loop
      vertex -21.0785 1.31412 -5
      vertex -20.9445 1.4135 5
      vertex -21.0785 1.31412 5
    endloop
  endfacet
  facet normal 0.595695 -0.803211 0
    outer loop
      vertex -20.9445 1.4135 5
      vertex -21.0785 1.31412 -5
      vertex -20.9445 1.4135 -5
    endloop
  endfacet
  facet normal 0.42754 -0.903996 0
    outer loop
      vertex -20.8014 1.49927 -5
      vertex -20.6506 1.57059 5
      vertex -20.8014 1.49927 5
    endloop
  endfacet
  facet normal 0.42754 -0.903996 0
    outer loop
      vertex -20.6506 1.57059 5
      vertex -20.8014 1.49927 -5
      vertex -20.6506 1.57059 -5
    endloop
  endfacet
  facet normal 0.67161 -0.740905 0
    outer loop
      vertex -21.2021 1.20208 -5
      vertex -21.0785 1.31412 5
      vertex -21.2021 1.20208 5
    endloop
  endfacet
  facet normal 0.67161 -0.740905 0
    outer loop
      vertex -21.0785 1.31412 5
      vertex -21.2021 1.20208 -5
      vertex -21.0785 1.31412 -5
    endloop
  endfacet
  facet normal -0.998791 -0.0491516 0
    outer loop
      vertex -18.3 0 -5
      vertex -18.3082 0.166629 5
      vertex -18.3082 0.166629 -5
    endloop
  endfacet
  facet normal -0.998791 -0.0491516 0
    outer loop
      vertex -18.3082 0.166629 5
      vertex -18.3 0 -5
      vertex -18.3 0 5
    endloop
  endfacet
  facet normal -0.0491004 0.998794 0
    outer loop
      vertex -19.8334 -1.69181 -5
      vertex -20 -1.7 5
      vertex -19.8334 -1.69181 5
    endloop
  endfacet
  facet normal -0.0491004 0.998794 0
    outer loop
      vertex -20 -1.7 5
      vertex -19.8334 -1.69181 -5
      vertex -20 -1.7 -5
    endloop
  endfacet
  facet normal -0.970083 0.242774 0
    outer loop
      vertex -18.3732 -0.493484 -5
      vertex -18.3327 -0.331653 5
      vertex -18.3327 -0.331653 -5
    endloop
  endfacet
  facet normal -0.970083 0.242774 0
    outer loop
      vertex -18.3327 -0.331653 5
      vertex -18.3732 -0.493484 -5
      vertex -18.3732 -0.493484 5
    endloop
  endfacet
  facet normal -0.904057 0.427412 0
    outer loop
      vertex -18.5007 -0.801374 -5
      vertex -18.4294 -0.650561 5
      vertex -18.4294 -0.650561 -5
    endloop
  endfacet
  facet normal -0.904057 0.427412 0
    outer loop
      vertex -18.4294 -0.650561 5
      vertex -18.5007 -0.801374 -5
      vertex -18.5007 -0.801374 5
    endloop
  endfacet
  facet normal -0.14667 0.989185 0
    outer loop
      vertex -19.6683 -1.66733 -5
      vertex -19.8334 -1.69181 5
      vertex -19.6683 -1.66733 5
    endloop
  endfacet
  facet normal -0.14667 0.989185 0
    outer loop
      vertex -19.8334 -1.69181 5
      vertex -19.6683 -1.66733 -5
      vertex -19.8334 -1.69181 -5
    endloop
  endfacet
  facet normal -0.741051 0.671448 0
    outer loop
      vertex -18.7979 -1.20208 -5
      vertex -18.6859 -1.07847 5
      vertex -18.6859 -1.07847 -5
    endloop
  endfacet
  facet normal -0.741051 0.671448 0
    outer loop
      vertex -18.6859 -1.07847 5
      vertex -18.7979 -1.20208 -5
      vertex -18.7979 -1.20208 5
    endloop
  endfacet
  facet normal -0.67161 0.740905 0
    outer loop
      vertex -18.7979 -1.20208 -5
      vertex -18.9215 -1.31412 5
      vertex -18.7979 -1.20208 5
    endloop
  endfacet
  facet normal -0.67161 0.740905 0
    outer loop
      vertex -18.9215 -1.31412 5
      vertex -18.7979 -1.20208 -5
      vertex -18.9215 -1.31412 -5
    endloop
  endfacet
  facet normal -0.514099 0.857731 0
    outer loop
      vertex -19.0555 -1.4135 -5
      vertex -19.1986 -1.49927 5
      vertex -19.0555 -1.4135 5
    endloop
  endfacet
  facet normal -0.514099 0.857731 0
    outer loop
      vertex -19.1986 -1.49927 5
      vertex -19.0555 -1.4135 -5
      vertex -19.1986 -1.49927 -5
    endloop
  endfacet
  facet normal 0.0491004 0.998794 -0
    outer loop
      vertex -20 -1.7 -5
      vertex -20.1666 -1.69181 5
      vertex -20 -1.7 5
    endloop
  endfacet
  facet normal 0.0491004 0.998794 0
    outer loop
      vertex -20.1666 -1.69181 5
      vertex -20 -1.7 -5
      vertex -20.1666 -1.69181 -5
    endloop
  endfacet
  facet normal 0.336883 0.941546 -0
    outer loop
      vertex -20.4935 -1.6268 -5
      vertex -20.6506 -1.57059 5
      vertex -20.4935 -1.6268 5
    endloop
  endfacet
  facet normal 0.336883 0.941546 0
    outer loop
      vertex -20.6506 -1.57059 5
      vertex -20.4935 -1.6268 -5
      vertex -20.6506 -1.57059 -5
    endloop
  endfacet
  facet normal 0.514099 0.857731 -0
    outer loop
      vertex -20.8014 -1.49927 -5
      vertex -20.9445 -1.4135 5
      vertex -20.8014 -1.49927 5
    endloop
  endfacet
  facet normal 0.514099 0.857731 0
    outer loop
      vertex -20.9445 -1.4135 5
      vertex -20.8014 -1.49927 -5
      vertex -20.9445 -1.4135 -5
    endloop
  endfacet
  facet normal 0.970083 0.242774 0
    outer loop
      vertex -21.6268 -0.493484 5
      vertex -21.6673 -0.331653 -5
      vertex -21.6673 -0.331653 5
    endloop
  endfacet
  facet normal 0.970083 0.242774 0
    outer loop
      vertex -21.6673 -0.331653 -5
      vertex -21.6268 -0.493484 5
      vertex -21.6268 -0.493484 -5
    endloop
  endfacet
  facet normal 0.998791 0.0491516 0
    outer loop
      vertex -21.6918 -0.166629 5
      vertex -21.7 0 -5
      vertex -21.7 0 5
    endloop
  endfacet
  facet normal 0.998791 0.0491516 0
    outer loop
      vertex -21.7 0 -5
      vertex -21.6918 -0.166629 5
      vertex -21.6918 -0.166629 -5
    endloop
  endfacet
  facet normal 0.803158 0.595766 0
    outer loop
      vertex -21.3141 -1.07847 5
      vertex -21.4135 -0.944468 -5
      vertex -21.4135 -0.944468 5
    endloop
  endfacet
  facet normal 0.803158 0.595766 0
    outer loop
      vertex -21.4135 -0.944468 -5
      vertex -21.3141 -1.07847 5
      vertex -21.3141 -1.07847 -5
    endloop
  endfacet
  facet normal 0.857642 0.514247 0
    outer loop
      vertex -21.4135 -0.944468 5
      vertex -21.4993 -0.801374 -5
      vertex -21.4993 -0.801374 5
    endloop
  endfacet
  facet normal 0.857642 0.514247 0
    outer loop
      vertex -21.4993 -0.801374 -5
      vertex -21.4135 -0.944468 5
      vertex -21.4135 -0.944468 -5
    endloop
  endfacet
  facet normal 0.904057 0.427412 0
    outer loop
      vertex -21.4993 -0.801374 5
      vertex -21.5706 -0.650561 -5
      vertex -21.5706 -0.650561 5
    endloop
  endfacet
  facet normal 0.904057 0.427412 0
    outer loop
      vertex -21.5706 -0.650561 -5
      vertex -21.4993 -0.801374 5
      vertex -21.4993 -0.801374 -5
    endloop
  endfacet
  facet normal -0.989158 -0.146854 0
    outer loop
      vertex -18.3082 0.166629 -5
      vertex -18.3327 0.331653 5
      vertex -18.3327 0.331653 -5
    endloop
  endfacet
  facet normal -0.989158 -0.146854 0
    outer loop
      vertex -18.3327 0.331653 5
      vertex -18.3082 0.166629 -5
      vertex -18.3082 0.166629 5
    endloop
  endfacet
  facet normal -0.14667 -0.989185 0
    outer loop
      vertex -19.8334 1.69181 -5
      vertex -19.6683 1.66733 5
      vertex -19.8334 1.69181 5
    endloop
  endfacet
  facet normal -0.14667 -0.989185 -0
    outer loop
      vertex -19.6683 1.66733 5
      vertex -19.8334 1.69181 -5
      vertex -19.6683 1.66733 -5
    endloop
  endfacet
  facet normal 0.989158 -0.146854 0
    outer loop
      vertex -21.6918 0.166629 5
      vertex -21.6673 0.331653 -5
      vertex -21.6673 0.331653 5
    endloop
  endfacet
  facet normal 0.989158 -0.146854 0
    outer loop
      vertex -21.6673 0.331653 -5
      vertex -21.6918 0.166629 5
      vertex -21.6918 0.166629 -5
    endloop
  endfacet
  facet normal -0.989158 0.146854 0
    outer loop
      vertex -18.3327 -0.331653 -5
      vertex -18.3082 -0.166629 5
      vertex -18.3082 -0.166629 -5
    endloop
  endfacet
  facet normal -0.989158 0.146854 0
    outer loop
      vertex -18.3082 -0.166629 5
      vertex -18.3327 -0.331653 -5
      vertex -18.3327 -0.331653 5
    endloop
  endfacet
  facet normal -0.803158 0.595766 0
    outer loop
      vertex -18.6859 -1.07847 -5
      vertex -18.5865 -0.944468 5
      vertex -18.5865 -0.944468 -5
    endloop
  endfacet
  facet normal -0.803158 0.595766 0
    outer loop
      vertex -18.5865 -0.944468 5
      vertex -18.6859 -1.07847 -5
      vertex -18.6859 -1.07847 5
    endloop
  endfacet
  facet normal -0.857642 0.514247 0
    outer loop
      vertex -18.5865 -0.944468 -5
      vertex -18.5007 -0.801374 5
      vertex -18.5007 -0.801374 -5
    endloop
  endfacet
  facet normal -0.857642 0.514247 0
    outer loop
      vertex -18.5007 -0.801374 5
      vertex -18.5865 -0.944468 -5
      vertex -18.5865 -0.944468 5
    endloop
  endfacet
  facet normal -0.242987 0.97003 0
    outer loop
      vertex -19.5065 -1.6268 -5
      vertex -19.6683 -1.66733 5
      vertex -19.5065 -1.6268 5
    endloop
  endfacet
  facet normal -0.242987 0.97003 0
    outer loop
      vertex -19.6683 -1.66733 5
      vertex -19.5065 -1.6268 -5
      vertex -19.6683 -1.66733 -5
    endloop
  endfacet
  facet normal -0.42754 0.903996 0
    outer loop
      vertex -19.1986 -1.49927 -5
      vertex -19.3494 -1.57059 5
      vertex -19.1986 -1.49927 5
    endloop
  endfacet
  facet normal -0.42754 0.903996 0
    outer loop
      vertex -19.3494 -1.57059 5
      vertex -19.1986 -1.49927 -5
      vertex -19.3494 -1.57059 -5
    endloop
  endfacet
  facet normal -0.336883 0.941546 0
    outer loop
      vertex -19.3494 -1.57059 -5
      vertex -19.5065 -1.6268 5
      vertex -19.3494 -1.57059 5
    endloop
  endfacet
  facet normal -0.336883 0.941546 0
    outer loop
      vertex -19.5065 -1.6268 5
      vertex -19.3494 -1.57059 -5
      vertex -19.5065 -1.6268 -5
    endloop
  endfacet
  facet normal -0.595695 0.803211 0
    outer loop
      vertex -18.9215 -1.31412 -5
      vertex -19.0555 -1.4135 5
      vertex -18.9215 -1.31412 5
    endloop
  endfacet
  facet normal -0.595695 0.803211 0
    outer loop
      vertex -19.0555 -1.4135 5
      vertex -18.9215 -1.31412 -5
      vertex -19.0555 -1.4135 -5
    endloop
  endfacet
  facet normal 0.242987 0.97003 -0
    outer loop
      vertex -20.3317 -1.66733 -5
      vertex -20.4935 -1.6268 5
      vertex -20.3317 -1.66733 5
    endloop
  endfacet
  facet normal 0.242987 0.97003 0
    outer loop
      vertex -20.4935 -1.6268 5
      vertex -20.3317 -1.66733 -5
      vertex -20.4935 -1.6268 -5
    endloop
  endfacet
  facet normal 0.595695 0.803211 -0
    outer loop
      vertex -20.9445 -1.4135 -5
      vertex -21.0785 -1.31412 5
      vertex -20.9445 -1.4135 5
    endloop
  endfacet
  facet normal 0.595695 0.803211 0
    outer loop
      vertex -21.0785 -1.31412 5
      vertex -20.9445 -1.4135 -5
      vertex -21.0785 -1.31412 -5
    endloop
  endfacet
  facet normal 0.94155 0.336874 0
    outer loop
      vertex -21.5706 -0.650561 5
      vertex -21.6268 -0.493484 -5
      vertex -21.6268 -0.493484 5
    endloop
  endfacet
  facet normal 0.94155 0.336874 0
    outer loop
      vertex -21.6268 -0.493484 -5
      vertex -21.5706 -0.650561 5
      vertex -21.5706 -0.650561 -5
    endloop
  endfacet
  facet normal -0.94155 0.336874 0
    outer loop
      vertex -18.4294 -0.650561 -5
      vertex -18.3732 -0.493484 5
      vertex -18.3732 -0.493484 -5
    endloop
  endfacet
  facet normal -0.94155 0.336874 0
    outer loop
      vertex -18.3732 -0.493484 5
      vertex -18.4294 -0.650561 -5
      vertex -18.4294 -0.650561 5
    endloop
  endfacet
  facet normal -0.998791 -0.0491516 0
    outer loop
      vertex 21.7 0 -5
      vertex 21.6918 0.166629 5
      vertex 21.6918 0.166629 -5
    endloop
  endfacet
  facet normal -0.998791 -0.0491516 0
    outer loop
      vertex 21.6918 0.166629 5
      vertex 21.7 0 -5
      vertex 21.7 0 5
    endloop
  endfacet
  facet normal 0.998791 -0.0491516 0
    outer loop
      vertex 18.3 0 5
      vertex 18.3082 0.166629 -5
      vertex 18.3082 0.166629 5
    endloop
  endfacet
  facet normal 0.998791 -0.0491516 0
    outer loop
      vertex 18.3082 0.166629 -5
      vertex 18.3 0 5
      vertex 18.3 0 -5
    endloop
  endfacet
  facet normal -0.0491004 -0.998794 0
    outer loop
      vertex 20 1.7 -5
      vertex 20.1666 1.69181 5
      vertex 20 1.7 5
    endloop
  endfacet
  facet normal -0.0491004 -0.998794 -0
    outer loop
      vertex 20.1666 1.69181 5
      vertex 20 1.7 -5
      vertex 20.1666 1.69181 -5
    endloop
  endfacet
  facet normal 0.0491004 0.998794 -0
    outer loop
      vertex 20 -1.7 -5
      vertex 19.8334 -1.69181 5
      vertex 20 -1.7 5
    endloop
  endfacet
  facet normal 0.0491004 0.998794 0
    outer loop
      vertex 19.8334 -1.69181 5
      vertex 20 -1.7 -5
      vertex 19.8334 -1.69181 -5
    endloop
  endfacet
  facet normal 0.741051 0.671448 0
    outer loop
      vertex 18.7979 -1.20208 5
      vertex 18.6859 -1.07847 -5
      vertex 18.6859 -1.07847 5
    endloop
  endfacet
  facet normal 0.741051 0.671448 0
    outer loop
      vertex 18.6859 -1.07847 -5
      vertex 18.7979 -1.20208 5
      vertex 18.7979 -1.20208 -5
    endloop
  endfacet
  facet normal -0.67161 -0.740905 0
    outer loop
      vertex 21.0785 1.31412 -5
      vertex 21.2021 1.20208 5
      vertex 21.0785 1.31412 5
    endloop
  endfacet
  facet normal -0.67161 -0.740905 -0
    outer loop
      vertex 21.2021 1.20208 5
      vertex 21.0785 1.31412 -5
      vertex 21.2021 1.20208 -5
    endloop
  endfacet
  facet normal 0.67161 -0.740905 0
    outer loop
      vertex 18.7979 1.20208 -5
      vertex 18.9215 1.31412 5
      vertex 18.7979 1.20208 5
    endloop
  endfacet
  facet normal 0.67161 -0.740905 0
    outer loop
      vertex 18.9215 1.31412 5
      vertex 18.7979 1.20208 -5
      vertex 18.9215 1.31412 -5
    endloop
  endfacet
  facet normal 0.336883 -0.941546 0
    outer loop
      vertex 19.3494 1.57059 -5
      vertex 19.5065 1.6268 5
      vertex 19.3494 1.57059 5
    endloop
  endfacet
  facet normal 0.336883 -0.941546 0
    outer loop
      vertex 19.5065 1.6268 5
      vertex 19.3494 1.57059 -5
      vertex 19.5065 1.6268 -5
    endloop
  endfacet
  facet normal -0.904057 -0.427412 0
    outer loop
      vertex 21.5706 0.650561 -5
      vertex 21.4993 0.801374 5
      vertex 21.4993 0.801374 -5
    endloop
  endfacet
  facet normal -0.904057 -0.427412 0
    outer loop
      vertex 21.4993 0.801374 5
      vertex 21.5706 0.650561 -5
      vertex 21.5706 0.650561 5
    endloop
  endfacet
  facet normal -0.42754 -0.903996 0
    outer loop
      vertex 20.6506 1.57059 -5
      vertex 20.8014 1.49927 5
      vertex 20.6506 1.57059 5
    endloop
  endfacet
  facet normal -0.42754 -0.903996 -0
    outer loop
      vertex 20.8014 1.49927 5
      vertex 20.6506 1.57059 -5
      vertex 20.8014 1.49927 -5
    endloop
  endfacet
  facet normal -0.514099 -0.857731 0
    outer loop
      vertex 20.8014 1.49927 -5
      vertex 20.9445 1.4135 5
      vertex 20.8014 1.49927 5
    endloop
  endfacet
  facet normal -0.514099 -0.857731 -0
    outer loop
      vertex 20.9445 1.4135 5
      vertex 20.8014 1.49927 -5
      vertex 20.9445 1.4135 -5
    endloop
  endfacet
  facet normal 0.904057 -0.427412 0
    outer loop
      vertex 18.4294 0.650561 5
      vertex 18.5007 0.801374 -5
      vertex 18.5007 0.801374 5
    endloop
  endfacet
  facet normal 0.904057 -0.427412 0
    outer loop
      vertex 18.5007 0.801374 -5
      vertex 18.4294 0.650561 5
      vertex 18.4294 0.650561 -5
    endloop
  endfacet
  facet normal 0.14667 -0.989185 0
    outer loop
      vertex 19.6683 1.66733 -5
      vertex 19.8334 1.69181 5
      vertex 19.6683 1.66733 5
    endloop
  endfacet
  facet normal 0.14667 -0.989185 0
    outer loop
      vertex 19.8334 1.69181 5
      vertex 19.6683 1.66733 -5
      vertex 19.8334 1.69181 -5
    endloop
  endfacet
  facet normal -0.94155 0.336874 0
    outer loop
      vertex 21.5706 -0.650561 -5
      vertex 21.6268 -0.493484 5
      vertex 21.6268 -0.493484 -5
    endloop
  endfacet
  facet normal -0.94155 0.336874 0
    outer loop
      vertex 21.6268 -0.493484 5
      vertex 21.5706 -0.650561 -5
      vertex 21.5706 -0.650561 5
    endloop
  endfacet
  facet normal -0.970083 -0.242774 0
    outer loop
      vertex 21.6673 0.331653 -5
      vertex 21.6268 0.493484 5
      vertex 21.6268 0.493484 -5
    endloop
  endfacet
  facet normal -0.970083 -0.242774 0
    outer loop
      vertex 21.6268 0.493484 5
      vertex 21.6673 0.331653 -5
      vertex 21.6673 0.331653 5
    endloop
  endfacet
  facet normal -0.989158 -0.146854 0
    outer loop
      vertex 21.6918 0.166629 -5
      vertex 21.6673 0.331653 5
      vertex 21.6673 0.331653 -5
    endloop
  endfacet
  facet normal -0.989158 -0.146854 0
    outer loop
      vertex 21.6673 0.331653 5
      vertex 21.6918 0.166629 -5
      vertex 21.6918 0.166629 5
    endloop
  endfacet
  facet normal -0.94155 -0.336874 0
    outer loop
      vertex 21.6268 0.493484 -5
      vertex 21.5706 0.650561 5
      vertex 21.5706 0.650561 -5
    endloop
  endfacet
  facet normal -0.94155 -0.336874 0
    outer loop
      vertex 21.5706 0.650561 5
      vertex 21.6268 0.493484 -5
      vertex 21.6268 0.493484 5
    endloop
  endfacet
  facet normal -0.803158 -0.595766 0
    outer loop
      vertex 21.4135 0.944468 -5
      vertex 21.3141 1.07847 5
      vertex 21.3141 1.07847 -5
    endloop
  endfacet
  facet normal -0.803158 -0.595766 0
    outer loop
      vertex 21.3141 1.07847 5
      vertex 21.4135 0.944468 -5
      vertex 21.4135 0.944468 5
    endloop
  endfacet
  facet normal -0.741051 -0.671448 0
    outer loop
      vertex 21.3141 1.07847 -5
      vertex 21.2021 1.20208 5
      vertex 21.2021 1.20208 -5
    endloop
  endfacet
  facet normal -0.741051 -0.671448 0
    outer loop
      vertex 21.2021 1.20208 5
      vertex 21.3141 1.07847 -5
      vertex 21.3141 1.07847 5
    endloop
  endfacet
  facet normal -0.857642 -0.514247 0
    outer loop
      vertex 21.4993 0.801374 -5
      vertex 21.4135 0.944468 5
      vertex 21.4135 0.944468 -5
    endloop
  endfacet
  facet normal -0.857642 -0.514247 0
    outer loop
      vertex 21.4135 0.944468 5
      vertex 21.4993 0.801374 -5
      vertex 21.4993 0.801374 5
    endloop
  endfacet
  facet normal -0.242987 -0.97003 0
    outer loop
      vertex 20.3317 1.66733 -5
      vertex 20.4935 1.6268 5
      vertex 20.3317 1.66733 5
    endloop
  endfacet
  facet normal -0.242987 -0.97003 -0
    outer loop
      vertex 20.4935 1.6268 5
      vertex 20.3317 1.66733 -5
      vertex 20.4935 1.6268 -5
    endloop
  endfacet
  facet normal -0.336883 -0.941546 0
    outer loop
      vertex 20.4935 1.6268 -5
      vertex 20.6506 1.57059 5
      vertex 20.4935 1.6268 5
    endloop
  endfacet
  facet normal -0.336883 -0.941546 -0
    outer loop
      vertex 20.6506 1.57059 5
      vertex 20.4935 1.6268 -5
      vertex 20.6506 1.57059 -5
    endloop
  endfacet
  facet normal -0.14667 -0.989185 0
    outer loop
      vertex 20.1666 1.69181 -5
      vertex 20.3317 1.66733 5
      vertex 20.1666 1.69181 5
    endloop
  endfacet
  facet normal -0.14667 -0.989185 -0
    outer loop
      vertex 20.3317 1.66733 5
      vertex 20.1666 1.69181 -5
      vertex 20.3317 1.66733 -5
    endloop
  endfacet
  facet normal -0.595695 -0.803211 0
    outer loop
      vertex 20.9445 1.4135 -5
      vertex 21.0785 1.31412 5
      vertex 20.9445 1.4135 5
    endloop
  endfacet
  facet normal -0.595695 -0.803211 -0
    outer loop
      vertex 21.0785 1.31412 5
      vertex 20.9445 1.4135 -5
      vertex 21.0785 1.31412 -5
    endloop
  endfacet
  facet normal 0.970083 -0.242774 0
    outer loop
      vertex 18.3327 0.331653 5
      vertex 18.3732 0.493484 -5
      vertex 18.3732 0.493484 5
    endloop
  endfacet
  facet normal 0.970083 -0.242774 0
    outer loop
      vertex 18.3732 0.493484 -5
      vertex 18.3327 0.331653 5
      vertex 18.3327 0.331653 -5
    endloop
  endfacet
  facet normal 0.803158 -0.595766 0
    outer loop
      vertex 18.5865 0.944468 5
      vertex 18.6859 1.07847 -5
      vertex 18.6859 1.07847 5
    endloop
  endfacet
  facet normal 0.803158 -0.595766 0
    outer loop
      vertex 18.6859 1.07847 -5
      vertex 18.5865 0.944468 5
      vertex 18.5865 0.944468 -5
    endloop
  endfacet
  facet normal 0.741051 -0.671448 0
    outer loop
      vertex 18.6859 1.07847 5
      vertex 18.7979 1.20208 -5
      vertex 18.7979 1.20208 5
    endloop
  endfacet
  facet normal 0.741051 -0.671448 0
    outer loop
      vertex 18.7979 1.20208 -5
      vertex 18.6859 1.07847 5
      vertex 18.6859 1.07847 -5
    endloop
  endfacet
  facet normal 0.857642 -0.514247 0
    outer loop
      vertex 18.5007 0.801374 5
      vertex 18.5865 0.944468 -5
      vertex 18.5865 0.944468 5
    endloop
  endfacet
  facet normal 0.857642 -0.514247 0
    outer loop
      vertex 18.5865 0.944468 -5
      vertex 18.5007 0.801374 5
      vertex 18.5007 0.801374 -5
    endloop
  endfacet
  facet normal 0.94155 -0.336874 0
    outer loop
      vertex 18.3732 0.493484 5
      vertex 18.4294 0.650561 -5
      vertex 18.4294 0.650561 5
    endloop
  endfacet
  facet normal 0.94155 -0.336874 0
    outer loop
      vertex 18.4294 0.650561 -5
      vertex 18.3732 0.493484 5
      vertex 18.3732 0.493484 -5
    endloop
  endfacet
  facet normal 0.989158 -0.146854 0
    outer loop
      vertex 18.3082 0.166629 5
      vertex 18.3327 0.331653 -5
      vertex 18.3327 0.331653 5
    endloop
  endfacet
  facet normal 0.989158 -0.146854 0
    outer loop
      vertex 18.3327 0.331653 -5
      vertex 18.3082 0.166629 5
      vertex 18.3082 0.166629 -5
    endloop
  endfacet
  facet normal 0.514099 -0.857731 0
    outer loop
      vertex 19.0555 1.4135 -5
      vertex 19.1986 1.49927 5
      vertex 19.0555 1.4135 5
    endloop
  endfacet
  facet normal 0.514099 -0.857731 0
    outer loop
      vertex 19.1986 1.49927 5
      vertex 19.0555 1.4135 -5
      vertex 19.1986 1.49927 -5
    endloop
  endfacet
  facet normal 0.42754 -0.903996 0
    outer loop
      vertex 19.1986 1.49927 -5
      vertex 19.3494 1.57059 5
      vertex 19.1986 1.49927 5
    endloop
  endfacet
  facet normal 0.42754 -0.903996 0
    outer loop
      vertex 19.3494 1.57059 5
      vertex 19.1986 1.49927 -5
      vertex 19.3494 1.57059 -5
    endloop
  endfacet
  facet normal 0.595695 -0.803211 0
    outer loop
      vertex 18.9215 1.31412 -5
      vertex 19.0555 1.4135 5
      vertex 18.9215 1.31412 5
    endloop
  endfacet
  facet normal 0.595695 -0.803211 0
    outer loop
      vertex 19.0555 1.4135 5
      vertex 18.9215 1.31412 -5
      vertex 19.0555 1.4135 -5
    endloop
  endfacet
  facet normal 0.242987 -0.97003 0
    outer loop
      vertex 19.5065 1.6268 -5
      vertex 19.6683 1.66733 5
      vertex 19.5065 1.6268 5
    endloop
  endfacet
  facet normal 0.242987 -0.97003 0
    outer loop
      vertex 19.6683 1.66733 5
      vertex 19.5065 1.6268 -5
      vertex 19.6683 1.66733 -5
    endloop
  endfacet
  facet normal 0.0491004 -0.998794 0
    outer loop
      vertex 19.8334 1.69181 -5
      vertex 20 1.7 5
      vertex 19.8334 1.69181 5
    endloop
  endfacet
  facet normal 0.0491004 -0.998794 0
    outer loop
      vertex 20 1.7 5
      vertex 19.8334 1.69181 -5
      vertex 20 1.7 -5
    endloop
  endfacet
  facet normal -0.998791 0.0491516 0
    outer loop
      vertex 21.6918 -0.166629 -5
      vertex 21.7 0 5
      vertex 21.7 0 -5
    endloop
  endfacet
  facet normal -0.998791 0.0491516 0
    outer loop
      vertex 21.7 0 5
      vertex 21.6918 -0.166629 -5
      vertex 21.6918 -0.166629 5
    endloop
  endfacet
  facet normal -0.0491004 0.998794 0
    outer loop
      vertex 20.1666 -1.69181 -5
      vertex 20 -1.7 5
      vertex 20.1666 -1.69181 5
    endloop
  endfacet
  facet normal -0.0491004 0.998794 0
    outer loop
      vertex 20 -1.7 5
      vertex 20.1666 -1.69181 -5
      vertex 20 -1.7 -5
    endloop
  endfacet
  facet normal -0.67161 0.740905 0
    outer loop
      vertex 21.2021 -1.20208 -5
      vertex 21.0785 -1.31412 5
      vertex 21.2021 -1.20208 5
    endloop
  endfacet
  facet normal -0.67161 0.740905 0
    outer loop
      vertex 21.0785 -1.31412 5
      vertex 21.2021 -1.20208 -5
      vertex 21.0785 -1.31412 -5
    endloop
  endfacet
  facet normal -0.514099 0.857731 0
    outer loop
      vertex 20.9445 -1.4135 -5
      vertex 20.8014 -1.49927 5
      vertex 20.9445 -1.4135 5
    endloop
  endfacet
  facet normal -0.514099 0.857731 0
    outer loop
      vertex 20.8014 -1.49927 5
      vertex 20.9445 -1.4135 -5
      vertex 20.8014 -1.49927 -5
    endloop
  endfacet
  facet normal -0.803158 0.595766 0
    outer loop
      vertex 21.3141 -1.07847 -5
      vertex 21.4135 -0.944468 5
      vertex 21.4135 -0.944468 -5
    endloop
  endfacet
  facet normal -0.803158 0.595766 0
    outer loop
      vertex 21.4135 -0.944468 5
      vertex 21.3141 -1.07847 -5
      vertex 21.3141 -1.07847 5
    endloop
  endfacet
  facet normal -0.904057 0.427412 0
    outer loop
      vertex 21.4993 -0.801374 -5
      vertex 21.5706 -0.650561 5
      vertex 21.5706 -0.650561 -5
    endloop
  endfacet
  facet normal -0.904057 0.427412 0
    outer loop
      vertex 21.5706 -0.650561 5
      vertex 21.4993 -0.801374 -5
      vertex 21.4993 -0.801374 5
    endloop
  endfacet
  facet normal 0.67161 0.740905 -0
    outer loop
      vertex 18.9215 -1.31412 -5
      vertex 18.7979 -1.20208 5
      vertex 18.9215 -1.31412 5
    endloop
  endfacet
  facet normal 0.67161 0.740905 0
    outer loop
      vertex 18.7979 -1.20208 5
      vertex 18.9215 -1.31412 -5
      vertex 18.7979 -1.20208 -5
    endloop
  endfacet
  facet normal 0.514099 0.857731 -0
    outer loop
      vertex 19.1986 -1.49927 -5
      vertex 19.0555 -1.4135 5
      vertex 19.1986 -1.49927 5
    endloop
  endfacet
  facet normal 0.514099 0.857731 0
    outer loop
      vertex 19.0555 -1.4135 5
      vertex 19.1986 -1.49927 -5
      vertex 19.0555 -1.4135 -5
    endloop
  endfacet
  facet normal 0.336883 0.941546 -0
    outer loop
      vertex 19.5065 -1.6268 -5
      vertex 19.3494 -1.57059 5
      vertex 19.5065 -1.6268 5
    endloop
  endfacet
  facet normal 0.336883 0.941546 0
    outer loop
      vertex 19.3494 -1.57059 5
      vertex 19.5065 -1.6268 -5
      vertex 19.3494 -1.57059 -5
    endloop
  endfacet
  facet normal 0.14667 0.989185 -0
    outer loop
      vertex 19.8334 -1.69181 -5
      vertex 19.6683 -1.66733 5
      vertex 19.8334 -1.69181 5
    endloop
  endfacet
  facet normal 0.14667 0.989185 0
    outer loop
      vertex 19.6683 -1.66733 5
      vertex 19.8334 -1.69181 -5
      vertex 19.6683 -1.66733 -5
    endloop
  endfacet
  facet normal 0.857642 0.514247 0
    outer loop
      vertex 18.5865 -0.944468 5
      vertex 18.5007 -0.801374 -5
      vertex 18.5007 -0.801374 5
    endloop
  endfacet
  facet normal 0.857642 0.514247 0
    outer loop
      vertex 18.5007 -0.801374 -5
      vertex 18.5865 -0.944468 5
      vertex 18.5865 -0.944468 -5
    endloop
  endfacet
  facet normal 0.904057 0.427412 0
    outer loop
      vertex 18.5007 -0.801374 5
      vertex 18.4294 -0.650561 -5
      vertex 18.4294 -0.650561 5
    endloop
  endfacet
  facet normal 0.904057 0.427412 0
    outer loop
      vertex 18.4294 -0.650561 -5
      vertex 18.5007 -0.801374 5
      vertex 18.5007 -0.801374 -5
    endloop
  endfacet
  facet normal 0.803158 0.595766 0
    outer loop
      vertex 18.6859 -1.07847 5
      vertex 18.5865 -0.944468 -5
      vertex 18.5865 -0.944468 5
    endloop
  endfacet
  facet normal 0.803158 0.595766 0
    outer loop
      vertex 18.5865 -0.944468 -5
      vertex 18.6859 -1.07847 5
      vertex 18.6859 -1.07847 -5
    endloop
  endfacet
  facet normal 0.970083 0.242774 0
    outer loop
      vertex 18.3732 -0.493484 5
      vertex 18.3327 -0.331653 -5
      vertex 18.3327 -0.331653 5
    endloop
  endfacet
  facet normal 0.970083 0.242774 0
    outer loop
      vertex 18.3327 -0.331653 -5
      vertex 18.3732 -0.493484 5
      vertex 18.3732 -0.493484 -5
    endloop
  endfacet
  facet normal 0.94155 0.336874 0
    outer loop
      vertex 18.4294 -0.650561 5
      vertex 18.3732 -0.493484 -5
      vertex 18.3732 -0.493484 5
    endloop
  endfacet
  facet normal 0.94155 0.336874 0
    outer loop
      vertex 18.3732 -0.493484 -5
      vertex 18.4294 -0.650561 5
      vertex 18.4294 -0.650561 -5
    endloop
  endfacet
  facet normal 0.998791 0.0491516 0
    outer loop
      vertex 18.3082 -0.166629 5
      vertex 18.3 0 -5
      vertex 18.3 0 5
    endloop
  endfacet
  facet normal 0.998791 0.0491516 0
    outer loop
      vertex 18.3 0 -5
      vertex 18.3082 -0.166629 5
      vertex 18.3082 -0.166629 -5
    endloop
  endfacet
  facet normal -0.14667 0.989185 0
    outer loop
      vertex 20.3317 -1.66733 -5
      vertex 20.1666 -1.69181 5
      vertex 20.3317 -1.66733 5
    endloop
  endfacet
  facet normal -0.14667 0.989185 0
    outer loop
      vertex 20.1666 -1.69181 5
      vertex 20.3317 -1.66733 -5
      vertex 20.1666 -1.69181 -5
    endloop
  endfacet
  facet normal -0.336883 0.941546 0
    outer loop
      vertex 20.6506 -1.57059 -5
      vertex 20.4935 -1.6268 5
      vertex 20.6506 -1.57059 5
    endloop
  endfacet
  facet normal -0.336883 0.941546 0
    outer loop
      vertex 20.4935 -1.6268 5
      vertex 20.6506 -1.57059 -5
      vertex 20.4935 -1.6268 -5
    endloop
  endfacet
  facet normal -0.42754 0.903996 0
    outer loop
      vertex 20.8014 -1.49927 -5
      vertex 20.6506 -1.57059 5
      vertex 20.8014 -1.49927 5
    endloop
  endfacet
  facet normal -0.42754 0.903996 0
    outer loop
      vertex 20.6506 -1.57059 5
      vertex 20.8014 -1.49927 -5
      vertex 20.6506 -1.57059 -5
    endloop
  endfacet
  facet normal -0.242987 0.97003 0
    outer loop
      vertex 20.4935 -1.6268 -5
      vertex 20.3317 -1.66733 5
      vertex 20.4935 -1.6268 5
    endloop
  endfacet
  facet normal -0.242987 0.97003 0
    outer loop
      vertex 20.3317 -1.66733 5
      vertex 20.4935 -1.6268 -5
      vertex 20.3317 -1.66733 -5
    endloop
  endfacet
  facet normal -0.741051 0.671448 0
    outer loop
      vertex 21.2021 -1.20208 -5
      vertex 21.3141 -1.07847 5
      vertex 21.3141 -1.07847 -5
    endloop
  endfacet
  facet normal -0.741051 0.671448 0
    outer loop
      vertex 21.3141 -1.07847 5
      vertex 21.2021 -1.20208 -5
      vertex 21.2021 -1.20208 5
    endloop
  endfacet
  facet normal -0.595695 0.803211 0
    outer loop
      vertex 21.0785 -1.31412 -5
      vertex 20.9445 -1.4135 5
      vertex 21.0785 -1.31412 5
    endloop
  endfacet
  facet normal -0.595695 0.803211 0
    outer loop
      vertex 20.9445 -1.4135 5
      vertex 21.0785 -1.31412 -5
      vertex 20.9445 -1.4135 -5
    endloop
  endfacet
  facet normal -0.857642 0.514247 0
    outer loop
      vertex 21.4135 -0.944468 -5
      vertex 21.4993 -0.801374 5
      vertex 21.4993 -0.801374 -5
    endloop
  endfacet
  facet normal -0.857642 0.514247 0
    outer loop
      vertex 21.4993 -0.801374 5
      vertex 21.4135 -0.944468 -5
      vertex 21.4135 -0.944468 5
    endloop
  endfacet
  facet normal -0.989158 0.146854 0
    outer loop
      vertex 21.6673 -0.331653 -5
      vertex 21.6918 -0.166629 5
      vertex 21.6918 -0.166629 -5
    endloop
  endfacet
  facet normal -0.989158 0.146854 0
    outer loop
      vertex 21.6918 -0.166629 5
      vertex 21.6673 -0.331653 -5
      vertex 21.6673 -0.331653 5
    endloop
  endfacet
  facet normal -0.970083 0.242774 0
    outer loop
      vertex 21.6268 -0.493484 -5
      vertex 21.6673 -0.331653 5
      vertex 21.6673 -0.331653 -5
    endloop
  endfacet
  facet normal -0.970083 0.242774 0
    outer loop
      vertex 21.6673 -0.331653 5
      vertex 21.6268 -0.493484 -5
      vertex 21.6268 -0.493484 5
    endloop
  endfacet
  facet normal 0.595695 0.803211 -0
    outer loop
      vertex 19.0555 -1.4135 -5
      vertex 18.9215 -1.31412 5
      vertex 19.0555 -1.4135 5
    endloop
  endfacet
  facet normal 0.595695 0.803211 0
    outer loop
      vertex 18.9215 -1.31412 5
      vertex 19.0555 -1.4135 -5
      vertex 18.9215 -1.31412 -5
    endloop
  endfacet
  facet normal 0.42754 0.903996 -0
    outer loop
      vertex 19.3494 -1.57059 -5
      vertex 19.1986 -1.49927 5
      vertex 19.3494 -1.57059 5
    endloop
  endfacet
  facet normal 0.42754 0.903996 0
    outer loop
      vertex 19.1986 -1.49927 5
      vertex 19.3494 -1.57059 -5
      vertex 19.1986 -1.49927 -5
    endloop
  endfacet
  facet normal 0.242987 0.97003 -0
    outer loop
      vertex 19.6683 -1.66733 -5
      vertex 19.5065 -1.6268 5
      vertex 19.6683 -1.66733 5
    endloop
  endfacet
  facet normal 0.242987 0.97003 0
    outer loop
      vertex 19.5065 -1.6268 5
      vertex 19.6683 -1.66733 -5
      vertex 19.5065 -1.6268 -5
    endloop
  endfacet
  facet normal 0.989158 0.146854 0
    outer loop
      vertex 18.3327 -0.331653 5
      vertex 18.3082 -0.166629 -5
      vertex 18.3082 -0.166629 5
    endloop
  endfacet
  facet normal 0.989158 0.146854 0
    outer loop
      vertex 18.3082 -0.166629 -5
      vertex 18.3327 -0.331653 5
      vertex 18.3327 -0.331653 -5
    endloop
  endfacet
  facet normal 0 0 1
    outer loop
      vertex 21.7 0 5
      vertex 28 0 5
      vertex 27.9615 0.784137 5
    endloop
  endfacet
  facet normal 0 0 1
    outer loop
      vertex 21.6918 0.166629 5
      vertex 27.9615 0.784137 5
      vertex 27.8463 1.56072 5
    endloop
  endfacet
  facet normal 0 0 1
    outer loop
      vertex 28 0 5
      vertex 21.7 0 5
      vertex 27.9615 -0.784137 5
    endloop
  endfacet
  facet normal 0 0 1
    outer loop
      vertex 21.6673 0.331653 5
      vertex 27.8463 1.56072 5
      vertex 27.6555 2.32228 5
    endloop
  endfacet
  facet normal -0 0 1
    outer loop
      vertex 21.6918 -0.166629 5
      vertex 27.9615 -0.784137 5
      vertex 21.7 0 5
    endloop
  endfacet
  facet normal 0 0 1
    outer loop
      vertex 21.6268 0.493484 5
      vertex 27.6555 2.32228 5
      vertex 27.391 3.06147 5
    endloop
  endfacet
  facet normal 0 0 1
    outer loop
      vertex 27.9615 -0.784137 5
      vertex 21.6918 -0.166629 5
      vertex 27.8463 -1.56072 5
    endloop
  endfacet
  facet normal 0 0 1
    outer loop
      vertex 21.5706 0.650561 5
      vertex 27.391 3.06147 5
      vertex 27.0554 3.77117 5
    endloop
  endfacet
  facet normal -0 0 1
    outer loop
      vertex 21.6673 -0.331653 5
      vertex 27.8463 -1.56072 5
      vertex 21.6918 -0.166629 5
    endloop
  endfacet
  facet normal 0 0 1
    outer loop
      vertex 21.4993 0.801374 5
      vertex 27.0554 3.77117 5
      vertex 26.6518 4.44456 5
    endloop
  endfacet
  facet normal 0 0 1
    outer loop
      vertex 27.8463 -1.56072 5
      vertex 21.6673 -0.331653 5
      vertex 27.6555 -2.32228 5
    endloop
  endfacet
  facet normal 0 0 1
    outer loop
      vertex 21.4135 0.944468 5
      vertex 26.6518 4.44456 5
      vertex 26.1841 5.07515 5
    endloop
  endfacet
  facet normal -0 0 1
    outer loop
      vertex 21.6268 -0.493484 5
      vertex 27.6555 -2.32228 5
      vertex 21.6673 -0.331653 5
    endloop
  endfacet
  facet normal 0 0 1
    outer loop
      vertex 21.3141 1.07847 5
      vertex 26.1841 5.07515 5
      vertex 25.6569 5.65685 5
    endloop
  endfacet
  facet normal 0 0 1
    outer loop
      vertex 27.6555 -2.32228 5
      vertex 21.6268 -0.493484 5
      vertex 27.391 -3.06147 5
    endloop
  endfacet
  facet normal 0 0 1
    outer loop
      vertex 21.2021 1.20208 5
      vertex 25.6569 5.65685 5
      vertex 25.0751 6.18408 5
    endloop
  endfacet
  facet normal -0 0 1
    outer loop
      vertex 21.5706 -0.650561 5
      vertex 27.391 -3.06147 5
      vertex 21.6268 -0.493484 5
    endloop
  endfacet
  facet normal 0 0 1
    outer loop
      vertex 21.0785 1.31412 5
      vertex 25.0751 6.18408 5
      vertex 24.4446 6.65176 5
    endloop
  endfacet
  facet normal 0 0 1
    outer loop
      vertex 27.391 -3.06147 5
      vertex 21.5706 -0.650561 5
      vertex 27.0554 -3.77117 5
    endloop
  endfacet
  facet normal 0 0 1
    outer loop
      vertex 20.9445 1.4135 5
      vertex 24.4446 6.65176 5
      vertex 23.7712 7.05537 5
    endloop
  endfacet
  facet normal -0 0 1
    outer loop
      vertex 21.4993 -0.801374 5
      vertex 27.0554 -3.77117 5
      vertex 21.5706 -0.650561 5
    endloop
  endfacet
  facet normal 0 0 1
    outer loop
      vertex 20.8014 1.49927 5
      vertex 23.7712 7.05537 5
      vertex 23.0615 7.39104 5
    endloop
  endfacet
  facet normal 0 0 1
    outer loop
      vertex 27.0554 -3.77117 5
      vertex 21.4993 -0.801374 5
      vertex 26.6518 -4.44456 5
    endloop
  endfacet
  facet normal 0 0 1
    outer loop
      vertex 20.6506 1.57059 5
      vertex 23.0615 7.39104 5
      vertex 22.3223 7.65552 5
    endloop
  endfacet
  facet normal -0 0 1
    outer loop
      vertex 21.4135 -0.944468 5
      vertex 26.6518 -4.44456 5
      vertex 21.4993 -0.801374 5
    endloop
  endfacet
  facet normal 0 0 1
    outer loop
      vertex 26.6518 -4.44456 5
      vertex 21.4135 -0.944468 5
      vertex 26.1841 -5.07515 5
    endloop
  endfacet
  facet normal 0 0 1
    outer loop
      vertex 27.9615 0.784137 5
      vertex 21.6918 0.166629 5
      vertex 21.7 0 5
    endloop
  endfacet
  facet normal 0 0 1
    outer loop
      vertex 27.8463 1.56072 5
      vertex 21.6673 0.331653 5
      vertex 21.6918 0.166629 5
    endloop
  endfacet
  facet normal 0 0 1
    outer loop
      vertex 27.6555 2.32228 5
      vertex 21.6268 0.493484 5
      vertex 21.6673 0.331653 5
    endloop
  endfacet
  facet normal 0 0 1
    outer loop
      vertex 27.391 3.06147 5
      vertex 21.5706 0.650561 5
      vertex 21.6268 0.493484 5
    endloop
  endfacet
  facet normal 0 0 1
    outer loop
      vertex 20.4935 1.6268 5
      vertex 22.3223 7.65552 5
      vertex 21.5607 7.84628 5
    endloop
  endfacet
  facet normal 0 0 1
    outer loop
      vertex 27.0554 3.77117 5
      vertex 21.4993 0.801374 5
      vertex 21.5706 0.650561 5
    endloop
  endfacet
  facet normal 0 0 1
    outer loop
      vertex 26.6518 4.44456 5
      vertex 21.4135 0.944468 5
      vertex 21.4993 0.801374 5
    endloop
  endfacet
  facet normal 0 0 1
    outer loop
      vertex 26.1841 5.07515 5
      vertex 21.3141 1.07847 5
      vertex 21.4135 0.944468 5
    endloop
  endfacet
  facet normal 0 0 1
    outer loop
      vertex 25.6569 5.65685 5
      vertex 21.2021 1.20208 5
      vertex 21.3141 1.07847 5
    endloop
  endfacet
  facet normal 0 0 1
    outer loop
      vertex 25.0751 6.18408 5
      vertex 21.0785 1.31412 5
      vertex 21.2021 1.20208 5
    endloop
  endfacet
  facet normal 0 0 1
    outer loop
      vertex 24.4446 6.65176 5
      vertex 20.9445 1.4135 5
      vertex 21.0785 1.31412 5
    endloop
  endfacet
  facet normal 0 0 1
    outer loop
      vertex 23.7712 7.05537 5
      vertex 20.8014 1.49927 5
      vertex 20.9445 1.4135 5
    endloop
  endfacet
  facet normal 0 0 1
    outer loop
      vertex 20.3317 1.66733 5
      vertex 21.5607 7.84628 5
      vertex 20.7841 7.96148 5
    endloop
  endfacet
  facet normal 0 0 1
    outer loop
      vertex 23.0615 7.39104 5
      vertex 20.6506 1.57059 5
      vertex 20.8014 1.49927 5
    endloop
  endfacet
  facet normal 0 0 1
    outer loop
      vertex 22.3223 7.65552 5
      vertex 20.4935 1.6268 5
      vertex 20.6506 1.57059 5
    endloop
  endfacet
  facet normal 0 0 1
    outer loop
      vertex 21.5607 7.84628 5
      vertex 20.3317 1.66733 5
      vertex 20.4935 1.6268 5
    endloop
  endfacet
  facet normal 0 0 1
    outer loop
      vertex 20.7841 7.96148 5
      vertex 20.1666 1.69181 5
      vertex 20.3317 1.66733 5
    endloop
  endfacet
  facet normal 0 0 1
    outer loop
      vertex 20 8 5
      vertex 20.1666 1.69181 5
      vertex 20.7841 7.96148 5
    endloop
  endfacet
  facet normal 0 0 1
    outer loop
      vertex 20 8 5
      vertex 20 1.7 5
      vertex 20.1666 1.69181 5
    endloop
  endfacet
  facet normal 0 0 1
    outer loop
      vertex 20 8 5
      vertex 19.8334 1.69181 5
      vertex 20 1.7 5
    endloop
  endfacet
  facet normal 0 0 1
    outer loop
      vertex 20 8 5
      vertex 19.6683 1.66733 5
      vertex 19.8334 1.69181 5
    endloop
  endfacet
  facet normal 0 0 1
    outer loop
      vertex 20 8 5
      vertex 19.5065 1.6268 5
      vertex 19.6683 1.66733 5
    endloop
  endfacet
  facet normal 0 0 1
    outer loop
      vertex 20 8 5
      vertex 19.3494 1.57059 5
      vertex 19.5065 1.6268 5
    endloop
  endfacet
  facet normal 0 0 1
    outer loop
      vertex 20 8 5
      vertex 19.1986 1.49927 5
      vertex 19.3494 1.57059 5
    endloop
  endfacet
  facet normal 0 0 1
    outer loop
      vertex 20 8 5
      vertex 19.0555 1.4135 5
      vertex 19.1986 1.49927 5
    endloop
  endfacet
  facet normal 0 0 1
    outer loop
      vertex 20 8 5
      vertex 18.9215 1.31412 5
      vertex 19.0555 1.4135 5
    endloop
  endfacet
  facet normal 0 0 1
    outer loop
      vertex 20 8 5
      vertex 18.7979 1.20208 5
      vertex 18.9215 1.31412 5
    endloop
  endfacet
  facet normal 0 0 1
    outer loop
      vertex 20 8 5
      vertex 18.6859 1.07847 5
      vertex 18.7979 1.20208 5
    endloop
  endfacet
  facet normal 0 0 1
    outer loop
      vertex 20 8 5
      vertex 18.5865 0.944468 5
      vertex 18.6859 1.07847 5
    endloop
  endfacet
  facet normal 0 0 1
    outer loop
      vertex 20 8 5
      vertex 18.5007 0.801374 5
      vertex 18.5865 0.944468 5
    endloop
  endfacet
  facet normal 0 0 1
    outer loop
      vertex 20 8 5
      vertex 18.4294 0.650561 5
      vertex 18.5007 0.801374 5
    endloop
  endfacet
  facet normal 0 0 1
    outer loop
      vertex -18.4294 0.650561 5
      vertex 18.4294 0.650561 5
      vertex 20 8 5
    endloop
  endfacet
  facet normal 0 0 1
    outer loop
      vertex 18.4294 0.650561 5
      vertex -18.4294 0.650561 5
      vertex 18.3732 0.493484 5
    endloop
  endfacet
  facet normal 0 0 1
    outer loop
      vertex 18.3082 0.166629 5
      vertex -18.3 0 5
      vertex 18.3 0 5
    endloop
  endfacet
  facet normal 0 0 1
    outer loop
      vertex -18.3082 0.166629 5
      vertex 18.3082 0.166629 5
      vertex 18.3327 0.331653 5
    endloop
  endfacet
  facet normal 0 -0 1
    outer loop
      vertex -18.3732 0.493484 5
      vertex 18.3732 0.493484 5
      vertex -18.4294 0.650561 5
    endloop
  endfacet
  facet normal 0 0 1
    outer loop
      vertex 18.3082 0.166629 5
      vertex -18.3082 0.166629 5
      vertex -18.3 0 5
    endloop
  endfacet
  facet normal 0 0 1
    outer loop
      vertex 18.3327 0.331653 5
      vertex -18.3327 0.331653 5
      vertex -18.3082 0.166629 5
    endloop
  endfacet
  facet normal 0 0 1
    outer loop
      vertex 18.3327 0.331653 5
      vertex -18.3732 0.493484 5
      vertex -18.3327 0.331653 5
    endloop
  endfacet
  facet normal 0 0 1
    outer loop
      vertex 18.3732 0.493484 5
      vertex -18.3732 0.493484 5
      vertex 18.3327 0.331653 5
    endloop
  endfacet
  facet normal -0 0 1
    outer loop
      vertex -20 8 5
      vertex -18.4294 0.650561 5
      vertex 20 8 5
    endloop
  endfacet
  facet normal 0 0 1
    outer loop
      vertex -18.4294 0.650561 5
      vertex -20 8 5
      vertex -18.5007 0.801374 5
    endloop
  endfacet
  facet normal 0 0 1
    outer loop
      vertex -18.5007 0.801374 5
      vertex -20 8 5
      vertex -18.5865 0.944468 5
    endloop
  endfacet
  facet normal 0 0 1
    outer loop
      vertex -18.5865 0.944468 5
      vertex -20 8 5
      vertex -18.6859 1.07847 5
    endloop
  endfacet
  facet normal 0 0 1
    outer loop
      vertex -18.6859 1.07847 5
      vertex -20 8 5
      vertex -18.7979 1.20208 5
    endloop
  endfacet
  facet normal 0 0 1
    outer loop
      vertex -18.7979 1.20208 5
      vertex -20 8 5
      vertex -18.9215 1.31412 5
    endloop
  endfacet
  facet normal 0 0 1
    outer loop
      vertex -18.9215 1.31412 5
      vertex -20 8 5
      vertex -19.0555 1.4135 5
    endloop
  endfacet
  facet normal 0 0 1
    outer loop
      vertex -19.0555 1.4135 5
      vertex -20 8 5
      vertex -19.1986 1.49927 5
    endloop
  endfacet
  facet normal 0 0 1
    outer loop
      vertex -19.1986 1.49927 5
      vertex -20 8 5
      vertex -19.3494 1.57059 5
    endloop
  endfacet
  facet normal 0 0 1
    outer loop
      vertex -19.3494 1.57059 5
      vertex -20 8 5
      vertex -19.5065 1.6268 5
    endloop
  endfacet
  facet normal 0 0 1
    outer loop
      vertex -19.5065 1.6268 5
      vertex -20 8 5
      vertex -19.6683 1.66733 5
    endloop
  endfacet
  facet normal 0 0 1
    outer loop
      vertex -19.6683 1.66733 5
      vertex -20 8 5
      vertex -19.8334 1.69181 5
    endloop
  endfacet
  facet normal 0 0 1
    outer loop
      vertex -20 8 5
      vertex -20 1.7 5
      vertex -19.8334 1.69181 5
    endloop
  endfacet
  facet normal 0 0 1
    outer loop
      vertex -20 8 5
      vertex -20.1666 1.69181 5
      vertex -20 1.7 5
    endloop
  endfacet
  facet normal -0 0 1
    outer loop
      vertex -20.7841 7.96148 5
      vertex -20.1666 1.69181 5
      vertex -20 8 5
    endloop
  endfacet
  facet normal 0 0 1
    outer loop
      vertex -20.1666 1.69181 5
      vertex -20.7841 7.96148 5
      vertex -20.3317 1.66733 5
    endloop
  endfacet
  facet normal -0 0 1
    outer loop
      vertex -21.5607 7.84628 5
      vertex -20.3317 1.66733 5
      vertex -20.7841 7.96148 5
    endloop
  endfacet
  facet normal 0 0 1
    outer loop
      vertex -20.3317 1.66733 5
      vertex -21.5607 7.84628 5
      vertex -20.4935 1.6268 5
    endloop
  endfacet
  facet normal -0 0 1
    outer loop
      vertex -22.3223 7.65552 5
      vertex -20.4935 1.6268 5
      vertex -21.5607 7.84628 5
    endloop
  endfacet
  facet normal 0 0 1
    outer loop
      vertex -20.4935 1.6268 5
      vertex -22.3223 7.65552 5
      vertex -20.6506 1.57059 5
    endloop
  endfacet
  facet normal -0 0 1
    outer loop
      vertex -23.0615 7.39104 5
      vertex -20.6506 1.57059 5
      vertex -22.3223 7.65552 5
    endloop
  endfacet
  facet normal 0 0 1
    outer loop
      vertex -20.6506 1.57059 5
      vertex -23.0615 7.39104 5
      vertex -20.8014 1.49927 5
    endloop
  endfacet
  facet normal -0 0 1
    outer loop
      vertex -23.7712 7.05537 5
      vertex -20.8014 1.49927 5
      vertex -23.0615 7.39104 5
    endloop
  endfacet
  facet normal 0 0 1
    outer loop
      vertex -20.8014 1.49927 5
      vertex -23.7712 7.05537 5
      vertex -20.9445 1.4135 5
    endloop
  endfacet
  facet normal -0 0 1
    outer loop
      vertex -24.4446 6.65176 5
      vertex -20.9445 1.4135 5
      vertex -23.7712 7.05537 5
    endloop
  endfacet
  facet normal 0 0 1
    outer loop
      vertex -20.9445 1.4135 5
      vertex -24.4446 6.65176 5
      vertex -21.0785 1.31412 5
    endloop
  endfacet
  facet normal -0 0 1
    outer loop
      vertex -25.0751 6.18408 5
      vertex -21.0785 1.31412 5
      vertex -24.4446 6.65176 5
    endloop
  endfacet
  facet normal 0 0 1
    outer loop
      vertex -21.0785 1.31412 5
      vertex -25.0751 6.18408 5
      vertex -21.2021 1.20208 5
    endloop
  endfacet
  facet normal -0 0 1
    outer loop
      vertex -25.6569 5.65685 5
      vertex -21.2021 1.20208 5
      vertex -25.0751 6.18408 5
    endloop
  endfacet
  facet normal 0 0 1
    outer loop
      vertex -21.2021 1.20208 5
      vertex -25.6569 5.65685 5
      vertex -21.3141 1.07847 5
    endloop
  endfacet
  facet normal -0 0 1
    outer loop
      vertex -26.1841 5.07515 5
      vertex -21.3141 1.07847 5
      vertex -25.6569 5.65685 5
    endloop
  endfacet
  facet normal 0 0 1
    outer loop
      vertex -21.3141 1.07847 5
      vertex -26.1841 5.07515 5
      vertex -21.4135 0.944468 5
    endloop
  endfacet
  facet normal -0 0 1
    outer loop
      vertex 21.3141 -1.07847 5
      vertex 26.1841 -5.07515 5
      vertex 21.4135 -0.944468 5
    endloop
  endfacet
  facet normal 0 0 1
    outer loop
      vertex 26.1841 -5.07515 5
      vertex 21.3141 -1.07847 5
      vertex 25.6569 -5.65685 5
    endloop
  endfacet
  facet normal -0 0 1
    outer loop
      vertex 21.2021 -1.20208 5
      vertex 25.6569 -5.65685 5
      vertex 21.3141 -1.07847 5
    endloop
  endfacet
  facet normal 0 0 1
    outer loop
      vertex 25.6569 -5.65685 5
      vertex 21.2021 -1.20208 5
      vertex 25.0751 -6.18408 5
    endloop
  endfacet
  facet normal -0 0 1
    outer loop
      vertex 21.0785 -1.31412 5
      vertex 25.0751 -6.18408 5
      vertex 21.2021 -1.20208 5
    endloop
  endfacet
  facet normal 0 0 1
    outer loop
      vertex 25.0751 -6.18408 5
      vertex 21.0785 -1.31412 5
      vertex 24.4446 -6.65176 5
    endloop
  endfacet
  facet normal -0 0 1
    outer loop
      vertex 20.9445 -1.4135 5
      vertex 24.4446 -6.65176 5
      vertex 21.0785 -1.31412 5
    endloop
  endfacet
  facet normal 0 0 1
    outer loop
      vertex 24.4446 -6.65176 5
      vertex 20.9445 -1.4135 5
      vertex 23.7712 -7.05537 5
    endloop
  endfacet
  facet normal -0 0 1
    outer loop
      vertex 20.8014 -1.49927 5
      vertex 23.7712 -7.05537 5
      vertex 20.9445 -1.4135 5
    endloop
  endfacet
  facet normal 0 0 1
    outer loop
      vertex 23.7712 -7.05537 5
      vertex 20.8014 -1.49927 5
      vertex 23.0615 -7.39104 5
    endloop
  endfacet
  facet normal -0 0 1
    outer loop
      vertex 20.6506 -1.57059 5
      vertex 23.0615 -7.39104 5
      vertex 20.8014 -1.49927 5
    endloop
  endfacet
  facet normal 0 0 1
    outer loop
      vertex 23.0615 -7.39104 5
      vertex 20.6506 -1.57059 5
      vertex 22.3223 -7.65552 5
    endloop
  endfacet
  facet normal -0 0 1
    outer loop
      vertex 20.4935 -1.6268 5
      vertex 22.3223 -7.65552 5
      vertex 20.6506 -1.57059 5
    endloop
  endfacet
  facet normal 0 0 1
    outer loop
      vertex 22.3223 -7.65552 5
      vertex 20.4935 -1.6268 5
      vertex 21.5607 -7.84628 5
    endloop
  endfacet
  facet normal -0 0 1
    outer loop
      vertex 20.3317 -1.66733 5
      vertex 21.5607 -7.84628 5
      vertex 20.4935 -1.6268 5
    endloop
  endfacet
  facet normal 0 0 1
    outer loop
      vertex 21.5607 -7.84628 5
      vertex 20.3317 -1.66733 5
      vertex 20.7841 -7.96148 5
    endloop
  endfacet
  facet normal -0 0 1
    outer loop
      vertex 20.1666 -1.69181 5
      vertex 20.7841 -7.96148 5
      vertex 20.3317 -1.66733 5
    endloop
  endfacet
  facet normal -0 0 1
    outer loop
      vertex 20 -1.7 5
      vertex 20.7841 -7.96148 5
      vertex 20.1666 -1.69181 5
    endloop
  endfacet
  facet normal 0 0 1
    outer loop
      vertex 20 -1.7 5
      vertex 20 -8 5
      vertex 20.7841 -7.96148 5
    endloop
  endfacet
  facet normal 0 0 1
    outer loop
      vertex 19.8334 -1.69181 5
      vertex 20 -8 5
      vertex 20 -1.7 5
    endloop
  endfacet
  facet normal 0 0 1
    outer loop
      vertex 19.6683 -1.66733 5
      vertex 20 -8 5
      vertex 19.8334 -1.69181 5
    endloop
  endfacet
  facet normal 0 0 1
    outer loop
      vertex 19.5065 -1.6268 5
      vertex 20 -8 5
      vertex 19.6683 -1.66733 5
    endloop
  endfacet
  facet normal 0 0 1
    outer loop
      vertex 19.3494 -1.57059 5
      vertex 20 -8 5
      vertex 19.5065 -1.6268 5
    endloop
  endfacet
  facet normal 0 0 1
    outer loop
      vertex 19.1986 -1.49927 5
      vertex 20 -8 5
      vertex 19.3494 -1.57059 5
    endloop
  endfacet
  facet normal 0 0 1
    outer loop
      vertex 19.0555 -1.4135 5
      vertex 20 -8 5
      vertex 19.1986 -1.49927 5
    endloop
  endfacet
  facet normal 0 0 1
    outer loop
      vertex 18.9215 -1.31412 5
      vertex 20 -8 5
      vertex 19.0555 -1.4135 5
    endloop
  endfacet
  facet normal 0 0 1
    outer loop
      vertex 18.7979 -1.20208 5
      vertex 20 -8 5
      vertex 18.9215 -1.31412 5
    endloop
  endfacet
  facet normal 0 0 1
    outer loop
      vertex 18.6859 -1.07847 5
      vertex 20 -8 5
      vertex 18.7979 -1.20208 5
    endloop
  endfacet
  facet normal 0 0 1
    outer loop
      vertex 18.5865 -0.944468 5
      vertex 20 -8 5
      vertex 18.6859 -1.07847 5
    endloop
  endfacet
  facet normal 0 0 1
    outer loop
      vertex 18.5007 -0.801374 5
      vertex 20 -8 5
      vertex 18.5865 -0.944468 5
    endloop
  endfacet
  facet normal 0 0 1
    outer loop
      vertex 18.4294 -0.650561 5
      vertex 20 -8 5
      vertex 18.5007 -0.801374 5
    endloop
  endfacet
  facet normal 0 0 1
    outer loop
      vertex -18.4294 -0.650561 5
      vertex 18.4294 -0.650561 5
      vertex 18.3732 -0.493484 5
    endloop
  endfacet
  facet normal 0 0 1
    outer loop
      vertex -18.3732 -0.493484 5
      vertex 18.3732 -0.493484 5
      vertex 18.3327 -0.331653 5
    endloop
  endfacet
  facet normal -0 0 1
    outer loop
      vertex -18.3 0 5
      vertex 18.3082 -0.166629 5
      vertex 18.3 0 5
    endloop
  endfacet
  facet normal 0 0 1
    outer loop
      vertex -18.3082 -0.166629 5
      vertex 18.3082 -0.166629 5
      vertex -18.3 0 5
    endloop
  endfacet
  facet normal 0 0 1
    outer loop
      vertex 18.3082 -0.166629 5
      vertex -18.3082 -0.166629 5
      vertex 18.3327 -0.331653 5
    endloop
  endfacet
  facet normal 0 0 1
    outer loop
      vertex -18.3327 -0.331653 5
      vertex 18.3327 -0.331653 5
      vertex -18.3082 -0.166629 5
    endloop
  endfacet
  facet normal 0 0 1
    outer loop
      vertex -18.3732 -0.493484 5
      vertex 18.3327 -0.331653 5
      vertex -18.3327 -0.331653 5
    endloop
  endfacet
  facet normal 0 0 1
    outer loop
      vertex 18.3732 -0.493484 5
      vertex -18.3732 -0.493484 5
      vertex -18.4294 -0.650561 5
    endloop
  endfacet
  facet normal 0 0 1
    outer loop
      vertex 18.4294 -0.650561 5
      vertex -18.4294 -0.650561 5
      vertex 20 -8 5
    endloop
  endfacet
  facet normal 0 0 1
    outer loop
      vertex -20 -8 5
      vertex -18.4294 -0.650561 5
      vertex -18.5007 -0.801374 5
    endloop
  endfacet
  facet normal 0 0 1
    outer loop
      vertex -20 -8 5
      vertex -18.5007 -0.801374 5
      vertex -18.5865 -0.944468 5
    endloop
  endfacet
  facet normal 0 0 1
    outer loop
      vertex -20 -8 5
      vertex -18.5865 -0.944468 5
      vertex -18.6859 -1.07847 5
    endloop
  endfacet
  facet normal 0 0 1
    outer loop
      vertex -20 -8 5
      vertex -18.6859 -1.07847 5
      vertex -18.7979 -1.20208 5
    endloop
  endfacet
  facet normal 0 0 1
    outer loop
      vertex -20 -8 5
      vertex -18.7979 -1.20208 5
      vertex -18.9215 -1.31412 5
    endloop
  endfacet
  facet normal 0 0 1
    outer loop
      vertex -20 -8 5
      vertex -18.9215 -1.31412 5
      vertex -19.0555 -1.4135 5
    endloop
  endfacet
  facet normal 0 0 1
    outer loop
      vertex -20 -8 5
      vertex -19.0555 -1.4135 5
      vertex -19.1986 -1.49927 5
    endloop
  endfacet
  facet normal 0 0 1
    outer loop
      vertex -20 -8 5
      vertex -19.1986 -1.49927 5
      vertex -19.3494 -1.57059 5
    endloop
  endfacet
  facet normal 0 0 1
    outer loop
      vertex -20 -8 5
      vertex -19.3494 -1.57059 5
      vertex -19.5065 -1.6268 5
    endloop
  endfacet
  facet normal 0 0 1
    outer loop
      vertex -20 -8 5
      vertex -19.5065 -1.6268 5
      vertex -19.6683 -1.66733 5
    endloop
  endfacet
  facet normal 0 0 1
    outer loop
      vertex -20 -8 5
      vertex -19.6683 -1.66733 5
      vertex -19.8334 -1.69181 5
    endloop
  endfacet
  facet normal 0 0 1
    outer loop
      vertex -20 -8 5
      vertex -19.8334 -1.69181 5
      vertex -20 -1.7 5
    endloop
  endfacet
  facet normal 0 0 1
    outer loop
      vertex -18.4294 -0.650561 5
      vertex -20 -8 5
      vertex 20 -8 5
    endloop
  endfacet
  facet normal 0 0 1
    outer loop
      vertex -20.1666 -1.69181 5
      vertex -20 -8 5
      vertex -20 -1.7 5
    endloop
  endfacet
  facet normal 0 0 1
    outer loop
      vertex -20.7841 -7.96148 5
      vertex -20.1666 -1.69181 5
      vertex -20.3317 -1.66733 5
    endloop
  endfacet
  facet normal 0 0 1
    outer loop
      vertex -21.5607 -7.84628 5
      vertex -20.3317 -1.66733 5
      vertex -20.4935 -1.6268 5
    endloop
  endfacet
  facet normal 0 0 1
    outer loop
      vertex -22.3223 -7.65552 5
      vertex -20.4935 -1.6268 5
      vertex -20.6506 -1.57059 5
    endloop
  endfacet
  facet normal 0 0 1
    outer loop
      vertex -20.1666 -1.69181 5
      vertex -20.7841 -7.96148 5
      vertex -20 -8 5
    endloop
  endfacet
  facet normal 0 0 1
    outer loop
      vertex -23.0615 -7.39104 5
      vertex -20.6506 -1.57059 5
      vertex -20.8014 -1.49927 5
    endloop
  endfacet
  facet normal 0 0 1
    outer loop
      vertex -23.7712 -7.05537 5
      vertex -20.8014 -1.49927 5
      vertex -20.9445 -1.4135 5
    endloop
  endfacet
  facet normal 0 0 1
    outer loop
      vertex -24.4446 -6.65176 5
      vertex -20.9445 -1.4135 5
      vertex -21.0785 -1.31412 5
    endloop
  endfacet
  facet normal 0 0 1
    outer loop
      vertex -25.0751 -6.18408 5
      vertex -21.0785 -1.31412 5
      vertex -21.2021 -1.20208 5
    endloop
  endfacet
  facet normal 0 0 1
    outer loop
      vertex -25.6569 -5.65685 5
      vertex -21.2021 -1.20208 5
      vertex -21.3141 -1.07847 5
    endloop
  endfacet
  facet normal 0 0 1
    outer loop
      vertex -26.1841 -5.07515 5
      vertex -21.3141 -1.07847 5
      vertex -21.4135 -0.944468 5
    endloop
  endfacet
  facet normal 0 0 1
    outer loop
      vertex -26.6518 -4.44456 5
      vertex -21.4135 -0.944468 5
      vertex -21.4993 -0.801374 5
    endloop
  endfacet
  facet normal 0 0 1
    outer loop
      vertex -20.3317 -1.66733 5
      vertex -21.5607 -7.84628 5
      vertex -20.7841 -7.96148 5
    endloop
  endfacet
  facet normal 0 0 1
    outer loop
      vertex -27.0554 -3.77117 5
      vertex -21.4993 -0.801374 5
      vertex -21.5706 -0.650561 5
    endloop
  endfacet
  facet normal 0 0 1
    outer loop
      vertex -27.391 -3.06147 5
      vertex -21.5706 -0.650561 5
      vertex -21.6268 -0.493484 5
    endloop
  endfacet
  facet normal 0 0 1
    outer loop
      vertex -27.6555 -2.32228 5
      vertex -21.6268 -0.493484 5
      vertex -21.6673 -0.331653 5
    endloop
  endfacet
  facet normal 0 0 1
    outer loop
      vertex -27.8463 -1.56072 5
      vertex -21.6673 -0.331653 5
      vertex -21.6918 -0.166629 5
    endloop
  endfacet
  facet normal 0 0 1
    outer loop
      vertex -27.9615 -0.784137 5
      vertex -21.6918 -0.166629 5
      vertex -21.7 0 5
    endloop
  endfacet
  facet normal -0 0 1
    outer loop
      vertex -26.6518 4.44456 5
      vertex -21.4135 0.944468 5
      vertex -26.1841 5.07515 5
    endloop
  endfacet
  facet normal 0 0 1
    outer loop
      vertex -20.4935 -1.6268 5
      vertex -22.3223 -7.65552 5
      vertex -21.5607 -7.84628 5
    endloop
  endfacet
  facet normal 0 0 1
    outer loop
      vertex -21.4135 0.944468 5
      vertex -26.6518 4.44456 5
      vertex -21.4993 0.801374 5
    endloop
  endfacet
  facet normal 0 0 1
    outer loop
      vertex -20.6506 -1.57059 5
      vertex -23.0615 -7.39104 5
      vertex -22.3223 -7.65552 5
    endloop
  endfacet
  facet normal -0 0 1
    outer loop
      vertex -27.0554 3.77117 5
      vertex -21.4993 0.801374 5
      vertex -26.6518 4.44456 5
    endloop
  endfacet
  facet normal 0 0 1
    outer loop
      vertex -20.8014 -1.49927 5
      vertex -23.7712 -7.05537 5
      vertex -23.0615 -7.39104 5
    endloop
  endfacet
  facet normal 0 0 1
    outer loop
      vertex -21.4993 0.801374 5
      vertex -27.0554 3.77117 5
      vertex -21.5706 0.650561 5
    endloop
  endfacet
  facet normal 0 0 1
    outer loop
      vertex -20.9445 -1.4135 5
      vertex -24.4446 -6.65176 5
      vertex -23.7712 -7.05537 5
    endloop
  endfacet
  facet normal -0 0 1
    outer loop
      vertex -27.391 3.06147 5
      vertex -21.5706 0.650561 5
      vertex -27.0554 3.77117 5
    endloop
  endfacet
  facet normal 0 0 1
    outer loop
      vertex -21.0785 -1.31412 5
      vertex -25.0751 -6.18408 5
      vertex -24.4446 -6.65176 5
    endloop
  endfacet
  facet normal 0 0 1
    outer loop
      vertex -21.5706 0.650561 5
      vertex -27.391 3.06147 5
      vertex -21.6268 0.493484 5
    endloop
  endfacet
  facet normal 0 0 1
    outer loop
      vertex -21.2021 -1.20208 5
      vertex -25.6569 -5.65685 5
      vertex -25.0751 -6.18408 5
    endloop
  endfacet
  facet normal -0 0 1
    outer loop
      vertex -27.6555 2.32228 5
      vertex -21.6268 0.493484 5
      vertex -27.391 3.06147 5
    endloop
  endfacet
  facet normal 0 0 1
    outer loop
      vertex -21.3141 -1.07847 5
      vertex -26.1841 -5.07515 5
      vertex -25.6569 -5.65685 5
    endloop
  endfacet
  facet normal 0 0 1
    outer loop
      vertex -21.6268 0.493484 5
      vertex -27.6555 2.32228 5
      vertex -21.6673 0.331653 5
    endloop
  endfacet
  facet normal 0 0 1
    outer loop
      vertex -21.4135 -0.944468 5
      vertex -26.6518 -4.44456 5
      vertex -26.1841 -5.07515 5
    endloop
  endfacet
  facet normal -0 0 1
    outer loop
      vertex -27.8463 1.56072 5
      vertex -21.6673 0.331653 5
      vertex -27.6555 2.32228 5
    endloop
  endfacet
  facet normal 0 0 1
    outer loop
      vertex -21.4993 -0.801374 5
      vertex -27.0554 -3.77117 5
      vertex -26.6518 -4.44456 5
    endloop
  endfacet
  facet normal 0 0 1
    outer loop
      vertex -21.6673 0.331653 5
      vertex -27.8463 1.56072 5
      vertex -21.6918 0.166629 5
    endloop
  endfacet
  facet normal 0 0 1
    outer loop
      vertex -21.5706 -0.650561 5
      vertex -27.391 -3.06147 5
      vertex -27.0554 -3.77117 5
    endloop
  endfacet
  facet normal -0 0 1
    outer loop
      vertex -27.9615 0.784137 5
      vertex -21.6918 0.166629 5
      vertex -27.8463 1.56072 5
    endloop
  endfacet
  facet normal 0 0 1
    outer loop
      vertex -21.6268 -0.493484 5
      vertex -27.6555 -2.32228 5
      vertex -27.391 -3.06147 5
    endloop
  endfacet
  facet normal 0 0 1
    outer loop
      vertex -21.6918 0.166629 5
      vertex -27.9615 0.784137 5
      vertex -21.7 0 5
    endloop
  endfacet
  facet normal 0 0 1
    outer loop
      vertex -21.6673 -0.331653 5
      vertex -27.8463 -1.56072 5
      vertex -27.6555 -2.32228 5
    endloop
  endfacet
  facet normal 0 0 1
    outer loop
      vertex -28 0 5
      vertex -21.7 0 5
      vertex -27.9615 0.784137 5
    endloop
  endfacet
  facet normal 0 0 1
    outer loop
      vertex -21.6918 -0.166629 5
      vertex -27.9615 -0.784137 5
      vertex -27.8463 -1.56072 5
    endloop
  endfacet
  facet normal 0 0 1
    outer loop
      vertex -21.7 0 5
      vertex -28 0 5
      vertex -27.9615 -0.784137 5
    endloop
  endfacet
  facet normal 0 0 -1
    outer loop
      vertex 21.7 0 -5
      vertex 28 0 -5
      vertex 27.9615 -0.784137 -5
    endloop
  endfacet
  facet normal 0 0 -1
    outer loop
      vertex 21.6918 -0.166629 -5
      vertex 27.9615 -0.784137 -5
      vertex 27.8463 -1.56072 -5
    endloop
  endfacet
  facet normal 0 0 -1
    outer loop
      vertex 28 0 -5
      vertex 21.7 0 -5
      vertex 27.9615 0.784137 -5
    endloop
  endfacet
  facet normal 0 0 -1
    outer loop
      vertex 21.6673 -0.331653 -5
      vertex 27.8463 -1.56072 -5
      vertex 27.6555 -2.32228 -5
    endloop
  endfacet
  facet normal 0 0 -1
    outer loop
      vertex 21.6918 0.166629 -5
      vertex 27.9615 0.784137 -5
      vertex 21.7 0 -5
    endloop
  endfacet
  facet normal 0 0 -1
    outer loop
      vertex 21.6268 -0.493484 -5
      vertex 27.6555 -2.32228 -5
      vertex 27.391 -3.06147 -5
    endloop
  endfacet
  facet normal -0 0 -1
    outer loop
      vertex 27.9615 0.784137 -5
      vertex 21.6918 0.166629 -5
      vertex 27.8463 1.56072 -5
    endloop
  endfacet
  facet normal 0 0 -1
    outer loop
      vertex 21.5706 -0.650561 -5
      vertex 27.391 -3.06147 -5
      vertex 27.0554 -3.77117 -5
    endloop
  endfacet
  facet normal 0 0 -1
    outer loop
      vertex 21.6673 0.331653 -5
      vertex 27.8463 1.56072 -5
      vertex 21.6918 0.166629 -5
    endloop
  endfacet
  facet normal 0 0 -1
    outer loop
      vertex 21.4993 -0.801374 -5
      vertex 27.0554 -3.77117 -5
      vertex 26.6518 -4.44456 -5
    endloop
  endfacet
  facet normal -0 0 -1
    outer loop
      vertex 27.8463 1.56072 -5
      vertex 21.6673 0.331653 -5
      vertex 27.6555 2.32228 -5
    endloop
  endfacet
  facet normal 0 0 -1
    outer loop
      vertex 21.4135 -0.944468 -5
      vertex 26.6518 -4.44456 -5
      vertex 26.1841 -5.07515 -5
    endloop
  endfacet
  facet normal 0 0 -1
    outer loop
      vertex 21.6268 0.493484 -5
      vertex 27.6555 2.32228 -5
      vertex 21.6673 0.331653 -5
    endloop
  endfacet
  facet normal 0 0 -1
    outer loop
      vertex 21.3141 -1.07847 -5
      vertex 26.1841 -5.07515 -5
      vertex 25.6569 -5.65685 -5
    endloop
  endfacet
  facet normal -0 0 -1
    outer loop
      vertex 27.6555 2.32228 -5
      vertex 21.6268 0.493484 -5
      vertex 27.391 3.06147 -5
    endloop
  endfacet
  facet normal 0 0 -1
    outer loop
      vertex 21.2021 -1.20208 -5
      vertex 25.6569 -5.65685 -5
      vertex 25.0751 -6.18408 -5
    endloop
  endfacet
  facet normal 0 0 -1
    outer loop
      vertex 21.5706 0.650561 -5
      vertex 27.391 3.06147 -5
      vertex 21.6268 0.493484 -5
    endloop
  endfacet
  facet normal 0 0 -1
    outer loop
      vertex 21.0785 -1.31412 -5
      vertex 25.0751 -6.18408 -5
      vertex 24.4446 -6.65176 -5
    endloop
  endfacet
  facet normal -0 0 -1
    outer loop
      vertex 27.391 3.06147 -5
      vertex 21.5706 0.650561 -5
      vertex 27.0554 3.77117 -5
    endloop
  endfacet
  facet normal 0 0 -1
    outer loop
      vertex 20.9445 -1.4135 -5
      vertex 24.4446 -6.65176 -5
      vertex 23.7712 -7.05537 -5
    endloop
  endfacet
  facet normal 0 0 -1
    outer loop
      vertex 21.4993 0.801374 -5
      vertex 27.0554 3.77117 -5
      vertex 21.5706 0.650561 -5
    endloop
  endfacet
  facet normal 0 0 -1
    outer loop
      vertex 20.8014 -1.49927 -5
      vertex 23.7712 -7.05537 -5
      vertex 23.0615 -7.39104 -5
    endloop
  endfacet
  facet normal -0 0 -1
    outer loop
      vertex 27.0554 3.77117 -5
      vertex 21.4993 0.801374 -5
      vertex 26.6518 4.44456 -5
    endloop
  endfacet
  facet normal 0 0 -1
    outer loop
      vertex 20.6506 -1.57059 -5
      vertex 23.0615 -7.39104 -5
      vertex 22.3223 -7.65552 -5
    endloop
  endfacet
  facet normal 0 0 -1
    outer loop
      vertex 21.4135 0.944468 -5
      vertex 26.6518 4.44456 -5
      vertex 21.4993 0.801374 -5
    endloop
  endfacet
  facet normal -0 0 -1
    outer loop
      vertex 26.6518 4.44456 -5
      vertex 21.4135 0.944468 -5
      vertex 26.1841 5.07515 -5
    endloop
  endfacet
  facet normal 0 0 -1
    outer loop
      vertex 27.9615 -0.784137 -5
      vertex 21.6918 -0.166629 -5
      vertex 21.7 0 -5
    endloop
  endfacet
  facet normal 0 0 -1
    outer loop
      vertex 27.8463 -1.56072 -5
      vertex 21.6673 -0.331653 -5
      vertex 21.6918 -0.166629 -5
    endloop
  endfacet
  facet normal 0 0 -1
    outer loop
      vertex 27.6555 -2.32228 -5
      vertex 21.6268 -0.493484 -5
      vertex 21.6673 -0.331653 -5
    endloop
  endfacet
  facet normal 0 0 -1
    outer loop
      vertex 27.391 -3.06147 -5
      vertex 21.5706 -0.650561 -5
      vertex 21.6268 -0.493484 -5
    endloop
  endfacet
  facet normal 0 0 -1
    outer loop
      vertex 20.4935 -1.6268 -5
      vertex 22.3223 -7.65552 -5
      vertex 21.5607 -7.84628 -5
    endloop
  endfacet
  facet normal 0 0 -1
    outer loop
      vertex 27.0554 -3.77117 -5
      vertex 21.4993 -0.801374 -5
      vertex 21.5706 -0.650561 -5
    endloop
  endfacet
  facet normal 0 0 -1
    outer loop
      vertex 26.6518 -4.44456 -5
      vertex 21.4135 -0.944468 -5
      vertex 21.4993 -0.801374 -5
    endloop
  endfacet
  facet normal 0 0 -1
    outer loop
      vertex 26.1841 -5.07515 -5
      vertex 21.3141 -1.07847 -5
      vertex 21.4135 -0.944468 -5
    endloop
  endfacet
  facet normal 0 0 -1
    outer loop
      vertex 25.6569 -5.65685 -5
      vertex 21.2021 -1.20208 -5
      vertex 21.3141 -1.07847 -5
    endloop
  endfacet
  facet normal 0 0 -1
    outer loop
      vertex 25.0751 -6.18408 -5
      vertex 21.0785 -1.31412 -5
      vertex 21.2021 -1.20208 -5
    endloop
  endfacet
  facet normal 0 0 -1
    outer loop
      vertex 24.4446 -6.65176 -5
      vertex 20.9445 -1.4135 -5
      vertex 21.0785 -1.31412 -5
    endloop
  endfacet
  facet normal 0 0 -1
    outer loop
      vertex 23.7712 -7.05537 -5
      vertex 20.8014 -1.49927 -5
      vertex 20.9445 -1.4135 -5
    endloop
  endfacet
  facet normal 0 0 -1
    outer loop
      vertex 20.3317 -1.66733 -5
      vertex 21.5607 -7.84628 -5
      vertex 20.7841 -7.96148 -5
    endloop
  endfacet
  facet normal 0 0 -1
    outer loop
      vertex 23.0615 -7.39104 -5
      vertex 20.6506 -1.57059 -5
      vertex 20.8014 -1.49927 -5
    endloop
  endfacet
  facet normal 0 0 -1
    outer loop
      vertex 22.3223 -7.65552 -5
      vertex 20.4935 -1.6268 -5
      vertex 20.6506 -1.57059 -5
    endloop
  endfacet
  facet normal 0 0 -1
    outer loop
      vertex 21.5607 -7.84628 -5
      vertex 20.3317 -1.66733 -5
      vertex 20.4935 -1.6268 -5
    endloop
  endfacet
  facet normal 0 0 -1
    outer loop
      vertex 20.7841 -7.96148 -5
      vertex 20.1666 -1.69181 -5
      vertex 20.3317 -1.66733 -5
    endloop
  endfacet
  facet normal 0 0 -1
    outer loop
      vertex 20 -8 -5
      vertex 20.1666 -1.69181 -5
      vertex 20.7841 -7.96148 -5
    endloop
  endfacet
  facet normal 0 0 -1
    outer loop
      vertex 20 -8 -5
      vertex 20 -1.7 -5
      vertex 20.1666 -1.69181 -5
    endloop
  endfacet
  facet normal 0 0 -1
    outer loop
      vertex 20 -8 -5
      vertex 19.8334 -1.69181 -5
      vertex 20 -1.7 -5
    endloop
  endfacet
  facet normal 0 0 -1
    outer loop
      vertex 20 -8 -5
      vertex 19.6683 -1.66733 -5
      vertex 19.8334 -1.69181 -5
    endloop
  endfacet
  facet normal 0 0 -1
    outer loop
      vertex 20 -8 -5
      vertex 19.5065 -1.6268 -5
      vertex 19.6683 -1.66733 -5
    endloop
  endfacet
  facet normal 0 0 -1
    outer loop
      vertex 20 -8 -5
      vertex 19.3494 -1.57059 -5
      vertex 19.5065 -1.6268 -5
    endloop
  endfacet
  facet normal 0 0 -1
    outer loop
      vertex 20 -8 -5
      vertex 19.1986 -1.49927 -5
      vertex 19.3494 -1.57059 -5
    endloop
  endfacet
  facet normal 0 0 -1
    outer loop
      vertex 20 -8 -5
      vertex 19.0555 -1.4135 -5
      vertex 19.1986 -1.49927 -5
    endloop
  endfacet
  facet normal 0 0 -1
    outer loop
      vertex 20 -8 -5
      vertex 18.9215 -1.31412 -5
      vertex 19.0555 -1.4135 -5
    endloop
  endfacet
  facet normal 0 0 -1
    outer loop
      vertex 20 -8 -5
      vertex 18.7979 -1.20208 -5
      vertex 18.9215 -1.31412 -5
    endloop
  endfacet
  facet normal 0 0 -1
    outer loop
      vertex 20 -8 -5
      vertex 18.6859 -1.07847 -5
      vertex 18.7979 -1.20208 -5
    endloop
  endfacet
  facet normal 0 0 -1
    outer loop
      vertex 20 -8 -5
      vertex 18.5865 -0.944468 -5
      vertex 18.6859 -1.07847 -5
    endloop
  endfacet
  facet normal 0 0 -1
    outer loop
      vertex 20 -8 -5
      vertex 18.5007 -0.801374 -5
      vertex 18.5865 -0.944468 -5
    endloop
  endfacet
  facet normal 0 0 -1
    outer loop
      vertex 20 -8 -5
      vertex 18.4294 -0.650561 -5
      vertex 18.5007 -0.801374 -5
    endloop
  endfacet
  facet normal 0 0 -1
    outer loop
      vertex -18.4294 -0.650561 -5
      vertex 18.4294 -0.650561 -5
      vertex 20 -8 -5
    endloop
  endfacet
  facet normal 0 0 -1
    outer loop
      vertex 18.4294 -0.650561 -5
      vertex -18.4294 -0.650561 -5
      vertex 18.3732 -0.493484 -5
    endloop
  endfacet
  facet normal 0 0 -1
    outer loop
      vertex 18.3082 -0.166629 -5
      vertex -18.3 0 -5
      vertex 18.3 0 -5
    endloop
  endfacet
  facet normal 0 0 -1
    outer loop
      vertex -18.3082 -0.166629 -5
      vertex 18.3082 -0.166629 -5
      vertex 18.3327 -0.331653 -5
    endloop
  endfacet
  facet normal 0 -0 -1
    outer loop
      vertex -18.3732 -0.493484 -5
      vertex 18.3732 -0.493484 -5
      vertex -18.4294 -0.650561 -5
    endloop
  endfacet
  facet normal 0 0 -1
    outer loop
      vertex 18.3082 -0.166629 -5
      vertex -18.3082 -0.166629 -5
      vertex -18.3 0 -5
    endloop
  endfacet
  facet normal 0 0 -1
    outer loop
      vertex 18.3327 -0.331653 -5
      vertex -18.3327 -0.331653 -5
      vertex -18.3082 -0.166629 -5
    endloop
  endfacet
  facet normal -0 0 -1
    outer loop
      vertex 18.3327 -0.331653 -5
      vertex -18.3732 -0.493484 -5
      vertex -18.3327 -0.331653 -5
    endloop
  endfacet
  facet normal 0 0 -1
    outer loop
      vertex 18.3732 -0.493484 -5
      vertex -18.3732 -0.493484 -5
      vertex 18.3327 -0.331653 -5
    endloop
  endfacet
  facet normal 0 0 -1
    outer loop
      vertex -20 -8 -5
      vertex -18.4294 -0.650561 -5
      vertex 20 -8 -5
    endloop
  endfacet
  facet normal 0 0 -1
    outer loop
      vertex -18.4294 -0.650561 -5
      vertex -20 -8 -5
      vertex -18.5007 -0.801374 -5
    endloop
  endfacet
  facet normal 0 0 -1
    outer loop
      vertex -18.5007 -0.801374 -5
      vertex -20 -8 -5
      vertex -18.5865 -0.944468 -5
    endloop
  endfacet
  facet normal 0 0 -1
    outer loop
      vertex -18.5865 -0.944468 -5
      vertex -20 -8 -5
      vertex -18.6859 -1.07847 -5
    endloop
  endfacet
  facet normal 0 0 -1
    outer loop
      vertex -18.6859 -1.07847 -5
      vertex -20 -8 -5
      vertex -18.7979 -1.20208 -5
    endloop
  endfacet
  facet normal 0 0 -1
    outer loop
      vertex -18.7979 -1.20208 -5
      vertex -20 -8 -5
      vertex -18.9215 -1.31412 -5
    endloop
  endfacet
  facet normal 0 0 -1
    outer loop
      vertex -18.9215 -1.31412 -5
      vertex -20 -8 -5
      vertex -19.0555 -1.4135 -5
    endloop
  endfacet
  facet normal 0 0 -1
    outer loop
      vertex -19.0555 -1.4135 -5
      vertex -20 -8 -5
      vertex -19.1986 -1.49927 -5
    endloop
  endfacet
  facet normal 0 0 -1
    outer loop
      vertex -19.1986 -1.49927 -5
      vertex -20 -8 -5
      vertex -19.3494 -1.57059 -5
    endloop
  endfacet
  facet normal 0 0 -1
    outer loop
      vertex -19.3494 -1.57059 -5
      vertex -20 -8 -5
      vertex -19.5065 -1.6268 -5
    endloop
  endfacet
  facet normal 0 0 -1
    outer loop
      vertex -19.5065 -1.6268 -5
      vertex -20 -8 -5
      vertex -19.6683 -1.66733 -5
    endloop
  endfacet
  facet normal 0 0 -1
    outer loop
      vertex -19.6683 -1.66733 -5
      vertex -20 -8 -5
      vertex -19.8334 -1.69181 -5
    endloop
  endfacet
  facet normal 0 0 -1
    outer loop
      vertex -20 -8 -5
      vertex -20 -1.7 -5
      vertex -19.8334 -1.69181 -5
    endloop
  endfacet
  facet normal 0 0 -1
    outer loop
      vertex -20 -8 -5
      vertex -20.1666 -1.69181 -5
      vertex -20 -1.7 -5
    endloop
  endfacet
  facet normal 0 0 -1
    outer loop
      vertex -20.7841 -7.96148 -5
      vertex -20.1666 -1.69181 -5
      vertex -20 -8 -5
    endloop
  endfacet
  facet normal -0 0 -1
    outer loop
      vertex -20.1666 -1.69181 -5
      vertex -20.7841 -7.96148 -5
      vertex -20.3317 -1.66733 -5
    endloop
  endfacet
  facet normal 0 0 -1
    outer loop
      vertex -21.5607 -7.84628 -5
      vertex -20.3317 -1.66733 -5
      vertex -20.7841 -7.96148 -5
    endloop
  endfacet
  facet normal -0 0 -1
    outer loop
      vertex -20.3317 -1.66733 -5
      vertex -21.5607 -7.84628 -5
      vertex -20.4935 -1.6268 -5
    endloop
  endfacet
  facet normal 0 0 -1
    outer loop
      vertex -22.3223 -7.65552 -5
      vertex -20.4935 -1.6268 -5
      vertex -21.5607 -7.84628 -5
    endloop
  endfacet
  facet normal -0 0 -1
    outer loop
      vertex -20.4935 -1.6268 -5
      vertex -22.3223 -7.65552 -5
      vertex -20.6506 -1.57059 -5
    endloop
  endfacet
  facet normal 0 0 -1
    outer loop
      vertex -23.0615 -7.39104 -5
      vertex -20.6506 -1.57059 -5
      vertex -22.3223 -7.65552 -5
    endloop
  endfacet
  facet normal -0 0 -1
    outer loop
      vertex -20.6506 -1.57059 -5
      vertex -23.0615 -7.39104 -5
      vertex -20.8014 -1.49927 -5
    endloop
  endfacet
  facet normal 0 0 -1
    outer loop
      vertex -23.7712 -7.05537 -5
      vertex -20.8014 -1.49927 -5
      vertex -23.0615 -7.39104 -5
    endloop
  endfacet
  facet normal -0 0 -1
    outer loop
      vertex -20.8014 -1.49927 -5
      vertex -23.7712 -7.05537 -5
      vertex -20.9445 -1.4135 -5
    endloop
  endfacet
  facet normal 0 0 -1
    outer loop
      vertex -24.4446 -6.65176 -5
      vertex -20.9445 -1.4135 -5
      vertex -23.7712 -7.05537 -5
    endloop
  endfacet
  facet normal -0 0 -1
    outer loop
      vertex -20.9445 -1.4135 -5
      vertex -24.4446 -6.65176 -5
      vertex -21.0785 -1.31412 -5
    endloop
  endfacet
  facet normal 0 0 -1
    outer loop
      vertex -25.0751 -6.18408 -5
      vertex -21.0785 -1.31412 -5
      vertex -24.4446 -6.65176 -5
    endloop
  endfacet
  facet normal -0 0 -1
    outer loop
      vertex -21.0785 -1.31412 -5
      vertex -25.0751 -6.18408 -5
      vertex -21.2021 -1.20208 -5
    endloop
  endfacet
  facet normal 0 0 -1
    outer loop
      vertex -25.6569 -5.65685 -5
      vertex -21.2021 -1.20208 -5
      vertex -25.0751 -6.18408 -5
    endloop
  endfacet
  facet normal -0 0 -1
    outer loop
      vertex -21.2021 -1.20208 -5
      vertex -25.6569 -5.65685 -5
      vertex -21.3141 -1.07847 -5
    endloop
  endfacet
  facet normal 0 0 -1
    outer loop
      vertex -26.1841 -5.07515 -5
      vertex -21.3141 -1.07847 -5
      vertex -25.6569 -5.65685 -5
    endloop
  endfacet
  facet normal -0 0 -1
    outer loop
      vertex -21.3141 -1.07847 -5
      vertex -26.1841 -5.07515 -5
      vertex -21.4135 -0.944468 -5
    endloop
  endfacet
  facet normal 0 0 -1
    outer loop
      vertex 21.3141 1.07847 -5
      vertex 26.1841 5.07515 -5
      vertex 21.4135 0.944468 -5
    endloop
  endfacet
  facet normal -0 0 -1
    outer loop
      vertex 26.1841 5.07515 -5
      vertex 21.3141 1.07847 -5
      vertex 25.6569 5.65685 -5
    endloop
  endfacet
  facet normal 0 0 -1
    outer loop
      vertex 21.2021 1.20208 -5
      vertex 25.6569 5.65685 -5
      vertex 21.3141 1.07847 -5
    endloop
  endfacet
  facet normal -0 0 -1
    outer loop
      vertex 25.6569 5.65685 -5
      vertex 21.2021 1.20208 -5
      vertex 25.0751 6.18408 -5
    endloop
  endfacet
  facet normal 0 0 -1
    outer loop
      vertex 21.0785 1.31412 -5
      vertex 25.0751 6.18408 -5
      vertex 21.2021 1.20208 -5
    endloop
  endfacet
  facet normal -0 0 -1
    outer loop
      vertex 25.0751 6.18408 -5
      vertex 21.0785 1.31412 -5
      vertex 24.4446 6.65176 -5
    endloop
  endfacet
  facet normal 0 0 -1
    outer loop
      vertex 20.9445 1.4135 -5
      vertex 24.4446 6.65176 -5
      vertex 21.0785 1.31412 -5
    endloop
  endfacet
  facet normal -0 0 -1
    outer loop
      vertex 24.4446 6.65176 -5
      vertex 20.9445 1.4135 -5
      vertex 23.7712 7.05537 -5
    endloop
  endfacet
  facet normal 0 0 -1
    outer loop
      vertex 20.8014 1.49927 -5
      vertex 23.7712 7.05537 -5
      vertex 20.9445 1.4135 -5
    endloop
  endfacet
  facet normal -0 0 -1
    outer loop
      vertex 23.7712 7.05537 -5
      vertex 20.8014 1.49927 -5
      vertex 23.0615 7.39104 -5
    endloop
  endfacet
  facet normal 0 0 -1
    outer loop
      vertex 20.6506 1.57059 -5
      vertex 23.0615 7.39104 -5
      vertex 20.8014 1.49927 -5
    endloop
  endfacet
  facet normal -0 0 -1
    outer loop
      vertex 23.0615 7.39104 -5
      vertex 20.6506 1.57059 -5
      vertex 22.3223 7.65552 -5
    endloop
  endfacet
  facet normal 0 0 -1
    outer loop
      vertex 20.4935 1.6268 -5
      vertex 22.3223 7.65552 -5
      vertex 20.6506 1.57059 -5
    endloop
  endfacet
  facet normal -0 0 -1
    outer loop
      vertex 22.3223 7.65552 -5
      vertex 20.4935 1.6268 -5
      vertex 21.5607 7.84628 -5
    endloop
  endfacet
  facet normal 0 0 -1
    outer loop
      vertex 20.3317 1.66733 -5
      vertex 21.5607 7.84628 -5
      vertex 20.4935 1.6268 -5
    endloop
  endfacet
  facet normal -0 0 -1
    outer loop
      vertex 21.5607 7.84628 -5
      vertex 20.3317 1.66733 -5
      vertex 20.7841 7.96148 -5
    endloop
  endfacet
  facet normal 0 0 -1
    outer loop
      vertex 20.1666 1.69181 -5
      vertex 20.7841 7.96148 -5
      vertex 20.3317 1.66733 -5
    endloop
  endfacet
  facet normal 0 0 -1
    outer loop
      vertex 20 1.7 -5
      vertex 20.7841 7.96148 -5
      vertex 20.1666 1.69181 -5
    endloop
  endfacet
  facet normal 0 0 -1
    outer loop
      vertex 20 1.7 -5
      vertex 20 8 -5
      vertex 20.7841 7.96148 -5
    endloop
  endfacet
  facet normal 0 0 -1
    outer loop
      vertex 19.8334 1.69181 -5
      vertex 20 8 -5
      vertex 20 1.7 -5
    endloop
  endfacet
  facet normal 0 0 -1
    outer loop
      vertex 19.6683 1.66733 -5
      vertex 20 8 -5
      vertex 19.8334 1.69181 -5
    endloop
  endfacet
  facet normal 0 0 -1
    outer loop
      vertex 19.5065 1.6268 -5
      vertex 20 8 -5
      vertex 19.6683 1.66733 -5
    endloop
  endfacet
  facet normal 0 0 -1
    outer loop
      vertex 19.3494 1.57059 -5
      vertex 20 8 -5
      vertex 19.5065 1.6268 -5
    endloop
  endfacet
  facet normal 0 0 -1
    outer loop
      vertex 19.1986 1.49927 -5
      vertex 20 8 -5
      vertex 19.3494 1.57059 -5
    endloop
  endfacet
  facet normal 0 0 -1
    outer loop
      vertex 19.0555 1.4135 -5
      vertex 20 8 -5
      vertex 19.1986 1.49927 -5
    endloop
  endfacet
  facet normal 0 0 -1
    outer loop
      vertex 18.9215 1.31412 -5
      vertex 20 8 -5
      vertex 19.0555 1.4135 -5
    endloop
  endfacet
  facet normal 0 0 -1
    outer loop
      vertex 18.7979 1.20208 -5
      vertex 20 8 -5
      vertex 18.9215 1.31412 -5
    endloop
  endfacet
  facet normal 0 0 -1
    outer loop
      vertex 18.6859 1.07847 -5
      vertex 20 8 -5
      vertex 18.7979 1.20208 -5
    endloop
  endfacet
  facet normal 0 0 -1
    outer loop
      vertex 18.5865 0.944468 -5
      vertex 20 8 -5
      vertex 18.6859 1.07847 -5
    endloop
  endfacet
  facet normal 0 0 -1
    outer loop
      vertex 18.5007 0.801374 -5
      vertex 20 8 -5
      vertex 18.5865 0.944468 -5
    endloop
  endfacet
  facet normal 0 0 -1
    outer loop
      vertex 18.4294 0.650561 -5
      vertex 20 8 -5
      vertex 18.5007 0.801374 -5
    endloop
  endfacet
  facet normal 0 0 -1
    outer loop
      vertex -18.4294 0.650561 -5
      vertex 18.4294 0.650561 -5
      vertex 18.3732 0.493484 -5
    endloop
  endfacet
  facet normal 0 0 -1
    outer loop
      vertex -18.3732 0.493484 -5
      vertex 18.3732 0.493484 -5
      vertex 18.3327 0.331653 -5
    endloop
  endfacet
  facet normal 0 0 -1
    outer loop
      vertex -18.3 0 -5
      vertex 18.3082 0.166629 -5
      vertex 18.3 0 -5
    endloop
  endfacet
  facet normal 0 0 -1
    outer loop
      vertex -18.3082 0.166629 -5
      vertex 18.3082 0.166629 -5
      vertex -18.3 0 -5
    endloop
  endfacet
  facet normal 0 0 -1
    outer loop
      vertex 18.3082 0.166629 -5
      vertex -18.3082 0.166629 -5
      vertex 18.3327 0.331653 -5
    endloop
  endfacet
  facet normal 0 0 -1
    outer loop
      vertex -18.3327 0.331653 -5
      vertex 18.3327 0.331653 -5
      vertex -18.3082 0.166629 -5
    endloop
  endfacet
  facet normal 0 0 -1
    outer loop
      vertex -18.3732 0.493484 -5
      vertex 18.3327 0.331653 -5
      vertex -18.3327 0.331653 -5
    endloop
  endfacet
  facet normal 0 0 -1
    outer loop
      vertex 18.3732 0.493484 -5
      vertex -18.3732 0.493484 -5
      vertex -18.4294 0.650561 -5
    endloop
  endfacet
  facet normal 0 0 -1
    outer loop
      vertex 18.4294 0.650561 -5
      vertex -18.4294 0.650561 -5
      vertex 20 8 -5
    endloop
  endfacet
  facet normal 0 0 -1
    outer loop
      vertex -20 8 -5
      vertex -18.4294 0.650561 -5
      vertex -18.5007 0.801374 -5
    endloop
  endfacet
  facet normal 0 0 -1
    outer loop
      vertex -20 8 -5
      vertex -18.5007 0.801374 -5
      vertex -18.5865 0.944468 -5
    endloop
  endfacet
  facet normal 0 0 -1
    outer loop
      vertex -20 8 -5
      vertex -18.5865 0.944468 -5
      vertex -18.6859 1.07847 -5
    endloop
  endfacet
  facet normal 0 0 -1
    outer loop
      vertex -20 8 -5
      vertex -18.6859 1.07847 -5
      vertex -18.7979 1.20208 -5
    endloop
  endfacet
  facet normal 0 0 -1
    outer loop
      vertex -20 8 -5
      vertex -18.7979 1.20208 -5
      vertex -18.9215 1.31412 -5
    endloop
  endfacet
  facet normal 0 0 -1
    outer loop
      vertex -20 8 -5
      vertex -18.9215 1.31412 -5
      vertex -19.0555 1.4135 -5
    endloop
  endfacet
  facet normal 0 0 -1
    outer loop
      vertex -20 8 -5
      vertex -19.0555 1.4135 -5
      vertex -19.1986 1.49927 -5
    endloop
  endfacet
  facet normal 0 0 -1
    outer loop
      vertex -20 8 -5
      vertex -19.1986 1.49927 -5
      vertex -19.3494 1.57059 -5
    endloop
  endfacet
  facet normal 0 0 -1
    outer loop
      vertex -20 8 -5
      vertex -19.3494 1.57059 -5
      vertex -19.5065 1.6268 -5
    endloop
  endfacet
  facet normal 0 0 -1
    outer loop
      vertex -20 8 -5
      vertex -19.5065 1.6268 -5
      vertex -19.6683 1.66733 -5
    endloop
  endfacet
  facet normal 0 0 -1
    outer loop
      vertex -20 8 -5
      vertex -19.6683 1.66733 -5
      vertex -19.8334 1.69181 -5
    endloop
  endfacet
  facet normal 0 0 -1
    outer loop
      vertex -20 8 -5
      vertex -19.8334 1.69181 -5
      vertex -20 1.7 -5
    endloop
  endfacet
  facet normal 0 0 -1
    outer loop
      vertex -18.4294 0.650561 -5
      vertex -20 8 -5
      vertex 20 8 -5
    endloop
  endfacet
  facet normal 0 0 -1
    outer loop
      vertex -20.1666 1.69181 -5
      vertex -20 8 -5
      vertex -20 1.7 -5
    endloop
  endfacet
  facet normal 0 0 -1
    outer loop
      vertex -20.7841 7.96148 -5
      vertex -20.1666 1.69181 -5
      vertex -20.3317 1.66733 -5
    endloop
  endfacet
  facet normal 0 0 -1
    outer loop
      vertex -21.5607 7.84628 -5
      vertex -20.3317 1.66733 -5
      vertex -20.4935 1.6268 -5
    endloop
  endfacet
  facet normal 0 0 -1
    outer loop
      vertex -22.3223 7.65552 -5
      vertex -20.4935 1.6268 -5
      vertex -20.6506 1.57059 -5
    endloop
  endfacet
  facet normal 0 0 -1
    outer loop
      vertex -20.1666 1.69181 -5
      vertex -20.7841 7.96148 -5
      vertex -20 8 -5
    endloop
  endfacet
  facet normal 0 0 -1
    outer loop
      vertex -23.0615 7.39104 -5
      vertex -20.6506 1.57059 -5
      vertex -20.8014 1.49927 -5
    endloop
  endfacet
  facet normal 0 0 -1
    outer loop
      vertex -23.7712 7.05537 -5
      vertex -20.8014 1.49927 -5
      vertex -20.9445 1.4135 -5
    endloop
  endfacet
  facet normal 0 0 -1
    outer loop
      vertex -24.4446 6.65176 -5
      vertex -20.9445 1.4135 -5
      vertex -21.0785 1.31412 -5
    endloop
  endfacet
  facet normal 0 0 -1
    outer loop
      vertex -25.0751 6.18408 -5
      vertex -21.0785 1.31412 -5
      vertex -21.2021 1.20208 -5
    endloop
  endfacet
  facet normal 0 0 -1
    outer loop
      vertex -25.6569 5.65685 -5
      vertex -21.2021 1.20208 -5
      vertex -21.3141 1.07847 -5
    endloop
  endfacet
  facet normal 0 0 -1
    outer loop
      vertex -26.1841 5.07515 -5
      vertex -21.3141 1.07847 -5
      vertex -21.4135 0.944468 -5
    endloop
  endfacet
  facet normal 0 0 -1
    outer loop
      vertex -26.6518 4.44456 -5
      vertex -21.4135 0.944468 -5
      vertex -21.4993 0.801374 -5
    endloop
  endfacet
  facet normal 0 0 -1
    outer loop
      vertex -20.3317 1.66733 -5
      vertex -21.5607 7.84628 -5
      vertex -20.7841 7.96148 -5
    endloop
  endfacet
  facet normal 0 0 -1
    outer loop
      vertex -27.0554 3.77117 -5
      vertex -21.4993 0.801374 -5
      vertex -21.5706 0.650561 -5
    endloop
  endfacet
  facet normal 0 0 -1
    outer loop
      vertex -27.391 3.06147 -5
      vertex -21.5706 0.650561 -5
      vertex -21.6268 0.493484 -5
    endloop
  endfacet
  facet normal 0 0 -1
    outer loop
      vertex -27.6555 2.32228 -5
      vertex -21.6268 0.493484 -5
      vertex -21.6673 0.331653 -5
    endloop
  endfacet
  facet normal 0 0 -1
    outer loop
      vertex -27.8463 1.56072 -5
      vertex -21.6673 0.331653 -5
      vertex -21.6918 0.166629 -5
    endloop
  endfacet
  facet normal 0 0 -1
    outer loop
      vertex -27.9615 0.784137 -5
      vertex -21.6918 0.166629 -5
      vertex -21.7 0 -5
    endloop
  endfacet
  facet normal 0 0 -1
    outer loop
      vertex -26.6518 -4.44456 -5
      vertex -21.4135 -0.944468 -5
      vertex -26.1841 -5.07515 -5
    endloop
  endfacet
  facet normal 0 0 -1
    outer loop
      vertex -20.4935 1.6268 -5
      vertex -22.3223 7.65552 -5
      vertex -21.5607 7.84628 -5
    endloop
  endfacet
  facet normal -0 0 -1
    outer loop
      vertex -21.4135 -0.944468 -5
      vertex -26.6518 -4.44456 -5
      vertex -21.4993 -0.801374 -5
    endloop
  endfacet
  facet normal 0 0 -1
    outer loop
      vertex -20.6506 1.57059 -5
      vertex -23.0615 7.39104 -5
      vertex -22.3223 7.65552 -5
    endloop
  endfacet
  facet normal 0 0 -1
    outer loop
      vertex -27.0554 -3.77117 -5
      vertex -21.4993 -0.801374 -5
      vertex -26.6518 -4.44456 -5
    endloop
  endfacet
  facet normal 0 0 -1
    outer loop
      vertex -20.8014 1.49927 -5
      vertex -23.7712 7.05537 -5
      vertex -23.0615 7.39104 -5
    endloop
  endfacet
  facet normal -0 0 -1
    outer loop
      vertex -21.4993 -0.801374 -5
      vertex -27.0554 -3.77117 -5
      vertex -21.5706 -0.650561 -5
    endloop
  endfacet
  facet normal 0 0 -1
    outer loop
      vertex -20.9445 1.4135 -5
      vertex -24.4446 6.65176 -5
      vertex -23.7712 7.05537 -5
    endloop
  endfacet
  facet normal 0 0 -1
    outer loop
      vertex -27.391 -3.06147 -5
      vertex -21.5706 -0.650561 -5
      vertex -27.0554 -3.77117 -5
    endloop
  endfacet
  facet normal 0 0 -1
    outer loop
      vertex -21.0785 1.31412 -5
      vertex -25.0751 6.18408 -5
      vertex -24.4446 6.65176 -5
    endloop
  endfacet
  facet normal -0 0 -1
    outer loop
      vertex -21.5706 -0.650561 -5
      vertex -27.391 -3.06147 -5
      vertex -21.6268 -0.493484 -5
    endloop
  endfacet
  facet normal 0 0 -1
    outer loop
      vertex -21.2021 1.20208 -5
      vertex -25.6569 5.65685 -5
      vertex -25.0751 6.18408 -5
    endloop
  endfacet
  facet normal 0 0 -1
    outer loop
      vertex -27.6555 -2.32228 -5
      vertex -21.6268 -0.493484 -5
      vertex -27.391 -3.06147 -5
    endloop
  endfacet
  facet normal 0 0 -1
    outer loop
      vertex -21.3141 1.07847 -5
      vertex -26.1841 5.07515 -5
      vertex -25.6569 5.65685 -5
    endloop
  endfacet
  facet normal -0 0 -1
    outer loop
      vertex -21.6268 -0.493484 -5
      vertex -27.6555 -2.32228 -5
      vertex -21.6673 -0.331653 -5
    endloop
  endfacet
  facet normal 0 0 -1
    outer loop
      vertex -21.4135 0.944468 -5
      vertex -26.6518 4.44456 -5
      vertex -26.1841 5.07515 -5
    endloop
  endfacet
  facet normal 0 0 -1
    outer loop
      vertex -27.8463 -1.56072 -5
      vertex -21.6673 -0.331653 -5
      vertex -27.6555 -2.32228 -5
    endloop
  endfacet
  facet normal 0 0 -1
    outer loop
      vertex -21.4993 0.801374 -5
      vertex -27.0554 3.77117 -5
      vertex -26.6518 4.44456 -5
    endloop
  endfacet
  facet normal -0 0 -1
    outer loop
      vertex -21.6673 -0.331653 -5
      vertex -27.8463 -1.56072 -5
      vertex -21.6918 -0.166629 -5
    endloop
  endfacet
  facet normal 0 0 -1
    outer loop
      vertex -21.5706 0.650561 -5
      vertex -27.391 3.06147 -5
      vertex -27.0554 3.77117 -5
    endloop
  endfacet
  facet normal 0 0 -1
    outer loop
      vertex -27.9615 -0.784137 -5
      vertex -21.6918 -0.166629 -5
      vertex -27.8463 -1.56072 -5
    endloop
  endfacet
  facet normal 0 0 -1
    outer loop
      vertex -21.6268 0.493484 -5
      vertex -27.6555 2.32228 -5
      vertex -27.391 3.06147 -5
    endloop
  endfacet
  facet normal -0 0 -1
    outer loop
      vertex -21.6918 -0.166629 -5
      vertex -27.9615 -0.784137 -5
      vertex -21.7 0 -5
    endloop
  endfacet
  facet normal 0 0 -1
    outer loop
      vertex -21.6673 0.331653 -5
      vertex -27.8463 1.56072 -5
      vertex -27.6555 2.32228 -5
    endloop
  endfacet
  facet normal 0 0 -1
    outer loop
      vertex -28 0 -5
      vertex -21.7 0 -5
      vertex -27.9615 -0.784137 -5
    endloop
  endfacet
  facet normal 0 0 -1
    outer loop
      vertex -21.6918 0.166629 -5
      vertex -27.9615 0.784137 -5
      vertex -27.8463 1.56072 -5
    endloop
  endfacet
  facet normal 0 0 -1
    outer loop
      vertex -21.7 0 -5
      vertex -28 0 -5
      vertex -27.9615 0.784137 -5
    endloop
  endfacet
  facet normal 0 1 -0
    outer loop
      vertex 20 8 -5
      vertex -20 8 5
      vertex 20 8 5
    endloop
  endfacet
  facet normal 0 1 0
    outer loop
      vertex -20 8 5
      vertex 20 8 -5
      vertex -20 8 -5
    endloop
  endfacet
  facet normal -0.146733 -0.989176 0
    outer loop
      vertex -21.5607 -7.84628 -5
      vertex -20.7841 -7.96148 5
      vertex -21.5607 -7.84628 5
    endloop
  endfacet
  facet normal -0.146733 -0.989176 -0
    outer loop
      vertex -20.7841 -7.96148 5
      vertex -21.5607 -7.84628 -5
      vertex -20.7841 -7.96148 -5
    endloop
  endfacet
  facet normal 0 -1 0
    outer loop
      vertex -20 -8 -5
      vertex 20 -8 5
      vertex -20 -8 5
    endloop
  endfacet
  facet normal 0 -1 -0
    outer loop
      vertex 20 -8 5
      vertex -20 -8 -5
      vertex 20 -8 -5
    endloop
  endfacet
  facet normal 0.242967 0.970035 -0
    outer loop
      vertex 22.3223 7.65552 -5
      vertex 21.5607 7.84628 5
      vertex 22.3223 7.65552 5
    endloop
  endfacet
  facet normal 0.242967 0.970035 0
    outer loop
      vertex 21.5607 7.84628 5
      vertex 22.3223 7.65552 -5
      vertex 21.5607 7.84628 -5
    endloop
  endfacet
  facet normal -0.671501 -0.741004 0
    outer loop
      vertex -25.6569 -5.65685 -5
      vertex -25.0751 -6.18408 5
      vertex -25.6569 -5.65685 5
    endloop
  endfacet
  facet normal -0.671501 -0.741004 -0
    outer loop
      vertex -25.0751 -6.18408 5
      vertex -25.6569 -5.65685 -5
      vertex -25.0751 -6.18408 -5
    endloop
  endfacet
  facet normal -0.242967 -0.970035 0
    outer loop
      vertex -22.3223 -7.65552 -5
      vertex -21.5607 -7.84628 5
      vertex -22.3223 -7.65552 5
    endloop
  endfacet
  facet normal -0.242967 -0.970035 -0
    outer loop
      vertex -21.5607 -7.84628 5
      vertex -22.3223 -7.65552 -5
      vertex -21.5607 -7.84628 -5
    endloop
  endfacet
  facet normal 0.427562 -0.903986 0
    outer loop
      vertex 23.0615 -7.39104 -5
      vertex 23.7712 -7.05537 5
      vertex 23.0615 -7.39104 5
    endloop
  endfacet
  facet normal 0.427562 -0.903986 0
    outer loop
      vertex 23.7712 -7.05537 5
      vertex 23.0615 -7.39104 -5
      vertex 23.7712 -7.05537 -5
    endloop
  endfacet
  facet normal 0.671501 -0.741004 0
    outer loop
      vertex 25.0751 -6.18408 -5
      vertex 25.6569 -5.65685 5
      vertex 25.0751 -6.18408 5
    endloop
  endfacet
  facet normal 0.671501 -0.741004 0
    outer loop
      vertex 25.6569 -5.65685 5
      vertex 25.0751 -6.18408 -5
      vertex 25.6569 -5.65685 -5
    endloop
  endfacet
  facet normal -0.998797 -0.0490395 0
    outer loop
      vertex -27.9615 -0.784137 -5
      vertex -28 0 5
      vertex -28 0 -5
    endloop
  endfacet
  facet normal -0.998797 -0.0490395 0
    outer loop
      vertex -28 0 5
      vertex -27.9615 -0.784137 -5
      vertex -27.9615 -0.784137 5
    endloop
  endfacet
  facet normal -0.90402 0.427489 0
    outer loop
      vertex -27.391 3.06147 -5
      vertex -27.0554 3.77117 5
      vertex -27.0554 3.77117 -5
    endloop
  endfacet
  facet normal -0.90402 0.427489 0
    outer loop
      vertex -27.0554 3.77117 5
      vertex -27.391 3.06147 -5
      vertex -27.391 3.06147 5
    endloop
  endfacet
  facet normal -0.336879 0.941548 0
    outer loop
      vertex -22.3223 7.65552 -5
      vertex -23.0615 7.39104 5
      vertex -22.3223 7.65552 5
    endloop
  endfacet
  facet normal -0.336879 0.941548 0
    outer loop
      vertex -23.0615 7.39104 5
      vertex -22.3223 7.65552 -5
      vertex -23.0615 7.39104 -5
    endloop
  endfacet
  facet normal -0.671501 0.741004 0
    outer loop
      vertex -25.0751 6.18408 -5
      vertex -25.6569 5.65685 5
      vertex -25.0751 6.18408 5
    endloop
  endfacet
  facet normal -0.671501 0.741004 0
    outer loop
      vertex -25.6569 5.65685 5
      vertex -25.0751 6.18408 -5
      vertex -25.6569 5.65685 -5
    endloop
  endfacet
  facet normal 0.740965 0.671543 0
    outer loop
      vertex 26.1841 5.07515 5
      vertex 25.6569 5.65685 -5
      vertex 25.6569 5.65685 5
    endloop
  endfacet
  facet normal 0.740965 0.671543 0
    outer loop
      vertex 25.6569 5.65685 -5
      vertex 26.1841 5.07515 5
      vertex 26.1841 5.07515 -5
    endloop
  endfacet
  facet normal 0.0490672 0.998795 -0
    outer loop
      vertex 20.7841 7.96148 -5
      vertex 20 8 5
      vertex 20.7841 7.96148 5
    endloop
  endfacet
  facet normal 0.0490672 0.998795 0
    outer loop
      vertex 20 8 5
      vertex 20.7841 7.96148 -5
      vertex 20 8 -5
    endloop
  endfacet
  facet normal 0.146733 0.989176 -0
    outer loop
      vertex 21.5607 7.84628 -5
      vertex 20.7841 7.96148 5
      vertex 21.5607 7.84628 5
    endloop
  endfacet
  facet normal 0.146733 0.989176 0
    outer loop
      vertex 20.7841 7.96148 5
      vertex 21.5607 7.84628 -5
      vertex 20.7841 7.96148 -5
    endloop
  endfacet
  facet normal -0.90402 -0.427489 0
    outer loop
      vertex -27.0554 -3.77117 -5
      vertex -27.391 -3.06147 5
      vertex -27.391 -3.06147 -5
    endloop
  endfacet
  facet normal -0.90402 -0.427489 0
    outer loop
      vertex -27.391 -3.06147 5
      vertex -27.0554 -3.77117 -5
      vertex -27.0554 -3.77117 5
    endloop
  endfacet
  facet normal -0.0490672 -0.998795 0
    outer loop
      vertex -20.7841 -7.96148 -5
      vertex -20 -8 5
      vertex -20.7841 -7.96148 5
    endloop
  endfacet
  facet normal -0.0490672 -0.998795 -0
    outer loop
      vertex -20 -8 5
      vertex -20.7841 -7.96148 -5
      vertex -20 -8 -5
    endloop
  endfacet
  facet normal -0.427562 -0.903986 0
    outer loop
      vertex -23.7712 -7.05537 -5
      vertex -23.0615 -7.39104 5
      vertex -23.7712 -7.05537 5
    endloop
  endfacet
  facet normal -0.427562 -0.903986 -0
    outer loop
      vertex -23.0615 -7.39104 5
      vertex -23.7712 -7.05537 -5
      vertex -23.0615 -7.39104 -5
    endloop
  endfacet
  facet normal -0.740965 -0.671543 0
    outer loop
      vertex -25.6569 -5.65685 -5
      vertex -26.1841 -5.07515 5
      vertex -26.1841 -5.07515 -5
    endloop
  endfacet
  facet normal -0.740965 -0.671543 0
    outer loop
      vertex -26.1841 -5.07515 5
      vertex -25.6569 -5.65685 -5
      vertex -25.6569 -5.65685 5
    endloop
  endfacet
  facet normal 0.242967 -0.970035 0
    outer loop
      vertex 21.5607 -7.84628 -5
      vertex 22.3223 -7.65552 5
      vertex 21.5607 -7.84628 5
    endloop
  endfacet
  facet normal 0.242967 -0.970035 0
    outer loop
      vertex 22.3223 -7.65552 5
      vertex 21.5607 -7.84628 -5
      vertex 22.3223 -7.65552 -5
    endloop
  endfacet
  facet normal 0.595756 -0.803165 0
    outer loop
      vertex 24.4446 -6.65176 -5
      vertex 25.0751 -6.18408 5
      vertex 24.4446 -6.65176 5
    endloop
  endfacet
  facet normal 0.595756 -0.803165 0
    outer loop
      vertex 25.0751 -6.18408 5
      vertex 24.4446 -6.65176 -5
      vertex 25.0751 -6.18408 -5
    endloop
  endfacet
  facet normal 0.336879 -0.941548 0
    outer loop
      vertex 22.3223 -7.65552 -5
      vertex 23.0615 -7.39104 5
      vertex 22.3223 -7.65552 5
    endloop
  endfacet
  facet normal 0.336879 -0.941548 0
    outer loop
      vertex 23.0615 -7.39104 5
      vertex 22.3223 -7.65552 -5
      vertex 23.0615 -7.39104 -5
    endloop
  endfacet
  facet normal 0.857737 -0.514089 0
    outer loop
      vertex 26.6518 -4.44456 5
      vertex 27.0554 -3.77117 -5
      vertex 27.0554 -3.77117 5
    endloop
  endfacet
  facet normal 0.857737 -0.514089 0
    outer loop
      vertex 27.0554 -3.77117 -5
      vertex 26.6518 -4.44456 5
      vertex 26.6518 -4.44456 -5
    endloop
  endfacet
  facet normal 0.90402 -0.427489 0
    outer loop
      vertex 27.0554 -3.77117 5
      vertex 27.391 -3.06147 -5
      vertex 27.391 -3.06147 5
    endloop
  endfacet
  facet normal 0.90402 -0.427489 0
    outer loop
      vertex 27.391 -3.06147 -5
      vertex 27.0554 -3.77117 5
      vertex 27.0554 -3.77117 -5
    endloop
  endfacet
  facet normal 0.998797 0.0490395 0
    outer loop
      vertex 28 0 5
      vertex 27.9615 0.784137 -5
      vertex 27.9615 0.784137 5
    endloop
  endfacet
  facet normal 0.998797 0.0490395 0
    outer loop
      vertex 27.9615 0.784137 -5
      vertex 28 0 5
      vertex 28 0 -5
    endloop
  endfacet
  facet normal -0.998797 0.0490395 0
    outer loop
      vertex -28 0 -5
      vertex -27.9615 0.784137 5
      vertex -27.9615 0.784137 -5
    endloop
  endfacet
  facet normal -0.998797 0.0490395 0
    outer loop
      vertex -27.9615 0.784137 5
      vertex -28 0 -5
      vertex -28 0 5
    endloop
  endfacet
  facet normal -0.970019 0.243027 0
    outer loop
      vertex -27.8463 1.56072 -5
      vertex -27.6555 2.32228 5
      vertex -27.6555 2.32228 -5
    endloop
  endfacet
  facet normal -0.970019 0.243027 0
    outer loop
      vertex -27.6555 2.32228 5
      vertex -27.8463 1.56072 -5
      vertex -27.8463 1.56072 5
    endloop
  endfacet
  facet normal -0.941539 0.336905 0
    outer loop
      vertex -27.6555 2.32228 -5
      vertex -27.391 3.06147 5
      vertex -27.391 3.06147 -5
    endloop
  endfacet
  facet normal -0.941539 0.336905 0
    outer loop
      vertex -27.391 3.06147 5
      vertex -27.6555 2.32228 -5
      vertex -27.6555 2.32228 5
    endloop
  endfacet
  facet normal -0.803194 0.595718 0
    outer loop
      vertex -26.6518 4.44456 -5
      vertex -26.1841 5.07515 5
      vertex -26.1841 5.07515 -5
    endloop
  endfacet
  facet normal -0.803194 0.595718 0
    outer loop
      vertex -26.1841 5.07515 5
      vertex -26.6518 4.44456 -5
      vertex -26.6518 4.44456 5
    endloop
  endfacet
  facet normal -0.740965 0.671543 0
    outer loop
      vertex -26.1841 5.07515 -5
      vertex -25.6569 5.65685 5
      vertex -25.6569 5.65685 -5
    endloop
  endfacet
  facet normal -0.740965 0.671543 0
    outer loop
      vertex -25.6569 5.65685 5
      vertex -26.1841 5.07515 -5
      vertex -26.1841 5.07515 5
    endloop
  endfacet
  facet normal -0.857737 0.514089 0
    outer loop
      vertex -27.0554 3.77117 -5
      vertex -26.6518 4.44456 5
      vertex -26.6518 4.44456 -5
    endloop
  endfacet
  facet normal -0.857737 0.514089 0
    outer loop
      vertex -26.6518 4.44456 5
      vertex -27.0554 3.77117 -5
      vertex -27.0554 3.77117 5
    endloop
  endfacet
  facet normal -0.242967 0.970035 0
    outer loop
      vertex -21.5607 7.84628 -5
      vertex -22.3223 7.65552 5
      vertex -21.5607 7.84628 5
    endloop
  endfacet
  facet normal -0.242967 0.970035 0
    outer loop
      vertex -22.3223 7.65552 5
      vertex -21.5607 7.84628 -5
      vertex -22.3223 7.65552 -5
    endloop
  endfacet
  facet normal -0.146733 0.989176 0
    outer loop
      vertex -20.7841 7.96148 -5
      vertex -21.5607 7.84628 5
      vertex -20.7841 7.96148 5
    endloop
  endfacet
  facet normal -0.146733 0.989176 0
    outer loop
      vertex -21.5607 7.84628 5
      vertex -20.7841 7.96148 -5
      vertex -21.5607 7.84628 -5
    endloop
  endfacet
  facet normal -0.0490672 0.998795 0
    outer loop
      vertex -20 8 -5
      vertex -20.7841 7.96148 5
      vertex -20 8 5
    endloop
  endfacet
  facet normal -0.0490672 0.998795 0
    outer loop
      vertex -20.7841 7.96148 5
      vertex -20 8 -5
      vertex -20.7841 7.96148 -5
    endloop
  endfacet
  facet normal -0.514093 0.857734 0
    outer loop
      vertex -23.7712 7.05537 -5
      vertex -24.4446 6.65176 5
      vertex -23.7712 7.05537 5
    endloop
  endfacet
  facet normal -0.514093 0.857734 0
    outer loop
      vertex -24.4446 6.65176 5
      vertex -23.7712 7.05537 -5
      vertex -24.4446 6.65176 -5
    endloop
  endfacet
  facet normal -0.427562 0.903986 0
    outer loop
      vertex -23.0615 7.39104 -5
      vertex -23.7712 7.05537 5
      vertex -23.0615 7.39104 5
    endloop
  endfacet
  facet normal -0.427562 0.903986 0
    outer loop
      vertex -23.7712 7.05537 5
      vertex -23.0615 7.39104 -5
      vertex -23.7712 7.05537 -5
    endloop
  endfacet
  facet normal -0.595756 0.803165 0
    outer loop
      vertex -24.4446 6.65176 -5
      vertex -25.0751 6.18408 5
      vertex -24.4446 6.65176 5
    endloop
  endfacet
  facet normal -0.595756 0.803165 0
    outer loop
      vertex -25.0751 6.18408 5
      vertex -24.4446 6.65176 -5
      vertex -25.0751 6.18408 -5
    endloop
  endfacet
  facet normal 0.427562 0.903986 -0
    outer loop
      vertex 23.7712 7.05537 -5
      vertex 23.0615 7.39104 5
      vertex 23.7712 7.05537 5
    endloop
  endfacet
  facet normal 0.427562 0.903986 0
    outer loop
      vertex 23.0615 7.39104 5
      vertex 23.7712 7.05537 -5
      vertex 23.0615 7.39104 -5
    endloop
  endfacet
  facet normal 0.671501 0.741004 -0
    outer loop
      vertex 25.6569 5.65685 -5
      vertex 25.0751 6.18408 5
      vertex 25.6569 5.65685 5
    endloop
  endfacet
  facet normal 0.671501 0.741004 0
    outer loop
      vertex 25.0751 6.18408 5
      vertex 25.6569 5.65685 -5
      vertex 25.0751 6.18408 -5
    endloop
  endfacet
  facet normal 0.514093 0.857734 -0
    outer loop
      vertex 24.4446 6.65176 -5
      vertex 23.7712 7.05537 5
      vertex 24.4446 6.65176 5
    endloop
  endfacet
  facet normal 0.514093 0.857734 0
    outer loop
      vertex 23.7712 7.05537 5
      vertex 24.4446 6.65176 -5
      vertex 23.7712 7.05537 -5
    endloop
  endfacet
  facet normal 0.941539 0.336905 0
    outer loop
      vertex 27.6555 2.32228 5
      vertex 27.391 3.06147 -5
      vertex 27.391 3.06147 5
    endloop
  endfacet
  facet normal 0.941539 0.336905 0
    outer loop
      vertex 27.391 3.06147 -5
      vertex 27.6555 2.32228 5
      vertex 27.6555 2.32228 -5
    endloop
  endfacet
  facet normal 0.989176 0.146736 0
    outer loop
      vertex 27.9615 0.784137 5
      vertex 27.8463 1.56072 -5
      vertex 27.8463 1.56072 5
    endloop
  endfacet
  facet normal 0.989176 0.146736 0
    outer loop
      vertex 27.8463 1.56072 -5
      vertex 27.9615 0.784137 5
      vertex 27.9615 0.784137 -5
    endloop
  endfacet
  facet normal -0.336879 -0.941548 0
    outer loop
      vertex -23.0615 -7.39104 -5
      vertex -22.3223 -7.65552 5
      vertex -23.0615 -7.39104 5
    endloop
  endfacet
  facet normal -0.336879 -0.941548 -0
    outer loop
      vertex -22.3223 -7.65552 5
      vertex -23.0615 -7.39104 -5
      vertex -22.3223 -7.65552 -5
    endloop
  endfacet
  facet normal -0.595756 -0.803165 0
    outer loop
      vertex -25.0751 -6.18408 -5
      vertex -24.4446 -6.65176 5
      vertex -25.0751 -6.18408 5
    endloop
  endfacet
  facet normal -0.595756 -0.803165 -0
    outer loop
      vertex -24.4446 -6.65176 5
      vertex -25.0751 -6.18408 -5
      vertex -24.4446 -6.65176 -5
    endloop
  endfacet
  facet normal -0.514093 -0.857734 0
    outer loop
      vertex -24.4446 -6.65176 -5
      vertex -23.7712 -7.05537 5
      vertex -24.4446 -6.65176 5
    endloop
  endfacet
  facet normal -0.514093 -0.857734 -0
    outer loop
      vertex -23.7712 -7.05537 5
      vertex -24.4446 -6.65176 -5
      vertex -23.7712 -7.05537 -5
    endloop
  endfacet
  facet normal -0.803194 -0.595718 0
    outer loop
      vertex -26.1841 -5.07515 -5
      vertex -26.6518 -4.44456 5
      vertex -26.6518 -4.44456 -5
    endloop
  endfacet
  facet normal -0.803194 -0.595718 0
    outer loop
      vertex -26.6518 -4.44456 5
      vertex -26.1841 -5.07515 -5
      vertex -26.1841 -5.07515 5
    endloop
  endfacet
  facet normal -0.941539 -0.336905 0
    outer loop
      vertex -27.391 -3.06147 -5
      vertex -27.6555 -2.32228 5
      vertex -27.6555 -2.32228 -5
    endloop
  endfacet
  facet normal -0.941539 -0.336905 0
    outer loop
      vertex -27.6555 -2.32228 5
      vertex -27.391 -3.06147 -5
      vertex -27.391 -3.06147 5
    endloop
  endfacet
  facet normal -0.970019 -0.243027 0
    outer loop
      vertex -27.6555 -2.32228 -5
      vertex -27.8463 -1.56072 5
      vertex -27.8463 -1.56072 -5
    endloop
  endfacet
  facet normal -0.970019 -0.243027 0
    outer loop
      vertex -27.8463 -1.56072 5
      vertex -27.6555 -2.32228 -5
      vertex -27.6555 -2.32228 5
    endloop
  endfacet
  facet normal -0.989176 -0.146736 0
    outer loop
      vertex -27.8463 -1.56072 -5
      vertex -27.9615 -0.784137 5
      vertex -27.9615 -0.784137 -5
    endloop
  endfacet
  facet normal -0.989176 -0.146736 0
    outer loop
      vertex -27.9615 -0.784137 5
      vertex -27.8463 -1.56072 -5
      vertex -27.8463 -1.56072 5
    endloop
  endfacet
  facet normal 0.514093 -0.857734 0
    outer loop
      vertex 23.7712 -7.05537 -5
      vertex 24.4446 -6.65176 5
      vertex 23.7712 -7.05537 5
    endloop
  endfacet
  facet normal 0.514093 -0.857734 0
    outer loop
      vertex 24.4446 -6.65176 5
      vertex 23.7712 -7.05537 -5
      vertex 24.4446 -6.65176 -5
    endloop
  endfacet
  facet normal 0.146733 -0.989176 0
    outer loop
      vertex 20.7841 -7.96148 -5
      vertex 21.5607 -7.84628 5
      vertex 20.7841 -7.96148 5
    endloop
  endfacet
  facet normal 0.146733 -0.989176 0
    outer loop
      vertex 21.5607 -7.84628 5
      vertex 20.7841 -7.96148 -5
      vertex 21.5607 -7.84628 -5
    endloop
  endfacet
  facet normal 0.0490672 -0.998795 0
    outer loop
      vertex 20 -8 -5
      vertex 20.7841 -7.96148 5
      vertex 20 -8 5
    endloop
  endfacet
  facet normal 0.0490672 -0.998795 0
    outer loop
      vertex 20.7841 -7.96148 5
      vertex 20 -8 -5
      vertex 20.7841 -7.96148 -5
    endloop
  endfacet
  facet normal 0.803194 -0.595718 0
    outer loop
      vertex 26.1841 -5.07515 5
      vertex 26.6518 -4.44456 -5
      vertex 26.6518 -4.44456 5
    endloop
  endfacet
  facet normal 0.803194 -0.595718 0
    outer loop
      vertex 26.6518 -4.44456 -5
      vertex 26.1841 -5.07515 5
      vertex 26.1841 -5.07515 -5
    endloop
  endfacet
  facet normal 0.740965 -0.671543 0
    outer loop
      vertex 25.6569 -5.65685 5
      vertex 26.1841 -5.07515 -5
      vertex 26.1841 -5.07515 5
    endloop
  endfacet
  facet normal 0.740965 -0.671543 0
    outer loop
      vertex 26.1841 -5.07515 -5
      vertex 25.6569 -5.65685 5
      vertex 25.6569 -5.65685 -5
    endloop
  endfacet
  facet normal 0.970019 -0.243027 0
    outer loop
      vertex 27.6555 -2.32228 5
      vertex 27.8463 -1.56072 -5
      vertex 27.8463 -1.56072 5
    endloop
  endfacet
  facet normal 0.970019 -0.243027 0
    outer loop
      vertex 27.8463 -1.56072 -5
      vertex 27.6555 -2.32228 5
      vertex 27.6555 -2.32228 -5
    endloop
  endfacet
  facet normal 0.941539 -0.336905 0
    outer loop
      vertex 27.391 -3.06147 5
      vertex 27.6555 -2.32228 -5
      vertex 27.6555 -2.32228 5
    endloop
  endfacet
  facet normal 0.941539 -0.336905 0
    outer loop
      vertex 27.6555 -2.32228 -5
      vertex 27.391 -3.06147 5
      vertex 27.391 -3.06147 -5
    endloop
  endfacet
  facet normal -0.989176 0.146736 0
    outer loop
      vertex -27.9615 0.784137 -5
      vertex -27.8463 1.56072 5
      vertex -27.8463 1.56072 -5
    endloop
  endfacet
  facet normal -0.989176 0.146736 0
    outer loop
      vertex -27.8463 1.56072 5
      vertex -27.9615 0.784137 -5
      vertex -27.9615 0.784137 5
    endloop
  endfacet
  facet normal 0.336879 0.941548 -0
    outer loop
      vertex 23.0615 7.39104 -5
      vertex 22.3223 7.65552 5
      vertex 23.0615 7.39104 5
    endloop
  endfacet
  facet normal 0.336879 0.941548 0
    outer loop
      vertex 22.3223 7.65552 5
      vertex 23.0615 7.39104 -5
      vertex 22.3223 7.65552 -5
    endloop
  endfacet
  facet normal 0.595756 0.803165 -0
    outer loop
      vertex 25.0751 6.18408 -5
      vertex 24.4446 6.65176 5
      vertex 25.0751 6.18408 5
    endloop
  endfacet
  facet normal 0.595756 0.803165 0
    outer loop
      vertex 24.4446 6.65176 5
      vertex 25.0751 6.18408 -5
      vertex 24.4446 6.65176 -5
    endloop
  endfacet
  facet normal 0.803194 0.595718 0
    outer loop
      vertex 26.6518 4.44456 5
      vertex 26.1841 5.07515 -5
      vertex 26.1841 5.07515 5
    endloop
  endfacet
  facet normal 0.803194 0.595718 0
    outer loop
      vertex 26.1841 5.07515 -5
      vertex 26.6518 4.44456 5
      vertex 26.6518 4.44456 -5
    endloop
  endfacet
  facet normal 0.857737 0.514089 0
    outer loop
      vertex 27.0554 3.77117 5
      vertex 26.6518 4.44456 -5
      vertex 26.6518 4.44456 5
    endloop
  endfacet
  facet normal 0.857737 0.514089 0
    outer loop
      vertex 26.6518 4.44456 -5
      vertex 27.0554 3.77117 5
      vertex 27.0554 3.77117 -5
    endloop
  endfacet
  facet normal 0.90402 0.427489 0
    outer loop
      vertex 27.391 3.06147 5
      vertex 27.0554 3.77117 -5
      vertex 27.0554 3.77117 5
    endloop
  endfacet
  facet normal 0.90402 0.427489 0
    outer loop
      vertex 27.0554 3.77117 -5
      vertex 27.391 3.06147 5
      vertex 27.391 3.06147 -5
    endloop
  endfacet
  facet normal 0.970019 0.243027 0
    outer loop
      vertex 27.8463 1.56072 5
      vertex 27.6555 2.32228 -5
      vertex 27.6555 2.32228 5
    endloop
  endfacet
  facet normal 0.970019 0.243027 0
    outer loop
      vertex 27.6555 2.32228 -5
      vertex 27.8463 1.56072 5
      vertex 27.8463 1.56072 -5
    endloop
  endfacet
  facet normal -0.857737 -0.514089 0
    outer loop
      vertex -26.6518 -4.44456 -5
      vertex -27.0554 -3.77117 5
      vertex -27.0554 -3.77117 -5
    endloop
  endfacet
  facet normal -0.857737 -0.514089 0
    outer loop
      vertex -27.0554 -3.77117 5
      vertex -26.6518 -4.44456 -5
      vertex -26.6518 -4.44456 5
    endloop
  endfacet
  facet normal 0.998797 -0.0490395 0
    outer loop
      vertex 27.9615 -0.784137 5
      vertex 28 0 -5
      vertex 28 0 5
    endloop
  endfacet
  facet normal 0.998797 -0.0490395 0
    outer loop
      vertex 28 0 -5
      vertex 27.9615 -0.784137 5
      vertex 27.9615 -0.784137 -5
    endloop
  endfacet
  facet normal 0.989176 -0.146736 0
    outer loop
      vertex 27.8463 -1.56072 5
      vertex 27.9615 -0.784137 -5
      vertex 27.9615 -0.784137 5
    endloop
  endfacet
  facet normal 0.989176 -0.146736 0
    outer loop
      vertex 27.9615 -0.784137 -5
      vertex 27.8463 -1.56072 5
      vertex 27.8463 -1.56072 -5
    endloop
  endfacet
endsolid OpenSCAD_Model
