solid OpenSCAD_Model
  facet normal -0.998791 -0.0491602 0
    outer loop
      vertex -74.3 -43 -2.5
      vertex -74.3082 -42.8334 2.5
      vertex -74.3082 -42.8334 -2.5
    endloop
  endfacet
  facet normal -0.998791 -0.0491602 0
    outer loop
      vertex -74.3082 -42.8334 2.5
      vertex -74.3 -43 -2.5
      vertex -74.3 -43 2.5
    endloop
  endfacet
  facet normal 0.998791 -0.0491602 0
    outer loop
      vertex -77.7 -43 2.5
      vertex -77.6918 -42.8334 -2.5
      vertex -77.6918 -42.8334 2.5
    endloop
  endfacet
  facet normal 0.998791 -0.0491602 0
    outer loop
      vertex -77.6918 -42.8334 -2.5
      vertex -77.7 -43 2.5
      vertex -77.7 -43 -2.5
    endloop
  endfacet
  facet normal -0.0491602 -0.998791 0
    outer loop
      vertex -76 -41.3 -2.5
      vertex -75.8334 -41.3082 2.5
      vertex -76 -41.3 2.5
    endloop
  endfacet
  facet normal -0.0491602 -0.998791 -0
    outer loop
      vertex -75.8334 -41.3082 2.5
      vertex -76 -41.3 -2.5
      vertex -75.8334 -41.3082 -2.5
    endloop
  endfacet
  facet normal 0.0491602 0.998791 -0
    outer loop
      vertex -76 -44.7 -2.5
      vertex -76.1666 -44.6918 2.5
      vertex -76 -44.7 2.5
    endloop
  endfacet
  facet normal 0.0491602 0.998791 0
    outer loop
      vertex -76.1666 -44.6918 2.5
      vertex -76 -44.7 -2.5
      vertex -76.1666 -44.6918 -2.5
    endloop
  endfacet
  facet normal 0.741024 0.671478 0
    outer loop
      vertex -77.2021 -44.2021 2.5
      vertex -77.3141 -44.0785 -2.5
      vertex -77.3141 -44.0785 2.5
    endloop
  endfacet
  facet normal 0.741024 0.671478 0
    outer loop
      vertex -77.3141 -44.0785 -2.5
      vertex -77.2021 -44.2021 2.5
      vertex -77.2021 -44.2021 -2.5
    endloop
  endfacet
  facet normal -0.671478 -0.741024 0
    outer loop
      vertex -74.9215 -41.6859 -2.5
      vertex -74.7979 -41.7979 2.5
      vertex -74.9215 -41.6859 2.5
    endloop
  endfacet
  facet normal -0.671478 -0.741024 -0
    outer loop
      vertex -74.7979 -41.7979 2.5
      vertex -74.9215 -41.6859 -2.5
      vertex -74.7979 -41.7979 -2.5
    endloop
  endfacet
  facet normal 0.671478 -0.741024 0
    outer loop
      vertex -77.2021 -41.7979 -2.5
      vertex -77.0785 -41.6859 2.5
      vertex -77.2021 -41.7979 2.5
    endloop
  endfacet
  facet normal 0.671478 -0.741024 0
    outer loop
      vertex -77.0785 -41.6859 2.5
      vertex -77.2021 -41.7979 -2.5
      vertex -77.0785 -41.6859 -2.5
    endloop
  endfacet
  facet normal 0.33683 -0.941566 0
    outer loop
      vertex -76.6506 -41.4294 -2.5
      vertex -76.4935 -41.3732 2.5
      vertex -76.6506 -41.4294 2.5
    endloop
  endfacet
  facet normal 0.33683 -0.941566 0
    outer loop
      vertex -76.4935 -41.3732 2.5
      vertex -76.6506 -41.4294 -2.5
      vertex -76.4935 -41.3732 -2.5
    endloop
  endfacet
  facet normal 0.941566 0.33683 0
    outer loop
      vertex -77.5706 -43.6506 2.5
      vertex -77.6268 -43.4935 -2.5
      vertex -77.6268 -43.4935 2.5
    endloop
  endfacet
  facet normal 0.941566 0.33683 0
    outer loop
      vertex -77.6268 -43.4935 -2.5
      vertex -77.5706 -43.6506 2.5
      vertex -77.5706 -43.6506 -2.5
    endloop
  endfacet
  facet normal -0.904043 -0.427442 0
    outer loop
      vertex -74.4294 -42.3494 -2.5
      vertex -74.5007 -42.1986 2.5
      vertex -74.5007 -42.1986 -2.5
    endloop
  endfacet
  facet normal -0.904043 -0.427442 0
    outer loop
      vertex -74.5007 -42.1986 2.5
      vertex -74.4294 -42.3494 -2.5
      vertex -74.4294 -42.3494 2.5
    endloop
  endfacet
  facet normal -0.427442 -0.904043 0
    outer loop
      vertex -75.3494 -41.4294 -2.5
      vertex -75.1986 -41.5007 2.5
      vertex -75.3494 -41.4294 2.5
    endloop
  endfacet
  facet normal -0.427442 -0.904043 -0
    outer loop
      vertex -75.1986 -41.5007 2.5
      vertex -75.3494 -41.4294 -2.5
      vertex -75.1986 -41.5007 -2.5
    endloop
  endfacet
  facet normal -0.514231 -0.857652 0
    outer loop
      vertex -75.1986 -41.5007 -2.5
      vertex -75.0555 -41.5865 2.5
      vertex -75.1986 -41.5007 2.5
    endloop
  endfacet
  facet normal -0.514231 -0.857652 -0
    outer loop
      vertex -75.0555 -41.5865 2.5
      vertex -75.1986 -41.5007 -2.5
      vertex -75.0555 -41.5865 -2.5
    endloop
  endfacet
  facet normal 0.904043 -0.427442 0
    outer loop
      vertex -77.5706 -42.3494 2.5
      vertex -77.4993 -42.1986 -2.5
      vertex -77.4993 -42.1986 2.5
    endloop
  endfacet
  facet normal 0.904043 -0.427442 0
    outer loop
      vertex -77.4993 -42.1986 -2.5
      vertex -77.5706 -42.3494 2.5
      vertex -77.5706 -42.3494 -2.5
    endloop
  endfacet
  facet normal 0.146875 -0.989155 0
    outer loop
      vertex -76.3316 -41.3327 -2.5
      vertex -76.1666 -41.3082 2.5
      vertex -76.3316 -41.3327 2.5
    endloop
  endfacet
  facet normal 0.146875 -0.989155 0
    outer loop
      vertex -76.1666 -41.3082 2.5
      vertex -76.3316 -41.3327 -2.5
      vertex -76.1666 -41.3082 -2.5
    endloop
  endfacet
  facet normal -0.970072 -0.242818 0
    outer loop
      vertex -74.3327 -42.6683 -2.5
      vertex -74.3732 -42.5065 2.5
      vertex -74.3732 -42.5065 -2.5
    endloop
  endfacet
  facet normal -0.970072 -0.242818 0
    outer loop
      vertex -74.3732 -42.5065 2.5
      vertex -74.3327 -42.6683 -2.5
      vertex -74.3327 -42.6683 2.5
    endloop
  endfacet
  facet normal -0.989168 -0.146788 0
    outer loop
      vertex -74.3082 -42.8334 -2.5
      vertex -74.3327 -42.6683 2.5
      vertex -74.3327 -42.6683 -2.5
    endloop
  endfacet
  facet normal -0.989168 -0.146788 0
    outer loop
      vertex -74.3327 -42.6683 2.5
      vertex -74.3082 -42.8334 -2.5
      vertex -74.3082 -42.8334 2.5
    endloop
  endfacet
  facet normal -0.941566 -0.33683 0
    outer loop
      vertex -74.3732 -42.5065 -2.5
      vertex -74.4294 -42.3494 2.5
      vertex -74.4294 -42.3494 -2.5
    endloop
  endfacet
  facet normal -0.941566 -0.33683 0
    outer loop
      vertex -74.4294 -42.3494 2.5
      vertex -74.3732 -42.5065 -2.5
      vertex -74.3732 -42.5065 2.5
    endloop
  endfacet
  facet normal -0.803154 -0.595772 0
    outer loop
      vertex -74.5865 -42.0555 -2.5
      vertex -74.6859 -41.9215 2.5
      vertex -74.6859 -41.9215 -2.5
    endloop
  endfacet
  facet normal -0.803154 -0.595772 0
    outer loop
      vertex -74.6859 -41.9215 2.5
      vertex -74.5865 -42.0555 -2.5
      vertex -74.5865 -42.0555 2.5
    endloop
  endfacet
  facet normal -0.741024 -0.671478 0
    outer loop
      vertex -74.6859 -41.9215 -2.5
      vertex -74.7979 -41.7979 2.5
      vertex -74.7979 -41.7979 -2.5
    endloop
  endfacet
  facet normal -0.741024 -0.671478 0
    outer loop
      vertex -74.7979 -41.7979 2.5
      vertex -74.6859 -41.9215 -2.5
      vertex -74.6859 -41.9215 2.5
    endloop
  endfacet
  facet normal -0.857652 -0.514231 0
    outer loop
      vertex -74.5007 -42.1986 -2.5
      vertex -74.5865 -42.0555 2.5
      vertex -74.5865 -42.0555 -2.5
    endloop
  endfacet
  facet normal -0.857652 -0.514231 0
    outer loop
      vertex -74.5865 -42.0555 2.5
      vertex -74.5007 -42.1986 -2.5
      vertex -74.5007 -42.1986 2.5
    endloop
  endfacet
  facet normal -0.242677 -0.970107 0
    outer loop
      vertex -75.6684 -41.3327 -2.5
      vertex -75.5065 -41.3732 2.5
      vertex -75.6684 -41.3327 2.5
    endloop
  endfacet
  facet normal -0.242677 -0.970107 -0
    outer loop
      vertex -75.5065 -41.3732 2.5
      vertex -75.6684 -41.3327 -2.5
      vertex -75.5065 -41.3732 -2.5
    endloop
  endfacet
  facet normal -0.33683 -0.941566 0
    outer loop
      vertex -75.5065 -41.3732 -2.5
      vertex -75.3494 -41.4294 2.5
      vertex -75.5065 -41.3732 2.5
    endloop
  endfacet
  facet normal -0.33683 -0.941566 -0
    outer loop
      vertex -75.3494 -41.4294 2.5
      vertex -75.5065 -41.3732 -2.5
      vertex -75.3494 -41.4294 -2.5
    endloop
  endfacet
  facet normal -0.146875 -0.989155 0
    outer loop
      vertex -75.8334 -41.3082 -2.5
      vertex -75.6684 -41.3327 2.5
      vertex -75.8334 -41.3082 2.5
    endloop
  endfacet
  facet normal -0.146875 -0.989155 -0
    outer loop
      vertex -75.6684 -41.3327 2.5
      vertex -75.8334 -41.3082 -2.5
      vertex -75.6684 -41.3327 -2.5
    endloop
  endfacet
  facet normal -0.595772 -0.803154 0
    outer loop
      vertex -75.0555 -41.5865 -2.5
      vertex -74.9215 -41.6859 2.5
      vertex -75.0555 -41.5865 2.5
    endloop
  endfacet
  facet normal -0.595772 -0.803154 -0
    outer loop
      vertex -74.9215 -41.6859 2.5
      vertex -75.0555 -41.5865 -2.5
      vertex -74.9215 -41.6859 -2.5
    endloop
  endfacet
  facet normal 0.970072 -0.242818 0
    outer loop
      vertex -77.6673 -42.6683 2.5
      vertex -77.6268 -42.5065 -2.5
      vertex -77.6268 -42.5065 2.5
    endloop
  endfacet
  facet normal 0.970072 -0.242818 0
    outer loop
      vertex -77.6268 -42.5065 -2.5
      vertex -77.6673 -42.6683 2.5
      vertex -77.6673 -42.6683 -2.5
    endloop
  endfacet
  facet normal 0.803154 -0.595772 0
    outer loop
      vertex -77.4135 -42.0555 2.5
      vertex -77.3141 -41.9215 -2.5
      vertex -77.3141 -41.9215 2.5
    endloop
  endfacet
  facet normal 0.803154 -0.595772 0
    outer loop
      vertex -77.3141 -41.9215 -2.5
      vertex -77.4135 -42.0555 2.5
      vertex -77.4135 -42.0555 -2.5
    endloop
  endfacet
  facet normal 0.741024 -0.671478 0
    outer loop
      vertex -77.3141 -41.9215 2.5
      vertex -77.2021 -41.7979 -2.5
      vertex -77.2021 -41.7979 2.5
    endloop
  endfacet
  facet normal 0.741024 -0.671478 0
    outer loop
      vertex -77.2021 -41.7979 -2.5
      vertex -77.3141 -41.9215 2.5
      vertex -77.3141 -41.9215 -2.5
    endloop
  endfacet
  facet normal 0.857652 -0.514231 0
    outer loop
      vertex -77.4993 -42.1986 2.5
      vertex -77.4135 -42.0555 -2.5
      vertex -77.4135 -42.0555 2.5
    endloop
  endfacet
  facet normal 0.857652 -0.514231 0
    outer loop
      vertex -77.4135 -42.0555 -2.5
      vertex -77.4993 -42.1986 2.5
      vertex -77.4993 -42.1986 -2.5
    endloop
  endfacet
  facet normal 0.941566 -0.33683 0
    outer loop
      vertex -77.6268 -42.5065 2.5
      vertex -77.5706 -42.3494 -2.5
      vertex -77.5706 -42.3494 2.5
    endloop
  endfacet
  facet normal 0.941566 -0.33683 0
    outer loop
      vertex -77.5706 -42.3494 -2.5
      vertex -77.6268 -42.5065 2.5
      vertex -77.6268 -42.5065 -2.5
    endloop
  endfacet
  facet normal 0.989168 -0.146788 0
    outer loop
      vertex -77.6918 -42.8334 2.5
      vertex -77.6673 -42.6683 -2.5
      vertex -77.6673 -42.6683 2.5
    endloop
  endfacet
  facet normal 0.989168 -0.146788 0
    outer loop
      vertex -77.6673 -42.6683 -2.5
      vertex -77.6918 -42.8334 2.5
      vertex -77.6918 -42.8334 -2.5
    endloop
  endfacet
  facet normal 0.514231 -0.857652 0
    outer loop
      vertex -76.9445 -41.5865 -2.5
      vertex -76.8014 -41.5007 2.5
      vertex -76.9445 -41.5865 2.5
    endloop
  endfacet
  facet normal 0.514231 -0.857652 0
    outer loop
      vertex -76.8014 -41.5007 2.5
      vertex -76.9445 -41.5865 -2.5
      vertex -76.8014 -41.5007 -2.5
    endloop
  endfacet
  facet normal 0.427442 -0.904043 0
    outer loop
      vertex -76.8014 -41.5007 -2.5
      vertex -76.6506 -41.4294 2.5
      vertex -76.8014 -41.5007 2.5
    endloop
  endfacet
  facet normal 0.427442 -0.904043 0
    outer loop
      vertex -76.6506 -41.4294 2.5
      vertex -76.8014 -41.5007 -2.5
      vertex -76.6506 -41.4294 -2.5
    endloop
  endfacet
  facet normal 0.595772 -0.803154 0
    outer loop
      vertex -77.0785 -41.6859 -2.5
      vertex -76.9445 -41.5865 2.5
      vertex -77.0785 -41.6859 2.5
    endloop
  endfacet
  facet normal 0.595772 -0.803154 0
    outer loop
      vertex -76.9445 -41.5865 2.5
      vertex -77.0785 -41.6859 -2.5
      vertex -76.9445 -41.5865 -2.5
    endloop
  endfacet
  facet normal 0.242677 -0.970107 0
    outer loop
      vertex -76.4935 -41.3732 -2.5
      vertex -76.3316 -41.3327 2.5
      vertex -76.4935 -41.3732 2.5
    endloop
  endfacet
  facet normal 0.242677 -0.970107 0
    outer loop
      vertex -76.3316 -41.3327 2.5
      vertex -76.4935 -41.3732 -2.5
      vertex -76.3316 -41.3327 -2.5
    endloop
  endfacet
  facet normal 0.0491602 -0.998791 0
    outer loop
      vertex -76.1666 -41.3082 -2.5
      vertex -76 -41.3 2.5
      vertex -76.1666 -41.3082 2.5
    endloop
  endfacet
  facet normal 0.0491602 -0.998791 0
    outer loop
      vertex -76 -41.3 2.5
      vertex -76.1666 -41.3082 -2.5
      vertex -76 -41.3 -2.5
    endloop
  endfacet
  facet normal -0.998791 0.0491602 0
    outer loop
      vertex -74.3082 -43.1666 -2.5
      vertex -74.3 -43 2.5
      vertex -74.3 -43 -2.5
    endloop
  endfacet
  facet normal -0.998791 0.0491602 0
    outer loop
      vertex -74.3 -43 2.5
      vertex -74.3082 -43.1666 -2.5
      vertex -74.3082 -43.1666 2.5
    endloop
  endfacet
  facet normal -0.0491602 0.998791 0
    outer loop
      vertex -75.8334 -44.6918 -2.5
      vertex -76 -44.7 2.5
      vertex -75.8334 -44.6918 2.5
    endloop
  endfacet
  facet normal -0.0491602 0.998791 0
    outer loop
      vertex -76 -44.7 2.5
      vertex -75.8334 -44.6918 -2.5
      vertex -76 -44.7 -2.5
    endloop
  endfacet
  facet normal -0.671478 0.741024 0
    outer loop
      vertex -74.7979 -44.2021 -2.5
      vertex -74.9215 -44.3141 2.5
      vertex -74.7979 -44.2021 2.5
    endloop
  endfacet
  facet normal -0.671478 0.741024 0
    outer loop
      vertex -74.9215 -44.3141 2.5
      vertex -74.7979 -44.2021 -2.5
      vertex -74.9215 -44.3141 -2.5
    endloop
  endfacet
  facet normal -0.514231 0.857652 0
    outer loop
      vertex -75.0555 -44.4135 -2.5
      vertex -75.1986 -44.4993 2.5
      vertex -75.0555 -44.4135 2.5
    endloop
  endfacet
  facet normal -0.514231 0.857652 0
    outer loop
      vertex -75.1986 -44.4993 2.5
      vertex -75.0555 -44.4135 -2.5
      vertex -75.1986 -44.4993 -2.5
    endloop
  endfacet
  facet normal -0.803154 0.595772 0
    outer loop
      vertex -74.6859 -44.0785 -2.5
      vertex -74.5865 -43.9445 2.5
      vertex -74.5865 -43.9445 -2.5
    endloop
  endfacet
  facet normal -0.803154 0.595772 0
    outer loop
      vertex -74.5865 -43.9445 2.5
      vertex -74.6859 -44.0785 -2.5
      vertex -74.6859 -44.0785 2.5
    endloop
  endfacet
  facet normal -0.904043 0.427442 0
    outer loop
      vertex -74.5007 -43.8014 -2.5
      vertex -74.4294 -43.6506 2.5
      vertex -74.4294 -43.6506 -2.5
    endloop
  endfacet
  facet normal -0.904043 0.427442 0
    outer loop
      vertex -74.4294 -43.6506 2.5
      vertex -74.5007 -43.8014 -2.5
      vertex -74.5007 -43.8014 2.5
    endloop
  endfacet
  facet normal 0.671478 0.741024 -0
    outer loop
      vertex -77.0785 -44.3141 -2.5
      vertex -77.2021 -44.2021 2.5
      vertex -77.0785 -44.3141 2.5
    endloop
  endfacet
  facet normal 0.671478 0.741024 0
    outer loop
      vertex -77.2021 -44.2021 2.5
      vertex -77.0785 -44.3141 -2.5
      vertex -77.2021 -44.2021 -2.5
    endloop
  endfacet
  facet normal 0.514231 0.857652 -0
    outer loop
      vertex -76.8014 -44.4993 -2.5
      vertex -76.9445 -44.4135 2.5
      vertex -76.8014 -44.4993 2.5
    endloop
  endfacet
  facet normal 0.514231 0.857652 0
    outer loop
      vertex -76.9445 -44.4135 2.5
      vertex -76.8014 -44.4993 -2.5
      vertex -76.9445 -44.4135 -2.5
    endloop
  endfacet
  facet normal 0.33683 0.941566 -0
    outer loop
      vertex -76.4935 -44.6268 -2.5
      vertex -76.6506 -44.5706 2.5
      vertex -76.4935 -44.6268 2.5
    endloop
  endfacet
  facet normal 0.33683 0.941566 0
    outer loop
      vertex -76.6506 -44.5706 2.5
      vertex -76.4935 -44.6268 -2.5
      vertex -76.6506 -44.5706 -2.5
    endloop
  endfacet
  facet normal 0.146875 0.989155 -0
    outer loop
      vertex -76.1666 -44.6918 -2.5
      vertex -76.3316 -44.6673 2.5
      vertex -76.1666 -44.6918 2.5
    endloop
  endfacet
  facet normal 0.146875 0.989155 0
    outer loop
      vertex -76.3316 -44.6673 2.5
      vertex -76.1666 -44.6918 -2.5
      vertex -76.3316 -44.6673 -2.5
    endloop
  endfacet
  facet normal 0.904043 0.427442 0
    outer loop
      vertex -77.4993 -43.8014 2.5
      vertex -77.5706 -43.6506 -2.5
      vertex -77.5706 -43.6506 2.5
    endloop
  endfacet
  facet normal 0.904043 0.427442 0
    outer loop
      vertex -77.5706 -43.6506 -2.5
      vertex -77.4993 -43.8014 2.5
      vertex -77.4993 -43.8014 -2.5
    endloop
  endfacet
  facet normal 0.803154 0.595772 0
    outer loop
      vertex -77.3141 -44.0785 2.5
      vertex -77.4135 -43.9445 -2.5
      vertex -77.4135 -43.9445 2.5
    endloop
  endfacet
  facet normal 0.803154 0.595772 0
    outer loop
      vertex -77.4135 -43.9445 -2.5
      vertex -77.3141 -44.0785 2.5
      vertex -77.3141 -44.0785 -2.5
    endloop
  endfacet
  facet normal 0.970072 0.242818 0
    outer loop
      vertex -77.6268 -43.4935 2.5
      vertex -77.6673 -43.3317 -2.5
      vertex -77.6673 -43.3317 2.5
    endloop
  endfacet
  facet normal 0.970072 0.242818 0
    outer loop
      vertex -77.6673 -43.3317 -2.5
      vertex -77.6268 -43.4935 2.5
      vertex -77.6268 -43.4935 -2.5
    endloop
  endfacet
  facet normal 0.998791 0.0491602 0
    outer loop
      vertex -77.6918 -43.1666 2.5
      vertex -77.7 -43 -2.5
      vertex -77.7 -43 2.5
    endloop
  endfacet
  facet normal 0.998791 0.0491602 0
    outer loop
      vertex -77.7 -43 -2.5
      vertex -77.6918 -43.1666 2.5
      vertex -77.6918 -43.1666 -2.5
    endloop
  endfacet
  facet normal -0.146875 0.989155 0
    outer loop
      vertex -75.6684 -44.6673 -2.5
      vertex -75.8334 -44.6918 2.5
      vertex -75.6684 -44.6673 2.5
    endloop
  endfacet
  facet normal -0.146875 0.989155 0
    outer loop
      vertex -75.8334 -44.6918 2.5
      vertex -75.6684 -44.6673 -2.5
      vertex -75.8334 -44.6918 -2.5
    endloop
  endfacet
  facet normal -0.427442 0.904043 0
    outer loop
      vertex -75.1986 -44.4993 -2.5
      vertex -75.3494 -44.5706 2.5
      vertex -75.1986 -44.4993 2.5
    endloop
  endfacet
  facet normal -0.427442 0.904043 0
    outer loop
      vertex -75.3494 -44.5706 2.5
      vertex -75.1986 -44.4993 -2.5
      vertex -75.3494 -44.5706 -2.5
    endloop
  endfacet
  facet normal -0.242677 0.970107 0
    outer loop
      vertex -75.5065 -44.6268 -2.5
      vertex -75.6684 -44.6673 2.5
      vertex -75.5065 -44.6268 2.5
    endloop
  endfacet
  facet normal -0.242677 0.970107 0
    outer loop
      vertex -75.6684 -44.6673 2.5
      vertex -75.5065 -44.6268 -2.5
      vertex -75.6684 -44.6673 -2.5
    endloop
  endfacet
  facet normal -0.741024 0.671478 0
    outer loop
      vertex -74.7979 -44.2021 -2.5
      vertex -74.6859 -44.0785 2.5
      vertex -74.6859 -44.0785 -2.5
    endloop
  endfacet
  facet normal -0.741024 0.671478 0
    outer loop
      vertex -74.6859 -44.0785 2.5
      vertex -74.7979 -44.2021 -2.5
      vertex -74.7979 -44.2021 2.5
    endloop
  endfacet
  facet normal -0.595772 0.803154 0
    outer loop
      vertex -74.9215 -44.3141 -2.5
      vertex -75.0555 -44.4135 2.5
      vertex -74.9215 -44.3141 2.5
    endloop
  endfacet
  facet normal -0.595772 0.803154 0
    outer loop
      vertex -75.0555 -44.4135 2.5
      vertex -74.9215 -44.3141 -2.5
      vertex -75.0555 -44.4135 -2.5
    endloop
  endfacet
  facet normal -0.857652 0.514231 0
    outer loop
      vertex -74.5865 -43.9445 -2.5
      vertex -74.5007 -43.8014 2.5
      vertex -74.5007 -43.8014 -2.5
    endloop
  endfacet
  facet normal -0.857652 0.514231 0
    outer loop
      vertex -74.5007 -43.8014 2.5
      vertex -74.5865 -43.9445 -2.5
      vertex -74.5865 -43.9445 2.5
    endloop
  endfacet
  facet normal -0.941566 0.33683 0
    outer loop
      vertex -74.4294 -43.6506 -2.5
      vertex -74.3732 -43.4935 2.5
      vertex -74.3732 -43.4935 -2.5
    endloop
  endfacet
  facet normal -0.941566 0.33683 0
    outer loop
      vertex -74.3732 -43.4935 2.5
      vertex -74.4294 -43.6506 -2.5
      vertex -74.4294 -43.6506 2.5
    endloop
  endfacet
  facet normal -0.989168 0.146788 0
    outer loop
      vertex -74.3327 -43.3317 -2.5
      vertex -74.3082 -43.1666 2.5
      vertex -74.3082 -43.1666 -2.5
    endloop
  endfacet
  facet normal -0.989168 0.146788 0
    outer loop
      vertex -74.3082 -43.1666 2.5
      vertex -74.3327 -43.3317 -2.5
      vertex -74.3327 -43.3317 2.5
    endloop
  endfacet
  facet normal -0.970072 0.242818 0
    outer loop
      vertex -74.3732 -43.4935 -2.5
      vertex -74.3327 -43.3317 2.5
      vertex -74.3327 -43.3317 -2.5
    endloop
  endfacet
  facet normal -0.970072 0.242818 0
    outer loop
      vertex -74.3327 -43.3317 2.5
      vertex -74.3732 -43.4935 -2.5
      vertex -74.3732 -43.4935 2.5
    endloop
  endfacet
  facet normal 0.595772 0.803154 -0
    outer loop
      vertex -76.9445 -44.4135 -2.5
      vertex -77.0785 -44.3141 2.5
      vertex -76.9445 -44.4135 2.5
    endloop
  endfacet
  facet normal 0.595772 0.803154 0
    outer loop
      vertex -77.0785 -44.3141 2.5
      vertex -76.9445 -44.4135 -2.5
      vertex -77.0785 -44.3141 -2.5
    endloop
  endfacet
  facet normal 0.427442 0.904043 -0
    outer loop
      vertex -76.6506 -44.5706 -2.5
      vertex -76.8014 -44.4993 2.5
      vertex -76.6506 -44.5706 2.5
    endloop
  endfacet
  facet normal 0.427442 0.904043 0
    outer loop
      vertex -76.8014 -44.4993 2.5
      vertex -76.6506 -44.5706 -2.5
      vertex -76.8014 -44.4993 -2.5
    endloop
  endfacet
  facet normal 0.242677 0.970107 -0
    outer loop
      vertex -76.3316 -44.6673 -2.5
      vertex -76.4935 -44.6268 2.5
      vertex -76.3316 -44.6673 2.5
    endloop
  endfacet
  facet normal 0.242677 0.970107 0
    outer loop
      vertex -76.4935 -44.6268 2.5
      vertex -76.3316 -44.6673 -2.5
      vertex -76.4935 -44.6268 -2.5
    endloop
  endfacet
  facet normal 0.857652 0.514231 0
    outer loop
      vertex -77.4135 -43.9445 2.5
      vertex -77.4993 -43.8014 -2.5
      vertex -77.4993 -43.8014 2.5
    endloop
  endfacet
  facet normal 0.857652 0.514231 0
    outer loop
      vertex -77.4993 -43.8014 -2.5
      vertex -77.4135 -43.9445 2.5
      vertex -77.4135 -43.9445 -2.5
    endloop
  endfacet
  facet normal 0.989168 0.146788 0
    outer loop
      vertex -77.6673 -43.3317 2.5
      vertex -77.6918 -43.1666 -2.5
      vertex -77.6918 -43.1666 2.5
    endloop
  endfacet
  facet normal 0.989168 0.146788 0
    outer loop
      vertex -77.6918 -43.1666 -2.5
      vertex -77.6673 -43.3317 2.5
      vertex -77.6673 -43.3317 -2.5
    endloop
  endfacet
  facet normal -0.33683 0.941566 0
    outer loop
      vertex -75.3494 -44.5706 -2.5
      vertex -75.5065 -44.6268 2.5
      vertex -75.3494 -44.5706 2.5
    endloop
  endfacet
  facet normal -0.33683 0.941566 0
    outer loop
      vertex -75.5065 -44.6268 2.5
      vertex -75.3494 -44.5706 -2.5
      vertex -75.5065 -44.6268 -2.5
    endloop
  endfacet
  facet normal -0.998791 -0.0491602 0
    outer loop
      vertex -74.3 43 -2.5
      vertex -74.3082 43.1666 2.5
      vertex -74.3082 43.1666 -2.5
    endloop
  endfacet
  facet normal -0.998791 -0.0491602 0
    outer loop
      vertex -74.3082 43.1666 2.5
      vertex -74.3 43 -2.5
      vertex -74.3 43 2.5
    endloop
  endfacet
  facet normal 0.0491602 -0.998791 0
    outer loop
      vertex -76.1666 44.6918 -2.5
      vertex -76 44.7 2.5
      vertex -76.1666 44.6918 2.5
    endloop
  endfacet
  facet normal 0.0491602 -0.998791 0
    outer loop
      vertex -76 44.7 2.5
      vertex -76.1666 44.6918 -2.5
      vertex -76 44.7 -2.5
    endloop
  endfacet
  facet normal -0.0491602 0.998791 0
    outer loop
      vertex -75.8334 41.3082 -2.5
      vertex -76 41.3 2.5
      vertex -75.8334 41.3082 2.5
    endloop
  endfacet
  facet normal -0.0491602 0.998791 0
    outer loop
      vertex -76 41.3 2.5
      vertex -75.8334 41.3082 -2.5
      vertex -76 41.3 -2.5
    endloop
  endfacet
  facet normal -0.671478 -0.741024 0
    outer loop
      vertex -74.9215 44.3141 -2.5
      vertex -74.7979 44.2021 2.5
      vertex -74.9215 44.3141 2.5
    endloop
  endfacet
  facet normal -0.671478 -0.741024 -0
    outer loop
      vertex -74.7979 44.2021 2.5
      vertex -74.9215 44.3141 -2.5
      vertex -74.7979 44.2021 -2.5
    endloop
  endfacet
  facet normal 0.741024 -0.671478 0
    outer loop
      vertex -77.3141 44.0785 2.5
      vertex -77.2021 44.2021 -2.5
      vertex -77.2021 44.2021 2.5
    endloop
  endfacet
  facet normal 0.741024 -0.671478 0
    outer loop
      vertex -77.2021 44.2021 -2.5
      vertex -77.3141 44.0785 2.5
      vertex -77.3141 44.0785 -2.5
    endloop
  endfacet
  facet normal 0.427442 -0.904043 0
    outer loop
      vertex -76.8014 44.4993 -2.5
      vertex -76.6506 44.5706 2.5
      vertex -76.8014 44.4993 2.5
    endloop
  endfacet
  facet normal 0.427442 -0.904043 0
    outer loop
      vertex -76.6506 44.5706 2.5
      vertex -76.8014 44.4993 -2.5
      vertex -76.6506 44.5706 -2.5
    endloop
  endfacet
  facet normal -0.904043 -0.427442 0
    outer loop
      vertex -74.4294 43.6506 -2.5
      vertex -74.5007 43.8014 2.5
      vertex -74.5007 43.8014 -2.5
    endloop
  endfacet
  facet normal -0.904043 -0.427442 0
    outer loop
      vertex -74.5007 43.8014 2.5
      vertex -74.4294 43.6506 -2.5
      vertex -74.4294 43.6506 2.5
    endloop
  endfacet
  facet normal -0.33683 -0.941566 0
    outer loop
      vertex -75.5065 44.6268 -2.5
      vertex -75.3494 44.5706 2.5
      vertex -75.5065 44.6268 2.5
    endloop
  endfacet
  facet normal -0.33683 -0.941566 -0
    outer loop
      vertex -75.3494 44.5706 2.5
      vertex -75.5065 44.6268 -2.5
      vertex -75.3494 44.5706 -2.5
    endloop
  endfacet
  facet normal -0.514231 -0.857652 0
    outer loop
      vertex -75.1986 44.4993 -2.5
      vertex -75.0555 44.4135 2.5
      vertex -75.1986 44.4993 2.5
    endloop
  endfacet
  facet normal -0.514231 -0.857652 -0
    outer loop
      vertex -75.0555 44.4135 2.5
      vertex -75.1986 44.4993 -2.5
      vertex -75.0555 44.4135 -2.5
    endloop
  endfacet
  facet normal 0.904043 -0.427442 0
    outer loop
      vertex -77.5706 43.6506 2.5
      vertex -77.4993 43.8014 -2.5
      vertex -77.4993 43.8014 2.5
    endloop
  endfacet
  facet normal 0.904043 -0.427442 0
    outer loop
      vertex -77.4993 43.8014 -2.5
      vertex -77.5706 43.6506 2.5
      vertex -77.5706 43.6506 -2.5
    endloop
  endfacet
  facet normal 0.857652 -0.514231 0
    outer loop
      vertex -77.4993 43.8014 2.5
      vertex -77.4135 43.9445 -2.5
      vertex -77.4135 43.9445 2.5
    endloop
  endfacet
  facet normal 0.857652 -0.514231 0
    outer loop
      vertex -77.4135 43.9445 -2.5
      vertex -77.4993 43.8014 2.5
      vertex -77.4993 43.8014 -2.5
    endloop
  endfacet
  facet normal 0.242677 -0.970107 0
    outer loop
      vertex -76.4935 44.6268 -2.5
      vertex -76.3316 44.6673 2.5
      vertex -76.4935 44.6268 2.5
    endloop
  endfacet
  facet normal 0.242677 -0.970107 0
    outer loop
      vertex -76.3316 44.6673 2.5
      vertex -76.4935 44.6268 -2.5
      vertex -76.3316 44.6673 -2.5
    endloop
  endfacet
  facet normal -0.146875 0.989155 0
    outer loop
      vertex -75.6684 41.3327 -2.5
      vertex -75.8334 41.3082 2.5
      vertex -75.6684 41.3327 2.5
    endloop
  endfacet
  facet normal -0.146875 0.989155 0
    outer loop
      vertex -75.8334 41.3082 2.5
      vertex -75.6684 41.3327 -2.5
      vertex -75.8334 41.3082 -2.5
    endloop
  endfacet
  facet normal -0.970072 -0.242818 0
    outer loop
      vertex -74.3327 43.3317 -2.5
      vertex -74.3732 43.4935 2.5
      vertex -74.3732 43.4935 -2.5
    endloop
  endfacet
  facet normal -0.970072 -0.242818 0
    outer loop
      vertex -74.3732 43.4935 2.5
      vertex -74.3327 43.3317 -2.5
      vertex -74.3327 43.3317 2.5
    endloop
  endfacet
  facet normal -0.989168 -0.146788 0
    outer loop
      vertex -74.3082 43.1666 -2.5
      vertex -74.3327 43.3317 2.5
      vertex -74.3327 43.3317 -2.5
    endloop
  endfacet
  facet normal -0.989168 -0.146788 0
    outer loop
      vertex -74.3327 43.3317 2.5
      vertex -74.3082 43.1666 -2.5
      vertex -74.3082 43.1666 2.5
    endloop
  endfacet
  facet normal -0.941566 -0.33683 0
    outer loop
      vertex -74.3732 43.4935 -2.5
      vertex -74.4294 43.6506 2.5
      vertex -74.4294 43.6506 -2.5
    endloop
  endfacet
  facet normal -0.941566 -0.33683 0
    outer loop
      vertex -74.4294 43.6506 2.5
      vertex -74.3732 43.4935 -2.5
      vertex -74.3732 43.4935 2.5
    endloop
  endfacet
  facet normal -0.803154 -0.595772 0
    outer loop
      vertex -74.5865 43.9445 -2.5
      vertex -74.6859 44.0785 2.5
      vertex -74.6859 44.0785 -2.5
    endloop
  endfacet
  facet normal -0.803154 -0.595772 0
    outer loop
      vertex -74.6859 44.0785 2.5
      vertex -74.5865 43.9445 -2.5
      vertex -74.5865 43.9445 2.5
    endloop
  endfacet
  facet normal -0.741024 -0.671478 0
    outer loop
      vertex -74.6859 44.0785 -2.5
      vertex -74.7979 44.2021 2.5
      vertex -74.7979 44.2021 -2.5
    endloop
  endfacet
  facet normal -0.741024 -0.671478 0
    outer loop
      vertex -74.7979 44.2021 2.5
      vertex -74.6859 44.0785 -2.5
      vertex -74.6859 44.0785 2.5
    endloop
  endfacet
  facet normal -0.146875 -0.989155 0
    outer loop
      vertex -75.8334 44.6918 -2.5
      vertex -75.6684 44.6673 2.5
      vertex -75.8334 44.6918 2.5
    endloop
  endfacet
  facet normal -0.146875 -0.989155 -0
    outer loop
      vertex -75.6684 44.6673 2.5
      vertex -75.8334 44.6918 -2.5
      vertex -75.6684 44.6673 -2.5
    endloop
  endfacet
  facet normal -0.242677 -0.970107 0
    outer loop
      vertex -75.6684 44.6673 -2.5
      vertex -75.5065 44.6268 2.5
      vertex -75.6684 44.6673 2.5
    endloop
  endfacet
  facet normal -0.242677 -0.970107 -0
    outer loop
      vertex -75.5065 44.6268 2.5
      vertex -75.6684 44.6673 -2.5
      vertex -75.5065 44.6268 -2.5
    endloop
  endfacet
  facet normal -0.0491602 -0.998791 0
    outer loop
      vertex -76 44.7 -2.5
      vertex -75.8334 44.6918 2.5
      vertex -76 44.7 2.5
    endloop
  endfacet
  facet normal -0.0491602 -0.998791 -0
    outer loop
      vertex -75.8334 44.6918 2.5
      vertex -76 44.7 -2.5
      vertex -75.8334 44.6918 -2.5
    endloop
  endfacet
  facet normal -0.427442 -0.904043 0
    outer loop
      vertex -75.3494 44.5706 -2.5
      vertex -75.1986 44.4993 2.5
      vertex -75.3494 44.5706 2.5
    endloop
  endfacet
  facet normal -0.427442 -0.904043 -0
    outer loop
      vertex -75.1986 44.4993 2.5
      vertex -75.3494 44.5706 -2.5
      vertex -75.1986 44.4993 -2.5
    endloop
  endfacet
  facet normal -0.595772 -0.803154 0
    outer loop
      vertex -75.0555 44.4135 -2.5
      vertex -74.9215 44.3141 2.5
      vertex -75.0555 44.4135 2.5
    endloop
  endfacet
  facet normal -0.595772 -0.803154 -0
    outer loop
      vertex -74.9215 44.3141 2.5
      vertex -75.0555 44.4135 -2.5
      vertex -74.9215 44.3141 -2.5
    endloop
  endfacet
  facet normal 0.989168 -0.146788 0
    outer loop
      vertex -77.6918 43.1666 2.5
      vertex -77.6673 43.3317 -2.5
      vertex -77.6673 43.3317 2.5
    endloop
  endfacet
  facet normal 0.989168 -0.146788 0
    outer loop
      vertex -77.6673 43.3317 -2.5
      vertex -77.6918 43.1666 2.5
      vertex -77.6918 43.1666 -2.5
    endloop
  endfacet
  facet normal 0.803154 -0.595772 0
    outer loop
      vertex -77.4135 43.9445 2.5
      vertex -77.3141 44.0785 -2.5
      vertex -77.3141 44.0785 2.5
    endloop
  endfacet
  facet normal 0.803154 -0.595772 0
    outer loop
      vertex -77.3141 44.0785 -2.5
      vertex -77.4135 43.9445 2.5
      vertex -77.4135 43.9445 -2.5
    endloop
  endfacet
  facet normal 0.941566 -0.33683 0
    outer loop
      vertex -77.6268 43.4935 2.5
      vertex -77.5706 43.6506 -2.5
      vertex -77.5706 43.6506 2.5
    endloop
  endfacet
  facet normal 0.941566 -0.33683 0
    outer loop
      vertex -77.5706 43.6506 -2.5
      vertex -77.6268 43.4935 2.5
      vertex -77.6268 43.4935 -2.5
    endloop
  endfacet
  facet normal 0.970072 -0.242818 0
    outer loop
      vertex -77.6673 43.3317 2.5
      vertex -77.6268 43.4935 -2.5
      vertex -77.6268 43.4935 2.5
    endloop
  endfacet
  facet normal 0.970072 -0.242818 0
    outer loop
      vertex -77.6268 43.4935 -2.5
      vertex -77.6673 43.3317 2.5
      vertex -77.6673 43.3317 -2.5
    endloop
  endfacet
  facet normal 0.998791 -0.0491602 0
    outer loop
      vertex -77.7 43 2.5
      vertex -77.6918 43.1666 -2.5
      vertex -77.6918 43.1666 2.5
    endloop
  endfacet
  facet normal 0.998791 -0.0491602 0
    outer loop
      vertex -77.6918 43.1666 -2.5
      vertex -77.7 43 2.5
      vertex -77.7 43 -2.5
    endloop
  endfacet
  facet normal 0.595772 -0.803154 0
    outer loop
      vertex -77.0785 44.3141 -2.5
      vertex -76.9445 44.4135 2.5
      vertex -77.0785 44.3141 2.5
    endloop
  endfacet
  facet normal 0.595772 -0.803154 0
    outer loop
      vertex -76.9445 44.4135 2.5
      vertex -77.0785 44.3141 -2.5
      vertex -76.9445 44.4135 -2.5
    endloop
  endfacet
  facet normal 0.671478 -0.741024 0
    outer loop
      vertex -77.2021 44.2021 -2.5
      vertex -77.0785 44.3141 2.5
      vertex -77.2021 44.2021 2.5
    endloop
  endfacet
  facet normal 0.671478 -0.741024 0
    outer loop
      vertex -77.0785 44.3141 2.5
      vertex -77.2021 44.2021 -2.5
      vertex -77.0785 44.3141 -2.5
    endloop
  endfacet
  facet normal 0.33683 -0.941566 0
    outer loop
      vertex -76.6506 44.5706 -2.5
      vertex -76.4935 44.6268 2.5
      vertex -76.6506 44.5706 2.5
    endloop
  endfacet
  facet normal 0.33683 -0.941566 0
    outer loop
      vertex -76.4935 44.6268 2.5
      vertex -76.6506 44.5706 -2.5
      vertex -76.4935 44.6268 -2.5
    endloop
  endfacet
  facet normal 0.146875 -0.989155 0
    outer loop
      vertex -76.3316 44.6673 -2.5
      vertex -76.1666 44.6918 2.5
      vertex -76.3316 44.6673 2.5
    endloop
  endfacet
  facet normal 0.146875 -0.989155 0
    outer loop
      vertex -76.1666 44.6918 2.5
      vertex -76.3316 44.6673 -2.5
      vertex -76.1666 44.6918 -2.5
    endloop
  endfacet
  facet normal -0.998791 0.0491602 0
    outer loop
      vertex -74.3082 42.8334 -2.5
      vertex -74.3 43 2.5
      vertex -74.3 43 -2.5
    endloop
  endfacet
  facet normal -0.998791 0.0491602 0
    outer loop
      vertex -74.3 43 2.5
      vertex -74.3082 42.8334 -2.5
      vertex -74.3082 42.8334 2.5
    endloop
  endfacet
  facet normal -0.741024 0.671478 0
    outer loop
      vertex -74.7979 41.7979 -2.5
      vertex -74.6859 41.9215 2.5
      vertex -74.6859 41.9215 -2.5
    endloop
  endfacet
  facet normal -0.741024 0.671478 0
    outer loop
      vertex -74.6859 41.9215 2.5
      vertex -74.7979 41.7979 -2.5
      vertex -74.7979 41.7979 2.5
    endloop
  endfacet
  facet normal 0.33683 0.941566 -0
    outer loop
      vertex -76.4935 41.3732 -2.5
      vertex -76.6506 41.4294 2.5
      vertex -76.4935 41.3732 2.5
    endloop
  endfacet
  facet normal 0.33683 0.941566 0
    outer loop
      vertex -76.6506 41.4294 2.5
      vertex -76.4935 41.3732 -2.5
      vertex -76.6506 41.4294 -2.5
    endloop
  endfacet
  facet normal 0.741024 0.671478 0
    outer loop
      vertex -77.2021 41.7979 2.5
      vertex -77.3141 41.9215 -2.5
      vertex -77.3141 41.9215 2.5
    endloop
  endfacet
  facet normal 0.741024 0.671478 0
    outer loop
      vertex -77.3141 41.9215 -2.5
      vertex -77.2021 41.7979 2.5
      vertex -77.2021 41.7979 -2.5
    endloop
  endfacet
  facet normal -0.427442 0.904043 0
    outer loop
      vertex -75.1986 41.5007 -2.5
      vertex -75.3494 41.4294 2.5
      vertex -75.1986 41.5007 2.5
    endloop
  endfacet
  facet normal -0.427442 0.904043 0
    outer loop
      vertex -75.3494 41.4294 2.5
      vertex -75.1986 41.5007 -2.5
      vertex -75.3494 41.4294 -2.5
    endloop
  endfacet
  facet normal -0.857652 -0.514231 0
    outer loop
      vertex -74.5007 43.8014 -2.5
      vertex -74.5865 43.9445 2.5
      vertex -74.5865 43.9445 -2.5
    endloop
  endfacet
  facet normal -0.857652 -0.514231 0
    outer loop
      vertex -74.5865 43.9445 2.5
      vertex -74.5007 43.8014 -2.5
      vertex -74.5007 43.8014 2.5
    endloop
  endfacet
  facet normal 0.998791 0.0491602 0
    outer loop
      vertex -77.6918 42.8334 2.5
      vertex -77.7 43 -2.5
      vertex -77.7 43 2.5
    endloop
  endfacet
  facet normal 0.998791 0.0491602 0
    outer loop
      vertex -77.7 43 -2.5
      vertex -77.6918 42.8334 2.5
      vertex -77.6918 42.8334 -2.5
    endloop
  endfacet
  facet normal 0.514231 -0.857652 0
    outer loop
      vertex -76.9445 44.4135 -2.5
      vertex -76.8014 44.4993 2.5
      vertex -76.9445 44.4135 2.5
    endloop
  endfacet
  facet normal 0.514231 -0.857652 0
    outer loop
      vertex -76.8014 44.4993 2.5
      vertex -76.9445 44.4135 -2.5
      vertex -76.8014 44.4993 -2.5
    endloop
  endfacet
  facet normal -0.941566 0.33683 0
    outer loop
      vertex -74.4294 42.3494 -2.5
      vertex -74.3732 42.5065 2.5
      vertex -74.3732 42.5065 -2.5
    endloop
  endfacet
  facet normal -0.941566 0.33683 0
    outer loop
      vertex -74.3732 42.5065 2.5
      vertex -74.4294 42.3494 -2.5
      vertex -74.4294 42.3494 2.5
    endloop
  endfacet
  facet normal -0.970072 0.242818 0
    outer loop
      vertex -74.3732 42.5065 -2.5
      vertex -74.3327 42.6683 2.5
      vertex -74.3327 42.6683 -2.5
    endloop
  endfacet
  facet normal -0.970072 0.242818 0
    outer loop
      vertex -74.3327 42.6683 2.5
      vertex -74.3732 42.5065 -2.5
      vertex -74.3732 42.5065 2.5
    endloop
  endfacet
  facet normal -0.989168 0.146788 0
    outer loop
      vertex -74.3327 42.6683 -2.5
      vertex -74.3082 42.8334 2.5
      vertex -74.3082 42.8334 -2.5
    endloop
  endfacet
  facet normal -0.989168 0.146788 0
    outer loop
      vertex -74.3082 42.8334 2.5
      vertex -74.3327 42.6683 -2.5
      vertex -74.3327 42.6683 2.5
    endloop
  endfacet
  facet normal -0.671478 0.741024 0
    outer loop
      vertex -74.7979 41.7979 -2.5
      vertex -74.9215 41.6859 2.5
      vertex -74.7979 41.7979 2.5
    endloop
  endfacet
  facet normal -0.671478 0.741024 0
    outer loop
      vertex -74.9215 41.6859 2.5
      vertex -74.7979 41.7979 -2.5
      vertex -74.9215 41.6859 -2.5
    endloop
  endfacet
  facet normal -0.904043 0.427442 0
    outer loop
      vertex -74.5007 42.1986 -2.5
      vertex -74.4294 42.3494 2.5
      vertex -74.4294 42.3494 -2.5
    endloop
  endfacet
  facet normal -0.904043 0.427442 0
    outer loop
      vertex -74.4294 42.3494 2.5
      vertex -74.5007 42.1986 -2.5
      vertex -74.5007 42.1986 2.5
    endloop
  endfacet
  facet normal -0.803154 0.595772 0
    outer loop
      vertex -74.6859 41.9215 -2.5
      vertex -74.5865 42.0555 2.5
      vertex -74.5865 42.0555 -2.5
    endloop
  endfacet
  facet normal -0.803154 0.595772 0
    outer loop
      vertex -74.5865 42.0555 2.5
      vertex -74.6859 41.9215 -2.5
      vertex -74.6859 41.9215 2.5
    endloop
  endfacet
  facet normal 0.242677 0.970107 -0
    outer loop
      vertex -76.3316 41.3327 -2.5
      vertex -76.4935 41.3732 2.5
      vertex -76.3316 41.3327 2.5
    endloop
  endfacet
  facet normal 0.242677 0.970107 0
    outer loop
      vertex -76.4935 41.3732 2.5
      vertex -76.3316 41.3327 -2.5
      vertex -76.4935 41.3732 -2.5
    endloop
  endfacet
  facet normal 0.857652 0.514231 0
    outer loop
      vertex -77.4135 42.0555 2.5
      vertex -77.4993 42.1986 -2.5
      vertex -77.4993 42.1986 2.5
    endloop
  endfacet
  facet normal 0.857652 0.514231 0
    outer loop
      vertex -77.4993 42.1986 -2.5
      vertex -77.4135 42.0555 2.5
      vertex -77.4135 42.0555 -2.5
    endloop
  endfacet
  facet normal 0.941566 0.33683 0
    outer loop
      vertex -77.5706 42.3494 2.5
      vertex -77.6268 42.5065 -2.5
      vertex -77.6268 42.5065 2.5
    endloop
  endfacet
  facet normal 0.941566 0.33683 0
    outer loop
      vertex -77.6268 42.5065 -2.5
      vertex -77.5706 42.3494 2.5
      vertex -77.5706 42.3494 -2.5
    endloop
  endfacet
  facet normal 0.904043 0.427442 0
    outer loop
      vertex -77.4993 42.1986 2.5
      vertex -77.5706 42.3494 -2.5
      vertex -77.5706 42.3494 2.5
    endloop
  endfacet
  facet normal 0.904043 0.427442 0
    outer loop
      vertex -77.5706 42.3494 -2.5
      vertex -77.4993 42.1986 2.5
      vertex -77.4993 42.1986 -2.5
    endloop
  endfacet
  facet normal -0.514231 0.857652 0
    outer loop
      vertex -75.0555 41.5865 -2.5
      vertex -75.1986 41.5007 2.5
      vertex -75.0555 41.5865 2.5
    endloop
  endfacet
  facet normal -0.514231 0.857652 0
    outer loop
      vertex -75.1986 41.5007 2.5
      vertex -75.0555 41.5865 -2.5
      vertex -75.1986 41.5007 -2.5
    endloop
  endfacet
  facet normal -0.595772 0.803154 0
    outer loop
      vertex -74.9215 41.6859 -2.5
      vertex -75.0555 41.5865 2.5
      vertex -74.9215 41.6859 2.5
    endloop
  endfacet
  facet normal -0.595772 0.803154 0
    outer loop
      vertex -75.0555 41.5865 2.5
      vertex -74.9215 41.6859 -2.5
      vertex -75.0555 41.5865 -2.5
    endloop
  endfacet
  facet normal -0.857652 0.514231 0
    outer loop
      vertex -74.5865 42.0555 -2.5
      vertex -74.5007 42.1986 2.5
      vertex -74.5007 42.1986 -2.5
    endloop
  endfacet
  facet normal -0.857652 0.514231 0
    outer loop
      vertex -74.5007 42.1986 2.5
      vertex -74.5865 42.0555 -2.5
      vertex -74.5865 42.0555 2.5
    endloop
  endfacet
  facet normal 0.0491602 0.998791 -0
    outer loop
      vertex -76 41.3 -2.5
      vertex -76.1666 41.3082 2.5
      vertex -76 41.3 2.5
    endloop
  endfacet
  facet normal 0.0491602 0.998791 0
    outer loop
      vertex -76.1666 41.3082 2.5
      vertex -76 41.3 -2.5
      vertex -76.1666 41.3082 -2.5
    endloop
  endfacet
  facet normal 0.427442 0.904043 -0
    outer loop
      vertex -76.6506 41.4294 -2.5
      vertex -76.8014 41.5007 2.5
      vertex -76.6506 41.4294 2.5
    endloop
  endfacet
  facet normal 0.427442 0.904043 0
    outer loop
      vertex -76.8014 41.5007 2.5
      vertex -76.6506 41.4294 -2.5
      vertex -76.8014 41.5007 -2.5
    endloop
  endfacet
  facet normal 0.671478 0.741024 -0
    outer loop
      vertex -77.0785 41.6859 -2.5
      vertex -77.2021 41.7979 2.5
      vertex -77.0785 41.6859 2.5
    endloop
  endfacet
  facet normal 0.671478 0.741024 0
    outer loop
      vertex -77.2021 41.7979 2.5
      vertex -77.0785 41.6859 -2.5
      vertex -77.2021 41.7979 -2.5
    endloop
  endfacet
  facet normal 0.803154 0.595772 0
    outer loop
      vertex -77.3141 41.9215 2.5
      vertex -77.4135 42.0555 -2.5
      vertex -77.4135 42.0555 2.5
    endloop
  endfacet
  facet normal 0.803154 0.595772 0
    outer loop
      vertex -77.4135 42.0555 -2.5
      vertex -77.3141 41.9215 2.5
      vertex -77.3141 41.9215 -2.5
    endloop
  endfacet
  facet normal 0.970072 0.242818 0
    outer loop
      vertex -77.6268 42.5065 2.5
      vertex -77.6673 42.6683 -2.5
      vertex -77.6673 42.6683 2.5
    endloop
  endfacet
  facet normal 0.970072 0.242818 0
    outer loop
      vertex -77.6673 42.6683 -2.5
      vertex -77.6268 42.5065 2.5
      vertex -77.6268 42.5065 -2.5
    endloop
  endfacet
  facet normal 0.989168 0.146788 0
    outer loop
      vertex -77.6673 42.6683 2.5
      vertex -77.6918 42.8334 -2.5
      vertex -77.6918 42.8334 2.5
    endloop
  endfacet
  facet normal 0.989168 0.146788 0
    outer loop
      vertex -77.6918 42.8334 -2.5
      vertex -77.6673 42.6683 2.5
      vertex -77.6673 42.6683 -2.5
    endloop
  endfacet
  facet normal -0.242677 0.970107 0
    outer loop
      vertex -75.5065 41.3732 -2.5
      vertex -75.6684 41.3327 2.5
      vertex -75.5065 41.3732 2.5
    endloop
  endfacet
  facet normal -0.242677 0.970107 0
    outer loop
      vertex -75.6684 41.3327 2.5
      vertex -75.5065 41.3732 -2.5
      vertex -75.6684 41.3327 -2.5
    endloop
  endfacet
  facet normal -0.33683 0.941566 0
    outer loop
      vertex -75.3494 41.4294 -2.5
      vertex -75.5065 41.3732 2.5
      vertex -75.3494 41.4294 2.5
    endloop
  endfacet
  facet normal -0.33683 0.941566 0
    outer loop
      vertex -75.5065 41.3732 2.5
      vertex -75.3494 41.4294 -2.5
      vertex -75.5065 41.3732 -2.5
    endloop
  endfacet
  facet normal 0.595772 0.803154 -0
    outer loop
      vertex -76.9445 41.5865 -2.5
      vertex -77.0785 41.6859 2.5
      vertex -76.9445 41.5865 2.5
    endloop
  endfacet
  facet normal 0.595772 0.803154 0
    outer loop
      vertex -77.0785 41.6859 2.5
      vertex -76.9445 41.5865 -2.5
      vertex -77.0785 41.6859 -2.5
    endloop
  endfacet
  facet normal 0.514231 0.857652 -0
    outer loop
      vertex -76.8014 41.5007 -2.5
      vertex -76.9445 41.5865 2.5
      vertex -76.8014 41.5007 2.5
    endloop
  endfacet
  facet normal 0.514231 0.857652 0
    outer loop
      vertex -76.9445 41.5865 2.5
      vertex -76.8014 41.5007 -2.5
      vertex -76.9445 41.5865 -2.5
    endloop
  endfacet
  facet normal 0.146875 0.989155 -0
    outer loop
      vertex -76.1666 41.3082 -2.5
      vertex -76.3316 41.3327 2.5
      vertex -76.1666 41.3082 2.5
    endloop
  endfacet
  facet normal 0.146875 0.989155 0
    outer loop
      vertex -76.3316 41.3327 2.5
      vertex -76.1666 41.3082 -2.5
      vertex -76.3316 41.3327 -2.5
    endloop
  endfacet
  facet normal -0.998791 -0.0491602 0
    outer loop
      vertex 77.7 -43 -2.5
      vertex 77.6918 -42.8334 2.5
      vertex 77.6918 -42.8334 -2.5
    endloop
  endfacet
  facet normal -0.998791 -0.0491602 0
    outer loop
      vertex 77.6918 -42.8334 2.5
      vertex 77.7 -43 -2.5
      vertex 77.7 -43 2.5
    endloop
  endfacet
  facet normal 0.998791 -0.0491602 0
    outer loop
      vertex 74.3 -43 2.5
      vertex 74.3082 -42.8334 -2.5
      vertex 74.3082 -42.8334 2.5
    endloop
  endfacet
  facet normal 0.998791 -0.0491602 0
    outer loop
      vertex 74.3082 -42.8334 -2.5
      vertex 74.3 -43 2.5
      vertex 74.3 -43 -2.5
    endloop
  endfacet
  facet normal -0.0491602 -0.998791 0
    outer loop
      vertex 76 -41.3 -2.5
      vertex 76.1666 -41.3082 2.5
      vertex 76 -41.3 2.5
    endloop
  endfacet
  facet normal -0.0491602 -0.998791 -0
    outer loop
      vertex 76.1666 -41.3082 2.5
      vertex 76 -41.3 -2.5
      vertex 76.1666 -41.3082 -2.5
    endloop
  endfacet
  facet normal 0.0491602 0.998791 -0
    outer loop
      vertex 76 -44.7 -2.5
      vertex 75.8334 -44.6918 2.5
      vertex 76 -44.7 2.5
    endloop
  endfacet
  facet normal 0.0491602 0.998791 0
    outer loop
      vertex 75.8334 -44.6918 2.5
      vertex 76 -44.7 -2.5
      vertex 75.8334 -44.6918 -2.5
    endloop
  endfacet
  facet normal -0.671478 -0.741024 0
    outer loop
      vertex 77.0785 -41.6859 -2.5
      vertex 77.2021 -41.7979 2.5
      vertex 77.0785 -41.6859 2.5
    endloop
  endfacet
  facet normal -0.671478 -0.741024 -0
    outer loop
      vertex 77.2021 -41.7979 2.5
      vertex 77.0785 -41.6859 -2.5
      vertex 77.2021 -41.7979 -2.5
    endloop
  endfacet
  facet normal 0.671478 -0.741024 0
    outer loop
      vertex 74.7979 -41.7979 -2.5
      vertex 74.9215 -41.6859 2.5
      vertex 74.7979 -41.7979 2.5
    endloop
  endfacet
  facet normal 0.671478 -0.741024 0
    outer loop
      vertex 74.9215 -41.6859 2.5
      vertex 74.7979 -41.7979 -2.5
      vertex 74.9215 -41.6859 -2.5
    endloop
  endfacet
  facet normal 0.33683 -0.941566 0
    outer loop
      vertex 75.3494 -41.4294 -2.5
      vertex 75.5065 -41.3732 2.5
      vertex 75.3494 -41.4294 2.5
    endloop
  endfacet
  facet normal 0.33683 -0.941566 0
    outer loop
      vertex 75.5065 -41.3732 2.5
      vertex 75.3494 -41.4294 -2.5
      vertex 75.5065 -41.3732 -2.5
    endloop
  endfacet
  facet normal -0.904043 -0.427442 0
    outer loop
      vertex 77.5706 -42.3494 -2.5
      vertex 77.4993 -42.1986 2.5
      vertex 77.4993 -42.1986 -2.5
    endloop
  endfacet
  facet normal -0.904043 -0.427442 0
    outer loop
      vertex 77.4993 -42.1986 2.5
      vertex 77.5706 -42.3494 -2.5
      vertex 77.5706 -42.3494 2.5
    endloop
  endfacet
  facet normal -0.427442 -0.904043 0
    outer loop
      vertex 76.6506 -41.4294 -2.5
      vertex 76.8014 -41.5007 2.5
      vertex 76.6506 -41.4294 2.5
    endloop
  endfacet
  facet normal -0.427442 -0.904043 -0
    outer loop
      vertex 76.8014 -41.5007 2.5
      vertex 76.6506 -41.4294 -2.5
      vertex 76.8014 -41.5007 -2.5
    endloop
  endfacet
  facet normal -0.514231 -0.857652 0
    outer loop
      vertex 76.8014 -41.5007 -2.5
      vertex 76.9445 -41.5865 2.5
      vertex 76.8014 -41.5007 2.5
    endloop
  endfacet
  facet normal -0.514231 -0.857652 -0
    outer loop
      vertex 76.9445 -41.5865 2.5
      vertex 76.8014 -41.5007 -2.5
      vertex 76.9445 -41.5865 -2.5
    endloop
  endfacet
  facet normal 0.904043 -0.427442 0
    outer loop
      vertex 74.4294 -42.3494 2.5
      vertex 74.5007 -42.1986 -2.5
      vertex 74.5007 -42.1986 2.5
    endloop
  endfacet
  facet normal 0.904043 -0.427442 0
    outer loop
      vertex 74.5007 -42.1986 -2.5
      vertex 74.4294 -42.3494 2.5
      vertex 74.4294 -42.3494 -2.5
    endloop
  endfacet
  facet normal 0.146875 -0.989155 0
    outer loop
      vertex 75.6684 -41.3327 -2.5
      vertex 75.8334 -41.3082 2.5
      vertex 75.6684 -41.3327 2.5
    endloop
  endfacet
  facet normal 0.146875 -0.989155 0
    outer loop
      vertex 75.8334 -41.3082 2.5
      vertex 75.6684 -41.3327 -2.5
      vertex 75.8334 -41.3082 -2.5
    endloop
  endfacet
  facet normal -0.941566 0.33683 0
    outer loop
      vertex 77.5706 -43.6506 -2.5
      vertex 77.6268 -43.4935 2.5
      vertex 77.6268 -43.4935 -2.5
    endloop
  endfacet
  facet normal -0.941566 0.33683 0
    outer loop
      vertex 77.6268 -43.4935 2.5
      vertex 77.5706 -43.6506 -2.5
      vertex 77.5706 -43.6506 2.5
    endloop
  endfacet
  facet normal -0.970072 -0.242818 0
    outer loop
      vertex 77.6673 -42.6683 -2.5
      vertex 77.6268 -42.5065 2.5
      vertex 77.6268 -42.5065 -2.5
    endloop
  endfacet
  facet normal -0.970072 -0.242818 0
    outer loop
      vertex 77.6268 -42.5065 2.5
      vertex 77.6673 -42.6683 -2.5
      vertex 77.6673 -42.6683 2.5
    endloop
  endfacet
  facet normal -0.989168 -0.146788 0
    outer loop
      vertex 77.6918 -42.8334 -2.5
      vertex 77.6673 -42.6683 2.5
      vertex 77.6673 -42.6683 -2.5
    endloop
  endfacet
  facet normal -0.989168 -0.146788 0
    outer loop
      vertex 77.6673 -42.6683 2.5
      vertex 77.6918 -42.8334 -2.5
      vertex 77.6918 -42.8334 2.5
    endloop
  endfacet
  facet normal -0.941566 -0.33683 0
    outer loop
      vertex 77.6268 -42.5065 -2.5
      vertex 77.5706 -42.3494 2.5
      vertex 77.5706 -42.3494 -2.5
    endloop
  endfacet
  facet normal -0.941566 -0.33683 0
    outer loop
      vertex 77.5706 -42.3494 2.5
      vertex 77.6268 -42.5065 -2.5
      vertex 77.6268 -42.5065 2.5
    endloop
  endfacet
  facet normal -0.803154 -0.595772 0
    outer loop
      vertex 77.4135 -42.0555 -2.5
      vertex 77.3141 -41.9215 2.5
      vertex 77.3141 -41.9215 -2.5
    endloop
  endfacet
  facet normal -0.803154 -0.595772 0
    outer loop
      vertex 77.3141 -41.9215 2.5
      vertex 77.4135 -42.0555 -2.5
      vertex 77.4135 -42.0555 2.5
    endloop
  endfacet
  facet normal -0.741024 -0.671478 0
    outer loop
      vertex 77.3141 -41.9215 -2.5
      vertex 77.2021 -41.7979 2.5
      vertex 77.2021 -41.7979 -2.5
    endloop
  endfacet
  facet normal -0.741024 -0.671478 0
    outer loop
      vertex 77.2021 -41.7979 2.5
      vertex 77.3141 -41.9215 -2.5
      vertex 77.3141 -41.9215 2.5
    endloop
  endfacet
  facet normal -0.857652 -0.514231 0
    outer loop
      vertex 77.4993 -42.1986 -2.5
      vertex 77.4135 -42.0555 2.5
      vertex 77.4135 -42.0555 -2.5
    endloop
  endfacet
  facet normal -0.857652 -0.514231 0
    outer loop
      vertex 77.4135 -42.0555 2.5
      vertex 77.4993 -42.1986 -2.5
      vertex 77.4993 -42.1986 2.5
    endloop
  endfacet
  facet normal -0.242677 -0.970107 0
    outer loop
      vertex 76.3316 -41.3327 -2.5
      vertex 76.4935 -41.3732 2.5
      vertex 76.3316 -41.3327 2.5
    endloop
  endfacet
  facet normal -0.242677 -0.970107 -0
    outer loop
      vertex 76.4935 -41.3732 2.5
      vertex 76.3316 -41.3327 -2.5
      vertex 76.4935 -41.3732 -2.5
    endloop
  endfacet
  facet normal -0.33683 -0.941566 0
    outer loop
      vertex 76.4935 -41.3732 -2.5
      vertex 76.6506 -41.4294 2.5
      vertex 76.4935 -41.3732 2.5
    endloop
  endfacet
  facet normal -0.33683 -0.941566 -0
    outer loop
      vertex 76.6506 -41.4294 2.5
      vertex 76.4935 -41.3732 -2.5
      vertex 76.6506 -41.4294 -2.5
    endloop
  endfacet
  facet normal -0.146875 -0.989155 0
    outer loop
      vertex 76.1666 -41.3082 -2.5
      vertex 76.3316 -41.3327 2.5
      vertex 76.1666 -41.3082 2.5
    endloop
  endfacet
  facet normal -0.146875 -0.989155 -0
    outer loop
      vertex 76.3316 -41.3327 2.5
      vertex 76.1666 -41.3082 -2.5
      vertex 76.3316 -41.3327 -2.5
    endloop
  endfacet
  facet normal -0.595772 -0.803154 0
    outer loop
      vertex 76.9445 -41.5865 -2.5
      vertex 77.0785 -41.6859 2.5
      vertex 76.9445 -41.5865 2.5
    endloop
  endfacet
  facet normal -0.595772 -0.803154 -0
    outer loop
      vertex 77.0785 -41.6859 2.5
      vertex 76.9445 -41.5865 -2.5
      vertex 77.0785 -41.6859 -2.5
    endloop
  endfacet
  facet normal 0.970072 -0.242818 0
    outer loop
      vertex 74.3327 -42.6683 2.5
      vertex 74.3732 -42.5065 -2.5
      vertex 74.3732 -42.5065 2.5
    endloop
  endfacet
  facet normal 0.970072 -0.242818 0
    outer loop
      vertex 74.3732 -42.5065 -2.5
      vertex 74.3327 -42.6683 2.5
      vertex 74.3327 -42.6683 -2.5
    endloop
  endfacet
  facet normal 0.803154 -0.595772 0
    outer loop
      vertex 74.5865 -42.0555 2.5
      vertex 74.6859 -41.9215 -2.5
      vertex 74.6859 -41.9215 2.5
    endloop
  endfacet
  facet normal 0.803154 -0.595772 0
    outer loop
      vertex 74.6859 -41.9215 -2.5
      vertex 74.5865 -42.0555 2.5
      vertex 74.5865 -42.0555 -2.5
    endloop
  endfacet
  facet normal 0.741024 -0.671478 0
    outer loop
      vertex 74.6859 -41.9215 2.5
      vertex 74.7979 -41.7979 -2.5
      vertex 74.7979 -41.7979 2.5
    endloop
  endfacet
  facet normal 0.741024 -0.671478 0
    outer loop
      vertex 74.7979 -41.7979 -2.5
      vertex 74.6859 -41.9215 2.5
      vertex 74.6859 -41.9215 -2.5
    endloop
  endfacet
  facet normal 0.857652 -0.514231 0
    outer loop
      vertex 74.5007 -42.1986 2.5
      vertex 74.5865 -42.0555 -2.5
      vertex 74.5865 -42.0555 2.5
    endloop
  endfacet
  facet normal 0.857652 -0.514231 0
    outer loop
      vertex 74.5865 -42.0555 -2.5
      vertex 74.5007 -42.1986 2.5
      vertex 74.5007 -42.1986 -2.5
    endloop
  endfacet
  facet normal 0.941566 -0.33683 0
    outer loop
      vertex 74.3732 -42.5065 2.5
      vertex 74.4294 -42.3494 -2.5
      vertex 74.4294 -42.3494 2.5
    endloop
  endfacet
  facet normal 0.941566 -0.33683 0
    outer loop
      vertex 74.4294 -42.3494 -2.5
      vertex 74.3732 -42.5065 2.5
      vertex 74.3732 -42.5065 -2.5
    endloop
  endfacet
  facet normal 0.989168 -0.146788 0
    outer loop
      vertex 74.3082 -42.8334 2.5
      vertex 74.3327 -42.6683 -2.5
      vertex 74.3327 -42.6683 2.5
    endloop
  endfacet
  facet normal 0.989168 -0.146788 0
    outer loop
      vertex 74.3327 -42.6683 -2.5
      vertex 74.3082 -42.8334 2.5
      vertex 74.3082 -42.8334 -2.5
    endloop
  endfacet
  facet normal 0.514231 -0.857652 0
    outer loop
      vertex 75.0555 -41.5865 -2.5
      vertex 75.1986 -41.5007 2.5
      vertex 75.0555 -41.5865 2.5
    endloop
  endfacet
  facet normal 0.514231 -0.857652 0
    outer loop
      vertex 75.1986 -41.5007 2.5
      vertex 75.0555 -41.5865 -2.5
      vertex 75.1986 -41.5007 -2.5
    endloop
  endfacet
  facet normal 0.427442 -0.904043 0
    outer loop
      vertex 75.1986 -41.5007 -2.5
      vertex 75.3494 -41.4294 2.5
      vertex 75.1986 -41.5007 2.5
    endloop
  endfacet
  facet normal 0.427442 -0.904043 0
    outer loop
      vertex 75.3494 -41.4294 2.5
      vertex 75.1986 -41.5007 -2.5
      vertex 75.3494 -41.4294 -2.5
    endloop
  endfacet
  facet normal 0.595772 -0.803154 0
    outer loop
      vertex 74.9215 -41.6859 -2.5
      vertex 75.0555 -41.5865 2.5
      vertex 74.9215 -41.6859 2.5
    endloop
  endfacet
  facet normal 0.595772 -0.803154 0
    outer loop
      vertex 75.0555 -41.5865 2.5
      vertex 74.9215 -41.6859 -2.5
      vertex 75.0555 -41.5865 -2.5
    endloop
  endfacet
  facet normal 0.242677 -0.970107 0
    outer loop
      vertex 75.5065 -41.3732 -2.5
      vertex 75.6684 -41.3327 2.5
      vertex 75.5065 -41.3732 2.5
    endloop
  endfacet
  facet normal 0.242677 -0.970107 0
    outer loop
      vertex 75.6684 -41.3327 2.5
      vertex 75.5065 -41.3732 -2.5
      vertex 75.6684 -41.3327 -2.5
    endloop
  endfacet
  facet normal 0.0491602 -0.998791 0
    outer loop
      vertex 75.8334 -41.3082 -2.5
      vertex 76 -41.3 2.5
      vertex 75.8334 -41.3082 2.5
    endloop
  endfacet
  facet normal 0.0491602 -0.998791 0
    outer loop
      vertex 76 -41.3 2.5
      vertex 75.8334 -41.3082 -2.5
      vertex 76 -41.3 -2.5
    endloop
  endfacet
  facet normal -0.998791 0.0491602 0
    outer loop
      vertex 77.6918 -43.1666 -2.5
      vertex 77.7 -43 2.5
      vertex 77.7 -43 -2.5
    endloop
  endfacet
  facet normal -0.998791 0.0491602 0
    outer loop
      vertex 77.7 -43 2.5
      vertex 77.6918 -43.1666 -2.5
      vertex 77.6918 -43.1666 2.5
    endloop
  endfacet
  facet normal -0.0491602 0.998791 0
    outer loop
      vertex 76.1666 -44.6918 -2.5
      vertex 76 -44.7 2.5
      vertex 76.1666 -44.6918 2.5
    endloop
  endfacet
  facet normal -0.0491602 0.998791 0
    outer loop
      vertex 76 -44.7 2.5
      vertex 76.1666 -44.6918 -2.5
      vertex 76 -44.7 -2.5
    endloop
  endfacet
  facet normal -0.671478 0.741024 0
    outer loop
      vertex 77.2021 -44.2021 -2.5
      vertex 77.0785 -44.3141 2.5
      vertex 77.2021 -44.2021 2.5
    endloop
  endfacet
  facet normal -0.671478 0.741024 0
    outer loop
      vertex 77.0785 -44.3141 2.5
      vertex 77.2021 -44.2021 -2.5
      vertex 77.0785 -44.3141 -2.5
    endloop
  endfacet
  facet normal -0.514231 0.857652 0
    outer loop
      vertex 76.9445 -44.4135 -2.5
      vertex 76.8014 -44.4993 2.5
      vertex 76.9445 -44.4135 2.5
    endloop
  endfacet
  facet normal -0.514231 0.857652 0
    outer loop
      vertex 76.8014 -44.4993 2.5
      vertex 76.9445 -44.4135 -2.5
      vertex 76.8014 -44.4993 -2.5
    endloop
  endfacet
  facet normal -0.803154 0.595772 0
    outer loop
      vertex 77.3141 -44.0785 -2.5
      vertex 77.4135 -43.9445 2.5
      vertex 77.4135 -43.9445 -2.5
    endloop
  endfacet
  facet normal -0.803154 0.595772 0
    outer loop
      vertex 77.4135 -43.9445 2.5
      vertex 77.3141 -44.0785 -2.5
      vertex 77.3141 -44.0785 2.5
    endloop
  endfacet
  facet normal -0.904043 0.427442 0
    outer loop
      vertex 77.4993 -43.8014 -2.5
      vertex 77.5706 -43.6506 2.5
      vertex 77.5706 -43.6506 -2.5
    endloop
  endfacet
  facet normal -0.904043 0.427442 0
    outer loop
      vertex 77.5706 -43.6506 2.5
      vertex 77.4993 -43.8014 -2.5
      vertex 77.4993 -43.8014 2.5
    endloop
  endfacet
  facet normal 0.671478 0.741024 -0
    outer loop
      vertex 74.9215 -44.3141 -2.5
      vertex 74.7979 -44.2021 2.5
      vertex 74.9215 -44.3141 2.5
    endloop
  endfacet
  facet normal 0.671478 0.741024 0
    outer loop
      vertex 74.7979 -44.2021 2.5
      vertex 74.9215 -44.3141 -2.5
      vertex 74.7979 -44.2021 -2.5
    endloop
  endfacet
  facet normal 0.514231 0.857652 -0
    outer loop
      vertex 75.1986 -44.4993 -2.5
      vertex 75.0555 -44.4135 2.5
      vertex 75.1986 -44.4993 2.5
    endloop
  endfacet
  facet normal 0.514231 0.857652 0
    outer loop
      vertex 75.0555 -44.4135 2.5
      vertex 75.1986 -44.4993 -2.5
      vertex 75.0555 -44.4135 -2.5
    endloop
  endfacet
  facet normal 0.33683 0.941566 -0
    outer loop
      vertex 75.5065 -44.6268 -2.5
      vertex 75.3494 -44.5706 2.5
      vertex 75.5065 -44.6268 2.5
    endloop
  endfacet
  facet normal 0.33683 0.941566 0
    outer loop
      vertex 75.3494 -44.5706 2.5
      vertex 75.5065 -44.6268 -2.5
      vertex 75.3494 -44.5706 -2.5
    endloop
  endfacet
  facet normal 0.146875 0.989155 -0
    outer loop
      vertex 75.8334 -44.6918 -2.5
      vertex 75.6684 -44.6673 2.5
      vertex 75.8334 -44.6918 2.5
    endloop
  endfacet
  facet normal 0.146875 0.989155 0
    outer loop
      vertex 75.6684 -44.6673 2.5
      vertex 75.8334 -44.6918 -2.5
      vertex 75.6684 -44.6673 -2.5
    endloop
  endfacet
  facet normal 0.803154 0.595772 0
    outer loop
      vertex 74.6859 -44.0785 2.5
      vertex 74.5865 -43.9445 -2.5
      vertex 74.5865 -43.9445 2.5
    endloop
  endfacet
  facet normal 0.803154 0.595772 0
    outer loop
      vertex 74.5865 -43.9445 -2.5
      vertex 74.6859 -44.0785 2.5
      vertex 74.6859 -44.0785 -2.5
    endloop
  endfacet
  facet normal 0.904043 0.427442 0
    outer loop
      vertex 74.5007 -43.8014 2.5
      vertex 74.4294 -43.6506 -2.5
      vertex 74.4294 -43.6506 2.5
    endloop
  endfacet
  facet normal 0.904043 0.427442 0
    outer loop
      vertex 74.4294 -43.6506 -2.5
      vertex 74.5007 -43.8014 2.5
      vertex 74.5007 -43.8014 -2.5
    endloop
  endfacet
  facet normal 0.857652 0.514231 0
    outer loop
      vertex 74.5865 -43.9445 2.5
      vertex 74.5007 -43.8014 -2.5
      vertex 74.5007 -43.8014 2.5
    endloop
  endfacet
  facet normal 0.857652 0.514231 0
    outer loop
      vertex 74.5007 -43.8014 -2.5
      vertex 74.5865 -43.9445 2.5
      vertex 74.5865 -43.9445 -2.5
    endloop
  endfacet
  facet normal 0.970072 0.242818 0
    outer loop
      vertex 74.3732 -43.4935 2.5
      vertex 74.3327 -43.3317 -2.5
      vertex 74.3327 -43.3317 2.5
    endloop
  endfacet
  facet normal 0.970072 0.242818 0
    outer loop
      vertex 74.3327 -43.3317 -2.5
      vertex 74.3732 -43.4935 2.5
      vertex 74.3732 -43.4935 -2.5
    endloop
  endfacet
  facet normal 0.941566 0.33683 0
    outer loop
      vertex 74.4294 -43.6506 2.5
      vertex 74.3732 -43.4935 -2.5
      vertex 74.3732 -43.4935 2.5
    endloop
  endfacet
  facet normal 0.941566 0.33683 0
    outer loop
      vertex 74.3732 -43.4935 -2.5
      vertex 74.4294 -43.6506 2.5
      vertex 74.4294 -43.6506 -2.5
    endloop
  endfacet
  facet normal 0.998791 0.0491602 0
    outer loop
      vertex 74.3082 -43.1666 2.5
      vertex 74.3 -43 -2.5
      vertex 74.3 -43 2.5
    endloop
  endfacet
  facet normal 0.998791 0.0491602 0
    outer loop
      vertex 74.3 -43 -2.5
      vertex 74.3082 -43.1666 2.5
      vertex 74.3082 -43.1666 -2.5
    endloop
  endfacet
  facet normal -0.146875 0.989155 0
    outer loop
      vertex 76.3316 -44.6673 -2.5
      vertex 76.1666 -44.6918 2.5
      vertex 76.3316 -44.6673 2.5
    endloop
  endfacet
  facet normal -0.146875 0.989155 0
    outer loop
      vertex 76.1666 -44.6918 2.5
      vertex 76.3316 -44.6673 -2.5
      vertex 76.1666 -44.6918 -2.5
    endloop
  endfacet
  facet normal -0.242677 0.970107 0
    outer loop
      vertex 76.4935 -44.6268 -2.5
      vertex 76.3316 -44.6673 2.5
      vertex 76.4935 -44.6268 2.5
    endloop
  endfacet
  facet normal -0.242677 0.970107 0
    outer loop
      vertex 76.3316 -44.6673 2.5
      vertex 76.4935 -44.6268 -2.5
      vertex 76.3316 -44.6673 -2.5
    endloop
  endfacet
  facet normal -0.427442 0.904043 0
    outer loop
      vertex 76.8014 -44.4993 -2.5
      vertex 76.6506 -44.5706 2.5
      vertex 76.8014 -44.4993 2.5
    endloop
  endfacet
  facet normal -0.427442 0.904043 0
    outer loop
      vertex 76.6506 -44.5706 2.5
      vertex 76.8014 -44.4993 -2.5
      vertex 76.6506 -44.5706 -2.5
    endloop
  endfacet
  facet normal -0.33683 0.941566 0
    outer loop
      vertex 76.6506 -44.5706 -2.5
      vertex 76.4935 -44.6268 2.5
      vertex 76.6506 -44.5706 2.5
    endloop
  endfacet
  facet normal -0.33683 0.941566 0
    outer loop
      vertex 76.4935 -44.6268 2.5
      vertex 76.6506 -44.5706 -2.5
      vertex 76.4935 -44.6268 -2.5
    endloop
  endfacet
  facet normal -0.741024 0.671478 0
    outer loop
      vertex 77.2021 -44.2021 -2.5
      vertex 77.3141 -44.0785 2.5
      vertex 77.3141 -44.0785 -2.5
    endloop
  endfacet
  facet normal -0.741024 0.671478 0
    outer loop
      vertex 77.3141 -44.0785 2.5
      vertex 77.2021 -44.2021 -2.5
      vertex 77.2021 -44.2021 2.5
    endloop
  endfacet
  facet normal -0.595772 0.803154 0
    outer loop
      vertex 77.0785 -44.3141 -2.5
      vertex 76.9445 -44.4135 2.5
      vertex 77.0785 -44.3141 2.5
    endloop
  endfacet
  facet normal -0.595772 0.803154 0
    outer loop
      vertex 76.9445 -44.4135 2.5
      vertex 77.0785 -44.3141 -2.5
      vertex 76.9445 -44.4135 -2.5
    endloop
  endfacet
  facet normal -0.857652 0.514231 0
    outer loop
      vertex 77.4135 -43.9445 -2.5
      vertex 77.4993 -43.8014 2.5
      vertex 77.4993 -43.8014 -2.5
    endloop
  endfacet
  facet normal -0.857652 0.514231 0
    outer loop
      vertex 77.4993 -43.8014 2.5
      vertex 77.4135 -43.9445 -2.5
      vertex 77.4135 -43.9445 2.5
    endloop
  endfacet
  facet normal -0.989168 0.146788 0
    outer loop
      vertex 77.6673 -43.3317 -2.5
      vertex 77.6918 -43.1666 2.5
      vertex 77.6918 -43.1666 -2.5
    endloop
  endfacet
  facet normal -0.989168 0.146788 0
    outer loop
      vertex 77.6918 -43.1666 2.5
      vertex 77.6673 -43.3317 -2.5
      vertex 77.6673 -43.3317 2.5
    endloop
  endfacet
  facet normal -0.970072 0.242818 0
    outer loop
      vertex 77.6268 -43.4935 -2.5
      vertex 77.6673 -43.3317 2.5
      vertex 77.6673 -43.3317 -2.5
    endloop
  endfacet
  facet normal -0.970072 0.242818 0
    outer loop
      vertex 77.6673 -43.3317 2.5
      vertex 77.6268 -43.4935 -2.5
      vertex 77.6268 -43.4935 2.5
    endloop
  endfacet
  facet normal 0.595772 0.803154 -0
    outer loop
      vertex 75.0555 -44.4135 -2.5
      vertex 74.9215 -44.3141 2.5
      vertex 75.0555 -44.4135 2.5
    endloop
  endfacet
  facet normal 0.595772 0.803154 0
    outer loop
      vertex 74.9215 -44.3141 2.5
      vertex 75.0555 -44.4135 -2.5
      vertex 74.9215 -44.3141 -2.5
    endloop
  endfacet
  facet normal 0.427442 0.904043 -0
    outer loop
      vertex 75.3494 -44.5706 -2.5
      vertex 75.1986 -44.4993 2.5
      vertex 75.3494 -44.5706 2.5
    endloop
  endfacet
  facet normal 0.427442 0.904043 0
    outer loop
      vertex 75.1986 -44.4993 2.5
      vertex 75.3494 -44.5706 -2.5
      vertex 75.1986 -44.4993 -2.5
    endloop
  endfacet
  facet normal 0.242677 0.970107 -0
    outer loop
      vertex 75.6684 -44.6673 -2.5
      vertex 75.5065 -44.6268 2.5
      vertex 75.6684 -44.6673 2.5
    endloop
  endfacet
  facet normal 0.242677 0.970107 0
    outer loop
      vertex 75.5065 -44.6268 2.5
      vertex 75.6684 -44.6673 -2.5
      vertex 75.5065 -44.6268 -2.5
    endloop
  endfacet
  facet normal 0.741024 0.671478 0
    outer loop
      vertex 74.7979 -44.2021 2.5
      vertex 74.6859 -44.0785 -2.5
      vertex 74.6859 -44.0785 2.5
    endloop
  endfacet
  facet normal 0.741024 0.671478 0
    outer loop
      vertex 74.6859 -44.0785 -2.5
      vertex 74.7979 -44.2021 2.5
      vertex 74.7979 -44.2021 -2.5
    endloop
  endfacet
  facet normal 0.989168 0.146788 0
    outer loop
      vertex 74.3327 -43.3317 2.5
      vertex 74.3082 -43.1666 -2.5
      vertex 74.3082 -43.1666 2.5
    endloop
  endfacet
  facet normal 0.989168 0.146788 0
    outer loop
      vertex 74.3082 -43.1666 -2.5
      vertex 74.3327 -43.3317 2.5
      vertex 74.3327 -43.3317 -2.5
    endloop
  endfacet
  facet normal -0.998791 -0.0491602 0
    outer loop
      vertex 77.7 43 -2.5
      vertex 77.6918 43.1666 2.5
      vertex 77.6918 43.1666 -2.5
    endloop
  endfacet
  facet normal -0.998791 -0.0491602 0
    outer loop
      vertex 77.6918 43.1666 2.5
      vertex 77.7 43 -2.5
      vertex 77.7 43 2.5
    endloop
  endfacet
  facet normal 0.0491602 -0.998791 0
    outer loop
      vertex 75.8334 44.6918 -2.5
      vertex 76 44.7 2.5
      vertex 75.8334 44.6918 2.5
    endloop
  endfacet
  facet normal 0.0491602 -0.998791 0
    outer loop
      vertex 76 44.7 2.5
      vertex 75.8334 44.6918 -2.5
      vertex 76 44.7 -2.5
    endloop
  endfacet
  facet normal -0.0491602 0.998791 0
    outer loop
      vertex 76.1666 41.3082 -2.5
      vertex 76 41.3 2.5
      vertex 76.1666 41.3082 2.5
    endloop
  endfacet
  facet normal -0.0491602 0.998791 0
    outer loop
      vertex 76 41.3 2.5
      vertex 76.1666 41.3082 -2.5
      vertex 76 41.3 -2.5
    endloop
  endfacet
  facet normal -0.671478 -0.741024 0
    outer loop
      vertex 77.0785 44.3141 -2.5
      vertex 77.2021 44.2021 2.5
      vertex 77.0785 44.3141 2.5
    endloop
  endfacet
  facet normal -0.671478 -0.741024 -0
    outer loop
      vertex 77.2021 44.2021 2.5
      vertex 77.0785 44.3141 -2.5
      vertex 77.2021 44.2021 -2.5
    endloop
  endfacet
  facet normal 0.741024 -0.671478 0
    outer loop
      vertex 74.6859 44.0785 2.5
      vertex 74.7979 44.2021 -2.5
      vertex 74.7979 44.2021 2.5
    endloop
  endfacet
  facet normal 0.741024 -0.671478 0
    outer loop
      vertex 74.7979 44.2021 -2.5
      vertex 74.6859 44.0785 2.5
      vertex 74.6859 44.0785 -2.5
    endloop
  endfacet
  facet normal 0.427442 -0.904043 0
    outer loop
      vertex 75.1986 44.4993 -2.5
      vertex 75.3494 44.5706 2.5
      vertex 75.1986 44.4993 2.5
    endloop
  endfacet
  facet normal 0.427442 -0.904043 0
    outer loop
      vertex 75.3494 44.5706 2.5
      vertex 75.1986 44.4993 -2.5
      vertex 75.3494 44.5706 -2.5
    endloop
  endfacet
  facet normal -0.904043 -0.427442 0
    outer loop
      vertex 77.5706 43.6506 -2.5
      vertex 77.4993 43.8014 2.5
      vertex 77.4993 43.8014 -2.5
    endloop
  endfacet
  facet normal -0.904043 -0.427442 0
    outer loop
      vertex 77.4993 43.8014 2.5
      vertex 77.5706 43.6506 -2.5
      vertex 77.5706 43.6506 2.5
    endloop
  endfacet
  facet normal -0.33683 -0.941566 0
    outer loop
      vertex 76.4935 44.6268 -2.5
      vertex 76.6506 44.5706 2.5
      vertex 76.4935 44.6268 2.5
    endloop
  endfacet
  facet normal -0.33683 -0.941566 -0
    outer loop
      vertex 76.6506 44.5706 2.5
      vertex 76.4935 44.6268 -2.5
      vertex 76.6506 44.5706 -2.5
    endloop
  endfacet
  facet normal -0.514231 -0.857652 0
    outer loop
      vertex 76.8014 44.4993 -2.5
      vertex 76.9445 44.4135 2.5
      vertex 76.8014 44.4993 2.5
    endloop
  endfacet
  facet normal -0.514231 -0.857652 -0
    outer loop
      vertex 76.9445 44.4135 2.5
      vertex 76.8014 44.4993 -2.5
      vertex 76.9445 44.4135 -2.5
    endloop
  endfacet
  facet normal 0.904043 -0.427442 0
    outer loop
      vertex 74.4294 43.6506 2.5
      vertex 74.5007 43.8014 -2.5
      vertex 74.5007 43.8014 2.5
    endloop
  endfacet
  facet normal 0.904043 -0.427442 0
    outer loop
      vertex 74.5007 43.8014 -2.5
      vertex 74.4294 43.6506 2.5
      vertex 74.4294 43.6506 -2.5
    endloop
  endfacet
  facet normal 0.857652 -0.514231 0
    outer loop
      vertex 74.5007 43.8014 2.5
      vertex 74.5865 43.9445 -2.5
      vertex 74.5865 43.9445 2.5
    endloop
  endfacet
  facet normal 0.857652 -0.514231 0
    outer loop
      vertex 74.5865 43.9445 -2.5
      vertex 74.5007 43.8014 2.5
      vertex 74.5007 43.8014 -2.5
    endloop
  endfacet
  facet normal 0.242677 -0.970107 0
    outer loop
      vertex 75.5065 44.6268 -2.5
      vertex 75.6684 44.6673 2.5
      vertex 75.5065 44.6268 2.5
    endloop
  endfacet
  facet normal 0.242677 -0.970107 0
    outer loop
      vertex 75.6684 44.6673 2.5
      vertex 75.5065 44.6268 -2.5
      vertex 75.6684 44.6673 -2.5
    endloop
  endfacet
  facet normal -0.146875 0.989155 0
    outer loop
      vertex 76.3316 41.3327 -2.5
      vertex 76.1666 41.3082 2.5
      vertex 76.3316 41.3327 2.5
    endloop
  endfacet
  facet normal -0.146875 0.989155 0
    outer loop
      vertex 76.1666 41.3082 2.5
      vertex 76.3316 41.3327 -2.5
      vertex 76.1666 41.3082 -2.5
    endloop
  endfacet
  facet normal -0.970072 -0.242818 0
    outer loop
      vertex 77.6673 43.3317 -2.5
      vertex 77.6268 43.4935 2.5
      vertex 77.6268 43.4935 -2.5
    endloop
  endfacet
  facet normal -0.970072 -0.242818 0
    outer loop
      vertex 77.6268 43.4935 2.5
      vertex 77.6673 43.3317 -2.5
      vertex 77.6673 43.3317 2.5
    endloop
  endfacet
  facet normal -0.989168 -0.146788 0
    outer loop
      vertex 77.6918 43.1666 -2.5
      vertex 77.6673 43.3317 2.5
      vertex 77.6673 43.3317 -2.5
    endloop
  endfacet
  facet normal -0.989168 -0.146788 0
    outer loop
      vertex 77.6673 43.3317 2.5
      vertex 77.6918 43.1666 -2.5
      vertex 77.6918 43.1666 2.5
    endloop
  endfacet
  facet normal -0.941566 -0.33683 0
    outer loop
      vertex 77.6268 43.4935 -2.5
      vertex 77.5706 43.6506 2.5
      vertex 77.5706 43.6506 -2.5
    endloop
  endfacet
  facet normal -0.941566 -0.33683 0
    outer loop
      vertex 77.5706 43.6506 2.5
      vertex 77.6268 43.4935 -2.5
      vertex 77.6268 43.4935 2.5
    endloop
  endfacet
  facet normal -0.803154 -0.595772 0
    outer loop
      vertex 77.4135 43.9445 -2.5
      vertex 77.3141 44.0785 2.5
      vertex 77.3141 44.0785 -2.5
    endloop
  endfacet
  facet normal -0.803154 -0.595772 0
    outer loop
      vertex 77.3141 44.0785 2.5
      vertex 77.4135 43.9445 -2.5
      vertex 77.4135 43.9445 2.5
    endloop
  endfacet
  facet normal -0.741024 -0.671478 0
    outer loop
      vertex 77.3141 44.0785 -2.5
      vertex 77.2021 44.2021 2.5
      vertex 77.2021 44.2021 -2.5
    endloop
  endfacet
  facet normal -0.741024 -0.671478 0
    outer loop
      vertex 77.2021 44.2021 2.5
      vertex 77.3141 44.0785 -2.5
      vertex 77.3141 44.0785 2.5
    endloop
  endfacet
  facet normal -0.857652 -0.514231 0
    outer loop
      vertex 77.4993 43.8014 -2.5
      vertex 77.4135 43.9445 2.5
      vertex 77.4135 43.9445 -2.5
    endloop
  endfacet
  facet normal -0.857652 -0.514231 0
    outer loop
      vertex 77.4135 43.9445 2.5
      vertex 77.4993 43.8014 -2.5
      vertex 77.4993 43.8014 2.5
    endloop
  endfacet
  facet normal -0.146875 -0.989155 0
    outer loop
      vertex 76.1666 44.6918 -2.5
      vertex 76.3316 44.6673 2.5
      vertex 76.1666 44.6918 2.5
    endloop
  endfacet
  facet normal -0.146875 -0.989155 -0
    outer loop
      vertex 76.3316 44.6673 2.5
      vertex 76.1666 44.6918 -2.5
      vertex 76.3316 44.6673 -2.5
    endloop
  endfacet
  facet normal -0.242677 -0.970107 0
    outer loop
      vertex 76.3316 44.6673 -2.5
      vertex 76.4935 44.6268 2.5
      vertex 76.3316 44.6673 2.5
    endloop
  endfacet
  facet normal -0.242677 -0.970107 -0
    outer loop
      vertex 76.4935 44.6268 2.5
      vertex 76.3316 44.6673 -2.5
      vertex 76.4935 44.6268 -2.5
    endloop
  endfacet
  facet normal -0.0491602 -0.998791 0
    outer loop
      vertex 76 44.7 -2.5
      vertex 76.1666 44.6918 2.5
      vertex 76 44.7 2.5
    endloop
  endfacet
  facet normal -0.0491602 -0.998791 -0
    outer loop
      vertex 76.1666 44.6918 2.5
      vertex 76 44.7 -2.5
      vertex 76.1666 44.6918 -2.5
    endloop
  endfacet
  facet normal -0.427442 -0.904043 0
    outer loop
      vertex 76.6506 44.5706 -2.5
      vertex 76.8014 44.4993 2.5
      vertex 76.6506 44.5706 2.5
    endloop
  endfacet
  facet normal -0.427442 -0.904043 -0
    outer loop
      vertex 76.8014 44.4993 2.5
      vertex 76.6506 44.5706 -2.5
      vertex 76.8014 44.4993 -2.5
    endloop
  endfacet
  facet normal -0.595772 -0.803154 0
    outer loop
      vertex 76.9445 44.4135 -2.5
      vertex 77.0785 44.3141 2.5
      vertex 76.9445 44.4135 2.5
    endloop
  endfacet
  facet normal -0.595772 -0.803154 -0
    outer loop
      vertex 77.0785 44.3141 2.5
      vertex 76.9445 44.4135 -2.5
      vertex 77.0785 44.3141 -2.5
    endloop
  endfacet
  facet normal 0.989168 -0.146788 0
    outer loop
      vertex 74.3082 43.1666 2.5
      vertex 74.3327 43.3317 -2.5
      vertex 74.3327 43.3317 2.5
    endloop
  endfacet
  facet normal 0.989168 -0.146788 0
    outer loop
      vertex 74.3327 43.3317 -2.5
      vertex 74.3082 43.1666 2.5
      vertex 74.3082 43.1666 -2.5
    endloop
  endfacet
  facet normal 0.803154 -0.595772 0
    outer loop
      vertex 74.5865 43.9445 2.5
      vertex 74.6859 44.0785 -2.5
      vertex 74.6859 44.0785 2.5
    endloop
  endfacet
  facet normal 0.803154 -0.595772 0
    outer loop
      vertex 74.6859 44.0785 -2.5
      vertex 74.5865 43.9445 2.5
      vertex 74.5865 43.9445 -2.5
    endloop
  endfacet
  facet normal 0.941566 -0.33683 0
    outer loop
      vertex 74.3732 43.4935 2.5
      vertex 74.4294 43.6506 -2.5
      vertex 74.4294 43.6506 2.5
    endloop
  endfacet
  facet normal 0.941566 -0.33683 0
    outer loop
      vertex 74.4294 43.6506 -2.5
      vertex 74.3732 43.4935 2.5
      vertex 74.3732 43.4935 -2.5
    endloop
  endfacet
  facet normal 0.998791 -0.0491602 0
    outer loop
      vertex 74.3 43 2.5
      vertex 74.3082 43.1666 -2.5
      vertex 74.3082 43.1666 2.5
    endloop
  endfacet
  facet normal 0.998791 -0.0491602 0
    outer loop
      vertex 74.3082 43.1666 -2.5
      vertex 74.3 43 2.5
      vertex 74.3 43 -2.5
    endloop
  endfacet
  facet normal 0.595772 -0.803154 0
    outer loop
      vertex 74.9215 44.3141 -2.5
      vertex 75.0555 44.4135 2.5
      vertex 74.9215 44.3141 2.5
    endloop
  endfacet
  facet normal 0.595772 -0.803154 0
    outer loop
      vertex 75.0555 44.4135 2.5
      vertex 74.9215 44.3141 -2.5
      vertex 75.0555 44.4135 -2.5
    endloop
  endfacet
  facet normal 0.671478 -0.741024 0
    outer loop
      vertex 74.7979 44.2021 -2.5
      vertex 74.9215 44.3141 2.5
      vertex 74.7979 44.2021 2.5
    endloop
  endfacet
  facet normal 0.671478 -0.741024 0
    outer loop
      vertex 74.9215 44.3141 2.5
      vertex 74.7979 44.2021 -2.5
      vertex 74.9215 44.3141 -2.5
    endloop
  endfacet
  facet normal 0.33683 -0.941566 0
    outer loop
      vertex 75.3494 44.5706 -2.5
      vertex 75.5065 44.6268 2.5
      vertex 75.3494 44.5706 2.5
    endloop
  endfacet
  facet normal 0.33683 -0.941566 0
    outer loop
      vertex 75.5065 44.6268 2.5
      vertex 75.3494 44.5706 -2.5
      vertex 75.5065 44.6268 -2.5
    endloop
  endfacet
  facet normal 0.146875 -0.989155 0
    outer loop
      vertex 75.6684 44.6673 -2.5
      vertex 75.8334 44.6918 2.5
      vertex 75.6684 44.6673 2.5
    endloop
  endfacet
  facet normal 0.146875 -0.989155 0
    outer loop
      vertex 75.8334 44.6918 2.5
      vertex 75.6684 44.6673 -2.5
      vertex 75.8334 44.6918 -2.5
    endloop
  endfacet
  facet normal -0.998791 0.0491602 0
    outer loop
      vertex 77.6918 42.8334 -2.5
      vertex 77.7 43 2.5
      vertex 77.7 43 -2.5
    endloop
  endfacet
  facet normal -0.998791 0.0491602 0
    outer loop
      vertex 77.7 43 2.5
      vertex 77.6918 42.8334 -2.5
      vertex 77.6918 42.8334 2.5
    endloop
  endfacet
  facet normal -0.741024 0.671478 0
    outer loop
      vertex 77.2021 41.7979 -2.5
      vertex 77.3141 41.9215 2.5
      vertex 77.3141 41.9215 -2.5
    endloop
  endfacet
  facet normal -0.741024 0.671478 0
    outer loop
      vertex 77.3141 41.9215 2.5
      vertex 77.2021 41.7979 -2.5
      vertex 77.2021 41.7979 2.5
    endloop
  endfacet
  facet normal 0.33683 0.941566 -0
    outer loop
      vertex 75.5065 41.3732 -2.5
      vertex 75.3494 41.4294 2.5
      vertex 75.5065 41.3732 2.5
    endloop
  endfacet
  facet normal 0.33683 0.941566 0
    outer loop
      vertex 75.3494 41.4294 2.5
      vertex 75.5065 41.3732 -2.5
      vertex 75.3494 41.4294 -2.5
    endloop
  endfacet
  facet normal 0.741024 0.671478 0
    outer loop
      vertex 74.7979 41.7979 2.5
      vertex 74.6859 41.9215 -2.5
      vertex 74.6859 41.9215 2.5
    endloop
  endfacet
  facet normal 0.741024 0.671478 0
    outer loop
      vertex 74.6859 41.9215 -2.5
      vertex 74.7979 41.7979 2.5
      vertex 74.7979 41.7979 -2.5
    endloop
  endfacet
  facet normal -0.427442 0.904043 0
    outer loop
      vertex 76.8014 41.5007 -2.5
      vertex 76.6506 41.4294 2.5
      vertex 76.8014 41.5007 2.5
    endloop
  endfacet
  facet normal -0.427442 0.904043 0
    outer loop
      vertex 76.6506 41.4294 2.5
      vertex 76.8014 41.5007 -2.5
      vertex 76.6506 41.4294 -2.5
    endloop
  endfacet
  facet normal 0.970072 -0.242818 0
    outer loop
      vertex 74.3327 43.3317 2.5
      vertex 74.3732 43.4935 -2.5
      vertex 74.3732 43.4935 2.5
    endloop
  endfacet
  facet normal 0.970072 -0.242818 0
    outer loop
      vertex 74.3732 43.4935 -2.5
      vertex 74.3327 43.3317 2.5
      vertex 74.3327 43.3317 -2.5
    endloop
  endfacet
  facet normal 0.998791 0.0491602 0
    outer loop
      vertex 74.3082 42.8334 2.5
      vertex 74.3 43 -2.5
      vertex 74.3 43 2.5
    endloop
  endfacet
  facet normal 0.998791 0.0491602 0
    outer loop
      vertex 74.3 43 -2.5
      vertex 74.3082 42.8334 2.5
      vertex 74.3082 42.8334 -2.5
    endloop
  endfacet
  facet normal 0.514231 -0.857652 0
    outer loop
      vertex 75.0555 44.4135 -2.5
      vertex 75.1986 44.4993 2.5
      vertex 75.0555 44.4135 2.5
    endloop
  endfacet
  facet normal 0.514231 -0.857652 0
    outer loop
      vertex 75.1986 44.4993 2.5
      vertex 75.0555 44.4135 -2.5
      vertex 75.1986 44.4993 -2.5
    endloop
  endfacet
  facet normal -0.970072 0.242818 0
    outer loop
      vertex 77.6268 42.5065 -2.5
      vertex 77.6673 42.6683 2.5
      vertex 77.6673 42.6683 -2.5
    endloop
  endfacet
  facet normal -0.970072 0.242818 0
    outer loop
      vertex 77.6673 42.6683 2.5
      vertex 77.6268 42.5065 -2.5
      vertex 77.6268 42.5065 2.5
    endloop
  endfacet
  facet normal -0.671478 0.741024 0
    outer loop
      vertex 77.2021 41.7979 -2.5
      vertex 77.0785 41.6859 2.5
      vertex 77.2021 41.7979 2.5
    endloop
  endfacet
  facet normal -0.671478 0.741024 0
    outer loop
      vertex 77.0785 41.6859 2.5
      vertex 77.2021 41.7979 -2.5
      vertex 77.0785 41.6859 -2.5
    endloop
  endfacet
  facet normal -0.904043 0.427442 0
    outer loop
      vertex 77.4993 42.1986 -2.5
      vertex 77.5706 42.3494 2.5
      vertex 77.5706 42.3494 -2.5
    endloop
  endfacet
  facet normal -0.904043 0.427442 0
    outer loop
      vertex 77.5706 42.3494 2.5
      vertex 77.4993 42.1986 -2.5
      vertex 77.4993 42.1986 2.5
    endloop
  endfacet
  facet normal -0.803154 0.595772 0
    outer loop
      vertex 77.3141 41.9215 -2.5
      vertex 77.4135 42.0555 2.5
      vertex 77.4135 42.0555 -2.5
    endloop
  endfacet
  facet normal -0.803154 0.595772 0
    outer loop
      vertex 77.4135 42.0555 2.5
      vertex 77.3141 41.9215 -2.5
      vertex 77.3141 41.9215 2.5
    endloop
  endfacet
  facet normal 0.242677 0.970107 -0
    outer loop
      vertex 75.6684 41.3327 -2.5
      vertex 75.5065 41.3732 2.5
      vertex 75.6684 41.3327 2.5
    endloop
  endfacet
  facet normal 0.242677 0.970107 0
    outer loop
      vertex 75.5065 41.3732 2.5
      vertex 75.6684 41.3327 -2.5
      vertex 75.5065 41.3732 -2.5
    endloop
  endfacet
  facet normal 0.857652 0.514231 0
    outer loop
      vertex 74.5865 42.0555 2.5
      vertex 74.5007 42.1986 -2.5
      vertex 74.5007 42.1986 2.5
    endloop
  endfacet
  facet normal 0.857652 0.514231 0
    outer loop
      vertex 74.5007 42.1986 -2.5
      vertex 74.5865 42.0555 2.5
      vertex 74.5865 42.0555 -2.5
    endloop
  endfacet
  facet normal 0.941566 0.33683 0
    outer loop
      vertex 74.4294 42.3494 2.5
      vertex 74.3732 42.5065 -2.5
      vertex 74.3732 42.5065 2.5
    endloop
  endfacet
  facet normal 0.941566 0.33683 0
    outer loop
      vertex 74.3732 42.5065 -2.5
      vertex 74.4294 42.3494 2.5
      vertex 74.4294 42.3494 -2.5
    endloop
  endfacet
  facet normal 0.904043 0.427442 0
    outer loop
      vertex 74.5007 42.1986 2.5
      vertex 74.4294 42.3494 -2.5
      vertex 74.4294 42.3494 2.5
    endloop
  endfacet
  facet normal 0.904043 0.427442 0
    outer loop
      vertex 74.4294 42.3494 -2.5
      vertex 74.5007 42.1986 2.5
      vertex 74.5007 42.1986 -2.5
    endloop
  endfacet
  facet normal -0.989168 0.146788 0
    outer loop
      vertex 77.6673 42.6683 -2.5
      vertex 77.6918 42.8334 2.5
      vertex 77.6918 42.8334 -2.5
    endloop
  endfacet
  facet normal -0.989168 0.146788 0
    outer loop
      vertex 77.6918 42.8334 2.5
      vertex 77.6673 42.6683 -2.5
      vertex 77.6673 42.6683 2.5
    endloop
  endfacet
  facet normal -0.514231 0.857652 0
    outer loop
      vertex 76.9445 41.5865 -2.5
      vertex 76.8014 41.5007 2.5
      vertex 76.9445 41.5865 2.5
    endloop
  endfacet
  facet normal -0.514231 0.857652 0
    outer loop
      vertex 76.8014 41.5007 2.5
      vertex 76.9445 41.5865 -2.5
      vertex 76.8014 41.5007 -2.5
    endloop
  endfacet
  facet normal -0.595772 0.803154 0
    outer loop
      vertex 77.0785 41.6859 -2.5
      vertex 76.9445 41.5865 2.5
      vertex 77.0785 41.6859 2.5
    endloop
  endfacet
  facet normal -0.595772 0.803154 0
    outer loop
      vertex 76.9445 41.5865 2.5
      vertex 77.0785 41.6859 -2.5
      vertex 76.9445 41.5865 -2.5
    endloop
  endfacet
  facet normal -0.941566 0.33683 0
    outer loop
      vertex 77.5706 42.3494 -2.5
      vertex 77.6268 42.5065 2.5
      vertex 77.6268 42.5065 -2.5
    endloop
  endfacet
  facet normal -0.941566 0.33683 0
    outer loop
      vertex 77.6268 42.5065 2.5
      vertex 77.5706 42.3494 -2.5
      vertex 77.5706 42.3494 2.5
    endloop
  endfacet
  facet normal -0.857652 0.514231 0
    outer loop
      vertex 77.4135 42.0555 -2.5
      vertex 77.4993 42.1986 2.5
      vertex 77.4993 42.1986 -2.5
    endloop
  endfacet
  facet normal -0.857652 0.514231 0
    outer loop
      vertex 77.4993 42.1986 2.5
      vertex 77.4135 42.0555 -2.5
      vertex 77.4135 42.0555 2.5
    endloop
  endfacet
  facet normal 0.0491602 0.998791 -0
    outer loop
      vertex 76 41.3 -2.5
      vertex 75.8334 41.3082 2.5
      vertex 76 41.3 2.5
    endloop
  endfacet
  facet normal 0.0491602 0.998791 0
    outer loop
      vertex 75.8334 41.3082 2.5
      vertex 76 41.3 -2.5
      vertex 75.8334 41.3082 -2.5
    endloop
  endfacet
  facet normal 0.427442 0.904043 -0
    outer loop
      vertex 75.3494 41.4294 -2.5
      vertex 75.1986 41.5007 2.5
      vertex 75.3494 41.4294 2.5
    endloop
  endfacet
  facet normal 0.427442 0.904043 0
    outer loop
      vertex 75.1986 41.5007 2.5
      vertex 75.3494 41.4294 -2.5
      vertex 75.1986 41.5007 -2.5
    endloop
  endfacet
  facet normal 0.671478 0.741024 -0
    outer loop
      vertex 74.9215 41.6859 -2.5
      vertex 74.7979 41.7979 2.5
      vertex 74.9215 41.6859 2.5
    endloop
  endfacet
  facet normal 0.671478 0.741024 0
    outer loop
      vertex 74.7979 41.7979 2.5
      vertex 74.9215 41.6859 -2.5
      vertex 74.7979 41.7979 -2.5
    endloop
  endfacet
  facet normal 0.803154 0.595772 0
    outer loop
      vertex 74.6859 41.9215 2.5
      vertex 74.5865 42.0555 -2.5
      vertex 74.5865 42.0555 2.5
    endloop
  endfacet
  facet normal 0.803154 0.595772 0
    outer loop
      vertex 74.5865 42.0555 -2.5
      vertex 74.6859 41.9215 2.5
      vertex 74.6859 41.9215 -2.5
    endloop
  endfacet
  facet normal 0.970072 0.242818 0
    outer loop
      vertex 74.3732 42.5065 2.5
      vertex 74.3327 42.6683 -2.5
      vertex 74.3327 42.6683 2.5
    endloop
  endfacet
  facet normal 0.970072 0.242818 0
    outer loop
      vertex 74.3327 42.6683 -2.5
      vertex 74.3732 42.5065 2.5
      vertex 74.3732 42.5065 -2.5
    endloop
  endfacet
  facet normal 0.989168 0.146788 0
    outer loop
      vertex 74.3327 42.6683 2.5
      vertex 74.3082 42.8334 -2.5
      vertex 74.3082 42.8334 2.5
    endloop
  endfacet
  facet normal 0.989168 0.146788 0
    outer loop
      vertex 74.3082 42.8334 -2.5
      vertex 74.3327 42.6683 2.5
      vertex 74.3327 42.6683 -2.5
    endloop
  endfacet
  facet normal -0.242677 0.970107 0
    outer loop
      vertex 76.4935 41.3732 -2.5
      vertex 76.3316 41.3327 2.5
      vertex 76.4935 41.3732 2.5
    endloop
  endfacet
  facet normal -0.242677 0.970107 0
    outer loop
      vertex 76.3316 41.3327 2.5
      vertex 76.4935 41.3732 -2.5
      vertex 76.3316 41.3327 -2.5
    endloop
  endfacet
  facet normal -0.33683 0.941566 0
    outer loop
      vertex 76.6506 41.4294 -2.5
      vertex 76.4935 41.3732 2.5
      vertex 76.6506 41.4294 2.5
    endloop
  endfacet
  facet normal -0.33683 0.941566 0
    outer loop
      vertex 76.4935 41.3732 2.5
      vertex 76.6506 41.4294 -2.5
      vertex 76.4935 41.3732 -2.5
    endloop
  endfacet
  facet normal 0.595772 0.803154 -0
    outer loop
      vertex 75.0555 41.5865 -2.5
      vertex 74.9215 41.6859 2.5
      vertex 75.0555 41.5865 2.5
    endloop
  endfacet
  facet normal 0.595772 0.803154 0
    outer loop
      vertex 74.9215 41.6859 2.5
      vertex 75.0555 41.5865 -2.5
      vertex 74.9215 41.6859 -2.5
    endloop
  endfacet
  facet normal 0.514231 0.857652 -0
    outer loop
      vertex 75.1986 41.5007 -2.5
      vertex 75.0555 41.5865 2.5
      vertex 75.1986 41.5007 2.5
    endloop
  endfacet
  facet normal 0.514231 0.857652 0
    outer loop
      vertex 75.0555 41.5865 2.5
      vertex 75.1986 41.5007 -2.5
      vertex 75.0555 41.5865 -2.5
    endloop
  endfacet
  facet normal 0.146875 0.989155 -0
    outer loop
      vertex 75.8334 41.3082 -2.5
      vertex 75.6684 41.3327 2.5
      vertex 75.8334 41.3082 2.5
    endloop
  endfacet
  facet normal 0.146875 0.989155 0
    outer loop
      vertex 75.6684 41.3327 2.5
      vertex 75.8334 41.3082 -2.5
      vertex 75.6684 41.3327 -2.5
    endloop
  endfacet
  facet normal -0.85768 -0.514184 0
    outer loop
      vertex -4.94169 -42.4343 -2.5
      vertex -5.00224 -42.3333 2.5
      vertex -5.00224 -42.3333 -2.5
    endloop
  endfacet
  facet normal -0.85768 -0.514184 0
    outer loop
      vertex -5.00224 -42.3333 2.5
      vertex -4.94169 -42.4343 -2.5
      vertex -4.94169 -42.4343 2.5
    endloop
  endfacet
  facet normal -0.336336 -0.941742 0
    outer loop
      vertex -5.65166 -41.8517 -2.5
      vertex -5.54078 -41.8913 2.5
      vertex -5.65166 -41.8517 2.5
    endloop
  endfacet
  facet normal -0.336336 -0.941742 -0
    outer loop
      vertex -5.54078 -41.8913 2.5
      vertex -5.65166 -41.8517 -2.5
      vertex -5.54078 -41.8913 -2.5
    endloop
  endfacet
  facet normal 0.336336 -0.941742 0
    outer loop
      vertex -6.45922 -41.8913 -2.5
      vertex -6.34834 -41.8517 2.5
      vertex -6.45922 -41.8913 2.5
    endloop
  endfacet
  facet normal 0.336336 -0.941742 0
    outer loop
      vertex -6.34834 -41.8517 2.5
      vertex -6.45922 -41.8913 -2.5
      vertex -6.34834 -41.8517 -2.5
    endloop
  endfacet
  facet normal 0.904057 -0.427411 0
    outer loop
      vertex -7.10865 -42.5408 2.5
      vertex -7.0583 -42.4343 -2.5
      vertex -7.0583 -42.4343 2.5
    endloop
  endfacet
  facet normal 0.904057 -0.427411 0
    outer loop
      vertex -7.0583 -42.4343 -2.5
      vertex -7.10865 -42.5408 2.5
      vertex -7.10865 -42.5408 -2.5
    endloop
  endfacet
  facet normal -0.998794 0.0490904 0
    outer loop
      vertex -4.80578 -43.1176 -2.5
      vertex -4.8 -43 2.5
      vertex -4.8 -43 -2.5
    endloop
  endfacet
  facet normal -0.998794 0.0490904 0
    outer loop
      vertex -4.8 -43 2.5
      vertex -4.80578 -43.1176 -2.5
      vertex -4.80578 -43.1176 2.5
    endloop
  endfacet
  facet normal -0.427889 0.903831 0
    outer loop
      vertex -5.43432 -44.0583 -2.5
      vertex -5.54078 -44.1087 2.5
      vertex -5.43432 -44.0583 2.5
    endloop
  endfacet
  facet normal -0.427889 0.903831 0
    outer loop
      vertex -5.54078 -44.1087 2.5
      vertex -5.43432 -44.0583 -2.5
      vertex -5.54078 -44.1087 -2.5
    endloop
  endfacet
  facet normal 0.146899 -0.989151 0
    outer loop
      vertex -6.23411 -41.8231 -2.5
      vertex -6.11762 -41.8058 2.5
      vertex -6.23411 -41.8231 2.5
    endloop
  endfacet
  facet normal 0.146899 -0.989151 0
    outer loop
      vertex -6.11762 -41.8058 2.5
      vertex -6.23411 -41.8231 -2.5
      vertex -6.11762 -41.8058 -2.5
    endloop
  endfacet
  facet normal 0.595958 -0.803015 0
    outer loop
      vertex -6.76127 -42.0724 -2.5
      vertex -6.66668 -42.0022 2.5
      vertex -6.76127 -42.0724 2.5
    endloop
  endfacet
  facet normal 0.595958 -0.803015 0
    outer loop
      vertex -6.66668 -42.0022 2.5
      vertex -6.76127 -42.0724 -2.5
      vertex -6.66668 -42.0022 -2.5
    endloop
  endfacet
  facet normal 0.0492515 0.998786 -0
    outer loop
      vertex -6 -44.2 -2.5
      vertex -6.11762 -44.1942 2.5
      vertex -6 -44.2 2.5
    endloop
  endfacet
  facet normal 0.0492515 0.998786 0
    outer loop
      vertex -6.11762 -44.1942 2.5
      vertex -6 -44.2 -2.5
      vertex -6.11762 -44.1942 -2.5
    endloop
  endfacet
  facet normal -0.989178 -0.146721 0
    outer loop
      vertex -4.80578 -42.8824 -2.5
      vertex -4.82306 -42.7659 2.5
      vertex -4.82306 -42.7659 -2.5
    endloop
  endfacet
  facet normal -0.989178 -0.146721 0
    outer loop
      vertex -4.82306 -42.7659 2.5
      vertex -4.80578 -42.8824 -2.5
      vertex -4.80578 -42.8824 2.5
    endloop
  endfacet
  facet normal -0.803249 -0.595644 0
    outer loop
      vertex -5.00224 -42.3333 -2.5
      vertex -5.07239 -42.2387 2.5
      vertex -5.07239 -42.2387 -2.5
    endloop
  endfacet
  facet normal -0.803249 -0.595644 0
    outer loop
      vertex -5.07239 -42.2387 2.5
      vertex -5.00224 -42.3333 -2.5
      vertex -5.00224 -42.3333 2.5
    endloop
  endfacet
  facet normal -0.671616 -0.7409 0
    outer loop
      vertex -5.23873 -42.0724 -2.5
      vertex -5.15147 -42.1515 2.5
      vertex -5.23873 -42.0724 2.5
    endloop
  endfacet
  facet normal -0.671616 -0.7409 -0
    outer loop
      vertex -5.15147 -42.1515 2.5
      vertex -5.23873 -42.0724 -2.5
      vertex -5.15147 -42.1515 -2.5
    endloop
  endfacet
  facet normal 0.0492515 -0.998786 0
    outer loop
      vertex -6.11762 -41.8058 -2.5
      vertex -6 -41.8 2.5
      vertex -6.11762 -41.8058 2.5
    endloop
  endfacet
  facet normal 0.0492515 -0.998786 0
    outer loop
      vertex -6 -41.8 2.5
      vertex -6.11762 -41.8058 -2.5
      vertex -6 -41.8 -2.5
    endloop
  endfacet
  facet normal -0.146899 -0.989151 0
    outer loop
      vertex -5.88238 -41.8058 -2.5
      vertex -5.76589 -41.8231 2.5
      vertex -5.88238 -41.8058 2.5
    endloop
  endfacet
  facet normal -0.146899 -0.989151 -0
    outer loop
      vertex -5.76589 -41.8231 2.5
      vertex -5.88238 -41.8058 -2.5
      vertex -5.76589 -41.8231 -2.5
    endloop
  endfacet
  facet normal -0.595999 -0.802985 0
    outer loop
      vertex -5.33331 -42.0022 -2.5
      vertex -5.23873 -42.0724 2.5
      vertex -5.33331 -42.0022 2.5
    endloop
  endfacet
  facet normal -0.595999 -0.802985 -0
    outer loop
      vertex -5.23873 -42.0724 2.5
      vertex -5.33331 -42.0022 -2.5
      vertex -5.23873 -42.0724 -2.5
    endloop
  endfacet
  facet normal -0.513834 -0.85789 0
    outer loop
      vertex -5.43432 -41.9417 -2.5
      vertex -5.33331 -42.0022 2.5
      vertex -5.43432 -41.9417 2.5
    endloop
  endfacet
  facet normal -0.513834 -0.85789 -0
    outer loop
      vertex -5.33331 -42.0022 2.5
      vertex -5.43432 -41.9417 -2.5
      vertex -5.33331 -42.0022 -2.5
    endloop
  endfacet
  facet normal 0.998794 -0.0490904 0
    outer loop
      vertex -7.2 -43 2.5
      vertex -7.19422 -42.8824 -2.5
      vertex -7.19422 -42.8824 2.5
    endloop
  endfacet
  facet normal 0.998794 -0.0490904 0
    outer loop
      vertex -7.19422 -42.8824 -2.5
      vertex -7.2 -43 2.5
      vertex -7.2 -43 -2.5
    endloop
  endfacet
  facet normal 0.941546 -0.336885 0
    outer loop
      vertex -7.14833 -42.6517 2.5
      vertex -7.10865 -42.5408 -2.5
      vertex -7.10865 -42.5408 2.5
    endloop
  endfacet
  facet normal 0.941546 -0.336885 0
    outer loop
      vertex -7.10865 -42.5408 -2.5
      vertex -7.14833 -42.6517 2.5
      vertex -7.14833 -42.6517 -2.5
    endloop
  endfacet
  facet normal 0.970022 -0.243015 0
    outer loop
      vertex -7.17694 -42.7659 2.5
      vertex -7.14833 -42.6517 -2.5
      vertex -7.14833 -42.6517 2.5
    endloop
  endfacet
  facet normal 0.970022 -0.243015 0
    outer loop
      vertex -7.14833 -42.6517 -2.5
      vertex -7.17694 -42.7659 2.5
      vertex -7.17694 -42.7659 -2.5
    endloop
  endfacet
  facet normal 0.989178 -0.146721 0
    outer loop
      vertex -7.19422 -42.8824 2.5
      vertex -7.17694 -42.7659 -2.5
      vertex -7.17694 -42.7659 2.5
    endloop
  endfacet
  facet normal 0.989178 -0.146721 0
    outer loop
      vertex -7.17694 -42.7659 -2.5
      vertex -7.19422 -42.8824 2.5
      vertex -7.19422 -42.8824 -2.5
    endloop
  endfacet
  facet normal 0.740754 -0.671776 0
    outer loop
      vertex -6.92761 -42.2387 2.5
      vertex -6.84853 -42.1515 -2.5
      vertex -6.84853 -42.1515 2.5
    endloop
  endfacet
  facet normal 0.740754 -0.671776 0
    outer loop
      vertex -6.84853 -42.1515 -2.5
      vertex -6.92761 -42.2387 2.5
      vertex -6.92761 -42.2387 -2.5
    endloop
  endfacet
  facet normal 0.857718 -0.514121 0
    outer loop
      vertex -7.0583 -42.4343 2.5
      vertex -6.99776 -42.3333 -2.5
      vertex -6.99776 -42.3333 2.5
    endloop
  endfacet
  facet normal 0.857718 -0.514121 0
    outer loop
      vertex -6.99776 -42.3333 -2.5
      vertex -7.0583 -42.4343 2.5
      vertex -7.0583 -42.4343 -2.5
    endloop
  endfacet
  facet normal 0.803249 -0.595644 0
    outer loop
      vertex -6.99776 -42.3333 2.5
      vertex -6.92761 -42.2387 -2.5
      vertex -6.92761 -42.2387 2.5
    endloop
  endfacet
  facet normal 0.803249 -0.595644 0
    outer loop
      vertex -6.92761 -42.2387 -2.5
      vertex -6.99776 -42.3333 2.5
      vertex -6.99776 -42.3333 -2.5
    endloop
  endfacet
  facet normal 0.242875 -0.970058 0
    outer loop
      vertex -6.34834 -41.8517 -2.5
      vertex -6.23411 -41.8231 2.5
      vertex -6.34834 -41.8517 2.5
    endloop
  endfacet
  facet normal 0.242875 -0.970058 0
    outer loop
      vertex -6.23411 -41.8231 2.5
      vertex -6.34834 -41.8517 -2.5
      vertex -6.23411 -41.8231 -2.5
    endloop
  endfacet
  facet normal 0.427889 -0.903831 0
    outer loop
      vertex -6.56568 -41.9417 -2.5
      vertex -6.45922 -41.8913 2.5
      vertex -6.56568 -41.9417 2.5
    endloop
  endfacet
  facet normal 0.427889 -0.903831 0
    outer loop
      vertex -6.45922 -41.8913 2.5
      vertex -6.56568 -41.9417 -2.5
      vertex -6.45922 -41.8913 -2.5
    endloop
  endfacet
  facet normal 0.513871 -0.857867 0
    outer loop
      vertex -6.66668 -42.0022 -2.5
      vertex -6.56568 -41.9417 2.5
      vertex -6.66668 -42.0022 2.5
    endloop
  endfacet
  facet normal 0.513871 -0.857867 0
    outer loop
      vertex -6.56568 -41.9417 2.5
      vertex -6.66668 -42.0022 -2.5
      vertex -6.56568 -41.9417 -2.5
    endloop
  endfacet
  facet normal 0.671616 -0.7409 0
    outer loop
      vertex -6.84853 -42.1515 -2.5
      vertex -6.76127 -42.0724 2.5
      vertex -6.84853 -42.1515 2.5
    endloop
  endfacet
  facet normal 0.671616 -0.7409 0
    outer loop
      vertex -6.76127 -42.0724 2.5
      vertex -6.84853 -42.1515 -2.5
      vertex -6.76127 -42.0724 -2.5
    endloop
  endfacet
  facet normal -0.998794 -0.0490904 0
    outer loop
      vertex -4.8 -43 -2.5
      vertex -4.80578 -42.8824 2.5
      vertex -4.80578 -42.8824 -2.5
    endloop
  endfacet
  facet normal -0.998794 -0.0490904 0
    outer loop
      vertex -4.80578 -42.8824 2.5
      vertex -4.8 -43 -2.5
      vertex -4.8 -43 2.5
    endloop
  endfacet
  facet normal -0.146899 0.989151 0
    outer loop
      vertex -5.76589 -44.1769 -2.5
      vertex -5.88238 -44.1942 2.5
      vertex -5.76589 -44.1769 2.5
    endloop
  endfacet
  facet normal -0.146899 0.989151 0
    outer loop
      vertex -5.88238 -44.1942 2.5
      vertex -5.76589 -44.1769 -2.5
      vertex -5.88238 -44.1942 -2.5
    endloop
  endfacet
  facet normal -0.904057 -0.427411 0
    outer loop
      vertex -4.89134 -42.5408 -2.5
      vertex -4.94169 -42.4343 2.5
      vertex -4.94169 -42.4343 -2.5
    endloop
  endfacet
  facet normal -0.904057 -0.427411 0
    outer loop
      vertex -4.94169 -42.4343 2.5
      vertex -4.89134 -42.5408 -2.5
      vertex -4.89134 -42.5408 2.5
    endloop
  endfacet
  facet normal -0.941573 -0.33681 0
    outer loop
      vertex -4.85167 -42.6517 -2.5
      vertex -4.89134 -42.5408 2.5
      vertex -4.89134 -42.5408 -2.5
    endloop
  endfacet
  facet normal -0.941573 -0.33681 0
    outer loop
      vertex -4.89134 -42.5408 2.5
      vertex -4.85167 -42.6517 -2.5
      vertex -4.85167 -42.6517 2.5
    endloop
  endfacet
  facet normal -0.970022 -0.243015 0
    outer loop
      vertex -4.82306 -42.7659 -2.5
      vertex -4.85167 -42.6517 2.5
      vertex -4.85167 -42.6517 -2.5
    endloop
  endfacet
  facet normal -0.970022 -0.243015 0
    outer loop
      vertex -4.85167 -42.6517 2.5
      vertex -4.82306 -42.7659 -2.5
      vertex -4.82306 -42.7659 2.5
    endloop
  endfacet
  facet normal -0.740754 -0.671776 0
    outer loop
      vertex -5.07239 -42.2387 -2.5
      vertex -5.15147 -42.1515 2.5
      vertex -5.15147 -42.1515 -2.5
    endloop
  endfacet
  facet normal -0.740754 -0.671776 0
    outer loop
      vertex -5.15147 -42.1515 2.5
      vertex -5.07239 -42.2387 -2.5
      vertex -5.07239 -42.2387 2.5
    endloop
  endfacet
  facet normal -0.0492515 -0.998786 0
    outer loop
      vertex -6 -41.8 -2.5
      vertex -5.88238 -41.8058 2.5
      vertex -6 -41.8 2.5
    endloop
  endfacet
  facet normal -0.0492515 -0.998786 -0
    outer loop
      vertex -5.88238 -41.8058 2.5
      vertex -6 -41.8 -2.5
      vertex -5.88238 -41.8058 -2.5
    endloop
  endfacet
  facet normal -0.242875 -0.970058 0
    outer loop
      vertex -5.76589 -41.8231 -2.5
      vertex -5.65166 -41.8517 2.5
      vertex -5.76589 -41.8231 2.5
    endloop
  endfacet
  facet normal -0.242875 -0.970058 -0
    outer loop
      vertex -5.65166 -41.8517 2.5
      vertex -5.76589 -41.8231 -2.5
      vertex -5.65166 -41.8517 -2.5
    endloop
  endfacet
  facet normal -0.427889 -0.903831 0
    outer loop
      vertex -5.54078 -41.8913 -2.5
      vertex -5.43432 -41.9417 2.5
      vertex -5.54078 -41.8913 2.5
    endloop
  endfacet
  facet normal -0.427889 -0.903831 -0
    outer loop
      vertex -5.43432 -41.9417 2.5
      vertex -5.54078 -41.8913 -2.5
      vertex -5.43432 -41.9417 -2.5
    endloop
  endfacet
  facet normal -0.970022 0.243015 0
    outer loop
      vertex -4.85167 -43.3483 -2.5
      vertex -4.82306 -43.2341 2.5
      vertex -4.82306 -43.2341 -2.5
    endloop
  endfacet
  facet normal -0.970022 0.243015 0
    outer loop
      vertex -4.82306 -43.2341 2.5
      vertex -4.85167 -43.3483 -2.5
      vertex -4.85167 -43.3483 2.5
    endloop
  endfacet
  facet normal -0.85768 0.514184 0
    outer loop
      vertex -5.00224 -43.6667 -2.5
      vertex -4.94169 -43.5657 2.5
      vertex -4.94169 -43.5657 -2.5
    endloop
  endfacet
  facet normal -0.85768 0.514184 0
    outer loop
      vertex -4.94169 -43.5657 2.5
      vertex -5.00224 -43.6667 -2.5
      vertex -5.00224 -43.6667 2.5
    endloop
  endfacet
  facet normal -0.941573 0.33681 0
    outer loop
      vertex -4.89134 -43.4592 -2.5
      vertex -4.85167 -43.3483 2.5
      vertex -4.85167 -43.3483 -2.5
    endloop
  endfacet
  facet normal -0.941573 0.33681 0
    outer loop
      vertex -4.85167 -43.3483 2.5
      vertex -4.89134 -43.4592 -2.5
      vertex -4.89134 -43.4592 2.5
    endloop
  endfacet
  facet normal -0.904057 0.427411 0
    outer loop
      vertex -4.94169 -43.5657 -2.5
      vertex -4.89134 -43.4592 2.5
      vertex -4.89134 -43.4592 -2.5
    endloop
  endfacet
  facet normal -0.904057 0.427411 0
    outer loop
      vertex -4.89134 -43.4592 2.5
      vertex -4.94169 -43.5657 -2.5
      vertex -4.94169 -43.5657 2.5
    endloop
  endfacet
  facet normal -0.803249 0.595644 0
    outer loop
      vertex -5.07239 -43.7613 -2.5
      vertex -5.00224 -43.6667 2.5
      vertex -5.00224 -43.6667 -2.5
    endloop
  endfacet
  facet normal -0.803249 0.595644 0
    outer loop
      vertex -5.00224 -43.6667 2.5
      vertex -5.07239 -43.7613 -2.5
      vertex -5.07239 -43.7613 2.5
    endloop
  endfacet
  facet normal 0.513871 0.857867 -0
    outer loop
      vertex -6.56568 -44.0583 -2.5
      vertex -6.66668 -43.9978 2.5
      vertex -6.56568 -44.0583 2.5
    endloop
  endfacet
  facet normal 0.513871 0.857867 0
    outer loop
      vertex -6.66668 -43.9978 2.5
      vertex -6.56568 -44.0583 -2.5
      vertex -6.66668 -43.9978 -2.5
    endloop
  endfacet
  facet normal 0.998794 0.0490904 0
    outer loop
      vertex -7.19422 -43.1176 2.5
      vertex -7.2 -43 -2.5
      vertex -7.2 -43 2.5
    endloop
  endfacet
  facet normal 0.998794 0.0490904 0
    outer loop
      vertex -7.2 -43 -2.5
      vertex -7.19422 -43.1176 2.5
      vertex -7.19422 -43.1176 -2.5
    endloop
  endfacet
  facet normal 0.970022 0.243015 0
    outer loop
      vertex -7.14833 -43.3483 2.5
      vertex -7.17694 -43.2341 -2.5
      vertex -7.17694 -43.2341 2.5
    endloop
  endfacet
  facet normal 0.970022 0.243015 0
    outer loop
      vertex -7.17694 -43.2341 -2.5
      vertex -7.14833 -43.3483 2.5
      vertex -7.14833 -43.3483 -2.5
    endloop
  endfacet
  facet normal 0.803249 0.595644 0
    outer loop
      vertex -6.92761 -43.7613 2.5
      vertex -6.99776 -43.6667 -2.5
      vertex -6.99776 -43.6667 2.5
    endloop
  endfacet
  facet normal 0.803249 0.595644 0
    outer loop
      vertex -6.99776 -43.6667 -2.5
      vertex -6.92761 -43.7613 2.5
      vertex -6.92761 -43.7613 -2.5
    endloop
  endfacet
  facet normal 0.904057 0.427411 0
    outer loop
      vertex -7.0583 -43.5657 2.5
      vertex -7.10865 -43.4592 -2.5
      vertex -7.10865 -43.4592 2.5
    endloop
  endfacet
  facet normal 0.904057 0.427411 0
    outer loop
      vertex -7.10865 -43.4592 -2.5
      vertex -7.0583 -43.5657 2.5
      vertex -7.0583 -43.5657 -2.5
    endloop
  endfacet
  facet normal 0.857718 0.514121 0
    outer loop
      vertex -6.99776 -43.6667 2.5
      vertex -7.0583 -43.5657 -2.5
      vertex -7.0583 -43.5657 2.5
    endloop
  endfacet
  facet normal 0.857718 0.514121 0
    outer loop
      vertex -7.0583 -43.5657 -2.5
      vertex -6.99776 -43.6667 2.5
      vertex -6.99776 -43.6667 -2.5
    endloop
  endfacet
  facet normal -0.989178 0.146721 0
    outer loop
      vertex -4.82306 -43.2341 -2.5
      vertex -4.80578 -43.1176 2.5
      vertex -4.80578 -43.1176 -2.5
    endloop
  endfacet
  facet normal -0.989178 0.146721 0
    outer loop
      vertex -4.80578 -43.1176 2.5
      vertex -4.82306 -43.2341 -2.5
      vertex -4.82306 -43.2341 2.5
    endloop
  endfacet
  facet normal -0.513834 0.85789 0
    outer loop
      vertex -5.33331 -43.9978 -2.5
      vertex -5.43432 -44.0583 2.5
      vertex -5.33331 -43.9978 2.5
    endloop
  endfacet
  facet normal -0.513834 0.85789 0
    outer loop
      vertex -5.43432 -44.0583 2.5
      vertex -5.33331 -43.9978 -2.5
      vertex -5.43432 -44.0583 -2.5
    endloop
  endfacet
  facet normal -0.671616 0.7409 0
    outer loop
      vertex -5.15147 -43.8485 -2.5
      vertex -5.23873 -43.9276 2.5
      vertex -5.15147 -43.8485 2.5
    endloop
  endfacet
  facet normal -0.671616 0.7409 0
    outer loop
      vertex -5.23873 -43.9276 2.5
      vertex -5.15147 -43.8485 -2.5
      vertex -5.23873 -43.9276 -2.5
    endloop
  endfacet
  facet normal 0.671616 0.7409 -0
    outer loop
      vertex -6.76127 -43.9276 -2.5
      vertex -6.84853 -43.8485 2.5
      vertex -6.76127 -43.9276 2.5
    endloop
  endfacet
  facet normal 0.671616 0.7409 0
    outer loop
      vertex -6.84853 -43.8485 2.5
      vertex -6.76127 -43.9276 -2.5
      vertex -6.84853 -43.8485 -2.5
    endloop
  endfacet
  facet normal -0.0492515 0.998786 0
    outer loop
      vertex -5.88238 -44.1942 -2.5
      vertex -6 -44.2 2.5
      vertex -5.88238 -44.1942 2.5
    endloop
  endfacet
  facet normal -0.0492515 0.998786 0
    outer loop
      vertex -6 -44.2 2.5
      vertex -5.88238 -44.1942 -2.5
      vertex -6 -44.2 -2.5
    endloop
  endfacet
  facet normal 0.336336 0.941742 -0
    outer loop
      vertex -6.34834 -44.1483 -2.5
      vertex -6.45922 -44.1087 2.5
      vertex -6.34834 -44.1483 2.5
    endloop
  endfacet
  facet normal 0.336336 0.941742 0
    outer loop
      vertex -6.45922 -44.1087 2.5
      vertex -6.34834 -44.1483 -2.5
      vertex -6.45922 -44.1087 -2.5
    endloop
  endfacet
  facet normal 0.595958 0.803015 -0
    outer loop
      vertex -6.66668 -43.9978 -2.5
      vertex -6.76127 -43.9276 2.5
      vertex -6.66668 -43.9978 2.5
    endloop
  endfacet
  facet normal 0.595958 0.803015 0
    outer loop
      vertex -6.76127 -43.9276 2.5
      vertex -6.66668 -43.9978 -2.5
      vertex -6.76127 -43.9276 -2.5
    endloop
  endfacet
  facet normal 0.989178 0.146721 0
    outer loop
      vertex -7.17694 -43.2341 2.5
      vertex -7.19422 -43.1176 -2.5
      vertex -7.19422 -43.1176 2.5
    endloop
  endfacet
  facet normal 0.989178 0.146721 0
    outer loop
      vertex -7.19422 -43.1176 -2.5
      vertex -7.17694 -43.2341 2.5
      vertex -7.17694 -43.2341 -2.5
    endloop
  endfacet
  facet normal 0.941546 0.336885 0
    outer loop
      vertex -7.10865 -43.4592 2.5
      vertex -7.14833 -43.3483 -2.5
      vertex -7.14833 -43.3483 2.5
    endloop
  endfacet
  facet normal 0.941546 0.336885 0
    outer loop
      vertex -7.14833 -43.3483 -2.5
      vertex -7.10865 -43.4592 2.5
      vertex -7.10865 -43.4592 -2.5
    endloop
  endfacet
  facet normal 0.740754 0.671776 0
    outer loop
      vertex -6.84853 -43.8485 2.5
      vertex -6.92761 -43.7613 -2.5
      vertex -6.92761 -43.7613 2.5
    endloop
  endfacet
  facet normal 0.740754 0.671776 0
    outer loop
      vertex -6.92761 -43.7613 -2.5
      vertex -6.84853 -43.8485 2.5
      vertex -6.84853 -43.8485 -2.5
    endloop
  endfacet
  facet normal -0.595999 0.802985 0
    outer loop
      vertex -5.23873 -43.9276 -2.5
      vertex -5.33331 -43.9978 2.5
      vertex -5.23873 -43.9276 2.5
    endloop
  endfacet
  facet normal -0.595999 0.802985 0
    outer loop
      vertex -5.33331 -43.9978 2.5
      vertex -5.23873 -43.9276 -2.5
      vertex -5.33331 -43.9978 -2.5
    endloop
  endfacet
  facet normal -0.740754 0.671776 0
    outer loop
      vertex -5.15147 -43.8485 -2.5
      vertex -5.07239 -43.7613 2.5
      vertex -5.07239 -43.7613 -2.5
    endloop
  endfacet
  facet normal -0.740754 0.671776 0
    outer loop
      vertex -5.07239 -43.7613 2.5
      vertex -5.15147 -43.8485 -2.5
      vertex -5.15147 -43.8485 2.5
    endloop
  endfacet
  facet normal 0.146899 0.989151 -0
    outer loop
      vertex -6.11762 -44.1942 -2.5
      vertex -6.23411 -44.1769 2.5
      vertex -6.11762 -44.1942 2.5
    endloop
  endfacet
  facet normal 0.146899 0.989151 0
    outer loop
      vertex -6.23411 -44.1769 2.5
      vertex -6.11762 -44.1942 -2.5
      vertex -6.23411 -44.1769 -2.5
    endloop
  endfacet
  facet normal 0.427889 0.903831 -0
    outer loop
      vertex -6.45922 -44.1087 -2.5
      vertex -6.56568 -44.0583 2.5
      vertex -6.45922 -44.1087 2.5
    endloop
  endfacet
  facet normal 0.427889 0.903831 0
    outer loop
      vertex -6.56568 -44.0583 2.5
      vertex -6.45922 -44.1087 -2.5
      vertex -6.56568 -44.0583 -2.5
    endloop
  endfacet
  facet normal -0.336336 0.941742 0
    outer loop
      vertex -5.54078 -44.1087 -2.5
      vertex -5.65166 -44.1483 2.5
      vertex -5.54078 -44.1087 2.5
    endloop
  endfacet
  facet normal -0.336336 0.941742 0
    outer loop
      vertex -5.65166 -44.1483 2.5
      vertex -5.54078 -44.1087 -2.5
      vertex -5.65166 -44.1483 -2.5
    endloop
  endfacet
  facet normal -0.242875 0.970058 0
    outer loop
      vertex -5.65166 -44.1483 -2.5
      vertex -5.76589 -44.1769 2.5
      vertex -5.65166 -44.1483 2.5
    endloop
  endfacet
  facet normal -0.242875 0.970058 0
    outer loop
      vertex -5.76589 -44.1769 2.5
      vertex -5.65166 -44.1483 -2.5
      vertex -5.76589 -44.1769 -2.5
    endloop
  endfacet
  facet normal 0.242875 0.970058 -0
    outer loop
      vertex -6.23411 -44.1769 -2.5
      vertex -6.34834 -44.1483 2.5
      vertex -6.23411 -44.1769 2.5
    endloop
  endfacet
  facet normal 0.242875 0.970058 0
    outer loop
      vertex -6.34834 -44.1483 2.5
      vertex -6.23411 -44.1769 -2.5
      vertex -6.34834 -44.1483 -2.5
    endloop
  endfacet
  facet normal -0.857718 -0.514121 0
    outer loop
      vertex 7.0583 -42.4343 -2.5
      vertex 6.99776 -42.3333 2.5
      vertex 6.99776 -42.3333 -2.5
    endloop
  endfacet
  facet normal -0.857718 -0.514121 0
    outer loop
      vertex 6.99776 -42.3333 2.5
      vertex 7.0583 -42.4343 -2.5
      vertex 7.0583 -42.4343 2.5
    endloop
  endfacet
  facet normal -0.336336 -0.941742 0
    outer loop
      vertex 6.34834 -41.8517 -2.5
      vertex 6.45922 -41.8913 2.5
      vertex 6.34834 -41.8517 2.5
    endloop
  endfacet
  facet normal -0.336336 -0.941742 -0
    outer loop
      vertex 6.45922 -41.8913 2.5
      vertex 6.34834 -41.8517 -2.5
      vertex 6.45922 -41.8913 -2.5
    endloop
  endfacet
  facet normal 0.336336 -0.941742 0
    outer loop
      vertex 5.54078 -41.8913 -2.5
      vertex 5.65166 -41.8517 2.5
      vertex 5.54078 -41.8913 2.5
    endloop
  endfacet
  facet normal 0.336336 -0.941742 0
    outer loop
      vertex 5.65166 -41.8517 2.5
      vertex 5.54078 -41.8913 -2.5
      vertex 5.65166 -41.8517 -2.5
    endloop
  endfacet
  facet normal 0.904057 -0.427411 0
    outer loop
      vertex 4.89134 -42.5408 2.5
      vertex 4.94169 -42.4343 -2.5
      vertex 4.94169 -42.4343 2.5
    endloop
  endfacet
  facet normal 0.904057 -0.427411 0
    outer loop
      vertex 4.94169 -42.4343 -2.5
      vertex 4.89134 -42.5408 2.5
      vertex 4.89134 -42.5408 -2.5
    endloop
  endfacet
  facet normal -0.998794 0.0490904 0
    outer loop
      vertex 7.19422 -43.1176 -2.5
      vertex 7.2 -43 2.5
      vertex 7.2 -43 -2.5
    endloop
  endfacet
  facet normal -0.998794 0.0490904 0
    outer loop
      vertex 7.2 -43 2.5
      vertex 7.19422 -43.1176 -2.5
      vertex 7.19422 -43.1176 2.5
    endloop
  endfacet
  facet normal -0.0492515 -0.998786 0
    outer loop
      vertex 6 -41.8 -2.5
      vertex 6.11762 -41.8058 2.5
      vertex 6 -41.8 2.5
    endloop
  endfacet
  facet normal -0.0492515 -0.998786 -0
    outer loop
      vertex 6.11762 -41.8058 2.5
      vertex 6 -41.8 -2.5
      vertex 6.11762 -41.8058 -2.5
    endloop
  endfacet
  facet normal -0.513871 -0.857867 0
    outer loop
      vertex 6.56568 -41.9417 -2.5
      vertex 6.66668 -42.0022 2.5
      vertex 6.56568 -41.9417 2.5
    endloop
  endfacet
  facet normal -0.513871 -0.857867 -0
    outer loop
      vertex 6.66668 -42.0022 2.5
      vertex 6.56568 -41.9417 -2.5
      vertex 6.66668 -42.0022 -2.5
    endloop
  endfacet
  facet normal 0.740754 -0.671776 0
    outer loop
      vertex 5.07239 -42.2387 2.5
      vertex 5.15147 -42.1515 -2.5
      vertex 5.15147 -42.1515 2.5
    endloop
  endfacet
  facet normal 0.740754 -0.671776 0
    outer loop
      vertex 5.15147 -42.1515 -2.5
      vertex 5.07239 -42.2387 2.5
      vertex 5.07239 -42.2387 -2.5
    endloop
  endfacet
  facet normal 0.146899 -0.989151 0
    outer loop
      vertex 5.76589 -41.8231 -2.5
      vertex 5.88238 -41.8058 2.5
      vertex 5.76589 -41.8231 2.5
    endloop
  endfacet
  facet normal 0.146899 -0.989151 0
    outer loop
      vertex 5.88238 -41.8058 2.5
      vertex 5.76589 -41.8231 -2.5
      vertex 5.88238 -41.8058 -2.5
    endloop
  endfacet
  facet normal 0.671616 0.7409 -0
    outer loop
      vertex 5.23873 -43.9276 -2.5
      vertex 5.15147 -43.8485 2.5
      vertex 5.23873 -43.9276 2.5
    endloop
  endfacet
  facet normal 0.671616 0.7409 0
    outer loop
      vertex 5.15147 -43.8485 2.5
      vertex 5.23873 -43.9276 -2.5
      vertex 5.15147 -43.8485 -2.5
    endloop
  endfacet
  facet normal 0.904057 0.427411 0
    outer loop
      vertex 4.94169 -43.5657 2.5
      vertex 4.89134 -43.4592 -2.5
      vertex 4.89134 -43.4592 2.5
    endloop
  endfacet
  facet normal 0.904057 0.427411 0
    outer loop
      vertex 4.89134 -43.4592 -2.5
      vertex 4.94169 -43.5657 2.5
      vertex 4.94169 -43.5657 -2.5
    endloop
  endfacet
  facet normal -0.989178 -0.146721 0
    outer loop
      vertex 7.19422 -42.8824 -2.5
      vertex 7.17694 -42.7659 2.5
      vertex 7.17694 -42.7659 -2.5
    endloop
  endfacet
  facet normal -0.989178 -0.146721 0
    outer loop
      vertex 7.17694 -42.7659 2.5
      vertex 7.19422 -42.8824 -2.5
      vertex 7.19422 -42.8824 2.5
    endloop
  endfacet
  facet normal -0.803249 -0.595644 0
    outer loop
      vertex 6.99776 -42.3333 -2.5
      vertex 6.92761 -42.2387 2.5
      vertex 6.92761 -42.2387 -2.5
    endloop
  endfacet
  facet normal -0.803249 -0.595644 0
    outer loop
      vertex 6.92761 -42.2387 2.5
      vertex 6.99776 -42.3333 -2.5
      vertex 6.99776 -42.3333 2.5
    endloop
  endfacet
  facet normal -0.671616 -0.7409 0
    outer loop
      vertex 6.76127 -42.0724 -2.5
      vertex 6.84853 -42.1515 2.5
      vertex 6.76127 -42.0724 2.5
    endloop
  endfacet
  facet normal -0.671616 -0.7409 -0
    outer loop
      vertex 6.84853 -42.1515 2.5
      vertex 6.76127 -42.0724 -2.5
      vertex 6.84853 -42.1515 -2.5
    endloop
  endfacet
  facet normal 0.0492515 -0.998786 0
    outer loop
      vertex 5.88238 -41.8058 -2.5
      vertex 6 -41.8 2.5
      vertex 5.88238 -41.8058 2.5
    endloop
  endfacet
  facet normal 0.0492515 -0.998786 0
    outer loop
      vertex 6 -41.8 2.5
      vertex 5.88238 -41.8058 -2.5
      vertex 6 -41.8 -2.5
    endloop
  endfacet
  facet normal -0.242875 -0.970058 0
    outer loop
      vertex 6.23411 -41.8231 -2.5
      vertex 6.34834 -41.8517 2.5
      vertex 6.23411 -41.8231 2.5
    endloop
  endfacet
  facet normal -0.242875 -0.970058 -0
    outer loop
      vertex 6.34834 -41.8517 2.5
      vertex 6.23411 -41.8231 -2.5
      vertex 6.34834 -41.8517 -2.5
    endloop
  endfacet
  facet normal -0.146899 -0.989151 0
    outer loop
      vertex 6.11762 -41.8058 -2.5
      vertex 6.23411 -41.8231 2.5
      vertex 6.11762 -41.8058 2.5
    endloop
  endfacet
  facet normal -0.146899 -0.989151 -0
    outer loop
      vertex 6.23411 -41.8231 2.5
      vertex 6.11762 -41.8058 -2.5
      vertex 6.23411 -41.8231 -2.5
    endloop
  endfacet
  facet normal -0.427889 -0.903831 0
    outer loop
      vertex 6.45922 -41.8913 -2.5
      vertex 6.56568 -41.9417 2.5
      vertex 6.45922 -41.8913 2.5
    endloop
  endfacet
  facet normal -0.427889 -0.903831 -0
    outer loop
      vertex 6.56568 -41.9417 2.5
      vertex 6.45922 -41.8913 -2.5
      vertex 6.56568 -41.9417 -2.5
    endloop
  endfacet
  facet normal -0.595958 -0.803015 0
    outer loop
      vertex 6.66668 -42.0022 -2.5
      vertex 6.76127 -42.0724 2.5
      vertex 6.66668 -42.0022 2.5
    endloop
  endfacet
  facet normal -0.595958 -0.803015 -0
    outer loop
      vertex 6.76127 -42.0724 2.5
      vertex 6.66668 -42.0022 -2.5
      vertex 6.76127 -42.0724 -2.5
    endloop
  endfacet
  facet normal 0.998794 -0.0490904 0
    outer loop
      vertex 4.8 -43 2.5
      vertex 4.80578 -42.8824 -2.5
      vertex 4.80578 -42.8824 2.5
    endloop
  endfacet
  facet normal 0.998794 -0.0490904 0
    outer loop
      vertex 4.80578 -42.8824 -2.5
      vertex 4.8 -43 2.5
      vertex 4.8 -43 -2.5
    endloop
  endfacet
  facet normal 0.941573 -0.33681 0
    outer loop
      vertex 4.85167 -42.6517 2.5
      vertex 4.89134 -42.5408 -2.5
      vertex 4.89134 -42.5408 2.5
    endloop
  endfacet
  facet normal 0.941573 -0.33681 0
    outer loop
      vertex 4.89134 -42.5408 -2.5
      vertex 4.85167 -42.6517 2.5
      vertex 4.85167 -42.6517 -2.5
    endloop
  endfacet
  facet normal 0.970022 -0.243015 0
    outer loop
      vertex 4.82306 -42.7659 2.5
      vertex 4.85167 -42.6517 -2.5
      vertex 4.85167 -42.6517 2.5
    endloop
  endfacet
  facet normal 0.970022 -0.243015 0
    outer loop
      vertex 4.85167 -42.6517 -2.5
      vertex 4.82306 -42.7659 2.5
      vertex 4.82306 -42.7659 -2.5
    endloop
  endfacet
  facet normal 0.85768 -0.514184 0
    outer loop
      vertex 4.94169 -42.4343 2.5
      vertex 5.00224 -42.3333 -2.5
      vertex 5.00224 -42.3333 2.5
    endloop
  endfacet
  facet normal 0.85768 -0.514184 0
    outer loop
      vertex 5.00224 -42.3333 -2.5
      vertex 4.94169 -42.4343 2.5
      vertex 4.94169 -42.4343 -2.5
    endloop
  endfacet
  facet normal 0.803249 -0.595644 0
    outer loop
      vertex 5.00224 -42.3333 2.5
      vertex 5.07239 -42.2387 -2.5
      vertex 5.07239 -42.2387 2.5
    endloop
  endfacet
  facet normal 0.803249 -0.595644 0
    outer loop
      vertex 5.07239 -42.2387 -2.5
      vertex 5.00224 -42.3333 2.5
      vertex 5.00224 -42.3333 -2.5
    endloop
  endfacet
  facet normal 0.242875 -0.970058 0
    outer loop
      vertex 5.65166 -41.8517 -2.5
      vertex 5.76589 -41.8231 2.5
      vertex 5.65166 -41.8517 2.5
    endloop
  endfacet
  facet normal 0.242875 -0.970058 0
    outer loop
      vertex 5.76589 -41.8231 2.5
      vertex 5.65166 -41.8517 -2.5
      vertex 5.76589 -41.8231 -2.5
    endloop
  endfacet
  facet normal 0.513834 -0.85789 0
    outer loop
      vertex 5.33331 -42.0022 -2.5
      vertex 5.43432 -41.9417 2.5
      vertex 5.33331 -42.0022 2.5
    endloop
  endfacet
  facet normal 0.513834 -0.85789 0
    outer loop
      vertex 5.43432 -41.9417 2.5
      vertex 5.33331 -42.0022 -2.5
      vertex 5.43432 -41.9417 -2.5
    endloop
  endfacet
  facet normal 0.595999 -0.802985 0
    outer loop
      vertex 5.23873 -42.0724 -2.5
      vertex 5.33331 -42.0022 2.5
      vertex 5.23873 -42.0724 2.5
    endloop
  endfacet
  facet normal 0.595999 -0.802985 0
    outer loop
      vertex 5.33331 -42.0022 2.5
      vertex 5.23873 -42.0724 -2.5
      vertex 5.33331 -42.0022 -2.5
    endloop
  endfacet
  facet normal 0.427889 -0.903831 0
    outer loop
      vertex 5.43432 -41.9417 -2.5
      vertex 5.54078 -41.8913 2.5
      vertex 5.43432 -41.9417 2.5
    endloop
  endfacet
  facet normal 0.427889 -0.903831 0
    outer loop
      vertex 5.54078 -41.8913 2.5
      vertex 5.43432 -41.9417 -2.5
      vertex 5.54078 -41.8913 -2.5
    endloop
  endfacet
  facet normal 0.671616 -0.7409 0
    outer loop
      vertex 5.15147 -42.1515 -2.5
      vertex 5.23873 -42.0724 2.5
      vertex 5.15147 -42.1515 2.5
    endloop
  endfacet
  facet normal 0.671616 -0.7409 0
    outer loop
      vertex 5.23873 -42.0724 2.5
      vertex 5.15147 -42.1515 -2.5
      vertex 5.23873 -42.0724 -2.5
    endloop
  endfacet
  facet normal -0.998794 -0.0490904 0
    outer loop
      vertex 7.2 -43 -2.5
      vertex 7.19422 -42.8824 2.5
      vertex 7.19422 -42.8824 -2.5
    endloop
  endfacet
  facet normal -0.998794 -0.0490904 0
    outer loop
      vertex 7.19422 -42.8824 2.5
      vertex 7.2 -43 -2.5
      vertex 7.2 -43 2.5
    endloop
  endfacet
  facet normal -0.970022 0.243015 0
    outer loop
      vertex 7.14833 -43.3483 -2.5
      vertex 7.17694 -43.2341 2.5
      vertex 7.17694 -43.2341 -2.5
    endloop
  endfacet
  facet normal -0.970022 0.243015 0
    outer loop
      vertex 7.17694 -43.2341 2.5
      vertex 7.14833 -43.3483 -2.5
      vertex 7.14833 -43.3483 2.5
    endloop
  endfacet
  facet normal 0.803249 0.595644 0
    outer loop
      vertex 5.07239 -43.7613 2.5
      vertex 5.00224 -43.6667 -2.5
      vertex 5.00224 -43.6667 2.5
    endloop
  endfacet
  facet normal 0.803249 0.595644 0
    outer loop
      vertex 5.00224 -43.6667 -2.5
      vertex 5.07239 -43.7613 2.5
      vertex 5.07239 -43.7613 -2.5
    endloop
  endfacet
  facet normal -0.146899 0.989151 0
    outer loop
      vertex 6.23411 -44.1769 -2.5
      vertex 6.11762 -44.1942 2.5
      vertex 6.23411 -44.1769 2.5
    endloop
  endfacet
  facet normal -0.146899 0.989151 0
    outer loop
      vertex 6.11762 -44.1942 2.5
      vertex 6.23411 -44.1769 -2.5
      vertex 6.11762 -44.1942 -2.5
    endloop
  endfacet
  facet normal -0.904057 -0.427411 0
    outer loop
      vertex 7.10865 -42.5408 -2.5
      vertex 7.0583 -42.4343 2.5
      vertex 7.0583 -42.4343 -2.5
    endloop
  endfacet
  facet normal -0.904057 -0.427411 0
    outer loop
      vertex 7.0583 -42.4343 2.5
      vertex 7.10865 -42.5408 -2.5
      vertex 7.10865 -42.5408 2.5
    endloop
  endfacet
  facet normal -0.941546 -0.336885 0
    outer loop
      vertex 7.14833 -42.6517 -2.5
      vertex 7.10865 -42.5408 2.5
      vertex 7.10865 -42.5408 -2.5
    endloop
  endfacet
  facet normal -0.941546 -0.336885 0
    outer loop
      vertex 7.10865 -42.5408 2.5
      vertex 7.14833 -42.6517 -2.5
      vertex 7.14833 -42.6517 2.5
    endloop
  endfacet
  facet normal -0.970022 -0.243015 0
    outer loop
      vertex 7.17694 -42.7659 -2.5
      vertex 7.14833 -42.6517 2.5
      vertex 7.14833 -42.6517 -2.5
    endloop
  endfacet
  facet normal -0.970022 -0.243015 0
    outer loop
      vertex 7.14833 -42.6517 2.5
      vertex 7.17694 -42.7659 -2.5
      vertex 7.17694 -42.7659 2.5
    endloop
  endfacet
  facet normal -0.740754 -0.671776 0
    outer loop
      vertex 6.92761 -42.2387 -2.5
      vertex 6.84853 -42.1515 2.5
      vertex 6.84853 -42.1515 -2.5
    endloop
  endfacet
  facet normal -0.740754 -0.671776 0
    outer loop
      vertex 6.84853 -42.1515 2.5
      vertex 6.92761 -42.2387 -2.5
      vertex 6.92761 -42.2387 2.5
    endloop
  endfacet
  facet normal 0.989178 -0.146721 0
    outer loop
      vertex 4.80578 -42.8824 2.5
      vertex 4.82306 -42.7659 -2.5
      vertex 4.82306 -42.7659 2.5
    endloop
  endfacet
  facet normal 0.989178 -0.146721 0
    outer loop
      vertex 4.82306 -42.7659 -2.5
      vertex 4.80578 -42.8824 2.5
      vertex 4.80578 -42.8824 -2.5
    endloop
  endfacet
  facet normal -0.989178 0.146721 0
    outer loop
      vertex 7.17694 -43.2341 -2.5
      vertex 7.19422 -43.1176 2.5
      vertex 7.19422 -43.1176 -2.5
    endloop
  endfacet
  facet normal -0.989178 0.146721 0
    outer loop
      vertex 7.19422 -43.1176 2.5
      vertex 7.17694 -43.2341 -2.5
      vertex 7.17694 -43.2341 2.5
    endloop
  endfacet
  facet normal -0.803249 0.595644 0
    outer loop
      vertex 6.92761 -43.7613 -2.5
      vertex 6.99776 -43.6667 2.5
      vertex 6.99776 -43.6667 -2.5
    endloop
  endfacet
  facet normal -0.803249 0.595644 0
    outer loop
      vertex 6.99776 -43.6667 2.5
      vertex 6.92761 -43.7613 -2.5
      vertex 6.92761 -43.7613 2.5
    endloop
  endfacet
  facet normal -0.904057 0.427411 0
    outer loop
      vertex 7.0583 -43.5657 -2.5
      vertex 7.10865 -43.4592 2.5
      vertex 7.10865 -43.4592 -2.5
    endloop
  endfacet
  facet normal -0.904057 0.427411 0
    outer loop
      vertex 7.10865 -43.4592 2.5
      vertex 7.0583 -43.5657 -2.5
      vertex 7.0583 -43.5657 2.5
    endloop
  endfacet
  facet normal -0.857718 0.514121 0
    outer loop
      vertex 6.99776 -43.6667 -2.5
      vertex 7.0583 -43.5657 2.5
      vertex 7.0583 -43.5657 -2.5
    endloop
  endfacet
  facet normal -0.857718 0.514121 0
    outer loop
      vertex 7.0583 -43.5657 2.5
      vertex 6.99776 -43.6667 -2.5
      vertex 6.99776 -43.6667 2.5
    endloop
  endfacet
  facet normal 0.0492515 0.998786 -0
    outer loop
      vertex 6 -44.2 -2.5
      vertex 5.88238 -44.1942 2.5
      vertex 6 -44.2 2.5
    endloop
  endfacet
  facet normal 0.0492515 0.998786 0
    outer loop
      vertex 5.88238 -44.1942 2.5
      vertex 6 -44.2 -2.5
      vertex 5.88238 -44.1942 -2.5
    endloop
  endfacet
  facet normal 0.998794 0.0490904 0
    outer loop
      vertex 4.80578 -43.1176 2.5
      vertex 4.8 -43 -2.5
      vertex 4.8 -43 2.5
    endloop
  endfacet
  facet normal 0.998794 0.0490904 0
    outer loop
      vertex 4.8 -43 -2.5
      vertex 4.80578 -43.1176 2.5
      vertex 4.80578 -43.1176 -2.5
    endloop
  endfacet
  facet normal 0.941573 0.33681 0
    outer loop
      vertex 4.89134 -43.4592 2.5
      vertex 4.85167 -43.3483 -2.5
      vertex 4.85167 -43.3483 2.5
    endloop
  endfacet
  facet normal 0.941573 0.33681 0
    outer loop
      vertex 4.85167 -43.3483 -2.5
      vertex 4.89134 -43.4592 2.5
      vertex 4.89134 -43.4592 -2.5
    endloop
  endfacet
  facet normal 0.970022 0.243015 0
    outer loop
      vertex 4.85167 -43.3483 2.5
      vertex 4.82306 -43.2341 -2.5
      vertex 4.82306 -43.2341 2.5
    endloop
  endfacet
  facet normal 0.970022 0.243015 0
    outer loop
      vertex 4.82306 -43.2341 -2.5
      vertex 4.85167 -43.3483 2.5
      vertex 4.85167 -43.3483 -2.5
    endloop
  endfacet
  facet normal 0.740754 0.671776 0
    outer loop
      vertex 5.15147 -43.8485 2.5
      vertex 5.07239 -43.7613 -2.5
      vertex 5.07239 -43.7613 2.5
    endloop
  endfacet
  facet normal 0.740754 0.671776 0
    outer loop
      vertex 5.07239 -43.7613 -2.5
      vertex 5.15147 -43.8485 2.5
      vertex 5.15147 -43.8485 -2.5
    endloop
  endfacet
  facet normal -0.242875 0.970058 0
    outer loop
      vertex 6.34834 -44.1483 -2.5
      vertex 6.23411 -44.1769 2.5
      vertex 6.34834 -44.1483 2.5
    endloop
  endfacet
  facet normal -0.242875 0.970058 0
    outer loop
      vertex 6.23411 -44.1769 2.5
      vertex 6.34834 -44.1483 -2.5
      vertex 6.23411 -44.1769 -2.5
    endloop
  endfacet
  facet normal -0.427889 0.903831 0
    outer loop
      vertex 6.56568 -44.0583 -2.5
      vertex 6.45922 -44.1087 2.5
      vertex 6.56568 -44.0583 2.5
    endloop
  endfacet
  facet normal -0.427889 0.903831 0
    outer loop
      vertex 6.45922 -44.1087 2.5
      vertex 6.56568 -44.0583 -2.5
      vertex 6.45922 -44.1087 -2.5
    endloop
  endfacet
  facet normal -0.336336 0.941742 0
    outer loop
      vertex 6.45922 -44.1087 -2.5
      vertex 6.34834 -44.1483 2.5
      vertex 6.45922 -44.1087 2.5
    endloop
  endfacet
  facet normal -0.336336 0.941742 0
    outer loop
      vertex 6.34834 -44.1483 2.5
      vertex 6.45922 -44.1087 -2.5
      vertex 6.34834 -44.1483 -2.5
    endloop
  endfacet
  facet normal -0.671616 0.7409 0
    outer loop
      vertex 6.84853 -43.8485 -2.5
      vertex 6.76127 -43.9276 2.5
      vertex 6.84853 -43.8485 2.5
    endloop
  endfacet
  facet normal -0.671616 0.7409 0
    outer loop
      vertex 6.76127 -43.9276 2.5
      vertex 6.84853 -43.8485 -2.5
      vertex 6.76127 -43.9276 -2.5
    endloop
  endfacet
  facet normal -0.941546 0.336885 0
    outer loop
      vertex 7.10865 -43.4592 -2.5
      vertex 7.14833 -43.3483 2.5
      vertex 7.14833 -43.3483 -2.5
    endloop
  endfacet
  facet normal -0.941546 0.336885 0
    outer loop
      vertex 7.14833 -43.3483 2.5
      vertex 7.10865 -43.4592 -2.5
      vertex 7.10865 -43.4592 2.5
    endloop
  endfacet
  facet normal -0.0492515 0.998786 0
    outer loop
      vertex 6.11762 -44.1942 -2.5
      vertex 6 -44.2 2.5
      vertex 6.11762 -44.1942 2.5
    endloop
  endfacet
  facet normal -0.0492515 0.998786 0
    outer loop
      vertex 6 -44.2 2.5
      vertex 6.11762 -44.1942 -2.5
      vertex 6 -44.2 -2.5
    endloop
  endfacet
  facet normal 0.513834 0.85789 -0
    outer loop
      vertex 5.43432 -44.0583 -2.5
      vertex 5.33331 -43.9978 2.5
      vertex 5.43432 -44.0583 2.5
    endloop
  endfacet
  facet normal 0.513834 0.85789 0
    outer loop
      vertex 5.33331 -43.9978 2.5
      vertex 5.43432 -44.0583 -2.5
      vertex 5.33331 -43.9978 -2.5
    endloop
  endfacet
  facet normal 0.989178 0.146721 0
    outer loop
      vertex 4.82306 -43.2341 2.5
      vertex 4.80578 -43.1176 -2.5
      vertex 4.80578 -43.1176 2.5
    endloop
  endfacet
  facet normal 0.989178 0.146721 0
    outer loop
      vertex 4.80578 -43.1176 -2.5
      vertex 4.82306 -43.2341 2.5
      vertex 4.82306 -43.2341 -2.5
    endloop
  endfacet
  facet normal 0.85768 0.514184 0
    outer loop
      vertex 5.00224 -43.6667 2.5
      vertex 4.94169 -43.5657 -2.5
      vertex 4.94169 -43.5657 2.5
    endloop
  endfacet
  facet normal 0.85768 0.514184 0
    outer loop
      vertex 4.94169 -43.5657 -2.5
      vertex 5.00224 -43.6667 2.5
      vertex 5.00224 -43.6667 -2.5
    endloop
  endfacet
  facet normal -0.740754 0.671776 0
    outer loop
      vertex 6.84853 -43.8485 -2.5
      vertex 6.92761 -43.7613 2.5
      vertex 6.92761 -43.7613 -2.5
    endloop
  endfacet
  facet normal -0.740754 0.671776 0
    outer loop
      vertex 6.92761 -43.7613 2.5
      vertex 6.84853 -43.8485 -2.5
      vertex 6.84853 -43.8485 2.5
    endloop
  endfacet
  facet normal -0.595958 0.803015 0
    outer loop
      vertex 6.76127 -43.9276 -2.5
      vertex 6.66668 -43.9978 2.5
      vertex 6.76127 -43.9276 2.5
    endloop
  endfacet
  facet normal -0.595958 0.803015 0
    outer loop
      vertex 6.66668 -43.9978 2.5
      vertex 6.76127 -43.9276 -2.5
      vertex 6.66668 -43.9978 -2.5
    endloop
  endfacet
  facet normal -0.513871 0.857867 0
    outer loop
      vertex 6.66668 -43.9978 -2.5
      vertex 6.56568 -44.0583 2.5
      vertex 6.66668 -43.9978 2.5
    endloop
  endfacet
  facet normal -0.513871 0.857867 0
    outer loop
      vertex 6.56568 -44.0583 2.5
      vertex 6.66668 -43.9978 -2.5
      vertex 6.56568 -44.0583 -2.5
    endloop
  endfacet
  facet normal 0.595999 0.802985 -0
    outer loop
      vertex 5.33331 -43.9978 -2.5
      vertex 5.23873 -43.9276 2.5
      vertex 5.33331 -43.9978 2.5
    endloop
  endfacet
  facet normal 0.595999 0.802985 0
    outer loop
      vertex 5.23873 -43.9276 2.5
      vertex 5.33331 -43.9978 -2.5
      vertex 5.23873 -43.9276 -2.5
    endloop
  endfacet
  facet normal 0.427889 0.903831 -0
    outer loop
      vertex 5.54078 -44.1087 -2.5
      vertex 5.43432 -44.0583 2.5
      vertex 5.54078 -44.1087 2.5
    endloop
  endfacet
  facet normal 0.427889 0.903831 0
    outer loop
      vertex 5.43432 -44.0583 2.5
      vertex 5.54078 -44.1087 -2.5
      vertex 5.43432 -44.0583 -2.5
    endloop
  endfacet
  facet normal 0.146899 0.989151 -0
    outer loop
      vertex 5.88238 -44.1942 -2.5
      vertex 5.76589 -44.1769 2.5
      vertex 5.88238 -44.1942 2.5
    endloop
  endfacet
  facet normal 0.146899 0.989151 0
    outer loop
      vertex 5.76589 -44.1769 2.5
      vertex 5.88238 -44.1942 -2.5
      vertex 5.76589 -44.1769 -2.5
    endloop
  endfacet
  facet normal 0.336336 0.941742 -0
    outer loop
      vertex 5.65166 -44.1483 -2.5
      vertex 5.54078 -44.1087 2.5
      vertex 5.65166 -44.1483 2.5
    endloop
  endfacet
  facet normal 0.336336 0.941742 0
    outer loop
      vertex 5.54078 -44.1087 2.5
      vertex 5.65166 -44.1483 -2.5
      vertex 5.54078 -44.1087 -2.5
    endloop
  endfacet
  facet normal 0.242875 0.970058 -0
    outer loop
      vertex 5.76589 -44.1769 -2.5
      vertex 5.65166 -44.1483 2.5
      vertex 5.76589 -44.1769 2.5
    endloop
  endfacet
  facet normal 0.242875 0.970058 0
    outer loop
      vertex 5.65166 -44.1483 2.5
      vertex 5.76589 -44.1769 -2.5
      vertex 5.65166 -44.1483 -2.5
    endloop
  endfacet
  facet normal 1 -0 0
    outer loop
      vertex -14 -24 2.5
      vertex -14 -20 -2.5
      vertex -14 -20 2.5
    endloop
  endfacet
  facet normal 1 0 0
    outer loop
      vertex -14 -20 -2.5
      vertex -14 -24 2.5
      vertex -14 -24 -2.5
    endloop
  endfacet
  facet normal -1 0 0
    outer loop
      vertex 14 -24 -2.5
      vertex 14 -20 2.5
      vertex 14 -20 -2.5
    endloop
  endfacet
  facet normal -1 -0 0
    outer loop
      vertex 14 -20 2.5
      vertex 14 -24 -2.5
      vertex 14 -24 2.5
    endloop
  endfacet
  facet normal 0 -1 0
    outer loop
      vertex -14 -20 -2.5
      vertex 14 -20 2.5
      vertex -14 -20 2.5
    endloop
  endfacet
  facet normal 0 -1 -0
    outer loop
      vertex 14 -20 2.5
      vertex -14 -20 -2.5
      vertex 14 -20 -2.5
    endloop
  endfacet
  facet normal 0 1 -0
    outer loop
      vertex 14 -24 -2.5
      vertex -14 -24 2.5
      vertex 14 -24 2.5
    endloop
  endfacet
  facet normal 0 1 0
    outer loop
      vertex -14 -24 2.5
      vertex 14 -24 -2.5
      vertex -14 -24 -2.5
    endloop
  endfacet
  facet normal 1 -0 0
    outer loop
      vertex -14 20 2.5
      vertex -14 24 -2.5
      vertex -14 24 2.5
    endloop
  endfacet
  facet normal 1 0 0
    outer loop
      vertex -14 24 -2.5
      vertex -14 20 2.5
      vertex -14 20 -2.5
    endloop
  endfacet
  facet normal -1 0 0
    outer loop
      vertex 14 20 -2.5
      vertex 14 24 2.5
      vertex 14 24 -2.5
    endloop
  endfacet
  facet normal -1 -0 0
    outer loop
      vertex 14 24 2.5
      vertex 14 20 -2.5
      vertex 14 20 2.5
    endloop
  endfacet
  facet normal 0 -1 0
    outer loop
      vertex -14 24 -2.5
      vertex 14 24 2.5
      vertex -14 24 2.5
    endloop
  endfacet
  facet normal 0 -1 -0
    outer loop
      vertex 14 24 2.5
      vertex -14 24 -2.5
      vertex 14 24 -2.5
    endloop
  endfacet
  facet normal 0 1 -0
    outer loop
      vertex 14 20 -2.5
      vertex -14 20 2.5
      vertex 14 20 2.5
    endloop
  endfacet
  facet normal 0 1 0
    outer loop
      vertex -14 20 2.5
      vertex 14 20 -2.5
      vertex -14 20 -2.5
    endloop
  endfacet
  facet normal -0.989175 -0.146741 0
    outer loop
      vertex -88.8078 -47.9509 -2.5
      vertex -88.9518 -46.9802 2.5
      vertex -88.9518 -46.9802 -2.5
    endloop
  endfacet
  facet normal -0.989175 -0.146741 0
    outer loop
      vertex -88.9518 -46.9802 2.5
      vertex -88.8078 -47.9509 -2.5
      vertex -88.8078 -47.9509 2.5
    endloop
  endfacet
  facet normal -0.970041 -0.242943 0
    outer loop
      vertex -88.5694 -48.9028 -2.5
      vertex -88.8078 -47.9509 2.5
      vertex -88.8078 -47.9509 -2.5
    endloop
  endfacet
  facet normal -0.970041 -0.242943 0
    outer loop
      vertex -88.8078 -47.9509 2.5
      vertex -88.5694 -48.9028 -2.5
      vertex -88.5694 -48.9028 2.5
    endloop
  endfacet
  facet normal -0.941548 -0.336879 0
    outer loop
      vertex -88.2388 -49.8268 -2.5
      vertex -88.5694 -48.9028 2.5
      vertex -88.5694 -48.9028 -2.5
    endloop
  endfacet
  facet normal -0.941548 -0.336879 0
    outer loop
      vertex -88.5694 -48.9028 2.5
      vertex -88.2388 -49.8268 -2.5
      vertex -88.2388 -49.8268 2.5
    endloop
  endfacet
  facet normal -0.903995 -0.427543 0
    outer loop
      vertex -87.8192 -50.714 -2.5
      vertex -88.2388 -49.8268 2.5
      vertex -88.2388 -49.8268 -2.5
    endloop
  endfacet
  facet normal -0.903995 -0.427543 0
    outer loop
      vertex -88.2388 -49.8268 2.5
      vertex -87.8192 -50.714 -2.5
      vertex -87.8192 -50.714 2.5
    endloop
  endfacet
  facet normal 0.941548 0.336879 0
    outer loop
      vertex 88.5694 48.9028 2.5
      vertex 88.2388 49.8268 -2.5
      vertex 88.2388 49.8268 2.5
    endloop
  endfacet
  facet normal 0.941548 0.336879 0
    outer loop
      vertex 88.2388 49.8268 -2.5
      vertex 88.5694 48.9028 2.5
      vertex 88.5694 48.9028 -2.5
    endloop
  endfacet
  facet normal 0 0 -1
    outer loop
      vertex -74.4294 -42.3494 -2.5
      vertex -14 -24 -2.5
      vertex -74.3732 -42.5065 -2.5
    endloop
  endfacet
  facet normal 0 0 -1
    outer loop
      vertex -14 20 -2.5
      vertex -74.3082 42.8334 -2.5
      vertex -74.3 43 -2.5
    endloop
  endfacet
  facet normal 0 0 -1
    outer loop
      vertex -74.5007 -42.1986 -2.5
      vertex -14 -24 -2.5
      vertex -74.4294 -42.3494 -2.5
    endloop
  endfacet
  facet normal 0 0 -1
    outer loop
      vertex -14 20 -2.5
      vertex -74.3327 42.6683 -2.5
      vertex -74.3082 42.8334 -2.5
    endloop
  endfacet
  facet normal 0 0 -1
    outer loop
      vertex -74.5865 -42.0555 -2.5
      vertex -14 -24 -2.5
      vertex -74.5007 -42.1986 -2.5
    endloop
  endfacet
  facet normal 0 0 -1
    outer loop
      vertex -14 20 -2.5
      vertex -74.3732 42.5065 -2.5
      vertex -74.3327 42.6683 -2.5
    endloop
  endfacet
  facet normal -0 0 -1
    outer loop
      vertex -14 -24 -2.5
      vertex -74.5865 -42.0555 -2.5
      vertex -14 -20 -2.5
    endloop
  endfacet
  facet normal 0 0 -1
    outer loop
      vertex -14 20 -2.5
      vertex -74.4294 42.3494 -2.5
      vertex -74.3732 42.5065 -2.5
    endloop
  endfacet
  facet normal 0 0 -1
    outer loop
      vertex -74.6859 -41.9215 -2.5
      vertex -14 -20 -2.5
      vertex -74.5865 -42.0555 -2.5
    endloop
  endfacet
  facet normal 0 0 -1
    outer loop
      vertex -14 20 -2.5
      vertex -74.5007 42.1986 -2.5
      vertex -74.4294 42.3494 -2.5
    endloop
  endfacet
  facet normal 0 0 -1
    outer loop
      vertex -74.7979 -41.7979 -2.5
      vertex -14 -20 -2.5
      vertex -74.6859 -41.9215 -2.5
    endloop
  endfacet
  facet normal 0 0 -1
    outer loop
      vertex -14 20 -2.5
      vertex -74.5865 42.0555 -2.5
      vertex -74.5007 42.1986 -2.5
    endloop
  endfacet
  facet normal 0 0 -1
    outer loop
      vertex -74.9215 -41.6859 -2.5
      vertex -14 -20 -2.5
      vertex -74.7979 -41.7979 -2.5
    endloop
  endfacet
  facet normal 0 0 -1
    outer loop
      vertex -14 20 -2.5
      vertex -74.6859 41.9215 -2.5
      vertex -74.5865 42.0555 -2.5
    endloop
  endfacet
  facet normal 0 0 -1
    outer loop
      vertex -75.0555 -41.5865 -2.5
      vertex -14 -20 -2.5
      vertex -74.9215 -41.6859 -2.5
    endloop
  endfacet
  facet normal 0 0 -1
    outer loop
      vertex -14 20 -2.5
      vertex -74.7979 41.7979 -2.5
      vertex -74.6859 41.9215 -2.5
    endloop
  endfacet
  facet normal 0 0 -1
    outer loop
      vertex -75.1986 -41.5007 -2.5
      vertex -14 -20 -2.5
      vertex -75.0555 -41.5865 -2.5
    endloop
  endfacet
  facet normal 0 0 -1
    outer loop
      vertex -14 20 -2.5
      vertex -74.9215 41.6859 -2.5
      vertex -74.7979 41.7979 -2.5
    endloop
  endfacet
  facet normal -0 0 -1
    outer loop
      vertex -14 -20 -2.5
      vertex -75.1986 -41.5007 -2.5
      vertex -14 20 -2.5
    endloop
  endfacet
  facet normal 0 0 -1
    outer loop
      vertex -14 20 -2.5
      vertex -75.0555 41.5865 -2.5
      vertex -74.9215 41.6859 -2.5
    endloop
  endfacet
  facet normal 0 0 -1
    outer loop
      vertex -75.1986 41.5007 -2.5
      vertex -14 20 -2.5
      vertex -75.1986 -41.5007 -2.5
    endloop
  endfacet
  facet normal 0 0 -1
    outer loop
      vertex -14 20 -2.5
      vertex -75.1986 41.5007 -2.5
      vertex -75.0555 41.5865 -2.5
    endloop
  endfacet
  facet normal 0 0 -1
    outer loop
      vertex -75.3494 -41.4294 -2.5
      vertex -75.1986 41.5007 -2.5
      vertex -75.1986 -41.5007 -2.5
    endloop
  endfacet
  facet normal 0 0 -1
    outer loop
      vertex -75.3494 -41.4294 -2.5
      vertex -75.3494 41.4294 -2.5
      vertex -75.1986 41.5007 -2.5
    endloop
  endfacet
  facet normal 0 0 -1
    outer loop
      vertex -75.5065 -41.3732 -2.5
      vertex -75.3494 41.4294 -2.5
      vertex -75.3494 -41.4294 -2.5
    endloop
  endfacet
  facet normal 0 0 -1
    outer loop
      vertex -75.5065 -41.3732 -2.5
      vertex -75.5065 41.3732 -2.5
      vertex -75.3494 41.4294 -2.5
    endloop
  endfacet
  facet normal 0 0 -1
    outer loop
      vertex -75.6684 -41.3327 -2.5
      vertex -75.5065 41.3732 -2.5
      vertex -75.5065 -41.3732 -2.5
    endloop
  endfacet
  facet normal 0 0 -1
    outer loop
      vertex -75.6684 -41.3327 -2.5
      vertex -75.6684 41.3327 -2.5
      vertex -75.5065 41.3732 -2.5
    endloop
  endfacet
  facet normal 0 0 -1
    outer loop
      vertex -75.8334 -41.3082 -2.5
      vertex -75.6684 41.3327 -2.5
      vertex -75.6684 -41.3327 -2.5
    endloop
  endfacet
  facet normal 0 0 -1
    outer loop
      vertex -75.8334 -41.3082 -2.5
      vertex -75.8334 41.3082 -2.5
      vertex -75.6684 41.3327 -2.5
    endloop
  endfacet
  facet normal 0 0 -1
    outer loop
      vertex -76 -41.3 -2.5
      vertex -75.8334 41.3082 -2.5
      vertex -75.8334 -41.3082 -2.5
    endloop
  endfacet
  facet normal 0 0 -1
    outer loop
      vertex -76 -41.3 -2.5
      vertex -76 41.3 -2.5
      vertex -75.8334 41.3082 -2.5
    endloop
  endfacet
  facet normal 0 0 -1
    outer loop
      vertex -76.1666 -41.3082 -2.5
      vertex -76 41.3 -2.5
      vertex -76 -41.3 -2.5
    endloop
  endfacet
  facet normal 0 0 -1
    outer loop
      vertex -76.1666 -41.3082 -2.5
      vertex -76.1666 41.3082 -2.5
      vertex -76 41.3 -2.5
    endloop
  endfacet
  facet normal 0 0 -1
    outer loop
      vertex -76.3316 -41.3327 -2.5
      vertex -76.1666 41.3082 -2.5
      vertex -76.1666 -41.3082 -2.5
    endloop
  endfacet
  facet normal 0 0 -1
    outer loop
      vertex -76.3316 -41.3327 -2.5
      vertex -76.3316 41.3327 -2.5
      vertex -76.1666 41.3082 -2.5
    endloop
  endfacet
  facet normal 0 0 -1
    outer loop
      vertex -76.4935 -41.3732 -2.5
      vertex -76.3316 41.3327 -2.5
      vertex -76.3316 -41.3327 -2.5
    endloop
  endfacet
  facet normal 0 0 -1
    outer loop
      vertex -76.4935 -41.3732 -2.5
      vertex -76.4935 41.3732 -2.5
      vertex -76.3316 41.3327 -2.5
    endloop
  endfacet
  facet normal 0 0 -1
    outer loop
      vertex -76.6506 -41.4294 -2.5
      vertex -76.4935 41.3732 -2.5
      vertex -76.4935 -41.3732 -2.5
    endloop
  endfacet
  facet normal 0 0 -1
    outer loop
      vertex -76.6506 -41.4294 -2.5
      vertex -76.6506 41.4294 -2.5
      vertex -76.4935 41.3732 -2.5
    endloop
  endfacet
  facet normal 0 0 -1
    outer loop
      vertex -76.8014 -41.5007 -2.5
      vertex -76.6506 41.4294 -2.5
      vertex -76.6506 -41.4294 -2.5
    endloop
  endfacet
  facet normal 0 0 -1
    outer loop
      vertex -76.8014 -41.5007 -2.5
      vertex -76.8014 41.5007 -2.5
      vertex -76.6506 41.4294 -2.5
    endloop
  endfacet
  facet normal 0 0 -1
    outer loop
      vertex -89 -46 -2.5
      vertex -76.8014 -41.5007 -2.5
      vertex -76.9445 -41.5865 -2.5
    endloop
  endfacet
  facet normal -0 0 -1
    outer loop
      vertex -76.8014 -41.5007 -2.5
      vertex -89 -46 -2.5
      vertex -76.8014 41.5007 -2.5
    endloop
  endfacet
  facet normal 0 0 -1
    outer loop
      vertex -89 -46 -2.5
      vertex -76.9445 -41.5865 -2.5
      vertex -77.0785 -41.6859 -2.5
    endloop
  endfacet
  facet normal 0 0 -1
    outer loop
      vertex -89 46 -2.5
      vertex -76.8014 41.5007 -2.5
      vertex -89 -46 -2.5
    endloop
  endfacet
  facet normal 0 0 -1
    outer loop
      vertex -89 -46 -2.5
      vertex -77.0785 -41.6859 -2.5
      vertex -77.2021 -41.7979 -2.5
    endloop
  endfacet
  facet normal 0 0 -1
    outer loop
      vertex -76.8014 41.5007 -2.5
      vertex -89 46 -2.5
      vertex -76.9445 41.5865 -2.5
    endloop
  endfacet
  facet normal 0 0 -1
    outer loop
      vertex -89 -46 -2.5
      vertex -77.2021 -41.7979 -2.5
      vertex -77.3141 -41.9215 -2.5
    endloop
  endfacet
  facet normal 0 0 -1
    outer loop
      vertex -76.9445 41.5865 -2.5
      vertex -89 46 -2.5
      vertex -77.0785 41.6859 -2.5
    endloop
  endfacet
  facet normal 0 0 -1
    outer loop
      vertex -89 -46 -2.5
      vertex -77.3141 -41.9215 -2.5
      vertex -77.4135 -42.0555 -2.5
    endloop
  endfacet
  facet normal 0 0 -1
    outer loop
      vertex -77.0785 41.6859 -2.5
      vertex -89 46 -2.5
      vertex -77.2021 41.7979 -2.5
    endloop
  endfacet
  facet normal 0 0 -1
    outer loop
      vertex -89 -46 -2.5
      vertex -77.4135 -42.0555 -2.5
      vertex -77.4993 -42.1986 -2.5
    endloop
  endfacet
  facet normal 0 0 -1
    outer loop
      vertex -77.2021 41.7979 -2.5
      vertex -89 46 -2.5
      vertex -77.3141 41.9215 -2.5
    endloop
  endfacet
  facet normal 0 0 -1
    outer loop
      vertex -89 -46 -2.5
      vertex -77.4993 -42.1986 -2.5
      vertex -77.5706 -42.3494 -2.5
    endloop
  endfacet
  facet normal 0 0 -1
    outer loop
      vertex -77.3141 41.9215 -2.5
      vertex -89 46 -2.5
      vertex -77.4135 42.0555 -2.5
    endloop
  endfacet
  facet normal 0 0 -1
    outer loop
      vertex -89 -46 -2.5
      vertex -77.5706 -42.3494 -2.5
      vertex -77.6268 -42.5065 -2.5
    endloop
  endfacet
  facet normal 0 0 -1
    outer loop
      vertex -77.4135 42.0555 -2.5
      vertex -89 46 -2.5
      vertex -77.4993 42.1986 -2.5
    endloop
  endfacet
  facet normal 0 0 -1
    outer loop
      vertex -89 -46 -2.5
      vertex -77.6268 -42.5065 -2.5
      vertex -77.6673 -42.6683 -2.5
    endloop
  endfacet
  facet normal 0 0 -1
    outer loop
      vertex -77.4993 42.1986 -2.5
      vertex -89 46 -2.5
      vertex -77.5706 42.3494 -2.5
    endloop
  endfacet
  facet normal 0 0 -1
    outer loop
      vertex -89 -46 -2.5
      vertex -77.6673 -42.6683 -2.5
      vertex -77.6918 -42.8334 -2.5
    endloop
  endfacet
  facet normal 0 0 -1
    outer loop
      vertex -77.5706 42.3494 -2.5
      vertex -89 46 -2.5
      vertex -77.6268 42.5065 -2.5
    endloop
  endfacet
  facet normal 0 0 -1
    outer loop
      vertex -89 -46 -2.5
      vertex -77.6918 -42.8334 -2.5
      vertex -77.7 -43 -2.5
    endloop
  endfacet
  facet normal 0 0 -1
    outer loop
      vertex -77.6268 42.5065 -2.5
      vertex -89 46 -2.5
      vertex -77.6673 42.6683 -2.5
    endloop
  endfacet
  facet normal 0 0 -1
    outer loop
      vertex -14 -20 -2.5
      vertex 14 20 -2.5
      vertex 14 -20 -2.5
    endloop
  endfacet
  facet normal -0 0 -1
    outer loop
      vertex 14 20 -2.5
      vertex -14 -20 -2.5
      vertex -14 20 -2.5
    endloop
  endfacet
  facet normal 0 0 -1
    outer loop
      vertex 77.6268 -42.5065 -2.5
      vertex 89 -46 -2.5
      vertex 77.6673 -42.6683 -2.5
    endloop
  endfacet
  facet normal 0 0 -1
    outer loop
      vertex 89 46 -2.5
      vertex 77.6918 42.8334 -2.5
      vertex 77.7 43 -2.5
    endloop
  endfacet
  facet normal 0 0 -1
    outer loop
      vertex 77.5706 -42.3494 -2.5
      vertex 89 -46 -2.5
      vertex 77.6268 -42.5065 -2.5
    endloop
  endfacet
  facet normal 0 0 -1
    outer loop
      vertex 89 46 -2.5
      vertex 77.6673 42.6683 -2.5
      vertex 77.6918 42.8334 -2.5
    endloop
  endfacet
  facet normal 0 0 -1
    outer loop
      vertex 77.4993 -42.1986 -2.5
      vertex 89 -46 -2.5
      vertex 77.5706 -42.3494 -2.5
    endloop
  endfacet
  facet normal 0 0 -1
    outer loop
      vertex 89 46 -2.5
      vertex 77.6268 42.5065 -2.5
      vertex 77.6673 42.6683 -2.5
    endloop
  endfacet
  facet normal 0 0 -1
    outer loop
      vertex 77.4135 -42.0555 -2.5
      vertex 89 -46 -2.5
      vertex 77.4993 -42.1986 -2.5
    endloop
  endfacet
  facet normal 0 0 -1
    outer loop
      vertex 89 46 -2.5
      vertex 77.5706 42.3494 -2.5
      vertex 77.6268 42.5065 -2.5
    endloop
  endfacet
  facet normal 0 0 -1
    outer loop
      vertex 77.3141 -41.9215 -2.5
      vertex 89 -46 -2.5
      vertex 77.4135 -42.0555 -2.5
    endloop
  endfacet
  facet normal 0 0 -1
    outer loop
      vertex 89 46 -2.5
      vertex 77.4993 42.1986 -2.5
      vertex 77.5706 42.3494 -2.5
    endloop
  endfacet
  facet normal 0 0 -1
    outer loop
      vertex 77.2021 -41.7979 -2.5
      vertex 89 -46 -2.5
      vertex 77.3141 -41.9215 -2.5
    endloop
  endfacet
  facet normal 0 0 -1
    outer loop
      vertex 89 46 -2.5
      vertex 77.4135 42.0555 -2.5
      vertex 77.4993 42.1986 -2.5
    endloop
  endfacet
  facet normal 0 0 -1
    outer loop
      vertex 77.0785 -41.6859 -2.5
      vertex 89 -46 -2.5
      vertex 77.2021 -41.7979 -2.5
    endloop
  endfacet
  facet normal 0 0 -1
    outer loop
      vertex 89 46 -2.5
      vertex 77.3141 41.9215 -2.5
      vertex 77.4135 42.0555 -2.5
    endloop
  endfacet
  facet normal 0 0 -1
    outer loop
      vertex 76.9445 -41.5865 -2.5
      vertex 89 -46 -2.5
      vertex 77.0785 -41.6859 -2.5
    endloop
  endfacet
  facet normal 0 0 -1
    outer loop
      vertex 89 46 -2.5
      vertex 77.2021 41.7979 -2.5
      vertex 77.3141 41.9215 -2.5
    endloop
  endfacet
  facet normal 0 0 -1
    outer loop
      vertex 76.8014 -41.5007 -2.5
      vertex 89 -46 -2.5
      vertex 76.9445 -41.5865 -2.5
    endloop
  endfacet
  facet normal 0 0 -1
    outer loop
      vertex 89 46 -2.5
      vertex 77.0785 41.6859 -2.5
      vertex 77.2021 41.7979 -2.5
    endloop
  endfacet
  facet normal 0 0 -1
    outer loop
      vertex 89 -46 -2.5
      vertex 76.8014 -41.5007 -2.5
      vertex 89 46 -2.5
    endloop
  endfacet
  facet normal 0 0 -1
    outer loop
      vertex 89 46 -2.5
      vertex 76.9445 41.5865 -2.5
      vertex 77.0785 41.6859 -2.5
    endloop
  endfacet
  facet normal 0 0 -1
    outer loop
      vertex 76.8014 41.5007 -2.5
      vertex 89 46 -2.5
      vertex 76.8014 -41.5007 -2.5
    endloop
  endfacet
  facet normal 0 0 -1
    outer loop
      vertex 89 46 -2.5
      vertex 76.8014 41.5007 -2.5
      vertex 76.9445 41.5865 -2.5
    endloop
  endfacet
  facet normal 0 0 -1
    outer loop
      vertex 76.6506 -41.4294 -2.5
      vertex 76.8014 41.5007 -2.5
      vertex 76.8014 -41.5007 -2.5
    endloop
  endfacet
  facet normal 0 0 -1
    outer loop
      vertex 76.6506 -41.4294 -2.5
      vertex 76.6506 41.4294 -2.5
      vertex 76.8014 41.5007 -2.5
    endloop
  endfacet
  facet normal 0 0 -1
    outer loop
      vertex 76.4935 -41.3732 -2.5
      vertex 76.6506 41.4294 -2.5
      vertex 76.6506 -41.4294 -2.5
    endloop
  endfacet
  facet normal 0 0 -1
    outer loop
      vertex 76.4935 -41.3732 -2.5
      vertex 76.4935 41.3732 -2.5
      vertex 76.6506 41.4294 -2.5
    endloop
  endfacet
  facet normal 0 0 -1
    outer loop
      vertex 76.3316 -41.3327 -2.5
      vertex 76.4935 41.3732 -2.5
      vertex 76.4935 -41.3732 -2.5
    endloop
  endfacet
  facet normal 0 0 -1
    outer loop
      vertex 76.3316 -41.3327 -2.5
      vertex 76.3316 41.3327 -2.5
      vertex 76.4935 41.3732 -2.5
    endloop
  endfacet
  facet normal 0 0 -1
    outer loop
      vertex 76.1666 -41.3082 -2.5
      vertex 76.3316 41.3327 -2.5
      vertex 76.3316 -41.3327 -2.5
    endloop
  endfacet
  facet normal 0 0 -1
    outer loop
      vertex 76.1666 -41.3082 -2.5
      vertex 76.1666 41.3082 -2.5
      vertex 76.3316 41.3327 -2.5
    endloop
  endfacet
  facet normal 0 0 -1
    outer loop
      vertex 76 -41.3 -2.5
      vertex 76.1666 41.3082 -2.5
      vertex 76.1666 -41.3082 -2.5
    endloop
  endfacet
  facet normal 0 0 -1
    outer loop
      vertex 76 -41.3 -2.5
      vertex 76 41.3 -2.5
      vertex 76.1666 41.3082 -2.5
    endloop
  endfacet
  facet normal 0 0 -1
    outer loop
      vertex 75.8334 -41.3082 -2.5
      vertex 76 41.3 -2.5
      vertex 76 -41.3 -2.5
    endloop
  endfacet
  facet normal 0 0 -1
    outer loop
      vertex 75.8334 -41.3082 -2.5
      vertex 75.8334 41.3082 -2.5
      vertex 76 41.3 -2.5
    endloop
  endfacet
  facet normal 0 0 -1
    outer loop
      vertex 75.6684 -41.3327 -2.5
      vertex 75.8334 41.3082 -2.5
      vertex 75.8334 -41.3082 -2.5
    endloop
  endfacet
  facet normal 0 0 -1
    outer loop
      vertex 75.6684 -41.3327 -2.5
      vertex 75.6684 41.3327 -2.5
      vertex 75.8334 41.3082 -2.5
    endloop
  endfacet
  facet normal 0 0 -1
    outer loop
      vertex 75.5065 -41.3732 -2.5
      vertex 75.6684 41.3327 -2.5
      vertex 75.6684 -41.3327 -2.5
    endloop
  endfacet
  facet normal 0 0 -1
    outer loop
      vertex 75.5065 -41.3732 -2.5
      vertex 75.5065 41.3732 -2.5
      vertex 75.6684 41.3327 -2.5
    endloop
  endfacet
  facet normal 0 0 -1
    outer loop
      vertex 75.3494 -41.4294 -2.5
      vertex 75.5065 41.3732 -2.5
      vertex 75.5065 -41.3732 -2.5
    endloop
  endfacet
  facet normal 0 0 -1
    outer loop
      vertex 75.3494 -41.4294 -2.5
      vertex 75.3494 41.4294 -2.5
      vertex 75.5065 41.3732 -2.5
    endloop
  endfacet
  facet normal 0 0 -1
    outer loop
      vertex 75.1986 -41.5007 -2.5
      vertex 75.3494 41.4294 -2.5
      vertex 75.3494 -41.4294 -2.5
    endloop
  endfacet
  facet normal 0 0 -1
    outer loop
      vertex 75.1986 -41.5007 -2.5
      vertex 75.1986 41.5007 -2.5
      vertex 75.3494 41.4294 -2.5
    endloop
  endfacet
  facet normal 0 0 -1
    outer loop
      vertex 14 -20 -2.5
      vertex 75.1986 -41.5007 -2.5
      vertex 75.0555 -41.5865 -2.5
    endloop
  endfacet
  facet normal 0 0 -1
    outer loop
      vertex 75.1986 -41.5007 -2.5
      vertex 14 -20 -2.5
      vertex 75.1986 41.5007 -2.5
    endloop
  endfacet
  facet normal 0 0 -1
    outer loop
      vertex 14 -20 -2.5
      vertex 75.0555 -41.5865 -2.5
      vertex 74.9215 -41.6859 -2.5
    endloop
  endfacet
  facet normal 0 0 -1
    outer loop
      vertex 14 20 -2.5
      vertex 75.1986 41.5007 -2.5
      vertex 14 -20 -2.5
    endloop
  endfacet
  facet normal 0 0 -1
    outer loop
      vertex 14 -20 -2.5
      vertex 74.9215 -41.6859 -2.5
      vertex 74.7979 -41.7979 -2.5
    endloop
  endfacet
  facet normal -0 0 -1
    outer loop
      vertex 75.1986 41.5007 -2.5
      vertex 14 20 -2.5
      vertex 75.0555 41.5865 -2.5
    endloop
  endfacet
  facet normal 0 0 -1
    outer loop
      vertex 14 -20 -2.5
      vertex 74.7979 -41.7979 -2.5
      vertex 74.6859 -41.9215 -2.5
    endloop
  endfacet
  facet normal -0 0 -1
    outer loop
      vertex 75.0555 41.5865 -2.5
      vertex 14 20 -2.5
      vertex 74.9215 41.6859 -2.5
    endloop
  endfacet
  facet normal 0 0 -1
    outer loop
      vertex 14 -20 -2.5
      vertex 74.6859 -41.9215 -2.5
      vertex 74.5865 -42.0555 -2.5
    endloop
  endfacet
  facet normal -0 0 -1
    outer loop
      vertex 74.9215 41.6859 -2.5
      vertex 14 20 -2.5
      vertex 74.7979 41.7979 -2.5
    endloop
  endfacet
  facet normal 0 0 -1
    outer loop
      vertex 14 -24 -2.5
      vertex 74.5865 -42.0555 -2.5
      vertex 74.5007 -42.1986 -2.5
    endloop
  endfacet
  facet normal -0 0 -1
    outer loop
      vertex 74.7979 41.7979 -2.5
      vertex 14 20 -2.5
      vertex 74.6859 41.9215 -2.5
    endloop
  endfacet
  facet normal 0 0 -1
    outer loop
      vertex 14 -24 -2.5
      vertex 74.5007 -42.1986 -2.5
      vertex 74.4294 -42.3494 -2.5
    endloop
  endfacet
  facet normal -0 0 -1
    outer loop
      vertex 74.6859 41.9215 -2.5
      vertex 14 20 -2.5
      vertex 74.5865 42.0555 -2.5
    endloop
  endfacet
  facet normal 0 0 -1
    outer loop
      vertex 14 -24 -2.5
      vertex 74.4294 -42.3494 -2.5
      vertex 74.3732 -42.5065 -2.5
    endloop
  endfacet
  facet normal 0 0 -1
    outer loop
      vertex 14 24 -2.5
      vertex 74.5865 42.0555 -2.5
      vertex 14 20 -2.5
    endloop
  endfacet
  facet normal 0 0 -1
    outer loop
      vertex 14 -24 -2.5
      vertex 74.3732 -42.5065 -2.5
      vertex 74.3327 -42.6683 -2.5
    endloop
  endfacet
  facet normal -0 0 -1
    outer loop
      vertex 74.5865 42.0555 -2.5
      vertex 14 24 -2.5
      vertex 74.5007 42.1986 -2.5
    endloop
  endfacet
  facet normal 0 0 -1
    outer loop
      vertex 14 -24 -2.5
      vertex 74.3327 -42.6683 -2.5
      vertex 74.3082 -42.8334 -2.5
    endloop
  endfacet
  facet normal -0 0 -1
    outer loop
      vertex 74.5007 42.1986 -2.5
      vertex 14 24 -2.5
      vertex 74.4294 42.3494 -2.5
    endloop
  endfacet
  facet normal 0 0 -1
    outer loop
      vertex 14 -24 -2.5
      vertex 74.3082 -42.8334 -2.5
      vertex 74.3 -43 -2.5
    endloop
  endfacet
  facet normal -0 0 -1
    outer loop
      vertex 74.4294 42.3494 -2.5
      vertex 14 24 -2.5
      vertex 74.3732 42.5065 -2.5
    endloop
  endfacet
  facet normal 0 0 -1
    outer loop
      vertex 77.5706 -43.6506 -2.5
      vertex 89 -46 -2.5
      vertex 88.9518 -46.9802 -2.5
    endloop
  endfacet
  facet normal 0 0 -1
    outer loop
      vertex 77.6918 -42.8334 -2.5
      vertex 89 -46 -2.5
      vertex 77.7 -43 -2.5
    endloop
  endfacet
  facet normal 0 0 -1
    outer loop
      vertex 77.4993 -43.8014 -2.5
      vertex 88.9518 -46.9802 -2.5
      vertex 88.8078 -47.9509 -2.5
    endloop
  endfacet
  facet normal 0 0 -1
    outer loop
      vertex 77.6673 -42.6683 -2.5
      vertex 89 -46 -2.5
      vertex 77.6918 -42.8334 -2.5
    endloop
  endfacet
  facet normal 0 0 -1
    outer loop
      vertex 77.4993 -43.8014 -2.5
      vertex 88.8078 -47.9509 -2.5
      vertex 88.5694 -48.9028 -2.5
    endloop
  endfacet
  facet normal 0 0 -1
    outer loop
      vertex 77.6918 43.1666 -2.5
      vertex 89 46 -2.5
      vertex 77.7 43 -2.5
    endloop
  endfacet
  facet normal 0 0 -1
    outer loop
      vertex 77.4135 -43.9445 -2.5
      vertex 88.5694 -48.9028 -2.5
      vertex 88.2388 -49.8268 -2.5
    endloop
  endfacet
  facet normal 0 0 -1
    outer loop
      vertex 77.6673 43.3317 -2.5
      vertex 89 46 -2.5
      vertex 77.6918 43.1666 -2.5
    endloop
  endfacet
  facet normal 0 0 -1
    outer loop
      vertex 77.4135 -43.9445 -2.5
      vertex 88.2388 -49.8268 -2.5
      vertex 87.8192 -50.714 -2.5
    endloop
  endfacet
  facet normal 0 0 -1
    outer loop
      vertex 77.6268 43.4935 -2.5
      vertex 89 46 -2.5
      vertex 77.6673 43.3317 -2.5
    endloop
  endfacet
  facet normal 0 0 -1
    outer loop
      vertex 77.3141 -44.0785 -2.5
      vertex 87.8192 -50.714 -2.5
      vertex 87.3147 -51.5557 -2.5
    endloop
  endfacet
  facet normal 0 0 -1
    outer loop
      vertex 77.5706 43.6506 -2.5
      vertex 89 46 -2.5
      vertex 77.6268 43.4935 -2.5
    endloop
  endfacet
  facet normal 0 0 -1
    outer loop
      vertex 77.3141 -44.0785 -2.5
      vertex 87.3147 -51.5557 -2.5
      vertex 86.7301 -52.3439 -2.5
    endloop
  endfacet
  facet normal -0 0 -1
    outer loop
      vertex 89 46 -2.5
      vertex 77.5706 43.6506 -2.5
      vertex 88.9518 46.9802 -2.5
    endloop
  endfacet
  facet normal 0 0 -1
    outer loop
      vertex 77.2021 -44.2021 -2.5
      vertex 86.7301 -52.3439 -2.5
      vertex 86.0711 -53.0711 -2.5
    endloop
  endfacet
  facet normal 0 0 -1
    outer loop
      vertex 77.4993 43.8014 -2.5
      vertex 88.9518 46.9802 -2.5
      vertex 77.5706 43.6506 -2.5
    endloop
  endfacet
  facet normal 0 0 -1
    outer loop
      vertex 77.2021 -44.2021 -2.5
      vertex 86.0711 -53.0711 -2.5
      vertex 85.3439 -53.7301 -2.5
    endloop
  endfacet
  facet normal -0 0 -1
    outer loop
      vertex 88.9518 46.9802 -2.5
      vertex 77.4993 43.8014 -2.5
      vertex 88.8078 47.9509 -2.5
    endloop
  endfacet
  facet normal 0 0 -1
    outer loop
      vertex 77.0785 -44.3141 -2.5
      vertex 85.3439 -53.7301 -2.5
      vertex 84.5557 -54.3147 -2.5
    endloop
  endfacet
  facet normal -0 0 -1
    outer loop
      vertex 88.8078 47.9509 -2.5
      vertex 77.4993 43.8014 -2.5
      vertex 88.5694 48.9028 -2.5
    endloop
  endfacet
  facet normal 0 0 -1
    outer loop
      vertex 77.0785 -44.3141 -2.5
      vertex 84.5557 -54.3147 -2.5
      vertex 83.714 -54.8192 -2.5
    endloop
  endfacet
  facet normal 0 0 -1
    outer loop
      vertex 77.4135 43.9445 -2.5
      vertex 88.5694 48.9028 -2.5
      vertex 77.4993 43.8014 -2.5
    endloop
  endfacet
  facet normal 0 0 -1
    outer loop
      vertex 76.9445 -44.4135 -2.5
      vertex 83.714 -54.8192 -2.5
      vertex 82.8268 -55.2388 -2.5
    endloop
  endfacet
  facet normal -0 0 -1
    outer loop
      vertex 88.5694 48.9028 -2.5
      vertex 77.4135 43.9445 -2.5
      vertex 88.2388 49.8268 -2.5
    endloop
  endfacet
  facet normal 0 0 -1
    outer loop
      vertex 76.9445 -44.4135 -2.5
      vertex 82.8268 -55.2388 -2.5
      vertex 81.9028 -55.5694 -2.5
    endloop
  endfacet
  facet normal -0 0 -1
    outer loop
      vertex 88.2388 49.8268 -2.5
      vertex 77.4135 43.9445 -2.5
      vertex 87.8192 50.714 -2.5
    endloop
  endfacet
  facet normal 0 0 -1
    outer loop
      vertex 76.8014 -44.4993 -2.5
      vertex 81.9028 -55.5694 -2.5
      vertex 80.9509 -55.8078 -2.5
    endloop
  endfacet
  facet normal 0 0 -1
    outer loop
      vertex 77.3141 44.0785 -2.5
      vertex 87.8192 50.714 -2.5
      vertex 77.4135 43.9445 -2.5
    endloop
  endfacet
  facet normal 0 0 -1
    outer loop
      vertex 76.8014 -44.4993 -2.5
      vertex 80.9509 -55.8078 -2.5
      vertex 79.9802 -55.9518 -2.5
    endloop
  endfacet
  facet normal -0 0 -1
    outer loop
      vertex 87.8192 50.714 -2.5
      vertex 77.3141 44.0785 -2.5
      vertex 87.3147 51.5557 -2.5
    endloop
  endfacet
  facet normal 0 0 -1
    outer loop
      vertex 76.6506 -44.5706 -2.5
      vertex 79.9802 -55.9518 -2.5
      vertex 79 -56 -2.5
    endloop
  endfacet
  facet normal -0 0 -1
    outer loop
      vertex 87.3147 51.5557 -2.5
      vertex 77.3141 44.0785 -2.5
      vertex 86.7301 52.3439 -2.5
    endloop
  endfacet
  facet normal 0 0 -1
    outer loop
      vertex 77.2021 44.2021 -2.5
      vertex 86.7301 52.3439 -2.5
      vertex 77.3141 44.0785 -2.5
    endloop
  endfacet
  facet normal 0 0 -1
    outer loop
      vertex 89 -46 -2.5
      vertex 77.6918 -43.1666 -2.5
      vertex 77.7 -43 -2.5
    endloop
  endfacet
  facet normal 0 0 -1
    outer loop
      vertex 89 -46 -2.5
      vertex 77.6673 -43.3317 -2.5
      vertex 77.6918 -43.1666 -2.5
    endloop
  endfacet
  facet normal 0 0 -1
    outer loop
      vertex 89 -46 -2.5
      vertex 77.6268 -43.4935 -2.5
      vertex 77.6673 -43.3317 -2.5
    endloop
  endfacet
  facet normal 0 0 -1
    outer loop
      vertex 89 -46 -2.5
      vertex 77.5706 -43.6506 -2.5
      vertex 77.6268 -43.4935 -2.5
    endloop
  endfacet
  facet normal 0 0 -1
    outer loop
      vertex 88.9518 -46.9802 -2.5
      vertex 77.4993 -43.8014 -2.5
      vertex 77.5706 -43.6506 -2.5
    endloop
  endfacet
  facet normal 0 0 -1
    outer loop
      vertex 88.5694 -48.9028 -2.5
      vertex 77.4135 -43.9445 -2.5
      vertex 77.4993 -43.8014 -2.5
    endloop
  endfacet
  facet normal 0 0 -1
    outer loop
      vertex 87.8192 -50.714 -2.5
      vertex 77.3141 -44.0785 -2.5
      vertex 77.4135 -43.9445 -2.5
    endloop
  endfacet
  facet normal 0 0 -1
    outer loop
      vertex 86.7301 -52.3439 -2.5
      vertex 77.2021 -44.2021 -2.5
      vertex 77.3141 -44.0785 -2.5
    endloop
  endfacet
  facet normal 0 0 -1
    outer loop
      vertex 85.3439 -53.7301 -2.5
      vertex 77.0785 -44.3141 -2.5
      vertex 77.2021 -44.2021 -2.5
    endloop
  endfacet
  facet normal 0 0 -1
    outer loop
      vertex 83.714 -54.8192 -2.5
      vertex 76.9445 -44.4135 -2.5
      vertex 77.0785 -44.3141 -2.5
    endloop
  endfacet
  facet normal 0 0 -1
    outer loop
      vertex 81.9028 -55.5694 -2.5
      vertex 76.8014 -44.4993 -2.5
      vertex 76.9445 -44.4135 -2.5
    endloop
  endfacet
  facet normal 0 0 -1
    outer loop
      vertex 79.9802 -55.9518 -2.5
      vertex 76.6506 -44.5706 -2.5
      vertex 76.8014 -44.4993 -2.5
    endloop
  endfacet
  facet normal 0 0 -1
    outer loop
      vertex 79 -56 -2.5
      vertex 76.4935 -44.6268 -2.5
      vertex 76.6506 -44.5706 -2.5
    endloop
  endfacet
  facet normal 0 0 -1
    outer loop
      vertex 79 -56 -2.5
      vertex 76.3316 -44.6673 -2.5
      vertex 76.4935 -44.6268 -2.5
    endloop
  endfacet
  facet normal 0 0 -1
    outer loop
      vertex 79 -56 -2.5
      vertex 76.1666 -44.6918 -2.5
      vertex 76.3316 -44.6673 -2.5
    endloop
  endfacet
  facet normal 0 0 -1
    outer loop
      vertex 79 -56 -2.5
      vertex 76 -44.7 -2.5
      vertex 76.1666 -44.6918 -2.5
    endloop
  endfacet
  facet normal 0 0 -1
    outer loop
      vertex 79 -56 -2.5
      vertex 75.8334 -44.6918 -2.5
      vertex 76 -44.7 -2.5
    endloop
  endfacet
  facet normal 0 0 -1
    outer loop
      vertex 79 -56 -2.5
      vertex 75.6684 -44.6673 -2.5
      vertex 75.8334 -44.6918 -2.5
    endloop
  endfacet
  facet normal 0 0 -1
    outer loop
      vertex 79 -56 -2.5
      vertex 75.5065 -44.6268 -2.5
      vertex 75.6684 -44.6673 -2.5
    endloop
  endfacet
  facet normal 0 0 -1
    outer loop
      vertex 79 -56 -2.5
      vertex 75.3494 -44.5706 -2.5
      vertex 75.5065 -44.6268 -2.5
    endloop
  endfacet
  facet normal 0 0 -1
    outer loop
      vertex 79 -56 -2.5
      vertex 75.1986 -44.4993 -2.5
      vertex 75.3494 -44.5706 -2.5
    endloop
  endfacet
  facet normal 0 0 -1
    outer loop
      vertex 79 -56 -2.5
      vertex 75.0555 -44.4135 -2.5
      vertex 75.1986 -44.4993 -2.5
    endloop
  endfacet
  facet normal 0 0 -1
    outer loop
      vertex 79 -56 -2.5
      vertex 74.9215 -44.3141 -2.5
      vertex 75.0555 -44.4135 -2.5
    endloop
  endfacet
  facet normal 0 0 -1
    outer loop
      vertex 79 -56 -2.5
      vertex 74.7979 -44.2021 -2.5
      vertex 74.9215 -44.3141 -2.5
    endloop
  endfacet
  facet normal 0 0 -1
    outer loop
      vertex 79 -56 -2.5
      vertex 74.6859 -44.0785 -2.5
      vertex 74.7979 -44.2021 -2.5
    endloop
  endfacet
  facet normal 0 0 -1
    outer loop
      vertex 79 -56 -2.5
      vertex 74.5865 -43.9445 -2.5
      vertex 74.6859 -44.0785 -2.5
    endloop
  endfacet
  facet normal 0 0 -1
    outer loop
      vertex 79 -56 -2.5
      vertex 74.5007 -43.8014 -2.5
      vertex 74.5865 -43.9445 -2.5
    endloop
  endfacet
  facet normal 0 0 -1
    outer loop
      vertex 7.0583 -43.5657 -2.5
      vertex 74.5007 -43.8014 -2.5
      vertex 79 -56 -2.5
    endloop
  endfacet
  facet normal 0 0 -1
    outer loop
      vertex 74.5865 -42.0555 -2.5
      vertex 14 -24 -2.5
      vertex 14 -20 -2.5
    endloop
  endfacet
  facet normal 0 0 -1
    outer loop
      vertex 7.2 -43 -2.5
      vertex 74.3 -43 -2.5
      vertex 74.3082 -43.1666 -2.5
    endloop
  endfacet
  facet normal 0 0 -1
    outer loop
      vertex 7.19422 -43.1176 -2.5
      vertex 74.3082 -43.1666 -2.5
      vertex 74.3327 -43.3317 -2.5
    endloop
  endfacet
  facet normal 0 0 -1
    outer loop
      vertex 7.17694 -43.2341 -2.5
      vertex 74.3327 -43.3317 -2.5
      vertex 74.3732 -43.4935 -2.5
    endloop
  endfacet
  facet normal 0 0 -1
    outer loop
      vertex 7.14833 -43.3483 -2.5
      vertex 74.3732 -43.4935 -2.5
      vertex 74.4294 -43.6506 -2.5
    endloop
  endfacet
  facet normal 0 0 -1
    outer loop
      vertex 74.5007 -43.8014 -2.5
      vertex 7.0583 -43.5657 -2.5
      vertex 74.4294 -43.6506 -2.5
    endloop
  endfacet
  facet normal 0 0 -1
    outer loop
      vertex 74.3082 -43.1666 -2.5
      vertex 7.19422 -43.1176 -2.5
      vertex 7.2 -43 -2.5
    endloop
  endfacet
  facet normal 0 0 -1
    outer loop
      vertex 74.3 -43 -2.5
      vertex 7.2 -43 -2.5
      vertex 14 -24 -2.5
    endloop
  endfacet
  facet normal 0 0 -1
    outer loop
      vertex 74.3327 -43.3317 -2.5
      vertex 7.17694 -43.2341 -2.5
      vertex 7.19422 -43.1176 -2.5
    endloop
  endfacet
  facet normal 0 0 -1
    outer loop
      vertex 74.3732 -43.4935 -2.5
      vertex 7.14833 -43.3483 -2.5
      vertex 7.17694 -43.2341 -2.5
    endloop
  endfacet
  facet normal 0 0 -1
    outer loop
      vertex 74.4294 -43.6506 -2.5
      vertex 7.10865 -43.4592 -2.5
      vertex 7.14833 -43.3483 -2.5
    endloop
  endfacet
  facet normal 0 0 -1
    outer loop
      vertex 74.4294 -43.6506 -2.5
      vertex 7.0583 -43.5657 -2.5
      vertex 7.10865 -43.4592 -2.5
    endloop
  endfacet
  facet normal 0 0 -1
    outer loop
      vertex 79 -56 -2.5
      vertex 6.99776 -43.6667 -2.5
      vertex 7.0583 -43.5657 -2.5
    endloop
  endfacet
  facet normal 0 0 -1
    outer loop
      vertex 79 -56 -2.5
      vertex 6.92761 -43.7613 -2.5
      vertex 6.99776 -43.6667 -2.5
    endloop
  endfacet
  facet normal 0 0 -1
    outer loop
      vertex 79 -56 -2.5
      vertex 6.84853 -43.8485 -2.5
      vertex 6.92761 -43.7613 -2.5
    endloop
  endfacet
  facet normal 0 0 -1
    outer loop
      vertex 79 -56 -2.5
      vertex 6.76127 -43.9276 -2.5
      vertex 6.84853 -43.8485 -2.5
    endloop
  endfacet
  facet normal 0 0 -1
    outer loop
      vertex 79 -56 -2.5
      vertex 6.66668 -43.9978 -2.5
      vertex 6.76127 -43.9276 -2.5
    endloop
  endfacet
  facet normal 0 0 -1
    outer loop
      vertex 79 -56 -2.5
      vertex 6.56568 -44.0583 -2.5
      vertex 6.66668 -43.9978 -2.5
    endloop
  endfacet
  facet normal 0 0 -1
    outer loop
      vertex 79 -56 -2.5
      vertex 6.45922 -44.1087 -2.5
      vertex 6.56568 -44.0583 -2.5
    endloop
  endfacet
  facet normal 0 0 -1
    outer loop
      vertex 79 -56 -2.5
      vertex 6.34834 -44.1483 -2.5
      vertex 6.45922 -44.1087 -2.5
    endloop
  endfacet
  facet normal 0 0 -1
    outer loop
      vertex 79 -56 -2.5
      vertex 6.23411 -44.1769 -2.5
      vertex 6.34834 -44.1483 -2.5
    endloop
  endfacet
  facet normal 0 0 -1
    outer loop
      vertex 79 -56 -2.5
      vertex 6.11762 -44.1942 -2.5
      vertex 6.23411 -44.1769 -2.5
    endloop
  endfacet
  facet normal 0 0 -1
    outer loop
      vertex 79 -56 -2.5
      vertex 6 -44.2 -2.5
      vertex 6.11762 -44.1942 -2.5
    endloop
  endfacet
  facet normal 0 0 -1
    outer loop
      vertex -6 -44.2 -2.5
      vertex 6 -44.2 -2.5
      vertex 79 -56 -2.5
    endloop
  endfacet
  facet normal 0 0 -1
    outer loop
      vertex 6 -44.2 -2.5
      vertex -6 -44.2 -2.5
      vertex 5.88238 -44.1942 -2.5
    endloop
  endfacet
  facet normal 0 0 -1
    outer loop
      vertex 4.80578 -43.1176 -2.5
      vertex -4.8 -43 -2.5
      vertex 4.8 -43 -2.5
    endloop
  endfacet
  facet normal 0 0 -1
    outer loop
      vertex -4.80578 -43.1176 -2.5
      vertex 4.80578 -43.1176 -2.5
      vertex 4.82306 -43.2341 -2.5
    endloop
  endfacet
  facet normal 0 0 -1
    outer loop
      vertex -4.82306 -43.2341 -2.5
      vertex 4.82306 -43.2341 -2.5
      vertex 4.85167 -43.3483 -2.5
    endloop
  endfacet
  facet normal 0 0 -1
    outer loop
      vertex -4.85167 -43.3483 -2.5
      vertex 4.85167 -43.3483 -2.5
      vertex 4.89134 -43.4592 -2.5
    endloop
  endfacet
  facet normal 0 0 -1
    outer loop
      vertex -4.89134 -43.4592 -2.5
      vertex 4.89134 -43.4592 -2.5
      vertex 4.94169 -43.5657 -2.5
    endloop
  endfacet
  facet normal 0 0 -1
    outer loop
      vertex -4.94169 -43.5657 -2.5
      vertex 4.94169 -43.5657 -2.5
      vertex 5.00224 -43.6667 -2.5
    endloop
  endfacet
  facet normal 0 0 -1
    outer loop
      vertex -5.00224 -43.6667 -2.5
      vertex 5.00224 -43.6667 -2.5
      vertex 5.07239 -43.7613 -2.5
    endloop
  endfacet
  facet normal 0 0 -1
    outer loop
      vertex -5.07239 -43.7613 -2.5
      vertex 5.07239 -43.7613 -2.5
      vertex 5.15147 -43.8485 -2.5
    endloop
  endfacet
  facet normal 0 0 -1
    outer loop
      vertex -5.15147 -43.8485 -2.5
      vertex 5.15147 -43.8485 -2.5
      vertex 5.23873 -43.9276 -2.5
    endloop
  endfacet
  facet normal 0 0 -1
    outer loop
      vertex -5.23873 -43.9276 -2.5
      vertex 5.23873 -43.9276 -2.5
      vertex 5.33331 -43.9978 -2.5
    endloop
  endfacet
  facet normal 0 0 -1
    outer loop
      vertex -5.33331 -43.9978 -2.5
      vertex 5.33331 -43.9978 -2.5
      vertex 5.43432 -44.0583 -2.5
    endloop
  endfacet
  facet normal 0 0 -1
    outer loop
      vertex -5.43432 -44.0583 -2.5
      vertex 5.43432 -44.0583 -2.5
      vertex 5.54078 -44.1087 -2.5
    endloop
  endfacet
  facet normal 0 0 -1
    outer loop
      vertex -5.54078 -44.1087 -2.5
      vertex 5.54078 -44.1087 -2.5
      vertex 5.65166 -44.1483 -2.5
    endloop
  endfacet
  facet normal 0 0 -1
    outer loop
      vertex -5.65166 -44.1483 -2.5
      vertex 5.65166 -44.1483 -2.5
      vertex 5.76589 -44.1769 -2.5
    endloop
  endfacet
  facet normal 0 -0 -1
    outer loop
      vertex -5.88238 -44.1942 -2.5
      vertex 5.88238 -44.1942 -2.5
      vertex -6 -44.2 -2.5
    endloop
  endfacet
  facet normal 0 0 -1
    outer loop
      vertex 4.80578 -43.1176 -2.5
      vertex -4.80578 -43.1176 -2.5
      vertex -4.8 -43 -2.5
    endloop
  endfacet
  facet normal 0 0 -1
    outer loop
      vertex 4.82306 -43.2341 -2.5
      vertex -4.82306 -43.2341 -2.5
      vertex -4.80578 -43.1176 -2.5
    endloop
  endfacet
  facet normal 0 0 -1
    outer loop
      vertex 4.85167 -43.3483 -2.5
      vertex -4.85167 -43.3483 -2.5
      vertex -4.82306 -43.2341 -2.5
    endloop
  endfacet
  facet normal 0 0 -1
    outer loop
      vertex 4.89134 -43.4592 -2.5
      vertex -4.89134 -43.4592 -2.5
      vertex -4.85167 -43.3483 -2.5
    endloop
  endfacet
  facet normal 0 0 -1
    outer loop
      vertex 4.94169 -43.5657 -2.5
      vertex -4.94169 -43.5657 -2.5
      vertex -4.89134 -43.4592 -2.5
    endloop
  endfacet
  facet normal 0 0 -1
    outer loop
      vertex 5.00224 -43.6667 -2.5
      vertex -5.00224 -43.6667 -2.5
      vertex -4.94169 -43.5657 -2.5
    endloop
  endfacet
  facet normal 0 0 -1
    outer loop
      vertex 5.07239 -43.7613 -2.5
      vertex -5.07239 -43.7613 -2.5
      vertex -5.00224 -43.6667 -2.5
    endloop
  endfacet
  facet normal 0 0 -1
    outer loop
      vertex 5.15147 -43.8485 -2.5
      vertex -5.15147 -43.8485 -2.5
      vertex -5.07239 -43.7613 -2.5
    endloop
  endfacet
  facet normal 0 0 -1
    outer loop
      vertex 5.23873 -43.9276 -2.5
      vertex -5.23873 -43.9276 -2.5
      vertex -5.15147 -43.8485 -2.5
    endloop
  endfacet
  facet normal 0 0 -1
    outer loop
      vertex 5.33331 -43.9978 -2.5
      vertex -5.33331 -43.9978 -2.5
      vertex -5.23873 -43.9276 -2.5
    endloop
  endfacet
  facet normal 0 0 -1
    outer loop
      vertex 5.43432 -44.0583 -2.5
      vertex -5.43432 -44.0583 -2.5
      vertex -5.33331 -43.9978 -2.5
    endloop
  endfacet
  facet normal 0 0 -1
    outer loop
      vertex 5.54078 -44.1087 -2.5
      vertex -5.54078 -44.1087 -2.5
      vertex -5.43432 -44.0583 -2.5
    endloop
  endfacet
  facet normal 0 0 -1
    outer loop
      vertex 5.65166 -44.1483 -2.5
      vertex -5.65166 -44.1483 -2.5
      vertex -5.54078 -44.1087 -2.5
    endloop
  endfacet
  facet normal 0 0 -1
    outer loop
      vertex 5.76589 -44.1769 -2.5
      vertex -5.76589 -44.1769 -2.5
      vertex -5.65166 -44.1483 -2.5
    endloop
  endfacet
  facet normal -0 0 -1
    outer loop
      vertex 5.76589 -44.1769 -2.5
      vertex -5.88238 -44.1942 -2.5
      vertex -5.76589 -44.1769 -2.5
    endloop
  endfacet
  facet normal 0 0 -1
    outer loop
      vertex 5.88238 -44.1942 -2.5
      vertex -5.88238 -44.1942 -2.5
      vertex 5.76589 -44.1769 -2.5
    endloop
  endfacet
  facet normal 0 0 -1
    outer loop
      vertex -79 -56 -2.5
      vertex -6 -44.2 -2.5
      vertex 79 -56 -2.5
    endloop
  endfacet
  facet normal 0 0 -1
    outer loop
      vertex -74.3 -43 -2.5
      vertex -7.2 -43 -2.5
      vertex -7.19422 -43.1176 -2.5
    endloop
  endfacet
  facet normal 0 0 -1
    outer loop
      vertex -74.3082 -43.1666 -2.5
      vertex -7.19422 -43.1176 -2.5
      vertex -7.17694 -43.2341 -2.5
    endloop
  endfacet
  facet normal 0 0 -1
    outer loop
      vertex -74.3327 -43.3317 -2.5
      vertex -7.17694 -43.2341 -2.5
      vertex -7.14833 -43.3483 -2.5
    endloop
  endfacet
  facet normal 0 0 -1
    outer loop
      vertex -74.3082 -42.8334 -2.5
      vertex -14 -24 -2.5
      vertex -74.3 -43 -2.5
    endloop
  endfacet
  facet normal 0 0 -1
    outer loop
      vertex -74.3327 -42.6683 -2.5
      vertex -14 -24 -2.5
      vertex -74.3082 -42.8334 -2.5
    endloop
  endfacet
  facet normal 0 0 -1
    outer loop
      vertex -74.3732 -42.5065 -2.5
      vertex -14 -24 -2.5
      vertex -74.3327 -42.6683 -2.5
    endloop
  endfacet
  facet normal 0 0 -1
    outer loop
      vertex -7.2 -43 -2.5
      vertex -74.3 -43 -2.5
      vertex -14 -24 -2.5
    endloop
  endfacet
  facet normal 0 0 -1
    outer loop
      vertex -74.3732 -43.4935 -2.5
      vertex -7.14833 -43.3483 -2.5
      vertex -7.10865 -43.4592 -2.5
    endloop
  endfacet
  facet normal 0 0 -1
    outer loop
      vertex -74.4294 -43.6506 -2.5
      vertex -7.10865 -43.4592 -2.5
      vertex -7.0583 -43.5657 -2.5
    endloop
  endfacet
  facet normal 0 0 -1
    outer loop
      vertex -79 -56 -2.5
      vertex -7.0583 -43.5657 -2.5
      vertex -6.99776 -43.6667 -2.5
    endloop
  endfacet
  facet normal 0 0 -1
    outer loop
      vertex -79 -56 -2.5
      vertex -6.99776 -43.6667 -2.5
      vertex -6.92761 -43.7613 -2.5
    endloop
  endfacet
  facet normal 0 0 -1
    outer loop
      vertex -79 -56 -2.5
      vertex -6.92761 -43.7613 -2.5
      vertex -6.84853 -43.8485 -2.5
    endloop
  endfacet
  facet normal 0 0 -1
    outer loop
      vertex -79 -56 -2.5
      vertex -6.84853 -43.8485 -2.5
      vertex -6.76127 -43.9276 -2.5
    endloop
  endfacet
  facet normal 0 0 -1
    outer loop
      vertex -79 -56 -2.5
      vertex -6.76127 -43.9276 -2.5
      vertex -6.66668 -43.9978 -2.5
    endloop
  endfacet
  facet normal 0 0 -1
    outer loop
      vertex -79 -56 -2.5
      vertex -6.66668 -43.9978 -2.5
      vertex -6.56568 -44.0583 -2.5
    endloop
  endfacet
  facet normal 0 0 -1
    outer loop
      vertex -79 -56 -2.5
      vertex -6.56568 -44.0583 -2.5
      vertex -6.45922 -44.1087 -2.5
    endloop
  endfacet
  facet normal 0 0 -1
    outer loop
      vertex -79 -56 -2.5
      vertex -6.45922 -44.1087 -2.5
      vertex -6.34834 -44.1483 -2.5
    endloop
  endfacet
  facet normal 0 0 -1
    outer loop
      vertex -79 -56 -2.5
      vertex -6.34834 -44.1483 -2.5
      vertex -6.23411 -44.1769 -2.5
    endloop
  endfacet
  facet normal 0 0 -1
    outer loop
      vertex -79 -56 -2.5
      vertex -6.23411 -44.1769 -2.5
      vertex -6.11762 -44.1942 -2.5
    endloop
  endfacet
  facet normal -0 0 -1
    outer loop
      vertex -6 -44.2 -2.5
      vertex -79 -56 -2.5
      vertex -6.11762 -44.1942 -2.5
    endloop
  endfacet
  facet normal -0 0 -1
    outer loop
      vertex -7.19422 -43.1176 -2.5
      vertex -74.3082 -43.1666 -2.5
      vertex -74.3 -43 -2.5
    endloop
  endfacet
  facet normal -0 0 -1
    outer loop
      vertex -7.17694 -43.2341 -2.5
      vertex -74.3327 -43.3317 -2.5
      vertex -74.3082 -43.1666 -2.5
    endloop
  endfacet
  facet normal -0 0 -1
    outer loop
      vertex -7.14833 -43.3483 -2.5
      vertex -74.3732 -43.4935 -2.5
      vertex -74.3327 -43.3317 -2.5
    endloop
  endfacet
  facet normal 0 0 -1
    outer loop
      vertex -7.10865 -43.4592 -2.5
      vertex -74.4294 -43.6506 -2.5
      vertex -74.3732 -43.4935 -2.5
    endloop
  endfacet
  facet normal 0 0 -1
    outer loop
      vertex -7.0583 -43.5657 -2.5
      vertex -74.5007 -43.8014 -2.5
      vertex -74.4294 -43.6506 -2.5
    endloop
  endfacet
  facet normal 0 0 -1
    outer loop
      vertex -7.0583 -43.5657 -2.5
      vertex -79 -56 -2.5
      vertex -74.5007 -43.8014 -2.5
    endloop
  endfacet
  facet normal 0 0 -1
    outer loop
      vertex -74.5007 -43.8014 -2.5
      vertex -79 -56 -2.5
      vertex -74.5865 -43.9445 -2.5
    endloop
  endfacet
  facet normal 0 0 -1
    outer loop
      vertex -74.5865 -43.9445 -2.5
      vertex -79 -56 -2.5
      vertex -74.6859 -44.0785 -2.5
    endloop
  endfacet
  facet normal 0 0 -1
    outer loop
      vertex -74.6859 -44.0785 -2.5
      vertex -79 -56 -2.5
      vertex -74.7979 -44.2021 -2.5
    endloop
  endfacet
  facet normal 0 0 -1
    outer loop
      vertex -74.7979 -44.2021 -2.5
      vertex -79 -56 -2.5
      vertex -74.9215 -44.3141 -2.5
    endloop
  endfacet
  facet normal 0 0 -1
    outer loop
      vertex -74.9215 -44.3141 -2.5
      vertex -79 -56 -2.5
      vertex -75.0555 -44.4135 -2.5
    endloop
  endfacet
  facet normal 0 0 -1
    outer loop
      vertex -75.0555 -44.4135 -2.5
      vertex -79 -56 -2.5
      vertex -75.1986 -44.4993 -2.5
    endloop
  endfacet
  facet normal 0 0 -1
    outer loop
      vertex -75.1986 -44.4993 -2.5
      vertex -79 -56 -2.5
      vertex -75.3494 -44.5706 -2.5
    endloop
  endfacet
  facet normal 0 0 -1
    outer loop
      vertex -75.3494 -44.5706 -2.5
      vertex -79 -56 -2.5
      vertex -75.5065 -44.6268 -2.5
    endloop
  endfacet
  facet normal 0 0 -1
    outer loop
      vertex -75.5065 -44.6268 -2.5
      vertex -79 -56 -2.5
      vertex -75.6684 -44.6673 -2.5
    endloop
  endfacet
  facet normal 0 0 -1
    outer loop
      vertex -75.6684 -44.6673 -2.5
      vertex -79 -56 -2.5
      vertex -75.8334 -44.6918 -2.5
    endloop
  endfacet
  facet normal 0 0 -1
    outer loop
      vertex -75.8334 -44.6918 -2.5
      vertex -79 -56 -2.5
      vertex -76 -44.7 -2.5
    endloop
  endfacet
  facet normal 0 0 -1
    outer loop
      vertex -86.7301 -52.3439 -2.5
      vertex -77.2021 -44.2021 -2.5
      vertex -86.0711 -53.0711 -2.5
    endloop
  endfacet
  facet normal 0 0 -1
    outer loop
      vertex -86.0711 -53.0711 -2.5
      vertex -77.2021 -44.2021 -2.5
      vertex -85.3439 -53.7301 -2.5
    endloop
  endfacet
  facet normal -0 0 -1
    outer loop
      vertex -77.0785 -44.3141 -2.5
      vertex -85.3439 -53.7301 -2.5
      vertex -77.2021 -44.2021 -2.5
    endloop
  endfacet
  facet normal 0 0 -1
    outer loop
      vertex -85.3439 -53.7301 -2.5
      vertex -77.0785 -44.3141 -2.5
      vertex -84.5557 -54.3147 -2.5
    endloop
  endfacet
  facet normal 0 0 -1
    outer loop
      vertex -84.5557 -54.3147 -2.5
      vertex -77.0785 -44.3141 -2.5
      vertex -83.714 -54.8192 -2.5
    endloop
  endfacet
  facet normal -0 0 -1
    outer loop
      vertex -76.9445 -44.4135 -2.5
      vertex -83.714 -54.8192 -2.5
      vertex -77.0785 -44.3141 -2.5
    endloop
  endfacet
  facet normal 0 0 -1
    outer loop
      vertex -83.714 -54.8192 -2.5
      vertex -76.9445 -44.4135 -2.5
      vertex -82.8268 -55.2388 -2.5
    endloop
  endfacet
  facet normal 0 0 -1
    outer loop
      vertex -82.8268 -55.2388 -2.5
      vertex -76.9445 -44.4135 -2.5
      vertex -81.9028 -55.5694 -2.5
    endloop
  endfacet
  facet normal -0 0 -1
    outer loop
      vertex -76.8014 -44.4993 -2.5
      vertex -81.9028 -55.5694 -2.5
      vertex -76.9445 -44.4135 -2.5
    endloop
  endfacet
  facet normal 0 0 -1
    outer loop
      vertex -81.9028 -55.5694 -2.5
      vertex -76.8014 -44.4993 -2.5
      vertex -80.9509 -55.8078 -2.5
    endloop
  endfacet
  facet normal 0 0 -1
    outer loop
      vertex -80.9509 -55.8078 -2.5
      vertex -76.8014 -44.4993 -2.5
      vertex -79.9802 -55.9518 -2.5
    endloop
  endfacet
  facet normal -0 0 -1
    outer loop
      vertex -76.6506 -44.5706 -2.5
      vertex -79.9802 -55.9518 -2.5
      vertex -76.8014 -44.4993 -2.5
    endloop
  endfacet
  facet normal 0 0 -1
    outer loop
      vertex -79.9802 -55.9518 -2.5
      vertex -76.6506 -44.5706 -2.5
      vertex -79 -56 -2.5
    endloop
  endfacet
  facet normal -0 0 -1
    outer loop
      vertex -76.4935 -44.6268 -2.5
      vertex -79 -56 -2.5
      vertex -76.6506 -44.5706 -2.5
    endloop
  endfacet
  facet normal -0 0 -1
    outer loop
      vertex -76.3316 -44.6673 -2.5
      vertex -79 -56 -2.5
      vertex -76.4935 -44.6268 -2.5
    endloop
  endfacet
  facet normal -0 0 -1
    outer loop
      vertex -76.1666 -44.6918 -2.5
      vertex -79 -56 -2.5
      vertex -76.3316 -44.6673 -2.5
    endloop
  endfacet
  facet normal -0 0 -1
    outer loop
      vertex -76 -44.7 -2.5
      vertex -79 -56 -2.5
      vertex -76.1666 -44.6918 -2.5
    endloop
  endfacet
  facet normal -0 0 -1
    outer loop
      vertex 86.7301 52.3439 -2.5
      vertex 77.2021 44.2021 -2.5
      vertex 86.0711 53.0711 -2.5
    endloop
  endfacet
  facet normal -0 0 -1
    outer loop
      vertex 86.0711 53.0711 -2.5
      vertex 77.2021 44.2021 -2.5
      vertex 85.3439 53.7301 -2.5
    endloop
  endfacet
  facet normal 0 0 -1
    outer loop
      vertex 77.0785 44.3141 -2.5
      vertex 85.3439 53.7301 -2.5
      vertex 77.2021 44.2021 -2.5
    endloop
  endfacet
  facet normal -0 0 -1
    outer loop
      vertex 85.3439 53.7301 -2.5
      vertex 77.0785 44.3141 -2.5
      vertex 84.5557 54.3147 -2.5
    endloop
  endfacet
  facet normal -0 0 -1
    outer loop
      vertex 84.5557 54.3147 -2.5
      vertex 77.0785 44.3141 -2.5
      vertex 83.714 54.8192 -2.5
    endloop
  endfacet
  facet normal 0 0 -1
    outer loop
      vertex 76.9445 44.4135 -2.5
      vertex 83.714 54.8192 -2.5
      vertex 77.0785 44.3141 -2.5
    endloop
  endfacet
  facet normal -0 0 -1
    outer loop
      vertex 83.714 54.8192 -2.5
      vertex 76.9445 44.4135 -2.5
      vertex 82.8268 55.2388 -2.5
    endloop
  endfacet
  facet normal -0 0 -1
    outer loop
      vertex 82.8268 55.2388 -2.5
      vertex 76.9445 44.4135 -2.5
      vertex 81.9028 55.5694 -2.5
    endloop
  endfacet
  facet normal 0 0 -1
    outer loop
      vertex 76.8014 44.4993 -2.5
      vertex 81.9028 55.5694 -2.5
      vertex 76.9445 44.4135 -2.5
    endloop
  endfacet
  facet normal -0 0 -1
    outer loop
      vertex 81.9028 55.5694 -2.5
      vertex 76.8014 44.4993 -2.5
      vertex 80.9509 55.8078 -2.5
    endloop
  endfacet
  facet normal -0 0 -1
    outer loop
      vertex 80.9509 55.8078 -2.5
      vertex 76.8014 44.4993 -2.5
      vertex 79.9802 55.9518 -2.5
    endloop
  endfacet
  facet normal 0 0 -1
    outer loop
      vertex 76.6506 44.5706 -2.5
      vertex 79.9802 55.9518 -2.5
      vertex 76.8014 44.4993 -2.5
    endloop
  endfacet
  facet normal -0 0 -1
    outer loop
      vertex 79.9802 55.9518 -2.5
      vertex 76.6506 44.5706 -2.5
      vertex 79 56 -2.5
    endloop
  endfacet
  facet normal 0 0 -1
    outer loop
      vertex 76.4935 44.6268 -2.5
      vertex 79 56 -2.5
      vertex 76.6506 44.5706 -2.5
    endloop
  endfacet
  facet normal 0 0 -1
    outer loop
      vertex 76.3316 44.6673 -2.5
      vertex 79 56 -2.5
      vertex 76.4935 44.6268 -2.5
    endloop
  endfacet
  facet normal 0 0 -1
    outer loop
      vertex 76.1666 44.6918 -2.5
      vertex 79 56 -2.5
      vertex 76.3316 44.6673 -2.5
    endloop
  endfacet
  facet normal 0 0 -1
    outer loop
      vertex 76 44.7 -2.5
      vertex 79 56 -2.5
      vertex 76.1666 44.6918 -2.5
    endloop
  endfacet
  facet normal 0 0 -1
    outer loop
      vertex 75.8334 44.6918 -2.5
      vertex 79 56 -2.5
      vertex 76 44.7 -2.5
    endloop
  endfacet
  facet normal 0 0 -1
    outer loop
      vertex 75.6684 44.6673 -2.5
      vertex 79 56 -2.5
      vertex 75.8334 44.6918 -2.5
    endloop
  endfacet
  facet normal 0 0 -1
    outer loop
      vertex 75.5065 44.6268 -2.5
      vertex 79 56 -2.5
      vertex 75.6684 44.6673 -2.5
    endloop
  endfacet
  facet normal 0 0 -1
    outer loop
      vertex 75.3494 44.5706 -2.5
      vertex 79 56 -2.5
      vertex 75.5065 44.6268 -2.5
    endloop
  endfacet
  facet normal 0 0 -1
    outer loop
      vertex 75.1986 44.4993 -2.5
      vertex 79 56 -2.5
      vertex 75.3494 44.5706 -2.5
    endloop
  endfacet
  facet normal 0 0 -1
    outer loop
      vertex 75.0555 44.4135 -2.5
      vertex 79 56 -2.5
      vertex 75.1986 44.4993 -2.5
    endloop
  endfacet
  facet normal 0 0 -1
    outer loop
      vertex 74.9215 44.3141 -2.5
      vertex 79 56 -2.5
      vertex 75.0555 44.4135 -2.5
    endloop
  endfacet
  facet normal 0 0 -1
    outer loop
      vertex 74.7979 44.2021 -2.5
      vertex 79 56 -2.5
      vertex 74.9215 44.3141 -2.5
    endloop
  endfacet
  facet normal 0 0 -1
    outer loop
      vertex 74.6859 44.0785 -2.5
      vertex 79 56 -2.5
      vertex 74.7979 44.2021 -2.5
    endloop
  endfacet
  facet normal 0 0 -1
    outer loop
      vertex 74.5865 43.9445 -2.5
      vertex 79 56 -2.5
      vertex 74.6859 44.0785 -2.5
    endloop
  endfacet
  facet normal 0 0 -1
    outer loop
      vertex 74.5007 43.8014 -2.5
      vertex 79 56 -2.5
      vertex 74.5865 43.9445 -2.5
    endloop
  endfacet
  facet normal 0 0 -1
    outer loop
      vertex 14 24 -2.5
      vertex 74.5007 43.8014 -2.5
      vertex 74.4294 43.6506 -2.5
    endloop
  endfacet
  facet normal -0 0 -1
    outer loop
      vertex 74.3732 42.5065 -2.5
      vertex 14 24 -2.5
      vertex 74.3327 42.6683 -2.5
    endloop
  endfacet
  facet normal -0 0 -1
    outer loop
      vertex 74.3327 42.6683 -2.5
      vertex 14 24 -2.5
      vertex 74.3082 42.8334 -2.5
    endloop
  endfacet
  facet normal -0 0 -1
    outer loop
      vertex 74.3082 42.8334 -2.5
      vertex 14 24 -2.5
      vertex 74.3 43 -2.5
    endloop
  endfacet
  facet normal -0 0 -1
    outer loop
      vertex 74.3 43 -2.5
      vertex 14 24 -2.5
      vertex 74.3082 43.1666 -2.5
    endloop
  endfacet
  facet normal -0 0 -1
    outer loop
      vertex 74.3082 43.1666 -2.5
      vertex 14 24 -2.5
      vertex 74.3327 43.3317 -2.5
    endloop
  endfacet
  facet normal -0 0 -1
    outer loop
      vertex 74.3327 43.3317 -2.5
      vertex 14 24 -2.5
      vertex 74.3732 43.4935 -2.5
    endloop
  endfacet
  facet normal -0 0 -1
    outer loop
      vertex 74.3732 43.4935 -2.5
      vertex 14 24 -2.5
      vertex 74.4294 43.6506 -2.5
    endloop
  endfacet
  facet normal -0 0 -1
    outer loop
      vertex 74.5007 43.8014 -2.5
      vertex 14 24 -2.5
      vertex 79 56 -2.5
    endloop
  endfacet
  facet normal 0 0 -1
    outer loop
      vertex -14 24 -2.5
      vertex 79 56 -2.5
      vertex 14 24 -2.5
    endloop
  endfacet
  facet normal 0 0 -1
    outer loop
      vertex -14 20 -2.5
      vertex -74.3 43 -2.5
      vertex -14 24 -2.5
    endloop
  endfacet
  facet normal 0 0 -1
    outer loop
      vertex -74.3082 43.1666 -2.5
      vertex -14 24 -2.5
      vertex -74.3 43 -2.5
    endloop
  endfacet
  facet normal 0 0 -1
    outer loop
      vertex -74.3327 43.3317 -2.5
      vertex -14 24 -2.5
      vertex -74.3082 43.1666 -2.5
    endloop
  endfacet
  facet normal 0 0 -1
    outer loop
      vertex -74.3732 43.4935 -2.5
      vertex -14 24 -2.5
      vertex -74.3327 43.3317 -2.5
    endloop
  endfacet
  facet normal 0 0 -1
    outer loop
      vertex -74.4294 43.6506 -2.5
      vertex -14 24 -2.5
      vertex -74.3732 43.4935 -2.5
    endloop
  endfacet
  facet normal 0 0 -1
    outer loop
      vertex -74.5007 43.8014 -2.5
      vertex -14 24 -2.5
      vertex -74.4294 43.6506 -2.5
    endloop
  endfacet
  facet normal 0 0 -1
    outer loop
      vertex -79 56 -2.5
      vertex -14 24 -2.5
      vertex -74.5007 43.8014 -2.5
    endloop
  endfacet
  facet normal 0 0 -1
    outer loop
      vertex -79 56 -2.5
      vertex -74.5007 43.8014 -2.5
      vertex -74.5865 43.9445 -2.5
    endloop
  endfacet
  facet normal 0 0 -1
    outer loop
      vertex -79 56 -2.5
      vertex -74.5865 43.9445 -2.5
      vertex -74.6859 44.0785 -2.5
    endloop
  endfacet
  facet normal 0 0 -1
    outer loop
      vertex -79 56 -2.5
      vertex -74.6859 44.0785 -2.5
      vertex -74.7979 44.2021 -2.5
    endloop
  endfacet
  facet normal 0 0 -1
    outer loop
      vertex -79 56 -2.5
      vertex -74.7979 44.2021 -2.5
      vertex -74.9215 44.3141 -2.5
    endloop
  endfacet
  facet normal 0 0 -1
    outer loop
      vertex -79 56 -2.5
      vertex -74.9215 44.3141 -2.5
      vertex -75.0555 44.4135 -2.5
    endloop
  endfacet
  facet normal 0 0 -1
    outer loop
      vertex -79 56 -2.5
      vertex -75.0555 44.4135 -2.5
      vertex -75.1986 44.4993 -2.5
    endloop
  endfacet
  facet normal 0 0 -1
    outer loop
      vertex -79 56 -2.5
      vertex -75.1986 44.4993 -2.5
      vertex -75.3494 44.5706 -2.5
    endloop
  endfacet
  facet normal 0 0 -1
    outer loop
      vertex -79 56 -2.5
      vertex -75.3494 44.5706 -2.5
      vertex -75.5065 44.6268 -2.5
    endloop
  endfacet
  facet normal 0 0 -1
    outer loop
      vertex -79 56 -2.5
      vertex -75.5065 44.6268 -2.5
      vertex -75.6684 44.6673 -2.5
    endloop
  endfacet
  facet normal 0 0 -1
    outer loop
      vertex -79 56 -2.5
      vertex -75.6684 44.6673 -2.5
      vertex -75.8334 44.6918 -2.5
    endloop
  endfacet
  facet normal 0 0 -1
    outer loop
      vertex -79 56 -2.5
      vertex -75.8334 44.6918 -2.5
      vertex -76 44.7 -2.5
    endloop
  endfacet
  facet normal 0 0 -1
    outer loop
      vertex -79 56 -2.5
      vertex -76 44.7 -2.5
      vertex -76.1666 44.6918 -2.5
    endloop
  endfacet
  facet normal 0 0 -1
    outer loop
      vertex -14 24 -2.5
      vertex -79 56 -2.5
      vertex 79 56 -2.5
    endloop
  endfacet
  facet normal 0 0 -1
    outer loop
      vertex -76.3316 44.6673 -2.5
      vertex -79 56 -2.5
      vertex -76.1666 44.6918 -2.5
    endloop
  endfacet
  facet normal 0 0 -1
    outer loop
      vertex -76.4935 44.6268 -2.5
      vertex -79 56 -2.5
      vertex -76.3316 44.6673 -2.5
    endloop
  endfacet
  facet normal 0 0 -1
    outer loop
      vertex -76.6506 44.5706 -2.5
      vertex -79 56 -2.5
      vertex -76.4935 44.6268 -2.5
    endloop
  endfacet
  facet normal 0 0 -1
    outer loop
      vertex -79.9802 55.9518 -2.5
      vertex -76.6506 44.5706 -2.5
      vertex -76.8014 44.4993 -2.5
    endloop
  endfacet
  facet normal 0 0 -1
    outer loop
      vertex -81.9028 55.5694 -2.5
      vertex -76.8014 44.4993 -2.5
      vertex -76.9445 44.4135 -2.5
    endloop
  endfacet
  facet normal 0 0 -1
    outer loop
      vertex -83.714 54.8192 -2.5
      vertex -76.9445 44.4135 -2.5
      vertex -77.0785 44.3141 -2.5
    endloop
  endfacet
  facet normal 0 0 -1
    outer loop
      vertex -85.3439 53.7301 -2.5
      vertex -77.0785 44.3141 -2.5
      vertex -77.2021 44.2021 -2.5
    endloop
  endfacet
  facet normal 0 0 -1
    outer loop
      vertex -86.7301 52.3439 -2.5
      vertex -77.2021 44.2021 -2.5
      vertex -77.3141 44.0785 -2.5
    endloop
  endfacet
  facet normal 0 0 -1
    outer loop
      vertex -87.8192 50.714 -2.5
      vertex -77.3141 44.0785 -2.5
      vertex -77.4135 43.9445 -2.5
    endloop
  endfacet
  facet normal 0 0 -1
    outer loop
      vertex -88.5694 48.9028 -2.5
      vertex -77.4135 43.9445 -2.5
      vertex -77.4993 43.8014 -2.5
    endloop
  endfacet
  facet normal 0 0 -1
    outer loop
      vertex -88.9518 46.9802 -2.5
      vertex -77.4993 43.8014 -2.5
      vertex -77.5706 43.6506 -2.5
    endloop
  endfacet
  facet normal 0 0 -1
    outer loop
      vertex -89 46 -2.5
      vertex -77.5706 43.6506 -2.5
      vertex -77.6268 43.4935 -2.5
    endloop
  endfacet
  facet normal 0 0 -1
    outer loop
      vertex -89 46 -2.5
      vertex -77.6268 43.4935 -2.5
      vertex -77.6673 43.3317 -2.5
    endloop
  endfacet
  facet normal 0 0 -1
    outer loop
      vertex -89 46 -2.5
      vertex -77.6673 43.3317 -2.5
      vertex -77.6918 43.1666 -2.5
    endloop
  endfacet
  facet normal 0 0 -1
    outer loop
      vertex -89 46 -2.5
      vertex -77.6918 43.1666 -2.5
      vertex -77.7 43 -2.5
    endloop
  endfacet
  facet normal 0 0 -1
    outer loop
      vertex -77.6673 42.6683 -2.5
      vertex -89 46 -2.5
      vertex -77.6918 42.8334 -2.5
    endloop
  endfacet
  facet normal -0 0 -1
    outer loop
      vertex -77.2021 -44.2021 -2.5
      vertex -86.7301 -52.3439 -2.5
      vertex -77.3141 -44.0785 -2.5
    endloop
  endfacet
  facet normal 0 0 -1
    outer loop
      vertex -77.6918 42.8334 -2.5
      vertex -89 46 -2.5
      vertex -77.7 43 -2.5
    endloop
  endfacet
  facet normal 0 0 -1
    outer loop
      vertex -87.3147 -51.5557 -2.5
      vertex -77.3141 -44.0785 -2.5
      vertex -86.7301 -52.3439 -2.5
    endloop
  endfacet
  facet normal 0 0 -1
    outer loop
      vertex -77.5706 43.6506 -2.5
      vertex -89 46 -2.5
      vertex -88.9518 46.9802 -2.5
    endloop
  endfacet
  facet normal 0 0 -1
    outer loop
      vertex -87.8192 -50.714 -2.5
      vertex -77.3141 -44.0785 -2.5
      vertex -87.3147 -51.5557 -2.5
    endloop
  endfacet
  facet normal 0 0 -1
    outer loop
      vertex -76.6506 44.5706 -2.5
      vertex -79.9802 55.9518 -2.5
      vertex -79 56 -2.5
    endloop
  endfacet
  facet normal -0 0 -1
    outer loop
      vertex -77.3141 -44.0785 -2.5
      vertex -87.8192 -50.714 -2.5
      vertex -77.4135 -43.9445 -2.5
    endloop
  endfacet
  facet normal 0 0 -1
    outer loop
      vertex -76.8014 44.4993 -2.5
      vertex -80.9509 55.8078 -2.5
      vertex -79.9802 55.9518 -2.5
    endloop
  endfacet
  facet normal 0 0 -1
    outer loop
      vertex -88.2388 -49.8268 -2.5
      vertex -77.4135 -43.9445 -2.5
      vertex -87.8192 -50.714 -2.5
    endloop
  endfacet
  facet normal 0 0 -1
    outer loop
      vertex -76.8014 44.4993 -2.5
      vertex -81.9028 55.5694 -2.5
      vertex -80.9509 55.8078 -2.5
    endloop
  endfacet
  facet normal 0 0 -1
    outer loop
      vertex -88.5694 -48.9028 -2.5
      vertex -77.4135 -43.9445 -2.5
      vertex -88.2388 -49.8268 -2.5
    endloop
  endfacet
  facet normal 0 0 -1
    outer loop
      vertex -76.9445 44.4135 -2.5
      vertex -82.8268 55.2388 -2.5
      vertex -81.9028 55.5694 -2.5
    endloop
  endfacet
  facet normal -0 0 -1
    outer loop
      vertex -77.4135 -43.9445 -2.5
      vertex -88.5694 -48.9028 -2.5
      vertex -77.4993 -43.8014 -2.5
    endloop
  endfacet
  facet normal 0 0 -1
    outer loop
      vertex -76.9445 44.4135 -2.5
      vertex -83.714 54.8192 -2.5
      vertex -82.8268 55.2388 -2.5
    endloop
  endfacet
  facet normal 0 0 -1
    outer loop
      vertex -88.8078 -47.9509 -2.5
      vertex -77.4993 -43.8014 -2.5
      vertex -88.5694 -48.9028 -2.5
    endloop
  endfacet
  facet normal 0 0 -1
    outer loop
      vertex -77.0785 44.3141 -2.5
      vertex -84.5557 54.3147 -2.5
      vertex -83.714 54.8192 -2.5
    endloop
  endfacet
  facet normal 0 0 -1
    outer loop
      vertex -88.9518 -46.9802 -2.5
      vertex -77.4993 -43.8014 -2.5
      vertex -88.8078 -47.9509 -2.5
    endloop
  endfacet
  facet normal 0 0 -1
    outer loop
      vertex -77.0785 44.3141 -2.5
      vertex -85.3439 53.7301 -2.5
      vertex -84.5557 54.3147 -2.5
    endloop
  endfacet
  facet normal -0 0 -1
    outer loop
      vertex -77.4993 -43.8014 -2.5
      vertex -88.9518 -46.9802 -2.5
      vertex -77.5706 -43.6506 -2.5
    endloop
  endfacet
  facet normal 0 0 -1
    outer loop
      vertex -77.2021 44.2021 -2.5
      vertex -86.0711 53.0711 -2.5
      vertex -85.3439 53.7301 -2.5
    endloop
  endfacet
  facet normal 0 0 -1
    outer loop
      vertex -89 -46 -2.5
      vertex -77.5706 -43.6506 -2.5
      vertex -88.9518 -46.9802 -2.5
    endloop
  endfacet
  facet normal 0 0 -1
    outer loop
      vertex -77.2021 44.2021 -2.5
      vertex -86.7301 52.3439 -2.5
      vertex -86.0711 53.0711 -2.5
    endloop
  endfacet
  facet normal -0 0 -1
    outer loop
      vertex -77.5706 -43.6506 -2.5
      vertex -89 -46 -2.5
      vertex -77.6268 -43.4935 -2.5
    endloop
  endfacet
  facet normal 0 0 -1
    outer loop
      vertex -77.3141 44.0785 -2.5
      vertex -87.3147 51.5557 -2.5
      vertex -86.7301 52.3439 -2.5
    endloop
  endfacet
  facet normal -0 0 -1
    outer loop
      vertex -77.6268 -43.4935 -2.5
      vertex -89 -46 -2.5
      vertex -77.6673 -43.3317 -2.5
    endloop
  endfacet
  facet normal 0 0 -1
    outer loop
      vertex -77.3141 44.0785 -2.5
      vertex -87.8192 50.714 -2.5
      vertex -87.3147 51.5557 -2.5
    endloop
  endfacet
  facet normal -0 0 -1
    outer loop
      vertex -77.6673 -43.3317 -2.5
      vertex -89 -46 -2.5
      vertex -77.6918 -43.1666 -2.5
    endloop
  endfacet
  facet normal 0 0 -1
    outer loop
      vertex -77.4135 43.9445 -2.5
      vertex -88.2388 49.8268 -2.5
      vertex -87.8192 50.714 -2.5
    endloop
  endfacet
  facet normal -0 0 -1
    outer loop
      vertex -77.6918 -43.1666 -2.5
      vertex -89 -46 -2.5
      vertex -77.7 -43 -2.5
    endloop
  endfacet
  facet normal 0 0 -1
    outer loop
      vertex -77.4135 43.9445 -2.5
      vertex -88.5694 48.9028 -2.5
      vertex -88.2388 49.8268 -2.5
    endloop
  endfacet
  facet normal 0 0 -1
    outer loop
      vertex -77.4993 43.8014 -2.5
      vertex -88.8078 47.9509 -2.5
      vertex -88.5694 48.9028 -2.5
    endloop
  endfacet
  facet normal 0 0 -1
    outer loop
      vertex -77.4993 43.8014 -2.5
      vertex -88.9518 46.9802 -2.5
      vertex -88.8078 47.9509 -2.5
    endloop
  endfacet
  facet normal 0 0 -1
    outer loop
      vertex 7.19422 -42.8824 -2.5
      vertex 14 -24 -2.5
      vertex 7.2 -43 -2.5
    endloop
  endfacet
  facet normal 0 0 -1
    outer loop
      vertex 7.17694 -42.7659 -2.5
      vertex 14 -24 -2.5
      vertex 7.19422 -42.8824 -2.5
    endloop
  endfacet
  facet normal 0 0 -1
    outer loop
      vertex 7.14833 -42.6517 -2.5
      vertex 14 -24 -2.5
      vertex 7.17694 -42.7659 -2.5
    endloop
  endfacet
  facet normal 0 0 -1
    outer loop
      vertex 7.10865 -42.5408 -2.5
      vertex 14 -24 -2.5
      vertex 7.14833 -42.6517 -2.5
    endloop
  endfacet
  facet normal 0 0 -1
    outer loop
      vertex 7.0583 -42.4343 -2.5
      vertex 14 -24 -2.5
      vertex 7.10865 -42.5408 -2.5
    endloop
  endfacet
  facet normal 0 0 -1
    outer loop
      vertex 6.99776 -42.3333 -2.5
      vertex 14 -24 -2.5
      vertex 7.0583 -42.4343 -2.5
    endloop
  endfacet
  facet normal 0 0 -1
    outer loop
      vertex 6.92761 -42.2387 -2.5
      vertex 14 -24 -2.5
      vertex 6.99776 -42.3333 -2.5
    endloop
  endfacet
  facet normal 0 0 -1
    outer loop
      vertex 6.84853 -42.1515 -2.5
      vertex 14 -24 -2.5
      vertex 6.92761 -42.2387 -2.5
    endloop
  endfacet
  facet normal 0 0 -1
    outer loop
      vertex 6.76127 -42.0724 -2.5
      vertex 14 -24 -2.5
      vertex 6.84853 -42.1515 -2.5
    endloop
  endfacet
  facet normal 0 0 -1
    outer loop
      vertex 6.66668 -42.0022 -2.5
      vertex 14 -24 -2.5
      vertex 6.76127 -42.0724 -2.5
    endloop
  endfacet
  facet normal 0 0 -1
    outer loop
      vertex 6.56568 -41.9417 -2.5
      vertex 14 -24 -2.5
      vertex 6.66668 -42.0022 -2.5
    endloop
  endfacet
  facet normal 0 0 -1
    outer loop
      vertex 6.45922 -41.8913 -2.5
      vertex 14 -24 -2.5
      vertex 6.56568 -41.9417 -2.5
    endloop
  endfacet
  facet normal 0 0 -1
    outer loop
      vertex 6.34834 -41.8517 -2.5
      vertex 14 -24 -2.5
      vertex 6.45922 -41.8913 -2.5
    endloop
  endfacet
  facet normal 0 0 -1
    outer loop
      vertex 6.23411 -41.8231 -2.5
      vertex 14 -24 -2.5
      vertex 6.34834 -41.8517 -2.5
    endloop
  endfacet
  facet normal 0 0 -1
    outer loop
      vertex 6.11762 -41.8058 -2.5
      vertex 14 -24 -2.5
      vertex 6.23411 -41.8231 -2.5
    endloop
  endfacet
  facet normal 0 0 -1
    outer loop
      vertex 6 -41.8 -2.5
      vertex 14 -24 -2.5
      vertex 6.11762 -41.8058 -2.5
    endloop
  endfacet
  facet normal 0 0 -1
    outer loop
      vertex 5.88238 -41.8058 -2.5
      vertex 14 -24 -2.5
      vertex 6 -41.8 -2.5
    endloop
  endfacet
  facet normal 0 0 -1
    outer loop
      vertex 5.76589 -41.8231 -2.5
      vertex 14 -24 -2.5
      vertex 5.88238 -41.8058 -2.5
    endloop
  endfacet
  facet normal 0 0 -1
    outer loop
      vertex 5.65166 -41.8517 -2.5
      vertex 14 -24 -2.5
      vertex 5.76589 -41.8231 -2.5
    endloop
  endfacet
  facet normal 0 0 -1
    outer loop
      vertex 5.54078 -41.8913 -2.5
      vertex 14 -24 -2.5
      vertex 5.65166 -41.8517 -2.5
    endloop
  endfacet
  facet normal 0 0 -1
    outer loop
      vertex -5.54078 -41.8913 -2.5
      vertex 5.54078 -41.8913 -2.5
      vertex 5.43432 -41.9417 -2.5
    endloop
  endfacet
  facet normal 0 0 -1
    outer loop
      vertex -5.43432 -41.9417 -2.5
      vertex 5.43432 -41.9417 -2.5
      vertex 5.33331 -42.0022 -2.5
    endloop
  endfacet
  facet normal 0 0 -1
    outer loop
      vertex -5.33331 -42.0022 -2.5
      vertex 5.33331 -42.0022 -2.5
      vertex 5.23873 -42.0724 -2.5
    endloop
  endfacet
  facet normal 0 0 -1
    outer loop
      vertex -5.23873 -42.0724 -2.5
      vertex 5.23873 -42.0724 -2.5
      vertex 5.15147 -42.1515 -2.5
    endloop
  endfacet
  facet normal 0 0 -1
    outer loop
      vertex -5.15147 -42.1515 -2.5
      vertex 5.15147 -42.1515 -2.5
      vertex 5.07239 -42.2387 -2.5
    endloop
  endfacet
  facet normal 0 0 -1
    outer loop
      vertex -5.07239 -42.2387 -2.5
      vertex 5.07239 -42.2387 -2.5
      vertex 5.00224 -42.3333 -2.5
    endloop
  endfacet
  facet normal 0 0 -1
    outer loop
      vertex -5.00224 -42.3333 -2.5
      vertex 5.00224 -42.3333 -2.5
      vertex 4.94169 -42.4343 -2.5
    endloop
  endfacet
  facet normal 0 0 -1
    outer loop
      vertex -4.8 -43 -2.5
      vertex 4.80578 -42.8824 -2.5
      vertex 4.8 -43 -2.5
    endloop
  endfacet
  facet normal 0 0 -1
    outer loop
      vertex -4.80578 -42.8824 -2.5
      vertex 4.80578 -42.8824 -2.5
      vertex -4.8 -43 -2.5
    endloop
  endfacet
  facet normal 0 0 -1
    outer loop
      vertex 4.80578 -42.8824 -2.5
      vertex -4.80578 -42.8824 -2.5
      vertex 4.82306 -42.7659 -2.5
    endloop
  endfacet
  facet normal 0 0 -1
    outer loop
      vertex -4.82306 -42.7659 -2.5
      vertex 4.82306 -42.7659 -2.5
      vertex -4.80578 -42.8824 -2.5
    endloop
  endfacet
  facet normal 0 0 -1
    outer loop
      vertex 4.82306 -42.7659 -2.5
      vertex -4.82306 -42.7659 -2.5
      vertex 4.85167 -42.6517 -2.5
    endloop
  endfacet
  facet normal 0 0 -1
    outer loop
      vertex -4.85167 -42.6517 -2.5
      vertex 4.85167 -42.6517 -2.5
      vertex -4.82306 -42.7659 -2.5
    endloop
  endfacet
  facet normal 0 0 -1
    outer loop
      vertex 4.85167 -42.6517 -2.5
      vertex -4.85167 -42.6517 -2.5
      vertex 4.89134 -42.5408 -2.5
    endloop
  endfacet
  facet normal 0 0 -1
    outer loop
      vertex -4.89134 -42.5408 -2.5
      vertex 4.89134 -42.5408 -2.5
      vertex -4.85167 -42.6517 -2.5
    endloop
  endfacet
  facet normal 0 0 -1
    outer loop
      vertex 4.89134 -42.5408 -2.5
      vertex -4.89134 -42.5408 -2.5
      vertex 4.94169 -42.4343 -2.5
    endloop
  endfacet
  facet normal 0 0 -1
    outer loop
      vertex -4.94169 -42.4343 -2.5
      vertex 4.94169 -42.4343 -2.5
      vertex -4.89134 -42.5408 -2.5
    endloop
  endfacet
  facet normal 0 0 -1
    outer loop
      vertex -5.00224 -42.3333 -2.5
      vertex 4.94169 -42.4343 -2.5
      vertex -4.94169 -42.4343 -2.5
    endloop
  endfacet
  facet normal 0 0 -1
    outer loop
      vertex 5.00224 -42.3333 -2.5
      vertex -5.00224 -42.3333 -2.5
      vertex -5.07239 -42.2387 -2.5
    endloop
  endfacet
  facet normal 0 0 -1
    outer loop
      vertex 5.07239 -42.2387 -2.5
      vertex -5.07239 -42.2387 -2.5
      vertex -5.15147 -42.1515 -2.5
    endloop
  endfacet
  facet normal 0 0 -1
    outer loop
      vertex 5.15147 -42.1515 -2.5
      vertex -5.15147 -42.1515 -2.5
      vertex -5.23873 -42.0724 -2.5
    endloop
  endfacet
  facet normal 0 0 -1
    outer loop
      vertex 5.23873 -42.0724 -2.5
      vertex -5.23873 -42.0724 -2.5
      vertex -5.33331 -42.0022 -2.5
    endloop
  endfacet
  facet normal 0 0 -1
    outer loop
      vertex 5.33331 -42.0022 -2.5
      vertex -5.33331 -42.0022 -2.5
      vertex -5.43432 -41.9417 -2.5
    endloop
  endfacet
  facet normal 0 0 -1
    outer loop
      vertex 5.43432 -41.9417 -2.5
      vertex -5.43432 -41.9417 -2.5
      vertex -5.54078 -41.8913 -2.5
    endloop
  endfacet
  facet normal 0 0 -1
    outer loop
      vertex 5.54078 -41.8913 -2.5
      vertex -5.54078 -41.8913 -2.5
      vertex 14 -24 -2.5
    endloop
  endfacet
  facet normal 0 0 -1
    outer loop
      vertex -14 -24 -2.5
      vertex -5.54078 -41.8913 -2.5
      vertex -5.65166 -41.8517 -2.5
    endloop
  endfacet
  facet normal 0 0 -1
    outer loop
      vertex -14 -24 -2.5
      vertex -5.65166 -41.8517 -2.5
      vertex -5.76589 -41.8231 -2.5
    endloop
  endfacet
  facet normal 0 0 -1
    outer loop
      vertex -14 -24 -2.5
      vertex -5.76589 -41.8231 -2.5
      vertex -5.88238 -41.8058 -2.5
    endloop
  endfacet
  facet normal 0 0 -1
    outer loop
      vertex -14 -24 -2.5
      vertex -5.88238 -41.8058 -2.5
      vertex -6 -41.8 -2.5
    endloop
  endfacet
  facet normal 0 0 -1
    outer loop
      vertex -14 -24 -2.5
      vertex -6 -41.8 -2.5
      vertex -6.11762 -41.8058 -2.5
    endloop
  endfacet
  facet normal 0 0 -1
    outer loop
      vertex -14 -24 -2.5
      vertex -6.11762 -41.8058 -2.5
      vertex -6.23411 -41.8231 -2.5
    endloop
  endfacet
  facet normal 0 0 -1
    outer loop
      vertex -14 -24 -2.5
      vertex -6.23411 -41.8231 -2.5
      vertex -6.34834 -41.8517 -2.5
    endloop
  endfacet
  facet normal 0 0 -1
    outer loop
      vertex -14 -24 -2.5
      vertex -6.34834 -41.8517 -2.5
      vertex -6.45922 -41.8913 -2.5
    endloop
  endfacet
  facet normal 0 0 -1
    outer loop
      vertex -14 -24 -2.5
      vertex -6.45922 -41.8913 -2.5
      vertex -6.56568 -41.9417 -2.5
    endloop
  endfacet
  facet normal 0 0 -1
    outer loop
      vertex -14 -24 -2.5
      vertex -6.56568 -41.9417 -2.5
      vertex -6.66668 -42.0022 -2.5
    endloop
  endfacet
  facet normal 0 0 -1
    outer loop
      vertex -14 -24 -2.5
      vertex -6.66668 -42.0022 -2.5
      vertex -6.76127 -42.0724 -2.5
    endloop
  endfacet
  facet normal 0 0 -1
    outer loop
      vertex -5.54078 -41.8913 -2.5
      vertex -14 -24 -2.5
      vertex 14 -24 -2.5
    endloop
  endfacet
  facet normal 0 0 -1
    outer loop
      vertex -6.84853 -42.1515 -2.5
      vertex -14 -24 -2.5
      vertex -6.76127 -42.0724 -2.5
    endloop
  endfacet
  facet normal 0 0 -1
    outer loop
      vertex -6.92761 -42.2387 -2.5
      vertex -14 -24 -2.5
      vertex -6.84853 -42.1515 -2.5
    endloop
  endfacet
  facet normal 0 0 -1
    outer loop
      vertex -6.99776 -42.3333 -2.5
      vertex -14 -24 -2.5
      vertex -6.92761 -42.2387 -2.5
    endloop
  endfacet
  facet normal 0 0 -1
    outer loop
      vertex -7.0583 -42.4343 -2.5
      vertex -14 -24 -2.5
      vertex -6.99776 -42.3333 -2.5
    endloop
  endfacet
  facet normal 0 0 -1
    outer loop
      vertex -7.10865 -42.5408 -2.5
      vertex -14 -24 -2.5
      vertex -7.0583 -42.4343 -2.5
    endloop
  endfacet
  facet normal 0 0 -1
    outer loop
      vertex -7.14833 -42.6517 -2.5
      vertex -14 -24 -2.5
      vertex -7.10865 -42.5408 -2.5
    endloop
  endfacet
  facet normal 0 0 -1
    outer loop
      vertex -7.17694 -42.7659 -2.5
      vertex -14 -24 -2.5
      vertex -7.14833 -42.6517 -2.5
    endloop
  endfacet
  facet normal 0 0 -1
    outer loop
      vertex -7.19422 -42.8824 -2.5
      vertex -14 -24 -2.5
      vertex -7.17694 -42.7659 -2.5
    endloop
  endfacet
  facet normal 0 0 -1
    outer loop
      vertex -14 -24 -2.5
      vertex -7.19422 -42.8824 -2.5
      vertex -7.2 -43 -2.5
    endloop
  endfacet
  facet normal -0.989175 0.146741 0
    outer loop
      vertex -88.9518 46.9802 -2.5
      vertex -88.8078 47.9509 2.5
      vertex -88.8078 47.9509 -2.5
    endloop
  endfacet
  facet normal -0.989175 0.146741 0
    outer loop
      vertex -88.8078 47.9509 2.5
      vertex -88.9518 46.9802 -2.5
      vertex -88.9518 46.9802 2.5
    endloop
  endfacet
  facet normal -0.998793 -0.0491143 0
    outer loop
      vertex -88.9518 -46.9802 -2.5
      vertex -89 -46 2.5
      vertex -89 -46 -2.5
    endloop
  endfacet
  facet normal -0.998793 -0.0491143 0
    outer loop
      vertex -89 -46 2.5
      vertex -88.9518 -46.9802 -2.5
      vertex -88.9518 -46.9802 2.5
    endloop
  endfacet
  facet normal -1 0 0
    outer loop
      vertex -89 -46 -2.5
      vertex -89 46 2.5
      vertex -89 46 -2.5
    endloop
  endfacet
  facet normal -1 -0 0
    outer loop
      vertex -89 46 2.5
      vertex -89 -46 -2.5
      vertex -89 -46 2.5
    endloop
  endfacet
  facet normal -0.998793 0.0491143 0
    outer loop
      vertex -89 46 -2.5
      vertex -88.9518 46.9802 2.5
      vertex -88.9518 46.9802 -2.5
    endloop
  endfacet
  facet normal -0.998793 0.0491143 0
    outer loop
      vertex -88.9518 46.9802 2.5
      vertex -89 46 -2.5
      vertex -89 46 2.5
    endloop
  endfacet
  facet normal 0 1 -0
    outer loop
      vertex 79 56 -2.5
      vertex -79 56 2.5
      vertex 79 56 2.5
    endloop
  endfacet
  facet normal 0 1 0
    outer loop
      vertex -79 56 2.5
      vertex 79 56 -2.5
      vertex -79 56 -2.5
    endloop
  endfacet
  facet normal 1 -0 0
    outer loop
      vertex 89 -46 2.5
      vertex 89 46 -2.5
      vertex 89 46 2.5
    endloop
  endfacet
  facet normal 1 0 0
    outer loop
      vertex 89 46 -2.5
      vertex 89 -46 2.5
      vertex 89 -46 -2.5
    endloop
  endfacet
  facet normal 0 -1 0
    outer loop
      vertex -79 -56 -2.5
      vertex 79 -56 2.5
      vertex -79 -56 2.5
    endloop
  endfacet
  facet normal 0 -1 -0
    outer loop
      vertex 79 -56 2.5
      vertex -79 -56 -2.5
      vertex 79 -56 -2.5
    endloop
  endfacet
  facet normal 0.146741 0.989175 -0
    outer loop
      vertex 80.9509 55.8078 -2.5
      vertex 79.9802 55.9518 2.5
      vertex 80.9509 55.8078 2.5
    endloop
  endfacet
  facet normal 0.146741 0.989175 0
    outer loop
      vertex 79.9802 55.9518 2.5
      vertex 80.9509 55.8078 -2.5
      vertex 79.9802 55.9518 -2.5
    endloop
  endfacet
  facet normal 0.242943 0.970041 -0
    outer loop
      vertex 81.9028 55.5694 -2.5
      vertex 80.9509 55.8078 2.5
      vertex 81.9028 55.5694 2.5
    endloop
  endfacet
  facet normal 0.242943 0.970041 0
    outer loop
      vertex 80.9509 55.8078 2.5
      vertex 81.9028 55.5694 -2.5
      vertex 80.9509 55.8078 -2.5
    endloop
  endfacet
  facet normal 0.741 0.671505 0
    outer loop
      vertex 86.7301 52.3439 2.5
      vertex 86.0711 53.0711 -2.5
      vertex 86.0711 53.0711 2.5
    endloop
  endfacet
  facet normal 0.741 0.671505 0
    outer loop
      vertex 86.0711 53.0711 -2.5
      vertex 86.7301 52.3439 2.5
      vertex 86.7301 52.3439 -2.5
    endloop
  endfacet
  facet normal -0 0 1
    outer loop
      vertex -74.4294 42.3494 2.5
      vertex -14 24 2.5
      vertex -74.3732 42.5065 2.5
    endloop
  endfacet
  facet normal 0 0 1
    outer loop
      vertex -14 -20 2.5
      vertex -74.3082 -42.8334 2.5
      vertex -74.3 -43 2.5
    endloop
  endfacet
  facet normal -0 0 1
    outer loop
      vertex -74.5007 42.1986 2.5
      vertex -14 24 2.5
      vertex -74.4294 42.3494 2.5
    endloop
  endfacet
  facet normal 0 0 1
    outer loop
      vertex -14 -20 2.5
      vertex -74.3327 -42.6683 2.5
      vertex -74.3082 -42.8334 2.5
    endloop
  endfacet
  facet normal -0 0 1
    outer loop
      vertex -74.5865 42.0555 2.5
      vertex -14 24 2.5
      vertex -74.5007 42.1986 2.5
    endloop
  endfacet
  facet normal 0 0 1
    outer loop
      vertex -14 -20 2.5
      vertex -74.3732 -42.5065 2.5
      vertex -74.3327 -42.6683 2.5
    endloop
  endfacet
  facet normal 0 0 1
    outer loop
      vertex -14 24 2.5
      vertex -74.5865 42.0555 2.5
      vertex -14 20 2.5
    endloop
  endfacet
  facet normal 0 0 1
    outer loop
      vertex -14 -20 2.5
      vertex -74.4294 -42.3494 2.5
      vertex -74.3732 -42.5065 2.5
    endloop
  endfacet
  facet normal -0 0 1
    outer loop
      vertex -74.6859 41.9215 2.5
      vertex -14 20 2.5
      vertex -74.5865 42.0555 2.5
    endloop
  endfacet
  facet normal 0 0 1
    outer loop
      vertex -14 -20 2.5
      vertex -74.5007 -42.1986 2.5
      vertex -74.4294 -42.3494 2.5
    endloop
  endfacet
  facet normal -0 0 1
    outer loop
      vertex -74.7979 41.7979 2.5
      vertex -14 20 2.5
      vertex -74.6859 41.9215 2.5
    endloop
  endfacet
  facet normal 0 0 1
    outer loop
      vertex -14 -20 2.5
      vertex -74.5865 -42.0555 2.5
      vertex -74.5007 -42.1986 2.5
    endloop
  endfacet
  facet normal -0 0 1
    outer loop
      vertex -74.9215 41.6859 2.5
      vertex -14 20 2.5
      vertex -74.7979 41.7979 2.5
    endloop
  endfacet
  facet normal 0 0 1
    outer loop
      vertex -14 -20 2.5
      vertex -74.6859 -41.9215 2.5
      vertex -74.5865 -42.0555 2.5
    endloop
  endfacet
  facet normal -0 0 1
    outer loop
      vertex -75.0555 41.5865 2.5
      vertex -14 20 2.5
      vertex -74.9215 41.6859 2.5
    endloop
  endfacet
  facet normal 0 0 1
    outer loop
      vertex -14 -20 2.5
      vertex -74.7979 -41.7979 2.5
      vertex -74.6859 -41.9215 2.5
    endloop
  endfacet
  facet normal -0 0 1
    outer loop
      vertex -75.1986 41.5007 2.5
      vertex -14 20 2.5
      vertex -75.0555 41.5865 2.5
    endloop
  endfacet
  facet normal 0 0 1
    outer loop
      vertex -14 -20 2.5
      vertex -74.9215 -41.6859 2.5
      vertex -74.7979 -41.7979 2.5
    endloop
  endfacet
  facet normal 0 0 1
    outer loop
      vertex -14 20 2.5
      vertex -75.1986 41.5007 2.5
      vertex -14 -20 2.5
    endloop
  endfacet
  facet normal 0 0 1
    outer loop
      vertex -14 -20 2.5
      vertex -75.0555 -41.5865 2.5
      vertex -74.9215 -41.6859 2.5
    endloop
  endfacet
  facet normal 0 0 1
    outer loop
      vertex -75.1986 -41.5007 2.5
      vertex -14 -20 2.5
      vertex -75.1986 41.5007 2.5
    endloop
  endfacet
  facet normal 0 0 1
    outer loop
      vertex -14 -20 2.5
      vertex -75.1986 -41.5007 2.5
      vertex -75.0555 -41.5865 2.5
    endloop
  endfacet
  facet normal -0 0 1
    outer loop
      vertex -75.3494 41.4294 2.5
      vertex -75.1986 -41.5007 2.5
      vertex -75.1986 41.5007 2.5
    endloop
  endfacet
  facet normal 0 0 1
    outer loop
      vertex -75.3494 41.4294 2.5
      vertex -75.3494 -41.4294 2.5
      vertex -75.1986 -41.5007 2.5
    endloop
  endfacet
  facet normal -0 0 1
    outer loop
      vertex -75.5065 41.3732 2.5
      vertex -75.3494 -41.4294 2.5
      vertex -75.3494 41.4294 2.5
    endloop
  endfacet
  facet normal 0 0 1
    outer loop
      vertex -75.5065 41.3732 2.5
      vertex -75.5065 -41.3732 2.5
      vertex -75.3494 -41.4294 2.5
    endloop
  endfacet
  facet normal -0 0 1
    outer loop
      vertex -75.6684 41.3327 2.5
      vertex -75.5065 -41.3732 2.5
      vertex -75.5065 41.3732 2.5
    endloop
  endfacet
  facet normal 0 0 1
    outer loop
      vertex -75.6684 41.3327 2.5
      vertex -75.6684 -41.3327 2.5
      vertex -75.5065 -41.3732 2.5
    endloop
  endfacet
  facet normal -0 0 1
    outer loop
      vertex -75.8334 41.3082 2.5
      vertex -75.6684 -41.3327 2.5
      vertex -75.6684 41.3327 2.5
    endloop
  endfacet
  facet normal 0 0 1
    outer loop
      vertex -75.8334 41.3082 2.5
      vertex -75.8334 -41.3082 2.5
      vertex -75.6684 -41.3327 2.5
    endloop
  endfacet
  facet normal -0 0 1
    outer loop
      vertex -76 41.3 2.5
      vertex -75.8334 -41.3082 2.5
      vertex -75.8334 41.3082 2.5
    endloop
  endfacet
  facet normal 0 0 1
    outer loop
      vertex -76 41.3 2.5
      vertex -76 -41.3 2.5
      vertex -75.8334 -41.3082 2.5
    endloop
  endfacet
  facet normal 0 0 1
    outer loop
      vertex -76.1666 41.3082 2.5
      vertex -76 -41.3 2.5
      vertex -76 41.3 2.5
    endloop
  endfacet
  facet normal 0 0 1
    outer loop
      vertex -76.1666 41.3082 2.5
      vertex -76.1666 -41.3082 2.5
      vertex -76 -41.3 2.5
    endloop
  endfacet
  facet normal 0 0 1
    outer loop
      vertex -76.3316 41.3327 2.5
      vertex -76.1666 -41.3082 2.5
      vertex -76.1666 41.3082 2.5
    endloop
  endfacet
  facet normal 0 0 1
    outer loop
      vertex -76.3316 41.3327 2.5
      vertex -76.3316 -41.3327 2.5
      vertex -76.1666 -41.3082 2.5
    endloop
  endfacet
  facet normal 0 0 1
    outer loop
      vertex -76.4935 41.3732 2.5
      vertex -76.3316 -41.3327 2.5
      vertex -76.3316 41.3327 2.5
    endloop
  endfacet
  facet normal 0 0 1
    outer loop
      vertex -76.4935 41.3732 2.5
      vertex -76.4935 -41.3732 2.5
      vertex -76.3316 -41.3327 2.5
    endloop
  endfacet
  facet normal 0 0 1
    outer loop
      vertex -76.6506 41.4294 2.5
      vertex -76.4935 -41.3732 2.5
      vertex -76.4935 41.3732 2.5
    endloop
  endfacet
  facet normal 0 0 1
    outer loop
      vertex -76.6506 41.4294 2.5
      vertex -76.6506 -41.4294 2.5
      vertex -76.4935 -41.3732 2.5
    endloop
  endfacet
  facet normal 0 0 1
    outer loop
      vertex -76.8014 41.5007 2.5
      vertex -76.6506 -41.4294 2.5
      vertex -76.6506 41.4294 2.5
    endloop
  endfacet
  facet normal 0 0 1
    outer loop
      vertex -76.8014 41.5007 2.5
      vertex -76.8014 -41.5007 2.5
      vertex -76.6506 -41.4294 2.5
    endloop
  endfacet
  facet normal 0 0 1
    outer loop
      vertex -89 46 2.5
      vertex -76.8014 41.5007 2.5
      vertex -76.9445 41.5865 2.5
    endloop
  endfacet
  facet normal 0 0 1
    outer loop
      vertex -76.8014 41.5007 2.5
      vertex -89 46 2.5
      vertex -76.8014 -41.5007 2.5
    endloop
  endfacet
  facet normal 0 0 1
    outer loop
      vertex -89 46 2.5
      vertex -76.9445 41.5865 2.5
      vertex -77.0785 41.6859 2.5
    endloop
  endfacet
  facet normal 0 0 1
    outer loop
      vertex -89 -46 2.5
      vertex -76.8014 -41.5007 2.5
      vertex -89 46 2.5
    endloop
  endfacet
  facet normal 0 0 1
    outer loop
      vertex -89 46 2.5
      vertex -77.0785 41.6859 2.5
      vertex -77.2021 41.7979 2.5
    endloop
  endfacet
  facet normal 0 0 1
    outer loop
      vertex -76.8014 -41.5007 2.5
      vertex -89 -46 2.5
      vertex -76.9445 -41.5865 2.5
    endloop
  endfacet
  facet normal 0 0 1
    outer loop
      vertex -89 46 2.5
      vertex -77.2021 41.7979 2.5
      vertex -77.3141 41.9215 2.5
    endloop
  endfacet
  facet normal 0 0 1
    outer loop
      vertex -76.9445 -41.5865 2.5
      vertex -89 -46 2.5
      vertex -77.0785 -41.6859 2.5
    endloop
  endfacet
  facet normal 0 0 1
    outer loop
      vertex -89 46 2.5
      vertex -77.3141 41.9215 2.5
      vertex -77.4135 42.0555 2.5
    endloop
  endfacet
  facet normal 0 0 1
    outer loop
      vertex -77.0785 -41.6859 2.5
      vertex -89 -46 2.5
      vertex -77.2021 -41.7979 2.5
    endloop
  endfacet
  facet normal 0 0 1
    outer loop
      vertex -89 46 2.5
      vertex -77.4135 42.0555 2.5
      vertex -77.4993 42.1986 2.5
    endloop
  endfacet
  facet normal 0 0 1
    outer loop
      vertex -77.2021 -41.7979 2.5
      vertex -89 -46 2.5
      vertex -77.3141 -41.9215 2.5
    endloop
  endfacet
  facet normal 0 0 1
    outer loop
      vertex -89 46 2.5
      vertex -77.4993 42.1986 2.5
      vertex -77.5706 42.3494 2.5
    endloop
  endfacet
  facet normal 0 0 1
    outer loop
      vertex -77.3141 -41.9215 2.5
      vertex -89 -46 2.5
      vertex -77.4135 -42.0555 2.5
    endloop
  endfacet
  facet normal 0 0 1
    outer loop
      vertex -89 46 2.5
      vertex -77.5706 42.3494 2.5
      vertex -77.6268 42.5065 2.5
    endloop
  endfacet
  facet normal 0 0 1
    outer loop
      vertex -77.4135 -42.0555 2.5
      vertex -89 -46 2.5
      vertex -77.4993 -42.1986 2.5
    endloop
  endfacet
  facet normal 0 0 1
    outer loop
      vertex -89 46 2.5
      vertex -77.6268 42.5065 2.5
      vertex -77.6673 42.6683 2.5
    endloop
  endfacet
  facet normal 0 0 1
    outer loop
      vertex -77.4993 -42.1986 2.5
      vertex -89 -46 2.5
      vertex -77.5706 -42.3494 2.5
    endloop
  endfacet
  facet normal 0 0 1
    outer loop
      vertex -89 46 2.5
      vertex -77.6673 42.6683 2.5
      vertex -77.6918 42.8334 2.5
    endloop
  endfacet
  facet normal 0 0 1
    outer loop
      vertex -77.5706 -42.3494 2.5
      vertex -89 -46 2.5
      vertex -77.6268 -42.5065 2.5
    endloop
  endfacet
  facet normal 0 0 1
    outer loop
      vertex -89 46 2.5
      vertex -77.6918 42.8334 2.5
      vertex -77.7 43 2.5
    endloop
  endfacet
  facet normal 0 0 1
    outer loop
      vertex -77.6268 -42.5065 2.5
      vertex -89 -46 2.5
      vertex -77.6673 -42.6683 2.5
    endloop
  endfacet
  facet normal 0 0 1
    outer loop
      vertex 14 -24 2.5
      vertex 7.19422 -42.8824 2.5
      vertex 7.2 -43 2.5
    endloop
  endfacet
  facet normal 0 0 1
    outer loop
      vertex 14 -24 2.5
      vertex 7.17694 -42.7659 2.5
      vertex 7.19422 -42.8824 2.5
    endloop
  endfacet
  facet normal 0 0 1
    outer loop
      vertex 14 -24 2.5
      vertex 7.14833 -42.6517 2.5
      vertex 7.17694 -42.7659 2.5
    endloop
  endfacet
  facet normal 0 0 1
    outer loop
      vertex 14 -24 2.5
      vertex 7.10865 -42.5408 2.5
      vertex 7.14833 -42.6517 2.5
    endloop
  endfacet
  facet normal 0 0 1
    outer loop
      vertex 14 -24 2.5
      vertex 7.0583 -42.4343 2.5
      vertex 7.10865 -42.5408 2.5
    endloop
  endfacet
  facet normal 0 0 1
    outer loop
      vertex 14 -24 2.5
      vertex 6.99776 -42.3333 2.5
      vertex 7.0583 -42.4343 2.5
    endloop
  endfacet
  facet normal 0 0 1
    outer loop
      vertex 14 -24 2.5
      vertex 6.92761 -42.2387 2.5
      vertex 6.99776 -42.3333 2.5
    endloop
  endfacet
  facet normal 0 0 1
    outer loop
      vertex 14 -24 2.5
      vertex 6.84853 -42.1515 2.5
      vertex 6.92761 -42.2387 2.5
    endloop
  endfacet
  facet normal 0 0 1
    outer loop
      vertex 14 -24 2.5
      vertex 6.76127 -42.0724 2.5
      vertex 6.84853 -42.1515 2.5
    endloop
  endfacet
  facet normal 0 0 1
    outer loop
      vertex 14 -24 2.5
      vertex 6.66668 -42.0022 2.5
      vertex 6.76127 -42.0724 2.5
    endloop
  endfacet
  facet normal 0 0 1
    outer loop
      vertex 14 -24 2.5
      vertex 6.56568 -41.9417 2.5
      vertex 6.66668 -42.0022 2.5
    endloop
  endfacet
  facet normal 0 0 1
    outer loop
      vertex 14 -24 2.5
      vertex 6.45922 -41.8913 2.5
      vertex 6.56568 -41.9417 2.5
    endloop
  endfacet
  facet normal 0 0 1
    outer loop
      vertex 14 -24 2.5
      vertex 6.34834 -41.8517 2.5
      vertex 6.45922 -41.8913 2.5
    endloop
  endfacet
  facet normal 0 0 1
    outer loop
      vertex 14 -24 2.5
      vertex 6.23411 -41.8231 2.5
      vertex 6.34834 -41.8517 2.5
    endloop
  endfacet
  facet normal 0 0 1
    outer loop
      vertex 14 -24 2.5
      vertex 6.11762 -41.8058 2.5
      vertex 6.23411 -41.8231 2.5
    endloop
  endfacet
  facet normal 0 0 1
    outer loop
      vertex 14 -24 2.5
      vertex 6 -41.8 2.5
      vertex 6.11762 -41.8058 2.5
    endloop
  endfacet
  facet normal 0 0 1
    outer loop
      vertex 14 -24 2.5
      vertex 5.88238 -41.8058 2.5
      vertex 6 -41.8 2.5
    endloop
  endfacet
  facet normal 0 0 1
    outer loop
      vertex 14 -24 2.5
      vertex 5.76589 -41.8231 2.5
      vertex 5.88238 -41.8058 2.5
    endloop
  endfacet
  facet normal 0 0 1
    outer loop
      vertex 14 -24 2.5
      vertex 5.65166 -41.8517 2.5
      vertex 5.76589 -41.8231 2.5
    endloop
  endfacet
  facet normal 0 0 1
    outer loop
      vertex 14 -24 2.5
      vertex 5.54078 -41.8913 2.5
      vertex 5.65166 -41.8517 2.5
    endloop
  endfacet
  facet normal 0 0 1
    outer loop
      vertex -5.54078 -41.8913 2.5
      vertex 5.54078 -41.8913 2.5
      vertex 14 -24 2.5
    endloop
  endfacet
  facet normal 0 0 1
    outer loop
      vertex 5.54078 -41.8913 2.5
      vertex -5.54078 -41.8913 2.5
      vertex 5.43432 -41.9417 2.5
    endloop
  endfacet
  facet normal 0 -0 1
    outer loop
      vertex -5.43432 -41.9417 2.5
      vertex 5.43432 -41.9417 2.5
      vertex -5.54078 -41.8913 2.5
    endloop
  endfacet
  facet normal 0 0 1
    outer loop
      vertex 5.43432 -41.9417 2.5
      vertex -5.43432 -41.9417 2.5
      vertex 5.33331 -42.0022 2.5
    endloop
  endfacet
  facet normal 0 -0 1
    outer loop
      vertex -5.33331 -42.0022 2.5
      vertex 5.33331 -42.0022 2.5
      vertex -5.43432 -41.9417 2.5
    endloop
  endfacet
  facet normal 0 0 1
    outer loop
      vertex 5.33331 -42.0022 2.5
      vertex -5.33331 -42.0022 2.5
      vertex 5.23873 -42.0724 2.5
    endloop
  endfacet
  facet normal 0 -0 1
    outer loop
      vertex -5.23873 -42.0724 2.5
      vertex 5.23873 -42.0724 2.5
      vertex -5.33331 -42.0022 2.5
    endloop
  endfacet
  facet normal 0 0 1
    outer loop
      vertex 4.80578 -42.8824 2.5
      vertex -4.8 -43 2.5
      vertex 4.8 -43 2.5
    endloop
  endfacet
  facet normal 0 0 1
    outer loop
      vertex -4.80578 -42.8824 2.5
      vertex 4.80578 -42.8824 2.5
      vertex 4.82306 -42.7659 2.5
    endloop
  endfacet
  facet normal 0 0 1
    outer loop
      vertex -4.82306 -42.7659 2.5
      vertex 4.82306 -42.7659 2.5
      vertex 4.85167 -42.6517 2.5
    endloop
  endfacet
  facet normal 0 0 1
    outer loop
      vertex -4.85167 -42.6517 2.5
      vertex 4.85167 -42.6517 2.5
      vertex 4.89134 -42.5408 2.5
    endloop
  endfacet
  facet normal 0 0 1
    outer loop
      vertex -4.89134 -42.5408 2.5
      vertex 4.89134 -42.5408 2.5
      vertex 4.94169 -42.4343 2.5
    endloop
  endfacet
  facet normal 0 0 1
    outer loop
      vertex 5.23873 -42.0724 2.5
      vertex -5.23873 -42.0724 2.5
      vertex 5.15147 -42.1515 2.5
    endloop
  endfacet
  facet normal 0 0 1
    outer loop
      vertex 4.80578 -42.8824 2.5
      vertex -4.80578 -42.8824 2.5
      vertex -4.8 -43 2.5
    endloop
  endfacet
  facet normal 0 0 1
    outer loop
      vertex 4.82306 -42.7659 2.5
      vertex -4.82306 -42.7659 2.5
      vertex -4.80578 -42.8824 2.5
    endloop
  endfacet
  facet normal 0 0 1
    outer loop
      vertex 4.85167 -42.6517 2.5
      vertex -4.85167 -42.6517 2.5
      vertex -4.82306 -42.7659 2.5
    endloop
  endfacet
  facet normal 0 0 1
    outer loop
      vertex 4.89134 -42.5408 2.5
      vertex -4.89134 -42.5408 2.5
      vertex -4.85167 -42.6517 2.5
    endloop
  endfacet
  facet normal 0 0 1
    outer loop
      vertex 4.94169 -42.4343 2.5
      vertex -4.94169 -42.4343 2.5
      vertex -4.89134 -42.5408 2.5
    endloop
  endfacet
  facet normal 0 0 1
    outer loop
      vertex 4.94169 -42.4343 2.5
      vertex -5.00224 -42.3333 2.5
      vertex -4.94169 -42.4343 2.5
    endloop
  endfacet
  facet normal 0 0 1
    outer loop
      vertex 5.00224 -42.3333 2.5
      vertex -5.00224 -42.3333 2.5
      vertex 4.94169 -42.4343 2.5
    endloop
  endfacet
  facet normal 0 -0 1
    outer loop
      vertex -5.00224 -42.3333 2.5
      vertex 5.00224 -42.3333 2.5
      vertex -5.07239 -42.2387 2.5
    endloop
  endfacet
  facet normal 0 0 1
    outer loop
      vertex 5.07239 -42.2387 2.5
      vertex -5.07239 -42.2387 2.5
      vertex 5.00224 -42.3333 2.5
    endloop
  endfacet
  facet normal 0 -0 1
    outer loop
      vertex -5.07239 -42.2387 2.5
      vertex 5.07239 -42.2387 2.5
      vertex -5.15147 -42.1515 2.5
    endloop
  endfacet
  facet normal 0 0 1
    outer loop
      vertex 5.15147 -42.1515 2.5
      vertex -5.15147 -42.1515 2.5
      vertex 5.07239 -42.2387 2.5
    endloop
  endfacet
  facet normal 0 -0 1
    outer loop
      vertex -5.15147 -42.1515 2.5
      vertex 5.15147 -42.1515 2.5
      vertex -5.23873 -42.0724 2.5
    endloop
  endfacet
  facet normal -0 0 1
    outer loop
      vertex -14 -24 2.5
      vertex -5.54078 -41.8913 2.5
      vertex 14 -24 2.5
    endloop
  endfacet
  facet normal 0 0 1
    outer loop
      vertex -5.54078 -41.8913 2.5
      vertex -14 -24 2.5
      vertex -5.65166 -41.8517 2.5
    endloop
  endfacet
  facet normal 0 0 1
    outer loop
      vertex -5.65166 -41.8517 2.5
      vertex -14 -24 2.5
      vertex -5.76589 -41.8231 2.5
    endloop
  endfacet
  facet normal 0 0 1
    outer loop
      vertex -5.76589 -41.8231 2.5
      vertex -14 -24 2.5
      vertex -5.88238 -41.8058 2.5
    endloop
  endfacet
  facet normal 0 0 1
    outer loop
      vertex -5.88238 -41.8058 2.5
      vertex -14 -24 2.5
      vertex -6 -41.8 2.5
    endloop
  endfacet
  facet normal 0 0 1
    outer loop
      vertex -6 -41.8 2.5
      vertex -14 -24 2.5
      vertex -6.11762 -41.8058 2.5
    endloop
  endfacet
  facet normal 0 0 1
    outer loop
      vertex -6.11762 -41.8058 2.5
      vertex -14 -24 2.5
      vertex -6.23411 -41.8231 2.5
    endloop
  endfacet
  facet normal 0 0 1
    outer loop
      vertex -6.23411 -41.8231 2.5
      vertex -14 -24 2.5
      vertex -6.34834 -41.8517 2.5
    endloop
  endfacet
  facet normal 0 0 1
    outer loop
      vertex -6.34834 -41.8517 2.5
      vertex -14 -24 2.5
      vertex -6.45922 -41.8913 2.5
    endloop
  endfacet
  facet normal 0 0 1
    outer loop
      vertex -6.45922 -41.8913 2.5
      vertex -14 -24 2.5
      vertex -6.56568 -41.9417 2.5
    endloop
  endfacet
  facet normal 0 0 1
    outer loop
      vertex -6.56568 -41.9417 2.5
      vertex -14 -24 2.5
      vertex -6.66668 -42.0022 2.5
    endloop
  endfacet
  facet normal 0 0 1
    outer loop
      vertex -7.19422 -42.8824 2.5
      vertex -14 -24 2.5
      vertex -7.2 -43 2.5
    endloop
  endfacet
  facet normal 0 0 1
    outer loop
      vertex -7.17694 -42.7659 2.5
      vertex -14 -24 2.5
      vertex -7.19422 -42.8824 2.5
    endloop
  endfacet
  facet normal 0 0 1
    outer loop
      vertex -7.14833 -42.6517 2.5
      vertex -14 -24 2.5
      vertex -7.17694 -42.7659 2.5
    endloop
  endfacet
  facet normal 0 0 1
    outer loop
      vertex -7.10865 -42.5408 2.5
      vertex -14 -24 2.5
      vertex -7.14833 -42.6517 2.5
    endloop
  endfacet
  facet normal 0 0 1
    outer loop
      vertex -7.0583 -42.4343 2.5
      vertex -14 -24 2.5
      vertex -7.10865 -42.5408 2.5
    endloop
  endfacet
  facet normal 0 0 1
    outer loop
      vertex -6.99776 -42.3333 2.5
      vertex -14 -24 2.5
      vertex -7.0583 -42.4343 2.5
    endloop
  endfacet
  facet normal 0 0 1
    outer loop
      vertex -6.92761 -42.2387 2.5
      vertex -14 -24 2.5
      vertex -6.99776 -42.3333 2.5
    endloop
  endfacet
  facet normal 0 0 1
    outer loop
      vertex -6.84853 -42.1515 2.5
      vertex -14 -24 2.5
      vertex -6.92761 -42.2387 2.5
    endloop
  endfacet
  facet normal 0 0 1
    outer loop
      vertex -6.76127 -42.0724 2.5
      vertex -14 -24 2.5
      vertex -6.84853 -42.1515 2.5
    endloop
  endfacet
  facet normal 0 0 1
    outer loop
      vertex -6.66668 -42.0022 2.5
      vertex -14 -24 2.5
      vertex -6.76127 -42.0724 2.5
    endloop
  endfacet
  facet normal -0 0 1
    outer loop
      vertex -14 20 2.5
      vertex 14 -20 2.5
      vertex 14 20 2.5
    endloop
  endfacet
  facet normal 0 0 1
    outer loop
      vertex 14 -20 2.5
      vertex -14 20 2.5
      vertex -14 -20 2.5
    endloop
  endfacet
  facet normal 0 0 1
    outer loop
      vertex 77.6268 42.5065 2.5
      vertex 89 46 2.5
      vertex 77.6673 42.6683 2.5
    endloop
  endfacet
  facet normal 0 0 1
    outer loop
      vertex 89 -46 2.5
      vertex 77.6918 -42.8334 2.5
      vertex 77.7 -43 2.5
    endloop
  endfacet
  facet normal 0 0 1
    outer loop
      vertex 77.5706 42.3494 2.5
      vertex 89 46 2.5
      vertex 77.6268 42.5065 2.5
    endloop
  endfacet
  facet normal 0 0 1
    outer loop
      vertex 89 -46 2.5
      vertex 77.6673 -42.6683 2.5
      vertex 77.6918 -42.8334 2.5
    endloop
  endfacet
  facet normal 0 0 1
    outer loop
      vertex 77.4993 42.1986 2.5
      vertex 89 46 2.5
      vertex 77.5706 42.3494 2.5
    endloop
  endfacet
  facet normal 0 0 1
    outer loop
      vertex 89 -46 2.5
      vertex 77.6268 -42.5065 2.5
      vertex 77.6673 -42.6683 2.5
    endloop
  endfacet
  facet normal 0 0 1
    outer loop
      vertex 77.4135 42.0555 2.5
      vertex 89 46 2.5
      vertex 77.4993 42.1986 2.5
    endloop
  endfacet
  facet normal 0 0 1
    outer loop
      vertex 89 -46 2.5
      vertex 77.5706 -42.3494 2.5
      vertex 77.6268 -42.5065 2.5
    endloop
  endfacet
  facet normal 0 0 1
    outer loop
      vertex 77.3141 41.9215 2.5
      vertex 89 46 2.5
      vertex 77.4135 42.0555 2.5
    endloop
  endfacet
  facet normal 0 0 1
    outer loop
      vertex 89 -46 2.5
      vertex 77.4993 -42.1986 2.5
      vertex 77.5706 -42.3494 2.5
    endloop
  endfacet
  facet normal 0 0 1
    outer loop
      vertex 77.2021 41.7979 2.5
      vertex 89 46 2.5
      vertex 77.3141 41.9215 2.5
    endloop
  endfacet
  facet normal 0 0 1
    outer loop
      vertex 89 -46 2.5
      vertex 77.4135 -42.0555 2.5
      vertex 77.4993 -42.1986 2.5
    endloop
  endfacet
  facet normal 0 0 1
    outer loop
      vertex 77.0785 41.6859 2.5
      vertex 89 46 2.5
      vertex 77.2021 41.7979 2.5
    endloop
  endfacet
  facet normal 0 0 1
    outer loop
      vertex 89 -46 2.5
      vertex 77.3141 -41.9215 2.5
      vertex 77.4135 -42.0555 2.5
    endloop
  endfacet
  facet normal 0 0 1
    outer loop
      vertex 76.9445 41.5865 2.5
      vertex 89 46 2.5
      vertex 77.0785 41.6859 2.5
    endloop
  endfacet
  facet normal 0 0 1
    outer loop
      vertex 89 -46 2.5
      vertex 77.2021 -41.7979 2.5
      vertex 77.3141 -41.9215 2.5
    endloop
  endfacet
  facet normal 0 0 1
    outer loop
      vertex 76.8014 41.5007 2.5
      vertex 89 46 2.5
      vertex 76.9445 41.5865 2.5
    endloop
  endfacet
  facet normal 0 0 1
    outer loop
      vertex 89 -46 2.5
      vertex 77.0785 -41.6859 2.5
      vertex 77.2021 -41.7979 2.5
    endloop
  endfacet
  facet normal 0 0 1
    outer loop
      vertex 89 46 2.5
      vertex 76.8014 41.5007 2.5
      vertex 89 -46 2.5
    endloop
  endfacet
  facet normal 0 0 1
    outer loop
      vertex 89 -46 2.5
      vertex 76.9445 -41.5865 2.5
      vertex 77.0785 -41.6859 2.5
    endloop
  endfacet
  facet normal -0 0 1
    outer loop
      vertex 76.8014 -41.5007 2.5
      vertex 89 -46 2.5
      vertex 76.8014 41.5007 2.5
    endloop
  endfacet
  facet normal 0 0 1
    outer loop
      vertex 89 -46 2.5
      vertex 76.8014 -41.5007 2.5
      vertex 76.9445 -41.5865 2.5
    endloop
  endfacet
  facet normal -0 0 1
    outer loop
      vertex 76.6506 41.4294 2.5
      vertex 76.8014 -41.5007 2.5
      vertex 76.8014 41.5007 2.5
    endloop
  endfacet
  facet normal 0 0 1
    outer loop
      vertex 76.6506 41.4294 2.5
      vertex 76.6506 -41.4294 2.5
      vertex 76.8014 -41.5007 2.5
    endloop
  endfacet
  facet normal -0 0 1
    outer loop
      vertex 76.4935 41.3732 2.5
      vertex 76.6506 -41.4294 2.5
      vertex 76.6506 41.4294 2.5
    endloop
  endfacet
  facet normal 0 0 1
    outer loop
      vertex 76.4935 41.3732 2.5
      vertex 76.4935 -41.3732 2.5
      vertex 76.6506 -41.4294 2.5
    endloop
  endfacet
  facet normal -0 0 1
    outer loop
      vertex 76.3316 41.3327 2.5
      vertex 76.4935 -41.3732 2.5
      vertex 76.4935 41.3732 2.5
    endloop
  endfacet
  facet normal 0 0 1
    outer loop
      vertex 76.3316 41.3327 2.5
      vertex 76.3316 -41.3327 2.5
      vertex 76.4935 -41.3732 2.5
    endloop
  endfacet
  facet normal -0 0 1
    outer loop
      vertex 76.1666 41.3082 2.5
      vertex 76.3316 -41.3327 2.5
      vertex 76.3316 41.3327 2.5
    endloop
  endfacet
  facet normal 0 0 1
    outer loop
      vertex 76.1666 41.3082 2.5
      vertex 76.1666 -41.3082 2.5
      vertex 76.3316 -41.3327 2.5
    endloop
  endfacet
  facet normal -0 0 1
    outer loop
      vertex 76 41.3 2.5
      vertex 76.1666 -41.3082 2.5
      vertex 76.1666 41.3082 2.5
    endloop
  endfacet
  facet normal 0 0 1
    outer loop
      vertex 76 41.3 2.5
      vertex 76 -41.3 2.5
      vertex 76.1666 -41.3082 2.5
    endloop
  endfacet
  facet normal 0 0 1
    outer loop
      vertex 75.8334 41.3082 2.5
      vertex 76 -41.3 2.5
      vertex 76 41.3 2.5
    endloop
  endfacet
  facet normal 0 0 1
    outer loop
      vertex 75.8334 41.3082 2.5
      vertex 75.8334 -41.3082 2.5
      vertex 76 -41.3 2.5
    endloop
  endfacet
  facet normal 0 0 1
    outer loop
      vertex 75.6684 41.3327 2.5
      vertex 75.8334 -41.3082 2.5
      vertex 75.8334 41.3082 2.5
    endloop
  endfacet
  facet normal 0 0 1
    outer loop
      vertex 75.6684 41.3327 2.5
      vertex 75.6684 -41.3327 2.5
      vertex 75.8334 -41.3082 2.5
    endloop
  endfacet
  facet normal 0 0 1
    outer loop
      vertex 75.5065 41.3732 2.5
      vertex 75.6684 -41.3327 2.5
      vertex 75.6684 41.3327 2.5
    endloop
  endfacet
  facet normal 0 0 1
    outer loop
      vertex 75.5065 41.3732 2.5
      vertex 75.5065 -41.3732 2.5
      vertex 75.6684 -41.3327 2.5
    endloop
  endfacet
  facet normal 0 0 1
    outer loop
      vertex 75.3494 41.4294 2.5
      vertex 75.5065 -41.3732 2.5
      vertex 75.5065 41.3732 2.5
    endloop
  endfacet
  facet normal 0 0 1
    outer loop
      vertex 75.3494 41.4294 2.5
      vertex 75.3494 -41.4294 2.5
      vertex 75.5065 -41.3732 2.5
    endloop
  endfacet
  facet normal 0 0 1
    outer loop
      vertex 75.1986 41.5007 2.5
      vertex 75.3494 -41.4294 2.5
      vertex 75.3494 41.4294 2.5
    endloop
  endfacet
  facet normal 0 0 1
    outer loop
      vertex 75.1986 41.5007 2.5
      vertex 75.1986 -41.5007 2.5
      vertex 75.3494 -41.4294 2.5
    endloop
  endfacet
  facet normal 0 0 1
    outer loop
      vertex 14 20 2.5
      vertex 75.1986 41.5007 2.5
      vertex 75.0555 41.5865 2.5
    endloop
  endfacet
  facet normal 0 0 1
    outer loop
      vertex 75.1986 41.5007 2.5
      vertex 14 20 2.5
      vertex 75.1986 -41.5007 2.5
    endloop
  endfacet
  facet normal 0 0 1
    outer loop
      vertex 14 20 2.5
      vertex 75.0555 41.5865 2.5
      vertex 74.9215 41.6859 2.5
    endloop
  endfacet
  facet normal -0 0 1
    outer loop
      vertex 14 -20 2.5
      vertex 75.1986 -41.5007 2.5
      vertex 14 20 2.5
    endloop
  endfacet
  facet normal 0 0 1
    outer loop
      vertex 14 20 2.5
      vertex 74.9215 41.6859 2.5
      vertex 74.7979 41.7979 2.5
    endloop
  endfacet
  facet normal 0 0 1
    outer loop
      vertex 75.1986 -41.5007 2.5
      vertex 14 -20 2.5
      vertex 75.0555 -41.5865 2.5
    endloop
  endfacet
  facet normal 0 0 1
    outer loop
      vertex 14 20 2.5
      vertex 74.7979 41.7979 2.5
      vertex 74.6859 41.9215 2.5
    endloop
  endfacet
  facet normal 0 0 1
    outer loop
      vertex 75.0555 -41.5865 2.5
      vertex 14 -20 2.5
      vertex 74.9215 -41.6859 2.5
    endloop
  endfacet
  facet normal 0 0 1
    outer loop
      vertex 14 20 2.5
      vertex 74.6859 41.9215 2.5
      vertex 74.5865 42.0555 2.5
    endloop
  endfacet
  facet normal 0 0 1
    outer loop
      vertex 74.9215 -41.6859 2.5
      vertex 14 -20 2.5
      vertex 74.7979 -41.7979 2.5
    endloop
  endfacet
  facet normal 0 0 1
    outer loop
      vertex 14 24 2.5
      vertex 74.5865 42.0555 2.5
      vertex 74.5007 42.1986 2.5
    endloop
  endfacet
  facet normal 0 0 1
    outer loop
      vertex 74.7979 -41.7979 2.5
      vertex 14 -20 2.5
      vertex 74.6859 -41.9215 2.5
    endloop
  endfacet
  facet normal 0 0 1
    outer loop
      vertex 14 24 2.5
      vertex 74.5007 42.1986 2.5
      vertex 74.4294 42.3494 2.5
    endloop
  endfacet
  facet normal 0 0 1
    outer loop
      vertex 74.6859 -41.9215 2.5
      vertex 14 -20 2.5
      vertex 74.5865 -42.0555 2.5
    endloop
  endfacet
  facet normal 0 0 1
    outer loop
      vertex 14 24 2.5
      vertex 74.4294 42.3494 2.5
      vertex 74.3732 42.5065 2.5
    endloop
  endfacet
  facet normal -0 0 1
    outer loop
      vertex 14 -24 2.5
      vertex 74.5865 -42.0555 2.5
      vertex 14 -20 2.5
    endloop
  endfacet
  facet normal 0 0 1
    outer loop
      vertex 14 24 2.5
      vertex 74.3732 42.5065 2.5
      vertex 74.3327 42.6683 2.5
    endloop
  endfacet
  facet normal 0 0 1
    outer loop
      vertex 74.5865 -42.0555 2.5
      vertex 14 -24 2.5
      vertex 74.5007 -42.1986 2.5
    endloop
  endfacet
  facet normal 0 0 1
    outer loop
      vertex 14 24 2.5
      vertex 74.3327 42.6683 2.5
      vertex 74.3082 42.8334 2.5
    endloop
  endfacet
  facet normal 0 0 1
    outer loop
      vertex 74.5007 -42.1986 2.5
      vertex 14 -24 2.5
      vertex 74.4294 -42.3494 2.5
    endloop
  endfacet
  facet normal 0 0 1
    outer loop
      vertex 14 24 2.5
      vertex 74.3082 42.8334 2.5
      vertex 74.3 43 2.5
    endloop
  endfacet
  facet normal 0 0 1
    outer loop
      vertex 74.4294 -42.3494 2.5
      vertex 14 -24 2.5
      vertex 74.3732 -42.5065 2.5
    endloop
  endfacet
  facet normal 0 0 1
    outer loop
      vertex 77.5706 43.6506 2.5
      vertex 89 46 2.5
      vertex 88.9518 46.9802 2.5
    endloop
  endfacet
  facet normal 0 0 1
    outer loop
      vertex 77.6918 42.8334 2.5
      vertex 89 46 2.5
      vertex 77.7 43 2.5
    endloop
  endfacet
  facet normal 0 0 1
    outer loop
      vertex 77.4993 43.8014 2.5
      vertex 88.9518 46.9802 2.5
      vertex 88.8078 47.9509 2.5
    endloop
  endfacet
  facet normal 0 0 1
    outer loop
      vertex 77.6673 42.6683 2.5
      vertex 89 46 2.5
      vertex 77.6918 42.8334 2.5
    endloop
  endfacet
  facet normal 0 0 1
    outer loop
      vertex 77.4993 43.8014 2.5
      vertex 88.8078 47.9509 2.5
      vertex 88.5694 48.9028 2.5
    endloop
  endfacet
  facet normal -0 0 1
    outer loop
      vertex 77.6918 -43.1666 2.5
      vertex 89 -46 2.5
      vertex 77.7 -43 2.5
    endloop
  endfacet
  facet normal 0 0 1
    outer loop
      vertex 77.4135 43.9445 2.5
      vertex 88.5694 48.9028 2.5
      vertex 88.2388 49.8268 2.5
    endloop
  endfacet
  facet normal -0 0 1
    outer loop
      vertex 77.6673 -43.3317 2.5
      vertex 89 -46 2.5
      vertex 77.6918 -43.1666 2.5
    endloop
  endfacet
  facet normal 0 0 1
    outer loop
      vertex 77.4135 43.9445 2.5
      vertex 88.2388 49.8268 2.5
      vertex 87.8192 50.714 2.5
    endloop
  endfacet
  facet normal -0 0 1
    outer loop
      vertex 77.6268 -43.4935 2.5
      vertex 89 -46 2.5
      vertex 77.6673 -43.3317 2.5
    endloop
  endfacet
  facet normal 0 0 1
    outer loop
      vertex 77.3141 44.0785 2.5
      vertex 87.8192 50.714 2.5
      vertex 87.3147 51.5557 2.5
    endloop
  endfacet
  facet normal -0 0 1
    outer loop
      vertex 77.5706 -43.6506 2.5
      vertex 89 -46 2.5
      vertex 77.6268 -43.4935 2.5
    endloop
  endfacet
  facet normal 0 0 1
    outer loop
      vertex 77.3141 44.0785 2.5
      vertex 87.3147 51.5557 2.5
      vertex 86.7301 52.3439 2.5
    endloop
  endfacet
  facet normal 0 0 1
    outer loop
      vertex 89 -46 2.5
      vertex 77.5706 -43.6506 2.5
      vertex 88.9518 -46.9802 2.5
    endloop
  endfacet
  facet normal 0 0 1
    outer loop
      vertex 77.2021 44.2021 2.5
      vertex 86.7301 52.3439 2.5
      vertex 86.0711 53.0711 2.5
    endloop
  endfacet
  facet normal -0 0 1
    outer loop
      vertex 77.4993 -43.8014 2.5
      vertex 88.9518 -46.9802 2.5
      vertex 77.5706 -43.6506 2.5
    endloop
  endfacet
  facet normal 0 0 1
    outer loop
      vertex 77.2021 44.2021 2.5
      vertex 86.0711 53.0711 2.5
      vertex 85.3439 53.7301 2.5
    endloop
  endfacet
  facet normal 0 0 1
    outer loop
      vertex 88.9518 -46.9802 2.5
      vertex 77.4993 -43.8014 2.5
      vertex 88.8078 -47.9509 2.5
    endloop
  endfacet
  facet normal 0 0 1
    outer loop
      vertex 77.0785 44.3141 2.5
      vertex 85.3439 53.7301 2.5
      vertex 84.5557 54.3147 2.5
    endloop
  endfacet
  facet normal 0 0 1
    outer loop
      vertex 88.8078 -47.9509 2.5
      vertex 77.4993 -43.8014 2.5
      vertex 88.5694 -48.9028 2.5
    endloop
  endfacet
  facet normal 0 0 1
    outer loop
      vertex 77.0785 44.3141 2.5
      vertex 84.5557 54.3147 2.5
      vertex 83.714 54.8192 2.5
    endloop
  endfacet
  facet normal -0 0 1
    outer loop
      vertex 77.4135 -43.9445 2.5
      vertex 88.5694 -48.9028 2.5
      vertex 77.4993 -43.8014 2.5
    endloop
  endfacet
  facet normal 0 0 1
    outer loop
      vertex 76.9445 44.4135 2.5
      vertex 83.714 54.8192 2.5
      vertex 82.8268 55.2388 2.5
    endloop
  endfacet
  facet normal 0 0 1
    outer loop
      vertex 88.5694 -48.9028 2.5
      vertex 77.4135 -43.9445 2.5
      vertex 88.2388 -49.8268 2.5
    endloop
  endfacet
  facet normal 0 0 1
    outer loop
      vertex 76.9445 44.4135 2.5
      vertex 82.8268 55.2388 2.5
      vertex 81.9028 55.5694 2.5
    endloop
  endfacet
  facet normal 0 0 1
    outer loop
      vertex 88.2388 -49.8268 2.5
      vertex 77.4135 -43.9445 2.5
      vertex 87.8192 -50.714 2.5
    endloop
  endfacet
  facet normal 0 0 1
    outer loop
      vertex 76.8014 44.4993 2.5
      vertex 81.9028 55.5694 2.5
      vertex 80.9509 55.8078 2.5
    endloop
  endfacet
  facet normal -0 0 1
    outer loop
      vertex 77.3141 -44.0785 2.5
      vertex 87.8192 -50.714 2.5
      vertex 77.4135 -43.9445 2.5
    endloop
  endfacet
  facet normal 0 0 1
    outer loop
      vertex 76.8014 44.4993 2.5
      vertex 80.9509 55.8078 2.5
      vertex 79.9802 55.9518 2.5
    endloop
  endfacet
  facet normal 0 0 1
    outer loop
      vertex 87.8192 -50.714 2.5
      vertex 77.3141 -44.0785 2.5
      vertex 87.3147 -51.5557 2.5
    endloop
  endfacet
  facet normal 0 0 1
    outer loop
      vertex 76.6506 44.5706 2.5
      vertex 79.9802 55.9518 2.5
      vertex 79 56 2.5
    endloop
  endfacet
  facet normal 0 0 1
    outer loop
      vertex 87.3147 -51.5557 2.5
      vertex 77.3141 -44.0785 2.5
      vertex 86.7301 -52.3439 2.5
    endloop
  endfacet
  facet normal -0 0 1
    outer loop
      vertex 77.2021 -44.2021 2.5
      vertex 86.7301 -52.3439 2.5
      vertex 77.3141 -44.0785 2.5
    endloop
  endfacet
  facet normal 0 0 1
    outer loop
      vertex 89 46 2.5
      vertex 77.6918 43.1666 2.5
      vertex 77.7 43 2.5
    endloop
  endfacet
  facet normal 0 0 1
    outer loop
      vertex 89 46 2.5
      vertex 77.6673 43.3317 2.5
      vertex 77.6918 43.1666 2.5
    endloop
  endfacet
  facet normal 0 0 1
    outer loop
      vertex 89 46 2.5
      vertex 77.6268 43.4935 2.5
      vertex 77.6673 43.3317 2.5
    endloop
  endfacet
  facet normal 0 0 1
    outer loop
      vertex 89 46 2.5
      vertex 77.5706 43.6506 2.5
      vertex 77.6268 43.4935 2.5
    endloop
  endfacet
  facet normal 0 0 1
    outer loop
      vertex 88.9518 46.9802 2.5
      vertex 77.4993 43.8014 2.5
      vertex 77.5706 43.6506 2.5
    endloop
  endfacet
  facet normal 0 0 1
    outer loop
      vertex 88.5694 48.9028 2.5
      vertex 77.4135 43.9445 2.5
      vertex 77.4993 43.8014 2.5
    endloop
  endfacet
  facet normal 0 0 1
    outer loop
      vertex 87.8192 50.714 2.5
      vertex 77.3141 44.0785 2.5
      vertex 77.4135 43.9445 2.5
    endloop
  endfacet
  facet normal 0 0 1
    outer loop
      vertex 86.7301 52.3439 2.5
      vertex 77.2021 44.2021 2.5
      vertex 77.3141 44.0785 2.5
    endloop
  endfacet
  facet normal 0 0 1
    outer loop
      vertex 85.3439 53.7301 2.5
      vertex 77.0785 44.3141 2.5
      vertex 77.2021 44.2021 2.5
    endloop
  endfacet
  facet normal 0 0 1
    outer loop
      vertex 83.714 54.8192 2.5
      vertex 76.9445 44.4135 2.5
      vertex 77.0785 44.3141 2.5
    endloop
  endfacet
  facet normal 0 0 1
    outer loop
      vertex 81.9028 55.5694 2.5
      vertex 76.8014 44.4993 2.5
      vertex 76.9445 44.4135 2.5
    endloop
  endfacet
  facet normal 0 0 1
    outer loop
      vertex 79.9802 55.9518 2.5
      vertex 76.6506 44.5706 2.5
      vertex 76.8014 44.4993 2.5
    endloop
  endfacet
  facet normal 0 0 1
    outer loop
      vertex 79 56 2.5
      vertex 76.4935 44.6268 2.5
      vertex 76.6506 44.5706 2.5
    endloop
  endfacet
  facet normal 0 0 1
    outer loop
      vertex 79 56 2.5
      vertex 76.3316 44.6673 2.5
      vertex 76.4935 44.6268 2.5
    endloop
  endfacet
  facet normal 0 0 1
    outer loop
      vertex 79 56 2.5
      vertex 76.1666 44.6918 2.5
      vertex 76.3316 44.6673 2.5
    endloop
  endfacet
  facet normal 0 0 1
    outer loop
      vertex 79 56 2.5
      vertex 76 44.7 2.5
      vertex 76.1666 44.6918 2.5
    endloop
  endfacet
  facet normal 0 0 1
    outer loop
      vertex 79 56 2.5
      vertex 75.8334 44.6918 2.5
      vertex 76 44.7 2.5
    endloop
  endfacet
  facet normal 0 0 1
    outer loop
      vertex 79 56 2.5
      vertex 75.6684 44.6673 2.5
      vertex 75.8334 44.6918 2.5
    endloop
  endfacet
  facet normal 0 0 1
    outer loop
      vertex 79 56 2.5
      vertex 75.5065 44.6268 2.5
      vertex 75.6684 44.6673 2.5
    endloop
  endfacet
  facet normal 0 0 1
    outer loop
      vertex 79 56 2.5
      vertex 75.3494 44.5706 2.5
      vertex 75.5065 44.6268 2.5
    endloop
  endfacet
  facet normal 0 0 1
    outer loop
      vertex 79 56 2.5
      vertex 75.1986 44.4993 2.5
      vertex 75.3494 44.5706 2.5
    endloop
  endfacet
  facet normal 0 0 1
    outer loop
      vertex 79 56 2.5
      vertex 75.0555 44.4135 2.5
      vertex 75.1986 44.4993 2.5
    endloop
  endfacet
  facet normal 0 0 1
    outer loop
      vertex 79 56 2.5
      vertex 74.9215 44.3141 2.5
      vertex 75.0555 44.4135 2.5
    endloop
  endfacet
  facet normal 0 0 1
    outer loop
      vertex 79 56 2.5
      vertex 74.7979 44.2021 2.5
      vertex 74.9215 44.3141 2.5
    endloop
  endfacet
  facet normal 0 0 1
    outer loop
      vertex 79 56 2.5
      vertex 74.6859 44.0785 2.5
      vertex 74.7979 44.2021 2.5
    endloop
  endfacet
  facet normal 0 0 1
    outer loop
      vertex 79 56 2.5
      vertex 74.5865 43.9445 2.5
      vertex 74.6859 44.0785 2.5
    endloop
  endfacet
  facet normal 0 0 1
    outer loop
      vertex 79 56 2.5
      vertex 74.5007 43.8014 2.5
      vertex 74.5865 43.9445 2.5
    endloop
  endfacet
  facet normal 0 0 1
    outer loop
      vertex 14 24 2.5
      vertex 74.5007 43.8014 2.5
      vertex 79 56 2.5
    endloop
  endfacet
  facet normal 0 0 1
    outer loop
      vertex 74.5865 42.0555 2.5
      vertex 14 24 2.5
      vertex 14 20 2.5
    endloop
  endfacet
  facet normal 0 0 1
    outer loop
      vertex 74.3082 43.1666 2.5
      vertex 14 24 2.5
      vertex 74.3 43 2.5
    endloop
  endfacet
  facet normal 0 0 1
    outer loop
      vertex 74.3327 43.3317 2.5
      vertex 14 24 2.5
      vertex 74.3082 43.1666 2.5
    endloop
  endfacet
  facet normal 0 0 1
    outer loop
      vertex 74.3732 43.4935 2.5
      vertex 14 24 2.5
      vertex 74.3327 43.3317 2.5
    endloop
  endfacet
  facet normal 0 0 1
    outer loop
      vertex 74.4294 43.6506 2.5
      vertex 14 24 2.5
      vertex 74.3732 43.4935 2.5
    endloop
  endfacet
  facet normal 0 0 1
    outer loop
      vertex 74.5007 43.8014 2.5
      vertex 14 24 2.5
      vertex 74.4294 43.6506 2.5
    endloop
  endfacet
  facet normal 0 0 1
    outer loop
      vertex 79 56 2.5
      vertex -14 24 2.5
      vertex 14 24 2.5
    endloop
  endfacet
  facet normal -0 0 1
    outer loop
      vertex -74.3082 42.8334 2.5
      vertex -14 24 2.5
      vertex -74.3 43 2.5
    endloop
  endfacet
  facet normal -0 0 1
    outer loop
      vertex -74.3327 42.6683 2.5
      vertex -14 24 2.5
      vertex -74.3082 42.8334 2.5
    endloop
  endfacet
  facet normal -0 0 1
    outer loop
      vertex -74.3732 42.5065 2.5
      vertex -14 24 2.5
      vertex -74.3327 42.6683 2.5
    endloop
  endfacet
  facet normal -0 0 1
    outer loop
      vertex -79 56 2.5
      vertex -14 24 2.5
      vertex 79 56 2.5
    endloop
  endfacet
  facet normal 0 0 1
    outer loop
      vertex -14 24 2.5
      vertex -74.3082 43.1666 2.5
      vertex -74.3 43 2.5
    endloop
  endfacet
  facet normal 0 0 1
    outer loop
      vertex -14 24 2.5
      vertex -74.3327 43.3317 2.5
      vertex -74.3082 43.1666 2.5
    endloop
  endfacet
  facet normal 0 0 1
    outer loop
      vertex -14 24 2.5
      vertex -74.3732 43.4935 2.5
      vertex -74.3327 43.3317 2.5
    endloop
  endfacet
  facet normal 0 0 1
    outer loop
      vertex -14 24 2.5
      vertex -74.4294 43.6506 2.5
      vertex -74.3732 43.4935 2.5
    endloop
  endfacet
  facet normal 0 0 1
    outer loop
      vertex -14 24 2.5
      vertex -74.5007 43.8014 2.5
      vertex -74.4294 43.6506 2.5
    endloop
  endfacet
  facet normal 0 0 1
    outer loop
      vertex -14 24 2.5
      vertex -79 56 2.5
      vertex -74.5007 43.8014 2.5
    endloop
  endfacet
  facet normal 0 0 1
    outer loop
      vertex -74.5007 43.8014 2.5
      vertex -79 56 2.5
      vertex -74.5865 43.9445 2.5
    endloop
  endfacet
  facet normal 0 0 1
    outer loop
      vertex -74.5865 43.9445 2.5
      vertex -79 56 2.5
      vertex -74.6859 44.0785 2.5
    endloop
  endfacet
  facet normal 0 0 1
    outer loop
      vertex -74.6859 44.0785 2.5
      vertex -79 56 2.5
      vertex -74.7979 44.2021 2.5
    endloop
  endfacet
  facet normal 0 0 1
    outer loop
      vertex -74.7979 44.2021 2.5
      vertex -79 56 2.5
      vertex -74.9215 44.3141 2.5
    endloop
  endfacet
  facet normal 0 0 1
    outer loop
      vertex -74.9215 44.3141 2.5
      vertex -79 56 2.5
      vertex -75.0555 44.4135 2.5
    endloop
  endfacet
  facet normal 0 0 1
    outer loop
      vertex -75.0555 44.4135 2.5
      vertex -79 56 2.5
      vertex -75.1986 44.4993 2.5
    endloop
  endfacet
  facet normal 0 0 1
    outer loop
      vertex -75.1986 44.4993 2.5
      vertex -79 56 2.5
      vertex -75.3494 44.5706 2.5
    endloop
  endfacet
  facet normal 0 0 1
    outer loop
      vertex -75.3494 44.5706 2.5
      vertex -79 56 2.5
      vertex -75.5065 44.6268 2.5
    endloop
  endfacet
  facet normal 0 0 1
    outer loop
      vertex -75.5065 44.6268 2.5
      vertex -79 56 2.5
      vertex -75.6684 44.6673 2.5
    endloop
  endfacet
  facet normal 0 0 1
    outer loop
      vertex -75.6684 44.6673 2.5
      vertex -79 56 2.5
      vertex -75.8334 44.6918 2.5
    endloop
  endfacet
  facet normal 0 0 1
    outer loop
      vertex -75.8334 44.6918 2.5
      vertex -79 56 2.5
      vertex -76 44.7 2.5
    endloop
  endfacet
  facet normal -0 0 1
    outer loop
      vertex -86.7301 52.3439 2.5
      vertex -77.2021 44.2021 2.5
      vertex -86.0711 53.0711 2.5
    endloop
  endfacet
  facet normal -0 0 1
    outer loop
      vertex -86.0711 53.0711 2.5
      vertex -77.2021 44.2021 2.5
      vertex -85.3439 53.7301 2.5
    endloop
  endfacet
  facet normal 0 0 1
    outer loop
      vertex -77.0785 44.3141 2.5
      vertex -85.3439 53.7301 2.5
      vertex -77.2021 44.2021 2.5
    endloop
  endfacet
  facet normal -0 0 1
    outer loop
      vertex -85.3439 53.7301 2.5
      vertex -77.0785 44.3141 2.5
      vertex -84.5557 54.3147 2.5
    endloop
  endfacet
  facet normal -0 0 1
    outer loop
      vertex -84.5557 54.3147 2.5
      vertex -77.0785 44.3141 2.5
      vertex -83.714 54.8192 2.5
    endloop
  endfacet
  facet normal 0 0 1
    outer loop
      vertex -76.9445 44.4135 2.5
      vertex -83.714 54.8192 2.5
      vertex -77.0785 44.3141 2.5
    endloop
  endfacet
  facet normal -0 0 1
    outer loop
      vertex -83.714 54.8192 2.5
      vertex -76.9445 44.4135 2.5
      vertex -82.8268 55.2388 2.5
    endloop
  endfacet
  facet normal -0 0 1
    outer loop
      vertex -82.8268 55.2388 2.5
      vertex -76.9445 44.4135 2.5
      vertex -81.9028 55.5694 2.5
    endloop
  endfacet
  facet normal 0 0 1
    outer loop
      vertex -76.8014 44.4993 2.5
      vertex -81.9028 55.5694 2.5
      vertex -76.9445 44.4135 2.5
    endloop
  endfacet
  facet normal -0 0 1
    outer loop
      vertex -81.9028 55.5694 2.5
      vertex -76.8014 44.4993 2.5
      vertex -80.9509 55.8078 2.5
    endloop
  endfacet
  facet normal -0 0 1
    outer loop
      vertex -80.9509 55.8078 2.5
      vertex -76.8014 44.4993 2.5
      vertex -79.9802 55.9518 2.5
    endloop
  endfacet
  facet normal 0 0 1
    outer loop
      vertex -76.6506 44.5706 2.5
      vertex -79.9802 55.9518 2.5
      vertex -76.8014 44.4993 2.5
    endloop
  endfacet
  facet normal -0 0 1
    outer loop
      vertex -79.9802 55.9518 2.5
      vertex -76.6506 44.5706 2.5
      vertex -79 56 2.5
    endloop
  endfacet
  facet normal 0 0 1
    outer loop
      vertex -76.4935 44.6268 2.5
      vertex -79 56 2.5
      vertex -76.6506 44.5706 2.5
    endloop
  endfacet
  facet normal 0 0 1
    outer loop
      vertex -76.3316 44.6673 2.5
      vertex -79 56 2.5
      vertex -76.4935 44.6268 2.5
    endloop
  endfacet
  facet normal 0 0 1
    outer loop
      vertex -76.1666 44.6918 2.5
      vertex -79 56 2.5
      vertex -76.3316 44.6673 2.5
    endloop
  endfacet
  facet normal 0 0 1
    outer loop
      vertex -76 44.7 2.5
      vertex -79 56 2.5
      vertex -76.1666 44.6918 2.5
    endloop
  endfacet
  facet normal 0 0 1
    outer loop
      vertex 86.7301 -52.3439 2.5
      vertex 77.2021 -44.2021 2.5
      vertex 86.0711 -53.0711 2.5
    endloop
  endfacet
  facet normal 0 0 1
    outer loop
      vertex 86.0711 -53.0711 2.5
      vertex 77.2021 -44.2021 2.5
      vertex 85.3439 -53.7301 2.5
    endloop
  endfacet
  facet normal -0 0 1
    outer loop
      vertex 77.0785 -44.3141 2.5
      vertex 85.3439 -53.7301 2.5
      vertex 77.2021 -44.2021 2.5
    endloop
  endfacet
  facet normal 0 0 1
    outer loop
      vertex 85.3439 -53.7301 2.5
      vertex 77.0785 -44.3141 2.5
      vertex 84.5557 -54.3147 2.5
    endloop
  endfacet
  facet normal 0 0 1
    outer loop
      vertex 84.5557 -54.3147 2.5
      vertex 77.0785 -44.3141 2.5
      vertex 83.714 -54.8192 2.5
    endloop
  endfacet
  facet normal -0 0 1
    outer loop
      vertex 76.9445 -44.4135 2.5
      vertex 83.714 -54.8192 2.5
      vertex 77.0785 -44.3141 2.5
    endloop
  endfacet
  facet normal 0 0 1
    outer loop
      vertex 83.714 -54.8192 2.5
      vertex 76.9445 -44.4135 2.5
      vertex 82.8268 -55.2388 2.5
    endloop
  endfacet
  facet normal 0 0 1
    outer loop
      vertex 82.8268 -55.2388 2.5
      vertex 76.9445 -44.4135 2.5
      vertex 81.9028 -55.5694 2.5
    endloop
  endfacet
  facet normal -0 0 1
    outer loop
      vertex 76.8014 -44.4993 2.5
      vertex 81.9028 -55.5694 2.5
      vertex 76.9445 -44.4135 2.5
    endloop
  endfacet
  facet normal 0 0 1
    outer loop
      vertex 81.9028 -55.5694 2.5
      vertex 76.8014 -44.4993 2.5
      vertex 80.9509 -55.8078 2.5
    endloop
  endfacet
  facet normal 0 0 1
    outer loop
      vertex 80.9509 -55.8078 2.5
      vertex 76.8014 -44.4993 2.5
      vertex 79.9802 -55.9518 2.5
    endloop
  endfacet
  facet normal -0 0 1
    outer loop
      vertex 76.6506 -44.5706 2.5
      vertex 79.9802 -55.9518 2.5
      vertex 76.8014 -44.4993 2.5
    endloop
  endfacet
  facet normal 0 0 1
    outer loop
      vertex 79.9802 -55.9518 2.5
      vertex 76.6506 -44.5706 2.5
      vertex 79 -56 2.5
    endloop
  endfacet
  facet normal -0 0 1
    outer loop
      vertex 76.4935 -44.6268 2.5
      vertex 79 -56 2.5
      vertex 76.6506 -44.5706 2.5
    endloop
  endfacet
  facet normal -0 0 1
    outer loop
      vertex 76.3316 -44.6673 2.5
      vertex 79 -56 2.5
      vertex 76.4935 -44.6268 2.5
    endloop
  endfacet
  facet normal -0 0 1
    outer loop
      vertex 76.1666 -44.6918 2.5
      vertex 79 -56 2.5
      vertex 76.3316 -44.6673 2.5
    endloop
  endfacet
  facet normal -0 0 1
    outer loop
      vertex 76 -44.7 2.5
      vertex 79 -56 2.5
      vertex 76.1666 -44.6918 2.5
    endloop
  endfacet
  facet normal 0 0 1
    outer loop
      vertex 75.8334 -44.6918 2.5
      vertex 79 -56 2.5
      vertex 76 -44.7 2.5
    endloop
  endfacet
  facet normal 0 0 1
    outer loop
      vertex 75.6684 -44.6673 2.5
      vertex 79 -56 2.5
      vertex 75.8334 -44.6918 2.5
    endloop
  endfacet
  facet normal 0 0 1
    outer loop
      vertex 75.5065 -44.6268 2.5
      vertex 79 -56 2.5
      vertex 75.6684 -44.6673 2.5
    endloop
  endfacet
  facet normal 0 0 1
    outer loop
      vertex 75.3494 -44.5706 2.5
      vertex 79 -56 2.5
      vertex 75.5065 -44.6268 2.5
    endloop
  endfacet
  facet normal 0 0 1
    outer loop
      vertex 75.1986 -44.4993 2.5
      vertex 79 -56 2.5
      vertex 75.3494 -44.5706 2.5
    endloop
  endfacet
  facet normal 0 0 1
    outer loop
      vertex 75.0555 -44.4135 2.5
      vertex 79 -56 2.5
      vertex 75.1986 -44.4993 2.5
    endloop
  endfacet
  facet normal 0 0 1
    outer loop
      vertex 74.9215 -44.3141 2.5
      vertex 79 -56 2.5
      vertex 75.0555 -44.4135 2.5
    endloop
  endfacet
  facet normal 0 0 1
    outer loop
      vertex 74.7979 -44.2021 2.5
      vertex 79 -56 2.5
      vertex 74.9215 -44.3141 2.5
    endloop
  endfacet
  facet normal 0 0 1
    outer loop
      vertex 74.6859 -44.0785 2.5
      vertex 79 -56 2.5
      vertex 74.7979 -44.2021 2.5
    endloop
  endfacet
  facet normal 0 0 1
    outer loop
      vertex 74.5865 -43.9445 2.5
      vertex 79 -56 2.5
      vertex 74.6859 -44.0785 2.5
    endloop
  endfacet
  facet normal 0 0 1
    outer loop
      vertex 74.5007 -43.8014 2.5
      vertex 79 -56 2.5
      vertex 74.5865 -43.9445 2.5
    endloop
  endfacet
  facet normal 0 0 1
    outer loop
      vertex 7.0583 -43.5657 2.5
      vertex 74.5007 -43.8014 2.5
      vertex 74.4294 -43.6506 2.5
    endloop
  endfacet
  facet normal 0 0 1
    outer loop
      vertex 74.3732 -42.5065 2.5
      vertex 14 -24 2.5
      vertex 74.3327 -42.6683 2.5
    endloop
  endfacet
  facet normal 0 0 1
    outer loop
      vertex 74.3327 -42.6683 2.5
      vertex 14 -24 2.5
      vertex 74.3082 -42.8334 2.5
    endloop
  endfacet
  facet normal 0 0 1
    outer loop
      vertex 74.3082 -42.8334 2.5
      vertex 14 -24 2.5
      vertex 74.3 -43 2.5
    endloop
  endfacet
  facet normal 0 0 1
    outer loop
      vertex 7.2 -43 2.5
      vertex 74.3 -43 2.5
      vertex 14 -24 2.5
    endloop
  endfacet
  facet normal 0 0 1
    outer loop
      vertex 74.3 -43 2.5
      vertex 7.2 -43 2.5
      vertex 74.3082 -43.1666 2.5
    endloop
  endfacet
  facet normal -0 0 1
    outer loop
      vertex 7.19422 -43.1176 2.5
      vertex 74.3082 -43.1666 2.5
      vertex 7.2 -43 2.5
    endloop
  endfacet
  facet normal 0 0 1
    outer loop
      vertex 74.3082 -43.1666 2.5
      vertex 7.19422 -43.1176 2.5
      vertex 74.3327 -43.3317 2.5
    endloop
  endfacet
  facet normal -0 0 1
    outer loop
      vertex 7.17694 -43.2341 2.5
      vertex 74.3327 -43.3317 2.5
      vertex 7.19422 -43.1176 2.5
    endloop
  endfacet
  facet normal 0 0 1
    outer loop
      vertex 74.3327 -43.3317 2.5
      vertex 7.17694 -43.2341 2.5
      vertex 74.3732 -43.4935 2.5
    endloop
  endfacet
  facet normal -0 0 1
    outer loop
      vertex 7.14833 -43.3483 2.5
      vertex 74.3732 -43.4935 2.5
      vertex 7.17694 -43.2341 2.5
    endloop
  endfacet
  facet normal 0 0 1
    outer loop
      vertex 74.3732 -43.4935 2.5
      vertex 7.14833 -43.3483 2.5
      vertex 74.4294 -43.6506 2.5
    endloop
  endfacet
  facet normal -0 0 1
    outer loop
      vertex 7.10865 -43.4592 2.5
      vertex 74.4294 -43.6506 2.5
      vertex 7.14833 -43.3483 2.5
    endloop
  endfacet
  facet normal -0 0 1
    outer loop
      vertex 7.0583 -43.5657 2.5
      vertex 74.4294 -43.6506 2.5
      vertex 7.10865 -43.4592 2.5
    endloop
  endfacet
  facet normal 0 0 1
    outer loop
      vertex 74.5007 -43.8014 2.5
      vertex 7.0583 -43.5657 2.5
      vertex 79 -56 2.5
    endloop
  endfacet
  facet normal -0 0 1
    outer loop
      vertex 6.99776 -43.6667 2.5
      vertex 79 -56 2.5
      vertex 7.0583 -43.5657 2.5
    endloop
  endfacet
  facet normal -0 0 1
    outer loop
      vertex 6.92761 -43.7613 2.5
      vertex 79 -56 2.5
      vertex 6.99776 -43.6667 2.5
    endloop
  endfacet
  facet normal -0 0 1
    outer loop
      vertex 6.84853 -43.8485 2.5
      vertex 79 -56 2.5
      vertex 6.92761 -43.7613 2.5
    endloop
  endfacet
  facet normal -0 0 1
    outer loop
      vertex 6.76127 -43.9276 2.5
      vertex 79 -56 2.5
      vertex 6.84853 -43.8485 2.5
    endloop
  endfacet
  facet normal -0 0 1
    outer loop
      vertex 6.66668 -43.9978 2.5
      vertex 79 -56 2.5
      vertex 6.76127 -43.9276 2.5
    endloop
  endfacet
  facet normal -0 0 1
    outer loop
      vertex 6.56568 -44.0583 2.5
      vertex 79 -56 2.5
      vertex 6.66668 -43.9978 2.5
    endloop
  endfacet
  facet normal -0 0 1
    outer loop
      vertex 6.45922 -44.1087 2.5
      vertex 79 -56 2.5
      vertex 6.56568 -44.0583 2.5
    endloop
  endfacet
  facet normal -0 0 1
    outer loop
      vertex 6.34834 -44.1483 2.5
      vertex 79 -56 2.5
      vertex 6.45922 -44.1087 2.5
    endloop
  endfacet
  facet normal -0 0 1
    outer loop
      vertex 6.23411 -44.1769 2.5
      vertex 79 -56 2.5
      vertex 6.34834 -44.1483 2.5
    endloop
  endfacet
  facet normal -0 0 1
    outer loop
      vertex 6.11762 -44.1942 2.5
      vertex 79 -56 2.5
      vertex 6.23411 -44.1769 2.5
    endloop
  endfacet
  facet normal -0 0 1
    outer loop
      vertex 6 -44.2 2.5
      vertex 79 -56 2.5
      vertex 6.11762 -44.1942 2.5
    endloop
  endfacet
  facet normal 0 0 1
    outer loop
      vertex -6 -44.2 2.5
      vertex 6 -44.2 2.5
      vertex 5.88238 -44.1942 2.5
    endloop
  endfacet
  facet normal 0 0 1
    outer loop
      vertex -5.88238 -44.1942 2.5
      vertex 5.88238 -44.1942 2.5
      vertex 5.76589 -44.1769 2.5
    endloop
  endfacet
  facet normal -0 0 1
    outer loop
      vertex -4.8 -43 2.5
      vertex 4.80578 -43.1176 2.5
      vertex 4.8 -43 2.5
    endloop
  endfacet
  facet normal 0 0 1
    outer loop
      vertex -4.80578 -43.1176 2.5
      vertex 4.80578 -43.1176 2.5
      vertex -4.8 -43 2.5
    endloop
  endfacet
  facet normal 0 0 1
    outer loop
      vertex 4.80578 -43.1176 2.5
      vertex -4.80578 -43.1176 2.5
      vertex 4.82306 -43.2341 2.5
    endloop
  endfacet
  facet normal 0 0 1
    outer loop
      vertex -4.82306 -43.2341 2.5
      vertex 4.82306 -43.2341 2.5
      vertex -4.80578 -43.1176 2.5
    endloop
  endfacet
  facet normal 0 0 1
    outer loop
      vertex 4.82306 -43.2341 2.5
      vertex -4.82306 -43.2341 2.5
      vertex 4.85167 -43.3483 2.5
    endloop
  endfacet
  facet normal 0 0 1
    outer loop
      vertex -4.85167 -43.3483 2.5
      vertex 4.85167 -43.3483 2.5
      vertex -4.82306 -43.2341 2.5
    endloop
  endfacet
  facet normal 0 0 1
    outer loop
      vertex 4.85167 -43.3483 2.5
      vertex -4.85167 -43.3483 2.5
      vertex 4.89134 -43.4592 2.5
    endloop
  endfacet
  facet normal 0 0 1
    outer loop
      vertex -4.89134 -43.4592 2.5
      vertex 4.89134 -43.4592 2.5
      vertex -4.85167 -43.3483 2.5
    endloop
  endfacet
  facet normal 0 0 1
    outer loop
      vertex 4.89134 -43.4592 2.5
      vertex -4.89134 -43.4592 2.5
      vertex 4.94169 -43.5657 2.5
    endloop
  endfacet
  facet normal 0 0 1
    outer loop
      vertex -4.94169 -43.5657 2.5
      vertex 4.94169 -43.5657 2.5
      vertex -4.89134 -43.4592 2.5
    endloop
  endfacet
  facet normal 0 0 1
    outer loop
      vertex 4.94169 -43.5657 2.5
      vertex -4.94169 -43.5657 2.5
      vertex 5.00224 -43.6667 2.5
    endloop
  endfacet
  facet normal 0 0 1
    outer loop
      vertex -5.00224 -43.6667 2.5
      vertex 5.00224 -43.6667 2.5
      vertex -4.94169 -43.5657 2.5
    endloop
  endfacet
  facet normal 0 0 1
    outer loop
      vertex 5.00224 -43.6667 2.5
      vertex -5.00224 -43.6667 2.5
      vertex 5.07239 -43.7613 2.5
    endloop
  endfacet
  facet normal 0 0 1
    outer loop
      vertex -5.07239 -43.7613 2.5
      vertex 5.07239 -43.7613 2.5
      vertex -5.00224 -43.6667 2.5
    endloop
  endfacet
  facet normal 0 0 1
    outer loop
      vertex 5.07239 -43.7613 2.5
      vertex -5.07239 -43.7613 2.5
      vertex 5.15147 -43.8485 2.5
    endloop
  endfacet
  facet normal 0 0 1
    outer loop
      vertex -5.15147 -43.8485 2.5
      vertex 5.15147 -43.8485 2.5
      vertex -5.07239 -43.7613 2.5
    endloop
  endfacet
  facet normal 0 0 1
    outer loop
      vertex 5.15147 -43.8485 2.5
      vertex -5.15147 -43.8485 2.5
      vertex 5.23873 -43.9276 2.5
    endloop
  endfacet
  facet normal 0 0 1
    outer loop
      vertex -5.23873 -43.9276 2.5
      vertex 5.23873 -43.9276 2.5
      vertex -5.15147 -43.8485 2.5
    endloop
  endfacet
  facet normal 0 0 1
    outer loop
      vertex 5.23873 -43.9276 2.5
      vertex -5.23873 -43.9276 2.5
      vertex 5.33331 -43.9978 2.5
    endloop
  endfacet
  facet normal 0 0 1
    outer loop
      vertex -5.33331 -43.9978 2.5
      vertex 5.33331 -43.9978 2.5
      vertex -5.23873 -43.9276 2.5
    endloop
  endfacet
  facet normal 0 0 1
    outer loop
      vertex 5.33331 -43.9978 2.5
      vertex -5.33331 -43.9978 2.5
      vertex 5.43432 -44.0583 2.5
    endloop
  endfacet
  facet normal 0 0 1
    outer loop
      vertex -5.43432 -44.0583 2.5
      vertex 5.43432 -44.0583 2.5
      vertex -5.33331 -43.9978 2.5
    endloop
  endfacet
  facet normal 0 0 1
    outer loop
      vertex 5.43432 -44.0583 2.5
      vertex -5.43432 -44.0583 2.5
      vertex 5.54078 -44.1087 2.5
    endloop
  endfacet
  facet normal 0 0 1
    outer loop
      vertex -5.54078 -44.1087 2.5
      vertex 5.54078 -44.1087 2.5
      vertex -5.43432 -44.0583 2.5
    endloop
  endfacet
  facet normal 0 0 1
    outer loop
      vertex 5.54078 -44.1087 2.5
      vertex -5.54078 -44.1087 2.5
      vertex 5.65166 -44.1483 2.5
    endloop
  endfacet
  facet normal 0 0 1
    outer loop
      vertex -5.65166 -44.1483 2.5
      vertex 5.65166 -44.1483 2.5
      vertex -5.54078 -44.1087 2.5
    endloop
  endfacet
  facet normal 0 0 1
    outer loop
      vertex 5.65166 -44.1483 2.5
      vertex -5.65166 -44.1483 2.5
      vertex 5.76589 -44.1769 2.5
    endloop
  endfacet
  facet normal 0 0 1
    outer loop
      vertex -5.76589 -44.1769 2.5
      vertex 5.76589 -44.1769 2.5
      vertex -5.65166 -44.1483 2.5
    endloop
  endfacet
  facet normal 0 0 1
    outer loop
      vertex -5.88238 -44.1942 2.5
      vertex 5.76589 -44.1769 2.5
      vertex -5.76589 -44.1769 2.5
    endloop
  endfacet
  facet normal 0 0 1
    outer loop
      vertex 5.88238 -44.1942 2.5
      vertex -5.88238 -44.1942 2.5
      vertex -6 -44.2 2.5
    endloop
  endfacet
  facet normal 0 0 1
    outer loop
      vertex 6 -44.2 2.5
      vertex -6 -44.2 2.5
      vertex 79 -56 2.5
    endloop
  endfacet
  facet normal 0 0 1
    outer loop
      vertex -79 -56 2.5
      vertex -6 -44.2 2.5
      vertex -6.11762 -44.1942 2.5
    endloop
  endfacet
  facet normal 0 0 1
    outer loop
      vertex -74.3 -43 2.5
      vertex -7.2 -43 2.5
      vertex -14 -24 2.5
    endloop
  endfacet
  facet normal 0 0 1
    outer loop
      vertex -7.2 -43 2.5
      vertex -74.3 -43 2.5
      vertex -7.19422 -43.1176 2.5
    endloop
  endfacet
  facet normal 0 0 1
    outer loop
      vertex -74.3082 -43.1666 2.5
      vertex -7.19422 -43.1176 2.5
      vertex -74.3 -43 2.5
    endloop
  endfacet
  facet normal 0 0 1
    outer loop
      vertex -14 -20 2.5
      vertex -74.3 -43 2.5
      vertex -14 -24 2.5
    endloop
  endfacet
  facet normal 0 0 1
    outer loop
      vertex -7.19422 -43.1176 2.5
      vertex -74.3082 -43.1666 2.5
      vertex -7.17694 -43.2341 2.5
    endloop
  endfacet
  facet normal 0 0 1
    outer loop
      vertex -74.3327 -43.3317 2.5
      vertex -7.17694 -43.2341 2.5
      vertex -74.3082 -43.1666 2.5
    endloop
  endfacet
  facet normal 0 0 1
    outer loop
      vertex -7.17694 -43.2341 2.5
      vertex -74.3327 -43.3317 2.5
      vertex -7.14833 -43.3483 2.5
    endloop
  endfacet
  facet normal 0 0 1
    outer loop
      vertex -74.3732 -43.4935 2.5
      vertex -7.14833 -43.3483 2.5
      vertex -74.3327 -43.3317 2.5
    endloop
  endfacet
  facet normal 0 0 1
    outer loop
      vertex -7.14833 -43.3483 2.5
      vertex -74.3732 -43.4935 2.5
      vertex -7.10865 -43.4592 2.5
    endloop
  endfacet
  facet normal 0 0 1
    outer loop
      vertex -74.4294 -43.6506 2.5
      vertex -7.10865 -43.4592 2.5
      vertex -74.3732 -43.4935 2.5
    endloop
  endfacet
  facet normal 0 0 1
    outer loop
      vertex -7.10865 -43.4592 2.5
      vertex -74.4294 -43.6506 2.5
      vertex -7.0583 -43.5657 2.5
    endloop
  endfacet
  facet normal 0 0 1
    outer loop
      vertex -74.5007 -43.8014 2.5
      vertex -7.0583 -43.5657 2.5
      vertex -74.4294 -43.6506 2.5
    endloop
  endfacet
  facet normal 0 0 1
    outer loop
      vertex -79 -56 2.5
      vertex -7.0583 -43.5657 2.5
      vertex -74.5007 -43.8014 2.5
    endloop
  endfacet
  facet normal 0 0 1
    outer loop
      vertex -7.0583 -43.5657 2.5
      vertex -79 -56 2.5
      vertex -6.99776 -43.6667 2.5
    endloop
  endfacet
  facet normal 0 0 1
    outer loop
      vertex -6.99776 -43.6667 2.5
      vertex -79 -56 2.5
      vertex -6.92761 -43.7613 2.5
    endloop
  endfacet
  facet normal 0 0 1
    outer loop
      vertex -6.92761 -43.7613 2.5
      vertex -79 -56 2.5
      vertex -6.84853 -43.8485 2.5
    endloop
  endfacet
  facet normal 0 0 1
    outer loop
      vertex -6.84853 -43.8485 2.5
      vertex -79 -56 2.5
      vertex -6.76127 -43.9276 2.5
    endloop
  endfacet
  facet normal 0 0 1
    outer loop
      vertex -6.76127 -43.9276 2.5
      vertex -79 -56 2.5
      vertex -6.66668 -43.9978 2.5
    endloop
  endfacet
  facet normal 0 0 1
    outer loop
      vertex -6.66668 -43.9978 2.5
      vertex -79 -56 2.5
      vertex -6.56568 -44.0583 2.5
    endloop
  endfacet
  facet normal 0 0 1
    outer loop
      vertex -6.56568 -44.0583 2.5
      vertex -79 -56 2.5
      vertex -6.45922 -44.1087 2.5
    endloop
  endfacet
  facet normal 0 0 1
    outer loop
      vertex -6.45922 -44.1087 2.5
      vertex -79 -56 2.5
      vertex -6.34834 -44.1483 2.5
    endloop
  endfacet
  facet normal 0 0 1
    outer loop
      vertex -6.34834 -44.1483 2.5
      vertex -79 -56 2.5
      vertex -6.23411 -44.1769 2.5
    endloop
  endfacet
  facet normal 0 0 1
    outer loop
      vertex -6.23411 -44.1769 2.5
      vertex -79 -56 2.5
      vertex -6.11762 -44.1942 2.5
    endloop
  endfacet
  facet normal 0 0 1
    outer loop
      vertex -79 -56 2.5
      vertex -74.5007 -43.8014 2.5
      vertex -74.5865 -43.9445 2.5
    endloop
  endfacet
  facet normal 0 0 1
    outer loop
      vertex -79 -56 2.5
      vertex -74.5865 -43.9445 2.5
      vertex -74.6859 -44.0785 2.5
    endloop
  endfacet
  facet normal 0 0 1
    outer loop
      vertex -79 -56 2.5
      vertex -74.6859 -44.0785 2.5
      vertex -74.7979 -44.2021 2.5
    endloop
  endfacet
  facet normal 0 0 1
    outer loop
      vertex -79 -56 2.5
      vertex -74.7979 -44.2021 2.5
      vertex -74.9215 -44.3141 2.5
    endloop
  endfacet
  facet normal 0 0 1
    outer loop
      vertex -79 -56 2.5
      vertex -74.9215 -44.3141 2.5
      vertex -75.0555 -44.4135 2.5
    endloop
  endfacet
  facet normal 0 0 1
    outer loop
      vertex -79 -56 2.5
      vertex -75.0555 -44.4135 2.5
      vertex -75.1986 -44.4993 2.5
    endloop
  endfacet
  facet normal 0 0 1
    outer loop
      vertex -79 -56 2.5
      vertex -75.1986 -44.4993 2.5
      vertex -75.3494 -44.5706 2.5
    endloop
  endfacet
  facet normal 0 0 1
    outer loop
      vertex -79 -56 2.5
      vertex -75.3494 -44.5706 2.5
      vertex -75.5065 -44.6268 2.5
    endloop
  endfacet
  facet normal 0 0 1
    outer loop
      vertex -79 -56 2.5
      vertex -75.5065 -44.6268 2.5
      vertex -75.6684 -44.6673 2.5
    endloop
  endfacet
  facet normal 0 0 1
    outer loop
      vertex -79 -56 2.5
      vertex -75.6684 -44.6673 2.5
      vertex -75.8334 -44.6918 2.5
    endloop
  endfacet
  facet normal 0 0 1
    outer loop
      vertex -79 -56 2.5
      vertex -75.8334 -44.6918 2.5
      vertex -76 -44.7 2.5
    endloop
  endfacet
  facet normal 0 0 1
    outer loop
      vertex -79 -56 2.5
      vertex -76 -44.7 2.5
      vertex -76.1666 -44.6918 2.5
    endloop
  endfacet
  facet normal 0 0 1
    outer loop
      vertex -6 -44.2 2.5
      vertex -79 -56 2.5
      vertex 79 -56 2.5
    endloop
  endfacet
  facet normal 0 0 1
    outer loop
      vertex -76.3316 -44.6673 2.5
      vertex -79 -56 2.5
      vertex -76.1666 -44.6918 2.5
    endloop
  endfacet
  facet normal 0 0 1
    outer loop
      vertex -76.4935 -44.6268 2.5
      vertex -79 -56 2.5
      vertex -76.3316 -44.6673 2.5
    endloop
  endfacet
  facet normal 0 0 1
    outer loop
      vertex -76.6506 -44.5706 2.5
      vertex -79 -56 2.5
      vertex -76.4935 -44.6268 2.5
    endloop
  endfacet
  facet normal 0 0 1
    outer loop
      vertex -79.9802 -55.9518 2.5
      vertex -76.6506 -44.5706 2.5
      vertex -76.8014 -44.4993 2.5
    endloop
  endfacet
  facet normal 0 0 1
    outer loop
      vertex -81.9028 -55.5694 2.5
      vertex -76.8014 -44.4993 2.5
      vertex -76.9445 -44.4135 2.5
    endloop
  endfacet
  facet normal 0 0 1
    outer loop
      vertex -83.714 -54.8192 2.5
      vertex -76.9445 -44.4135 2.5
      vertex -77.0785 -44.3141 2.5
    endloop
  endfacet
  facet normal 0 0 1
    outer loop
      vertex -85.3439 -53.7301 2.5
      vertex -77.0785 -44.3141 2.5
      vertex -77.2021 -44.2021 2.5
    endloop
  endfacet
  facet normal 0 0 1
    outer loop
      vertex -86.7301 -52.3439 2.5
      vertex -77.2021 -44.2021 2.5
      vertex -77.3141 -44.0785 2.5
    endloop
  endfacet
  facet normal 0 0 1
    outer loop
      vertex -87.8192 -50.714 2.5
      vertex -77.3141 -44.0785 2.5
      vertex -77.4135 -43.9445 2.5
    endloop
  endfacet
  facet normal 0 0 1
    outer loop
      vertex -88.5694 -48.9028 2.5
      vertex -77.4135 -43.9445 2.5
      vertex -77.4993 -43.8014 2.5
    endloop
  endfacet
  facet normal 0 0 1
    outer loop
      vertex -88.9518 -46.9802 2.5
      vertex -77.4993 -43.8014 2.5
      vertex -77.5706 -43.6506 2.5
    endloop
  endfacet
  facet normal 0 0 1
    outer loop
      vertex -89 -46 2.5
      vertex -77.5706 -43.6506 2.5
      vertex -77.6268 -43.4935 2.5
    endloop
  endfacet
  facet normal 0 0 1
    outer loop
      vertex -89 -46 2.5
      vertex -77.6268 -43.4935 2.5
      vertex -77.6673 -43.3317 2.5
    endloop
  endfacet
  facet normal 0 0 1
    outer loop
      vertex -89 -46 2.5
      vertex -77.6673 -43.3317 2.5
      vertex -77.6918 -43.1666 2.5
    endloop
  endfacet
  facet normal 0 0 1
    outer loop
      vertex -89 -46 2.5
      vertex -77.6918 -43.1666 2.5
      vertex -77.7 -43 2.5
    endloop
  endfacet
  facet normal 0 0 1
    outer loop
      vertex -77.6673 -42.6683 2.5
      vertex -89 -46 2.5
      vertex -77.6918 -42.8334 2.5
    endloop
  endfacet
  facet normal 0 0 1
    outer loop
      vertex -77.2021 44.2021 2.5
      vertex -86.7301 52.3439 2.5
      vertex -77.3141 44.0785 2.5
    endloop
  endfacet
  facet normal 0 0 1
    outer loop
      vertex -77.6918 -42.8334 2.5
      vertex -89 -46 2.5
      vertex -77.7 -43 2.5
    endloop
  endfacet
  facet normal -0 0 1
    outer loop
      vertex -87.3147 51.5557 2.5
      vertex -77.3141 44.0785 2.5
      vertex -86.7301 52.3439 2.5
    endloop
  endfacet
  facet normal 0 0 1
    outer loop
      vertex -77.5706 -43.6506 2.5
      vertex -89 -46 2.5
      vertex -88.9518 -46.9802 2.5
    endloop
  endfacet
  facet normal -0 0 1
    outer loop
      vertex -87.8192 50.714 2.5
      vertex -77.3141 44.0785 2.5
      vertex -87.3147 51.5557 2.5
    endloop
  endfacet
  facet normal 0 0 1
    outer loop
      vertex -76.6506 -44.5706 2.5
      vertex -79.9802 -55.9518 2.5
      vertex -79 -56 2.5
    endloop
  endfacet
  facet normal 0 0 1
    outer loop
      vertex -77.3141 44.0785 2.5
      vertex -87.8192 50.714 2.5
      vertex -77.4135 43.9445 2.5
    endloop
  endfacet
  facet normal 0 0 1
    outer loop
      vertex -76.8014 -44.4993 2.5
      vertex -80.9509 -55.8078 2.5
      vertex -79.9802 -55.9518 2.5
    endloop
  endfacet
  facet normal -0 0 1
    outer loop
      vertex -88.2388 49.8268 2.5
      vertex -77.4135 43.9445 2.5
      vertex -87.8192 50.714 2.5
    endloop
  endfacet
  facet normal 0 0 1
    outer loop
      vertex -76.8014 -44.4993 2.5
      vertex -81.9028 -55.5694 2.5
      vertex -80.9509 -55.8078 2.5
    endloop
  endfacet
  facet normal -0 0 1
    outer loop
      vertex -88.5694 48.9028 2.5
      vertex -77.4135 43.9445 2.5
      vertex -88.2388 49.8268 2.5
    endloop
  endfacet
  facet normal 0 0 1
    outer loop
      vertex -76.9445 -44.4135 2.5
      vertex -82.8268 -55.2388 2.5
      vertex -81.9028 -55.5694 2.5
    endloop
  endfacet
  facet normal 0 0 1
    outer loop
      vertex -77.4135 43.9445 2.5
      vertex -88.5694 48.9028 2.5
      vertex -77.4993 43.8014 2.5
    endloop
  endfacet
  facet normal 0 0 1
    outer loop
      vertex -76.9445 -44.4135 2.5
      vertex -83.714 -54.8192 2.5
      vertex -82.8268 -55.2388 2.5
    endloop
  endfacet
  facet normal -0 0 1
    outer loop
      vertex -88.8078 47.9509 2.5
      vertex -77.4993 43.8014 2.5
      vertex -88.5694 48.9028 2.5
    endloop
  endfacet
  facet normal 0 0 1
    outer loop
      vertex -77.0785 -44.3141 2.5
      vertex -84.5557 -54.3147 2.5
      vertex -83.714 -54.8192 2.5
    endloop
  endfacet
  facet normal -0 0 1
    outer loop
      vertex -88.9518 46.9802 2.5
      vertex -77.4993 43.8014 2.5
      vertex -88.8078 47.9509 2.5
    endloop
  endfacet
  facet normal 0 0 1
    outer loop
      vertex -77.0785 -44.3141 2.5
      vertex -85.3439 -53.7301 2.5
      vertex -84.5557 -54.3147 2.5
    endloop
  endfacet
  facet normal 0 0 1
    outer loop
      vertex -77.4993 43.8014 2.5
      vertex -88.9518 46.9802 2.5
      vertex -77.5706 43.6506 2.5
    endloop
  endfacet
  facet normal 0 0 1
    outer loop
      vertex -77.2021 -44.2021 2.5
      vertex -86.0711 -53.0711 2.5
      vertex -85.3439 -53.7301 2.5
    endloop
  endfacet
  facet normal -0 0 1
    outer loop
      vertex -89 46 2.5
      vertex -77.5706 43.6506 2.5
      vertex -88.9518 46.9802 2.5
    endloop
  endfacet
  facet normal 0 0 1
    outer loop
      vertex -77.2021 -44.2021 2.5
      vertex -86.7301 -52.3439 2.5
      vertex -86.0711 -53.0711 2.5
    endloop
  endfacet
  facet normal 0 0 1
    outer loop
      vertex -77.5706 43.6506 2.5
      vertex -89 46 2.5
      vertex -77.6268 43.4935 2.5
    endloop
  endfacet
  facet normal 0 0 1
    outer loop
      vertex -77.3141 -44.0785 2.5
      vertex -87.3147 -51.5557 2.5
      vertex -86.7301 -52.3439 2.5
    endloop
  endfacet
  facet normal 0 0 1
    outer loop
      vertex -77.6268 43.4935 2.5
      vertex -89 46 2.5
      vertex -77.6673 43.3317 2.5
    endloop
  endfacet
  facet normal 0 0 1
    outer loop
      vertex -77.3141 -44.0785 2.5
      vertex -87.8192 -50.714 2.5
      vertex -87.3147 -51.5557 2.5
    endloop
  endfacet
  facet normal 0 0 1
    outer loop
      vertex -77.6673 43.3317 2.5
      vertex -89 46 2.5
      vertex -77.6918 43.1666 2.5
    endloop
  endfacet
  facet normal 0 0 1
    outer loop
      vertex -77.4135 -43.9445 2.5
      vertex -88.2388 -49.8268 2.5
      vertex -87.8192 -50.714 2.5
    endloop
  endfacet
  facet normal 0 0 1
    outer loop
      vertex -77.6918 43.1666 2.5
      vertex -89 46 2.5
      vertex -77.7 43 2.5
    endloop
  endfacet
  facet normal 0 0 1
    outer loop
      vertex -77.4135 -43.9445 2.5
      vertex -88.5694 -48.9028 2.5
      vertex -88.2388 -49.8268 2.5
    endloop
  endfacet
  facet normal 0 0 1
    outer loop
      vertex -77.4993 -43.8014 2.5
      vertex -88.8078 -47.9509 2.5
      vertex -88.5694 -48.9028 2.5
    endloop
  endfacet
  facet normal 0 0 1
    outer loop
      vertex -77.4993 -43.8014 2.5
      vertex -88.9518 -46.9802 2.5
      vertex -88.8078 -47.9509 2.5
    endloop
  endfacet
  facet normal -0.857727 0.514106 0
    outer loop
      vertex -87.8192 50.714 -2.5
      vertex -87.3147 51.5557 2.5
      vertex -87.3147 51.5557 -2.5
    endloop
  endfacet
  facet normal -0.857727 0.514106 0
    outer loop
      vertex -87.3147 51.5557 2.5
      vertex -87.8192 50.714 -2.5
      vertex -87.8192 50.714 2.5
    endloop
  endfacet
  facet normal -0.242943 0.970041 0
    outer loop
      vertex -80.9509 55.8078 -2.5
      vertex -81.9028 55.5694 2.5
      vertex -80.9509 55.8078 2.5
    endloop
  endfacet
  facet normal -0.242943 0.970041 0
    outer loop
      vertex -81.9028 55.5694 2.5
      vertex -80.9509 55.8078 -2.5
      vertex -81.9028 55.5694 -2.5
    endloop
  endfacet
  facet normal -0.803192 0.59572 0
    outer loop
      vertex -87.3147 51.5557 -2.5
      vertex -86.7301 52.3439 2.5
      vertex -86.7301 52.3439 -2.5
    endloop
  endfacet
  facet normal -0.803192 0.59572 0
    outer loop
      vertex -86.7301 52.3439 2.5
      vertex -87.3147 51.5557 -2.5
      vertex -87.3147 51.5557 2.5
    endloop
  endfacet
  facet normal -0.59572 0.803192 0
    outer loop
      vertex -84.5557 54.3147 -2.5
      vertex -85.3439 53.7301 2.5
      vertex -84.5557 54.3147 2.5
    endloop
  endfacet
  facet normal -0.59572 0.803192 0
    outer loop
      vertex -85.3439 53.7301 2.5
      vertex -84.5557 54.3147 -2.5
      vertex -85.3439 53.7301 -2.5
    endloop
  endfacet
  facet normal -0.671505 0.741 0
    outer loop
      vertex -85.3439 53.7301 -2.5
      vertex -86.0711 53.0711 2.5
      vertex -85.3439 53.7301 2.5
    endloop
  endfacet
  facet normal -0.671505 0.741 0
    outer loop
      vertex -86.0711 53.0711 2.5
      vertex -85.3439 53.7301 -2.5
      vertex -86.0711 53.0711 -2.5
    endloop
  endfacet
  facet normal 0.970041 0.242943 0
    outer loop
      vertex 88.8078 47.9509 2.5
      vertex 88.5694 48.9028 -2.5
      vertex 88.5694 48.9028 2.5
    endloop
  endfacet
  facet normal 0.970041 0.242943 0
    outer loop
      vertex 88.5694 48.9028 -2.5
      vertex 88.8078 47.9509 2.5
      vertex 88.8078 47.9509 -2.5
    endloop
  endfacet
  facet normal 0.998793 0.0491143 0
    outer loop
      vertex 89 46 2.5
      vertex 88.9518 46.9802 -2.5
      vertex 88.9518 46.9802 2.5
    endloop
  endfacet
  facet normal 0.998793 0.0491143 0
    outer loop
      vertex 88.9518 46.9802 -2.5
      vertex 89 46 2.5
      vertex 89 46 -2.5
    endloop
  endfacet
  facet normal -0.242943 -0.970041 0
    outer loop
      vertex -81.9028 -55.5694 -2.5
      vertex -80.9509 -55.8078 2.5
      vertex -81.9028 -55.5694 2.5
    endloop
  endfacet
  facet normal -0.242943 -0.970041 -0
    outer loop
      vertex -80.9509 -55.8078 2.5
      vertex -81.9028 -55.5694 -2.5
      vertex -80.9509 -55.8078 -2.5
    endloop
  endfacet
  facet normal -0.59572 -0.803192 0
    outer loop
      vertex -85.3439 -53.7301 -2.5
      vertex -84.5557 -54.3147 2.5
      vertex -85.3439 -53.7301 2.5
    endloop
  endfacet
  facet normal -0.59572 -0.803192 -0
    outer loop
      vertex -84.5557 -54.3147 2.5
      vertex -85.3439 -53.7301 -2.5
      vertex -84.5557 -54.3147 -2.5
    endloop
  endfacet
  facet normal 0.741 -0.671505 0
    outer loop
      vertex 86.0711 -53.0711 2.5
      vertex 86.7301 -52.3439 -2.5
      vertex 86.7301 -52.3439 2.5
    endloop
  endfacet
  facet normal 0.741 -0.671505 0
    outer loop
      vertex 86.7301 -52.3439 -2.5
      vertex 86.0711 -53.0711 2.5
      vertex 86.0711 -53.0711 -2.5
    endloop
  endfacet
  facet normal 0.0491143 0.998793 -0
    outer loop
      vertex 79.9802 55.9518 -2.5
      vertex 79 56 2.5
      vertex 79.9802 55.9518 2.5
    endloop
  endfacet
  facet normal 0.0491143 0.998793 0
    outer loop
      vertex 79 56 2.5
      vertex 79.9802 55.9518 -2.5
      vertex 79 56 -2.5
    endloop
  endfacet
  facet normal 0.514106 0.857727 -0
    outer loop
      vertex 84.5557 54.3147 -2.5
      vertex 83.714 54.8192 2.5
      vertex 84.5557 54.3147 2.5
    endloop
  endfacet
  facet normal 0.514106 0.857727 0
    outer loop
      vertex 83.714 54.8192 2.5
      vertex 84.5557 54.3147 -2.5
      vertex 83.714 54.8192 -2.5
    endloop
  endfacet
  facet normal 0.903995 0.427543 0
    outer loop
      vertex 88.2388 49.8268 2.5
      vertex 87.8192 50.714 -2.5
      vertex 87.8192 50.714 2.5
    endloop
  endfacet
  facet normal 0.903995 0.427543 0
    outer loop
      vertex 87.8192 50.714 -2.5
      vertex 88.2388 49.8268 2.5
      vertex 88.2388 49.8268 -2.5
    endloop
  endfacet
  facet normal -0.336879 0.941548 0
    outer loop
      vertex -81.9028 55.5694 -2.5
      vertex -82.8268 55.2388 2.5
      vertex -81.9028 55.5694 2.5
    endloop
  endfacet
  facet normal -0.336879 0.941548 0
    outer loop
      vertex -82.8268 55.2388 2.5
      vertex -81.9028 55.5694 -2.5
      vertex -82.8268 55.2388 -2.5
    endloop
  endfacet
  facet normal -0.741 0.671505 0
    outer loop
      vertex -86.7301 52.3439 -2.5
      vertex -86.0711 53.0711 2.5
      vertex -86.0711 53.0711 -2.5
    endloop
  endfacet
  facet normal -0.741 0.671505 0
    outer loop
      vertex -86.0711 53.0711 2.5
      vertex -86.7301 52.3439 -2.5
      vertex -86.7301 52.3439 2.5
    endloop
  endfacet
  facet normal -0.514106 0.857727 0
    outer loop
      vertex -83.714 54.8192 -2.5
      vertex -84.5557 54.3147 2.5
      vertex -83.714 54.8192 2.5
    endloop
  endfacet
  facet normal -0.514106 0.857727 0
    outer loop
      vertex -84.5557 54.3147 2.5
      vertex -83.714 54.8192 -2.5
      vertex -84.5557 54.3147 -2.5
    endloop
  endfacet
  facet normal 0.989175 0.146741 0
    outer loop
      vertex 88.9518 46.9802 2.5
      vertex 88.8078 47.9509 -2.5
      vertex 88.8078 47.9509 2.5
    endloop
  endfacet
  facet normal 0.989175 0.146741 0
    outer loop
      vertex 88.8078 47.9509 -2.5
      vertex 88.9518 46.9802 2.5
      vertex 88.9518 46.9802 -2.5
    endloop
  endfacet
  facet normal 0.242943 -0.970041 0
    outer loop
      vertex 80.9509 -55.8078 -2.5
      vertex 81.9028 -55.5694 2.5
      vertex 80.9509 -55.8078 2.5
    endloop
  endfacet
  facet normal 0.242943 -0.970041 0
    outer loop
      vertex 81.9028 -55.5694 2.5
      vertex 80.9509 -55.8078 -2.5
      vertex 81.9028 -55.5694 -2.5
    endloop
  endfacet
  facet normal 0.336879 -0.941548 0
    outer loop
      vertex 81.9028 -55.5694 -2.5
      vertex 82.8268 -55.2388 2.5
      vertex 81.9028 -55.5694 2.5
    endloop
  endfacet
  facet normal 0.336879 -0.941548 0
    outer loop
      vertex 82.8268 -55.2388 2.5
      vertex 81.9028 -55.5694 -2.5
      vertex 82.8268 -55.2388 -2.5
    endloop
  endfacet
  facet normal -0.146741 -0.989175 0
    outer loop
      vertex -80.9509 -55.8078 -2.5
      vertex -79.9802 -55.9518 2.5
      vertex -80.9509 -55.8078 2.5
    endloop
  endfacet
  facet normal -0.146741 -0.989175 -0
    outer loop
      vertex -79.9802 -55.9518 2.5
      vertex -80.9509 -55.8078 -2.5
      vertex -79.9802 -55.9518 -2.5
    endloop
  endfacet
  facet normal -0.741 -0.671505 0
    outer loop
      vertex -86.0711 -53.0711 -2.5
      vertex -86.7301 -52.3439 2.5
      vertex -86.7301 -52.3439 -2.5
    endloop
  endfacet
  facet normal -0.741 -0.671505 0
    outer loop
      vertex -86.7301 -52.3439 2.5
      vertex -86.0711 -53.0711 -2.5
      vertex -86.0711 -53.0711 2.5
    endloop
  endfacet
  facet normal -0.857727 -0.514106 0
    outer loop
      vertex -87.3147 -51.5557 -2.5
      vertex -87.8192 -50.714 2.5
      vertex -87.8192 -50.714 -2.5
    endloop
  endfacet
  facet normal -0.857727 -0.514106 0
    outer loop
      vertex -87.8192 -50.714 2.5
      vertex -87.3147 -51.5557 -2.5
      vertex -87.3147 -51.5557 2.5
    endloop
  endfacet
  facet normal 0.970041 -0.242943 0
    outer loop
      vertex 88.5694 -48.9028 2.5
      vertex 88.8078 -47.9509 -2.5
      vertex 88.8078 -47.9509 2.5
    endloop
  endfacet
  facet normal 0.970041 -0.242943 0
    outer loop
      vertex 88.8078 -47.9509 -2.5
      vertex 88.5694 -48.9028 2.5
      vertex 88.5694 -48.9028 -2.5
    endloop
  endfacet
  facet normal 0.671505 -0.741 0
    outer loop
      vertex 85.3439 -53.7301 -2.5
      vertex 86.0711 -53.0711 2.5
      vertex 85.3439 -53.7301 2.5
    endloop
  endfacet
  facet normal 0.671505 -0.741 0
    outer loop
      vertex 86.0711 -53.0711 2.5
      vertex 85.3439 -53.7301 -2.5
      vertex 86.0711 -53.0711 -2.5
    endloop
  endfacet
  facet normal 0.803192 -0.59572 0
    outer loop
      vertex 86.7301 -52.3439 2.5
      vertex 87.3147 -51.5557 -2.5
      vertex 87.3147 -51.5557 2.5
    endloop
  endfacet
  facet normal 0.803192 -0.59572 0
    outer loop
      vertex 87.3147 -51.5557 -2.5
      vertex 86.7301 -52.3439 2.5
      vertex 86.7301 -52.3439 -2.5
    endloop
  endfacet
  facet normal 0.803192 0.59572 0
    outer loop
      vertex 87.3147 51.5557 2.5
      vertex 86.7301 52.3439 -2.5
      vertex 86.7301 52.3439 2.5
    endloop
  endfacet
  facet normal 0.803192 0.59572 0
    outer loop
      vertex 86.7301 52.3439 -2.5
      vertex 87.3147 51.5557 2.5
      vertex 87.3147 51.5557 -2.5
    endloop
  endfacet
  facet normal 0.857727 0.514106 0
    outer loop
      vertex 87.8192 50.714 2.5
      vertex 87.3147 51.5557 -2.5
      vertex 87.3147 51.5557 2.5
    endloop
  endfacet
  facet normal 0.857727 0.514106 0
    outer loop
      vertex 87.3147 51.5557 -2.5
      vertex 87.8192 50.714 2.5
      vertex 87.8192 50.714 -2.5
    endloop
  endfacet
  facet normal -0.970041 0.242943 0
    outer loop
      vertex -88.8078 47.9509 -2.5
      vertex -88.5694 48.9028 2.5
      vertex -88.5694 48.9028 -2.5
    endloop
  endfacet
  facet normal -0.970041 0.242943 0
    outer loop
      vertex -88.5694 48.9028 2.5
      vertex -88.8078 47.9509 -2.5
      vertex -88.8078 47.9509 2.5
    endloop
  endfacet
  facet normal -0.0491143 0.998793 0
    outer loop
      vertex -79 56 -2.5
      vertex -79.9802 55.9518 2.5
      vertex -79 56 2.5
    endloop
  endfacet
  facet normal -0.0491143 0.998793 0
    outer loop
      vertex -79.9802 55.9518 2.5
      vertex -79 56 -2.5
      vertex -79.9802 55.9518 -2.5
    endloop
  endfacet
  facet normal -0.427543 0.903995 0
    outer loop
      vertex -82.8268 55.2388 -2.5
      vertex -83.714 54.8192 2.5
      vertex -82.8268 55.2388 2.5
    endloop
  endfacet
  facet normal -0.427543 0.903995 0
    outer loop
      vertex -83.714 54.8192 2.5
      vertex -82.8268 55.2388 -2.5
      vertex -83.714 54.8192 -2.5
    endloop
  endfacet
  facet normal 0.0491143 -0.998793 0
    outer loop
      vertex 79 -56 -2.5
      vertex 79.9802 -55.9518 2.5
      vertex 79 -56 2.5
    endloop
  endfacet
  facet normal 0.0491143 -0.998793 0
    outer loop
      vertex 79.9802 -55.9518 2.5
      vertex 79 -56 -2.5
      vertex 79.9802 -55.9518 -2.5
    endloop
  endfacet
  facet normal 0.427543 -0.903995 0
    outer loop
      vertex 82.8268 -55.2388 -2.5
      vertex 83.714 -54.8192 2.5
      vertex 82.8268 -55.2388 2.5
    endloop
  endfacet
  facet normal 0.427543 -0.903995 0
    outer loop
      vertex 83.714 -54.8192 2.5
      vertex 82.8268 -55.2388 -2.5
      vertex 83.714 -54.8192 -2.5
    endloop
  endfacet
  facet normal -0.336879 -0.941548 0
    outer loop
      vertex -82.8268 -55.2388 -2.5
      vertex -81.9028 -55.5694 2.5
      vertex -82.8268 -55.2388 2.5
    endloop
  endfacet
  facet normal -0.336879 -0.941548 -0
    outer loop
      vertex -81.9028 -55.5694 2.5
      vertex -82.8268 -55.2388 -2.5
      vertex -81.9028 -55.5694 -2.5
    endloop
  endfacet
  facet normal -0.514106 -0.857727 0
    outer loop
      vertex -84.5557 -54.3147 -2.5
      vertex -83.714 -54.8192 2.5
      vertex -84.5557 -54.3147 2.5
    endloop
  endfacet
  facet normal -0.514106 -0.857727 -0
    outer loop
      vertex -83.714 -54.8192 2.5
      vertex -84.5557 -54.3147 -2.5
      vertex -83.714 -54.8192 -2.5
    endloop
  endfacet
  facet normal 0.941548 -0.336879 0
    outer loop
      vertex 88.2388 -49.8268 2.5
      vertex 88.5694 -48.9028 -2.5
      vertex 88.5694 -48.9028 2.5
    endloop
  endfacet
  facet normal 0.941548 -0.336879 0
    outer loop
      vertex 88.5694 -48.9028 -2.5
      vertex 88.2388 -49.8268 2.5
      vertex 88.2388 -49.8268 -2.5
    endloop
  endfacet
  facet normal 0.857727 -0.514106 0
    outer loop
      vertex 87.3147 -51.5557 2.5
      vertex 87.8192 -50.714 -2.5
      vertex 87.8192 -50.714 2.5
    endloop
  endfacet
  facet normal 0.857727 -0.514106 0
    outer loop
      vertex 87.8192 -50.714 -2.5
      vertex 87.3147 -51.5557 2.5
      vertex 87.3147 -51.5557 -2.5
    endloop
  endfacet
  facet normal 0.989175 -0.146741 0
    outer loop
      vertex 88.8078 -47.9509 2.5
      vertex 88.9518 -46.9802 -2.5
      vertex 88.9518 -46.9802 2.5
    endloop
  endfacet
  facet normal 0.989175 -0.146741 0
    outer loop
      vertex 88.9518 -46.9802 -2.5
      vertex 88.8078 -47.9509 2.5
      vertex 88.8078 -47.9509 -2.5
    endloop
  endfacet
  facet normal 0.59572 -0.803192 0
    outer loop
      vertex 84.5557 -54.3147 -2.5
      vertex 85.3439 -53.7301 2.5
      vertex 84.5557 -54.3147 2.5
    endloop
  endfacet
  facet normal 0.59572 -0.803192 0
    outer loop
      vertex 85.3439 -53.7301 2.5
      vertex 84.5557 -54.3147 -2.5
      vertex 85.3439 -53.7301 -2.5
    endloop
  endfacet
  facet normal 0.514106 -0.857727 0
    outer loop
      vertex 83.714 -54.8192 -2.5
      vertex 84.5557 -54.3147 2.5
      vertex 83.714 -54.8192 2.5
    endloop
  endfacet
  facet normal 0.514106 -0.857727 0
    outer loop
      vertex 84.5557 -54.3147 2.5
      vertex 83.714 -54.8192 -2.5
      vertex 84.5557 -54.3147 -2.5
    endloop
  endfacet
  facet normal 0.59572 0.803192 -0
    outer loop
      vertex 85.3439 53.7301 -2.5
      vertex 84.5557 54.3147 2.5
      vertex 85.3439 53.7301 2.5
    endloop
  endfacet
  facet normal 0.59572 0.803192 0
    outer loop
      vertex 84.5557 54.3147 2.5
      vertex 85.3439 53.7301 -2.5
      vertex 84.5557 54.3147 -2.5
    endloop
  endfacet
  facet normal 0.671505 0.741 -0
    outer loop
      vertex 86.0711 53.0711 -2.5
      vertex 85.3439 53.7301 2.5
      vertex 86.0711 53.0711 2.5
    endloop
  endfacet
  facet normal 0.671505 0.741 0
    outer loop
      vertex 85.3439 53.7301 2.5
      vertex 86.0711 53.0711 -2.5
      vertex 85.3439 53.7301 -2.5
    endloop
  endfacet
  facet normal 0.427543 0.903995 -0
    outer loop
      vertex 83.714 54.8192 -2.5
      vertex 82.8268 55.2388 2.5
      vertex 83.714 54.8192 2.5
    endloop
  endfacet
  facet normal 0.427543 0.903995 0
    outer loop
      vertex 82.8268 55.2388 2.5
      vertex 83.714 54.8192 -2.5
      vertex 82.8268 55.2388 -2.5
    endloop
  endfacet
  facet normal -0.903995 0.427543 0
    outer loop
      vertex -88.2388 49.8268 -2.5
      vertex -87.8192 50.714 2.5
      vertex -87.8192 50.714 -2.5
    endloop
  endfacet
  facet normal -0.903995 0.427543 0
    outer loop
      vertex -87.8192 50.714 2.5
      vertex -88.2388 49.8268 -2.5
      vertex -88.2388 49.8268 2.5
    endloop
  endfacet
  facet normal -0.941548 0.336879 0
    outer loop
      vertex -88.5694 48.9028 -2.5
      vertex -88.2388 49.8268 2.5
      vertex -88.2388 49.8268 -2.5
    endloop
  endfacet
  facet normal -0.941548 0.336879 0
    outer loop
      vertex -88.2388 49.8268 2.5
      vertex -88.5694 48.9028 -2.5
      vertex -88.5694 48.9028 2.5
    endloop
  endfacet
  facet normal -0.146741 0.989175 0
    outer loop
      vertex -79.9802 55.9518 -2.5
      vertex -80.9509 55.8078 2.5
      vertex -79.9802 55.9518 2.5
    endloop
  endfacet
  facet normal -0.146741 0.989175 0
    outer loop
      vertex -80.9509 55.8078 2.5
      vertex -79.9802 55.9518 -2.5
      vertex -80.9509 55.8078 -2.5
    endloop
  endfacet
  facet normal 0.146741 -0.989175 0
    outer loop
      vertex 79.9802 -55.9518 -2.5
      vertex 80.9509 -55.8078 2.5
      vertex 79.9802 -55.9518 2.5
    endloop
  endfacet
  facet normal 0.146741 -0.989175 0
    outer loop
      vertex 80.9509 -55.8078 2.5
      vertex 79.9802 -55.9518 -2.5
      vertex 80.9509 -55.8078 -2.5
    endloop
  endfacet
  facet normal -0.0491143 -0.998793 0
    outer loop
      vertex -79.9802 -55.9518 -2.5
      vertex -79 -56 2.5
      vertex -79.9802 -55.9518 2.5
    endloop
  endfacet
  facet normal -0.0491143 -0.998793 -0
    outer loop
      vertex -79 -56 2.5
      vertex -79.9802 -55.9518 -2.5
      vertex -79 -56 -2.5
    endloop
  endfacet
  facet normal -0.427543 -0.903995 0
    outer loop
      vertex -83.714 -54.8192 -2.5
      vertex -82.8268 -55.2388 2.5
      vertex -83.714 -54.8192 2.5
    endloop
  endfacet
  facet normal -0.427543 -0.903995 -0
    outer loop
      vertex -82.8268 -55.2388 2.5
      vertex -83.714 -54.8192 -2.5
      vertex -82.8268 -55.2388 -2.5
    endloop
  endfacet
  facet normal -0.803192 -0.59572 0
    outer loop
      vertex -86.7301 -52.3439 -2.5
      vertex -87.3147 -51.5557 2.5
      vertex -87.3147 -51.5557 -2.5
    endloop
  endfacet
  facet normal -0.803192 -0.59572 0
    outer loop
      vertex -87.3147 -51.5557 2.5
      vertex -86.7301 -52.3439 -2.5
      vertex -86.7301 -52.3439 2.5
    endloop
  endfacet
  facet normal -0.671505 -0.741 0
    outer loop
      vertex -86.0711 -53.0711 -2.5
      vertex -85.3439 -53.7301 2.5
      vertex -86.0711 -53.0711 2.5
    endloop
  endfacet
  facet normal -0.671505 -0.741 -0
    outer loop
      vertex -85.3439 -53.7301 2.5
      vertex -86.0711 -53.0711 -2.5
      vertex -85.3439 -53.7301 -2.5
    endloop
  endfacet
  facet normal 0.903995 -0.427543 0
    outer loop
      vertex 87.8192 -50.714 2.5
      vertex 88.2388 -49.8268 -2.5
      vertex 88.2388 -49.8268 2.5
    endloop
  endfacet
  facet normal 0.903995 -0.427543 0
    outer loop
      vertex 88.2388 -49.8268 -2.5
      vertex 87.8192 -50.714 2.5
      vertex 87.8192 -50.714 -2.5
    endloop
  endfacet
  facet normal 0.998793 -0.0491143 0
    outer loop
      vertex 88.9518 -46.9802 2.5
      vertex 89 -46 -2.5
      vertex 89 -46 2.5
    endloop
  endfacet
  facet normal 0.998793 -0.0491143 0
    outer loop
      vertex 89 -46 -2.5
      vertex 88.9518 -46.9802 2.5
      vertex 88.9518 -46.9802 -2.5
    endloop
  endfacet
  facet normal 0.336879 0.941548 -0
    outer loop
      vertex 82.8268 55.2388 -2.5
      vertex 81.9028 55.5694 2.5
      vertex 82.8268 55.2388 2.5
    endloop
  endfacet
  facet normal 0.336879 0.941548 0
    outer loop
      vertex 81.9028 55.5694 2.5
      vertex 82.8268 55.2388 -2.5
      vertex 81.9028 55.5694 -2.5
    endloop
  endfacet
endsolid OpenSCAD_Model
