solid OpenSCAD_Model
  facet normal -0.857698 -0.514154 0
    outer loop
      vertex -1.44169 0.565676 -2
      vertex -1.50224 0.666684 2
      vertex -1.50224 0.666684 -2
    endloop
  endfacet
  facet normal -0.857698 -0.514154 0
    outer loop
      vertex -1.50224 0.666684 2
      vertex -1.44169 0.565676 -2
      vertex -1.44169 0.565676 2
    endloop
  endfacet
  facet normal -0.336939 -0.941527 0
    outer loop
      vertex -2.15166 1.14833 -2
      vertex -2.04078 1.10865 2
      vertex -2.15166 1.14833 2
    endloop
  endfacet
  facet normal -0.336939 -0.941527 -0
    outer loop
      vertex -2.04078 1.10865 2
      vertex -2.15166 1.14833 -2
      vertex -2.04078 1.10865 -2
    endloop
  endfacet
  facet normal 0.336939 -0.941527 0
    outer loop
      vertex -2.95922 1.10865 -2
      vertex -2.84834 1.14833 2
      vertex -2.95922 1.10865 2
    endloop
  endfacet
  facet normal 0.336939 -0.941527 0
    outer loop
      vertex -2.84834 1.14833 2
      vertex -2.95922 1.10865 -2
      vertex -2.84834 1.14833 -2
    endloop
  endfacet
  facet normal 0.903989 -0.427556 0
    outer loop
      vertex -3.60865 0.45922 2
      vertex -3.5583 0.565676 -2
      vertex -3.5583 0.565676 2
    endloop
  endfacet
  facet normal 0.903989 -0.427556 0
    outer loop
      vertex -3.5583 0.565676 -2
      vertex -3.60865 0.45922 2
      vertex -3.60865 0.45922 -2
    endloop
  endfacet
  facet normal -0.998795 0.0490821 0
    outer loop
      vertex -1.30578 -0.11762 -2
      vertex -1.3 0 2
      vertex -1.3 0 -2
    endloop
  endfacet
  facet normal -0.998795 0.0490821 0
    outer loop
      vertex -1.3 0 2
      vertex -1.30578 -0.11762 -2
      vertex -1.30578 -0.11762 2
    endloop
  endfacet
  facet normal -0.0490821 -0.998795 0
    outer loop
      vertex -2.5 1.2 -2
      vertex -2.38238 1.19422 2
      vertex -2.5 1.2 2
    endloop
  endfacet
  facet normal -0.0490821 -0.998795 -0
    outer loop
      vertex -2.38238 1.19422 2
      vertex -2.5 1.2 -2
      vertex -2.38238 1.19422 -2
    endloop
  endfacet
  facet normal -0.514065 -0.857751 0
    outer loop
      vertex -1.93432 1.0583 -2
      vertex -1.83331 0.997763 2
      vertex -1.93432 1.0583 2
    endloop
  endfacet
  facet normal -0.514065 -0.857751 -0
    outer loop
      vertex -1.83331 0.997763 2
      vertex -1.93432 1.0583 -2
      vertex -1.83331 0.997763 -2
    endloop
  endfacet
  facet normal 0.989176 -0.146736 0
    outer loop
      vertex -3.69422 0.11762 2
      vertex -3.67694 0.234108 -2
      vertex -3.67694 0.234108 2
    endloop
  endfacet
  facet normal 0.989176 -0.146736 0
    outer loop
      vertex -3.67694 0.234108 -2
      vertex -3.69422 0.11762 2
      vertex -3.69422 0.11762 -2
    endloop
  endfacet
  facet normal 0.740973 -0.671535 0
    outer loop
      vertex -3.42761 0.761271 2
      vertex -3.34853 0.848528 -2
      vertex -3.34853 0.848528 2
    endloop
  endfacet
  facet normal 0.740973 -0.671535 0
    outer loop
      vertex -3.34853 0.848528 -2
      vertex -3.42761 0.761271 2
      vertex -3.42761 0.761271 -2
    endloop
  endfacet
  facet normal 0.146733 -0.989176 0
    outer loop
      vertex -2.73411 1.17694 -2
      vertex -2.61762 1.19422 2
      vertex -2.73411 1.17694 2
    endloop
  endfacet
  facet normal 0.146733 -0.989176 0
    outer loop
      vertex -2.61762 1.19422 2
      vertex -2.73411 1.17694 -2
      vertex -2.61762 1.19422 -2
    endloop
  endfacet
  facet normal -0.514065 0.857751 0
    outer loop
      vertex -1.83331 -0.997763 -2
      vertex -1.93432 -1.0583 2
      vertex -1.83331 -0.997763 2
    endloop
  endfacet
  facet normal -0.514065 0.857751 0
    outer loop
      vertex -1.93432 -1.0583 2
      vertex -1.83331 -0.997763 -2
      vertex -1.93432 -1.0583 -2
    endloop
  endfacet
  facet normal 0.671541 0.740967 -0
    outer loop
      vertex -3.26127 -0.927612 -2
      vertex -3.34853 -0.848528 2
      vertex -3.26127 -0.927612 2
    endloop
  endfacet
  facet normal 0.671541 0.740967 0
    outer loop
      vertex -3.34853 -0.848528 2
      vertex -3.26127 -0.927612 -2
      vertex -3.34853 -0.848528 -2
    endloop
  endfacet
  facet normal -0.989176 -0.146736 0
    outer loop
      vertex -1.30578 0.11762 -2
      vertex -1.32306 0.234108 2
      vertex -1.32306 0.234108 -2
    endloop
  endfacet
  facet normal -0.989176 -0.146736 0
    outer loop
      vertex -1.32306 0.234108 2
      vertex -1.30578 0.11762 -2
      vertex -1.30578 0.11762 2
    endloop
  endfacet
  facet normal -0.80321 -0.595697 0
    outer loop
      vertex -1.50224 0.666684 -2
      vertex -1.57239 0.761271 2
      vertex -1.57239 0.761271 -2
    endloop
  endfacet
  facet normal -0.80321 -0.595697 0
    outer loop
      vertex -1.57239 0.761271 2
      vertex -1.50224 0.666684 -2
      vertex -1.50224 0.666684 2
    endloop
  endfacet
  facet normal -0.671541 -0.740967 0
    outer loop
      vertex -1.73873 0.927612 -2
      vertex -1.65147 0.848528 2
      vertex -1.73873 0.927612 2
    endloop
  endfacet
  facet normal -0.671541 -0.740967 -0
    outer loop
      vertex -1.65147 0.848528 2
      vertex -1.73873 0.927612 -2
      vertex -1.65147 0.848528 -2
    endloop
  endfacet
  facet normal 0.0490821 -0.998795 0
    outer loop
      vertex -2.61762 1.19422 -2
      vertex -2.5 1.2 2
      vertex -2.61762 1.19422 2
    endloop
  endfacet
  facet normal 0.0490821 -0.998795 0
    outer loop
      vertex -2.5 1.2 2
      vertex -2.61762 1.19422 -2
      vertex -2.5 1.2 -2
    endloop
  endfacet
  facet normal -0.242955 -0.970038 0
    outer loop
      vertex -2.26589 1.17694 -2
      vertex -2.15166 1.14833 2
      vertex -2.26589 1.17694 2
    endloop
  endfacet
  facet normal -0.242955 -0.970038 -0
    outer loop
      vertex -2.15166 1.14833 2
      vertex -2.26589 1.17694 -2
      vertex -2.15166 1.14833 -2
    endloop
  endfacet
  facet normal -0.146733 -0.989176 0
    outer loop
      vertex -2.38238 1.19422 -2
      vertex -2.26589 1.17694 2
      vertex -2.38238 1.19422 2
    endloop
  endfacet
  facet normal -0.146733 -0.989176 -0
    outer loop
      vertex -2.26589 1.17694 2
      vertex -2.38238 1.19422 -2
      vertex -2.26589 1.17694 -2
    endloop
  endfacet
  facet normal -0.427542 -0.903995 0
    outer loop
      vertex -2.04078 1.10865 -2
      vertex -1.93432 1.0583 2
      vertex -2.04078 1.10865 2
    endloop
  endfacet
  facet normal -0.427542 -0.903995 -0
    outer loop
      vertex -1.93432 1.0583 2
      vertex -2.04078 1.10865 -2
      vertex -1.93432 1.0583 -2
    endloop
  endfacet
  facet normal -0.59573 -0.803184 0
    outer loop
      vertex -1.83331 0.997763 -2
      vertex -1.73873 0.927612 2
      vertex -1.83331 0.997763 2
    endloop
  endfacet
  facet normal -0.59573 -0.803184 -0
    outer loop
      vertex -1.73873 0.927612 2
      vertex -1.83331 0.997763 -2
      vertex -1.73873 0.927612 -2
    endloop
  endfacet
  facet normal 0.998795 -0.0490821 0
    outer loop
      vertex -3.7 0 2
      vertex -3.69422 0.11762 -2
      vertex -3.69422 0.11762 2
    endloop
  endfacet
  facet normal 0.998795 -0.0490821 0
    outer loop
      vertex -3.69422 0.11762 -2
      vertex -3.7 0 2
      vertex -3.7 0 -2
    endloop
  endfacet
  facet normal 0.941526 -0.336941 0
    outer loop
      vertex -3.64833 0.348341 2
      vertex -3.60865 0.45922 -2
      vertex -3.60865 0.45922 2
    endloop
  endfacet
  facet normal 0.941526 -0.336941 0
    outer loop
      vertex -3.60865 0.45922 -2
      vertex -3.64833 0.348341 2
      vertex -3.64833 0.348341 -2
    endloop
  endfacet
  facet normal 0.970039 -0.242949 0
    outer loop
      vertex -3.67694 0.234108 2
      vertex -3.64833 0.348341 -2
      vertex -3.64833 0.348341 2
    endloop
  endfacet
  facet normal 0.970039 -0.242949 0
    outer loop
      vertex -3.64833 0.348341 -2
      vertex -3.67694 0.234108 2
      vertex -3.67694 0.234108 -2
    endloop
  endfacet
  facet normal 0.857736 -0.514091 0
    outer loop
      vertex -3.5583 0.565676 2
      vertex -3.49776 0.666684 -2
      vertex -3.49776 0.666684 2
    endloop
  endfacet
  facet normal 0.857736 -0.514091 0
    outer loop
      vertex -3.49776 0.666684 -2
      vertex -3.5583 0.565676 2
      vertex -3.5583 0.565676 -2
    endloop
  endfacet
  facet normal 0.80321 -0.595697 0
    outer loop
      vertex -3.49776 0.666684 2
      vertex -3.42761 0.761271 -2
      vertex -3.42761 0.761271 2
    endloop
  endfacet
  facet normal 0.80321 -0.595697 0
    outer loop
      vertex -3.42761 0.761271 -2
      vertex -3.49776 0.666684 2
      vertex -3.49776 0.666684 -2
    endloop
  endfacet
  facet normal 0.242955 -0.970038 0
    outer loop
      vertex -2.84834 1.14833 -2
      vertex -2.73411 1.17694 2
      vertex -2.84834 1.14833 2
    endloop
  endfacet
  facet normal 0.242955 -0.970038 0
    outer loop
      vertex -2.73411 1.17694 2
      vertex -2.84834 1.14833 -2
      vertex -2.73411 1.17694 -2
    endloop
  endfacet
  facet normal 0.514102 -0.857729 0
    outer loop
      vertex -3.16668 0.997763 -2
      vertex -3.06568 1.0583 2
      vertex -3.16668 0.997763 2
    endloop
  endfacet
  facet normal 0.514102 -0.857729 0
    outer loop
      vertex -3.06568 1.0583 2
      vertex -3.16668 0.997763 -2
      vertex -3.06568 1.0583 -2
    endloop
  endfacet
  facet normal 0.59569 -0.803215 0
    outer loop
      vertex -3.26127 0.927612 -2
      vertex -3.16668 0.997763 2
      vertex -3.26127 0.927612 2
    endloop
  endfacet
  facet normal 0.59569 -0.803215 0
    outer loop
      vertex -3.16668 0.997763 2
      vertex -3.26127 0.927612 -2
      vertex -3.16668 0.997763 -2
    endloop
  endfacet
  facet normal 0.427542 -0.903995 0
    outer loop
      vertex -3.06568 1.0583 -2
      vertex -2.95922 1.10865 2
      vertex -3.06568 1.0583 2
    endloop
  endfacet
  facet normal 0.427542 -0.903995 0
    outer loop
      vertex -2.95922 1.10865 2
      vertex -3.06568 1.0583 -2
      vertex -2.95922 1.10865 -2
    endloop
  endfacet
  facet normal 0.671541 -0.740967 0
    outer loop
      vertex -3.34853 0.848528 -2
      vertex -3.26127 0.927612 2
      vertex -3.34853 0.848528 2
    endloop
  endfacet
  facet normal 0.671541 -0.740967 0
    outer loop
      vertex -3.26127 0.927612 2
      vertex -3.34853 0.848528 -2
      vertex -3.26127 0.927612 -2
    endloop
  endfacet
  facet normal -0.998795 -0.0490821 0
    outer loop
      vertex -1.3 0 -2
      vertex -1.30578 0.11762 2
      vertex -1.30578 0.11762 -2
    endloop
  endfacet
  facet normal -0.998795 -0.0490821 0
    outer loop
      vertex -1.30578 0.11762 2
      vertex -1.3 0 -2
      vertex -1.3 0 2
    endloop
  endfacet
  facet normal -0.970039 0.242949 0
    outer loop
      vertex -1.35167 -0.348341 -2
      vertex -1.32306 -0.234108 2
      vertex -1.32306 -0.234108 -2
    endloop
  endfacet
  facet normal -0.970039 0.242949 0
    outer loop
      vertex -1.32306 -0.234108 2
      vertex -1.35167 -0.348341 -2
      vertex -1.35167 -0.348341 2
    endloop
  endfacet
  facet normal -0.0490821 0.998795 0
    outer loop
      vertex -2.38238 -1.19422 -2
      vertex -2.5 -1.2 2
      vertex -2.38238 -1.19422 2
    endloop
  endfacet
  facet normal -0.0490821 0.998795 0
    outer loop
      vertex -2.5 -1.2 2
      vertex -2.38238 -1.19422 -2
      vertex -2.5 -1.2 -2
    endloop
  endfacet
  facet normal 0.970039 0.242949 0
    outer loop
      vertex -3.64833 -0.348341 2
      vertex -3.67694 -0.234108 -2
      vertex -3.67694 -0.234108 2
    endloop
  endfacet
  facet normal 0.970039 0.242949 0
    outer loop
      vertex -3.67694 -0.234108 -2
      vertex -3.64833 -0.348341 2
      vertex -3.64833 -0.348341 -2
    endloop
  endfacet
  facet normal 0.80321 0.595697 0
    outer loop
      vertex -3.42761 -0.761271 2
      vertex -3.49776 -0.666684 -2
      vertex -3.49776 -0.666684 2
    endloop
  endfacet
  facet normal 0.80321 0.595697 0
    outer loop
      vertex -3.49776 -0.666684 -2
      vertex -3.42761 -0.761271 2
      vertex -3.42761 -0.761271 -2
    endloop
  endfacet
  facet normal -0.146733 0.989176 0
    outer loop
      vertex -2.26589 -1.17694 -2
      vertex -2.38238 -1.19422 2
      vertex -2.26589 -1.17694 2
    endloop
  endfacet
  facet normal -0.146733 0.989176 0
    outer loop
      vertex -2.38238 -1.19422 2
      vertex -2.26589 -1.17694 -2
      vertex -2.38238 -1.19422 -2
    endloop
  endfacet
  facet normal -0.903989 -0.427556 0
    outer loop
      vertex -1.39134 0.45922 -2
      vertex -1.44169 0.565676 2
      vertex -1.44169 0.565676 -2
    endloop
  endfacet
  facet normal -0.903989 -0.427556 0
    outer loop
      vertex -1.44169 0.565676 2
      vertex -1.39134 0.45922 -2
      vertex -1.39134 0.45922 2
    endloop
  endfacet
  facet normal -0.941553 -0.336866 0
    outer loop
      vertex -1.35167 0.348341 -2
      vertex -1.39134 0.45922 2
      vertex -1.39134 0.45922 -2
    endloop
  endfacet
  facet normal -0.941553 -0.336866 0
    outer loop
      vertex -1.39134 0.45922 2
      vertex -1.35167 0.348341 -2
      vertex -1.35167 0.348341 2
    endloop
  endfacet
  facet normal -0.740973 -0.671535 0
    outer loop
      vertex -1.57239 0.761271 -2
      vertex -1.65147 0.848528 2
      vertex -1.65147 0.848528 -2
    endloop
  endfacet
  facet normal -0.740973 -0.671535 0
    outer loop
      vertex -1.65147 0.848528 2
      vertex -1.57239 0.761271 -2
      vertex -1.57239 0.761271 2
    endloop
  endfacet
  facet normal -0.740973 0.671535 0
    outer loop
      vertex -1.65147 -0.848528 -2
      vertex -1.57239 -0.761271 2
      vertex -1.57239 -0.761271 -2
    endloop
  endfacet
  facet normal -0.740973 0.671535 0
    outer loop
      vertex -1.57239 -0.761271 2
      vertex -1.65147 -0.848528 -2
      vertex -1.65147 -0.848528 2
    endloop
  endfacet
  facet normal -0.80321 0.595697 0
    outer loop
      vertex -1.57239 -0.761271 -2
      vertex -1.50224 -0.666684 2
      vertex -1.50224 -0.666684 -2
    endloop
  endfacet
  facet normal -0.80321 0.595697 0
    outer loop
      vertex -1.50224 -0.666684 2
      vertex -1.57239 -0.761271 -2
      vertex -1.57239 -0.761271 2
    endloop
  endfacet
  facet normal -0.903989 0.427556 0
    outer loop
      vertex -1.44169 -0.565676 -2
      vertex -1.39134 -0.45922 2
      vertex -1.39134 -0.45922 -2
    endloop
  endfacet
  facet normal -0.903989 0.427556 0
    outer loop
      vertex -1.39134 -0.45922 2
      vertex -1.44169 -0.565676 -2
      vertex -1.44169 -0.565676 2
    endloop
  endfacet
  facet normal -0.857698 0.514154 0
    outer loop
      vertex -1.50224 -0.666684 -2
      vertex -1.44169 -0.565676 2
      vertex -1.44169 -0.565676 -2
    endloop
  endfacet
  facet normal -0.857698 0.514154 0
    outer loop
      vertex -1.44169 -0.565676 2
      vertex -1.50224 -0.666684 -2
      vertex -1.50224 -0.666684 2
    endloop
  endfacet
  facet normal 0.941526 0.336941 0
    outer loop
      vertex -3.60865 -0.45922 2
      vertex -3.64833 -0.348341 -2
      vertex -3.64833 -0.348341 2
    endloop
  endfacet
  facet normal 0.941526 0.336941 0
    outer loop
      vertex -3.64833 -0.348341 -2
      vertex -3.60865 -0.45922 2
      vertex -3.60865 -0.45922 -2
    endloop
  endfacet
  facet normal 0.740973 0.671535 0
    outer loop
      vertex -3.34853 -0.848528 2
      vertex -3.42761 -0.761271 -2
      vertex -3.42761 -0.761271 2
    endloop
  endfacet
  facet normal 0.740973 0.671535 0
    outer loop
      vertex -3.42761 -0.761271 -2
      vertex -3.34853 -0.848528 2
      vertex -3.34853 -0.848528 -2
    endloop
  endfacet
  facet normal -0.242955 0.970038 0
    outer loop
      vertex -2.15166 -1.14833 -2
      vertex -2.26589 -1.17694 2
      vertex -2.15166 -1.14833 2
    endloop
  endfacet
  facet normal -0.242955 0.970038 0
    outer loop
      vertex -2.26589 -1.17694 2
      vertex -2.15166 -1.14833 -2
      vertex -2.26589 -1.17694 -2
    endloop
  endfacet
  facet normal -0.427542 0.903995 0
    outer loop
      vertex -1.93432 -1.0583 -2
      vertex -2.04078 -1.10865 2
      vertex -1.93432 -1.0583 2
    endloop
  endfacet
  facet normal -0.427542 0.903995 0
    outer loop
      vertex -2.04078 -1.10865 2
      vertex -1.93432 -1.0583 -2
      vertex -2.04078 -1.10865 -2
    endloop
  endfacet
  facet normal -0.336939 0.941527 0
    outer loop
      vertex -2.04078 -1.10865 -2
      vertex -2.15166 -1.14833 2
      vertex -2.04078 -1.10865 2
    endloop
  endfacet
  facet normal -0.336939 0.941527 0
    outer loop
      vertex -2.15166 -1.14833 2
      vertex -2.04078 -1.10865 -2
      vertex -2.15166 -1.14833 -2
    endloop
  endfacet
  facet normal -0.970039 -0.242949 0
    outer loop
      vertex -1.32306 0.234108 -2
      vertex -1.35167 0.348341 2
      vertex -1.35167 0.348341 -2
    endloop
  endfacet
  facet normal -0.970039 -0.242949 0
    outer loop
      vertex -1.35167 0.348341 2
      vertex -1.32306 0.234108 -2
      vertex -1.32306 0.234108 2
    endloop
  endfacet
  facet normal -0.989176 0.146736 0
    outer loop
      vertex -1.32306 -0.234108 -2
      vertex -1.30578 -0.11762 2
      vertex -1.30578 -0.11762 -2
    endloop
  endfacet
  facet normal -0.989176 0.146736 0
    outer loop
      vertex -1.30578 -0.11762 2
      vertex -1.32306 -0.234108 -2
      vertex -1.32306 -0.234108 2
    endloop
  endfacet
  facet normal -0.671541 0.740967 0
    outer loop
      vertex -1.65147 -0.848528 -2
      vertex -1.73873 -0.927612 2
      vertex -1.65147 -0.848528 2
    endloop
  endfacet
  facet normal -0.671541 0.740967 0
    outer loop
      vertex -1.73873 -0.927612 2
      vertex -1.65147 -0.848528 -2
      vertex -1.73873 -0.927612 -2
    endloop
  endfacet
  facet normal -0.941553 0.336866 0
    outer loop
      vertex -1.39134 -0.45922 -2
      vertex -1.35167 -0.348341 2
      vertex -1.35167 -0.348341 -2
    endloop
  endfacet
  facet normal -0.941553 0.336866 0
    outer loop
      vertex -1.35167 -0.348341 2
      vertex -1.39134 -0.45922 -2
      vertex -1.39134 -0.45922 2
    endloop
  endfacet
  facet normal 0.0490821 0.998795 -0
    outer loop
      vertex -2.5 -1.2 -2
      vertex -2.61762 -1.19422 2
      vertex -2.5 -1.2 2
    endloop
  endfacet
  facet normal 0.0490821 0.998795 0
    outer loop
      vertex -2.61762 -1.19422 2
      vertex -2.5 -1.2 -2
      vertex -2.61762 -1.19422 -2
    endloop
  endfacet
  facet normal 0.514102 0.857729 -0
    outer loop
      vertex -3.06568 -1.0583 -2
      vertex -3.16668 -0.997763 2
      vertex -3.06568 -1.0583 2
    endloop
  endfacet
  facet normal 0.514102 0.857729 0
    outer loop
      vertex -3.16668 -0.997763 2
      vertex -3.06568 -1.0583 -2
      vertex -3.16668 -0.997763 -2
    endloop
  endfacet
  facet normal 0.989176 0.146736 0
    outer loop
      vertex -3.67694 -0.234108 2
      vertex -3.69422 -0.11762 -2
      vertex -3.69422 -0.11762 2
    endloop
  endfacet
  facet normal 0.989176 0.146736 0
    outer loop
      vertex -3.69422 -0.11762 -2
      vertex -3.67694 -0.234108 2
      vertex -3.67694 -0.234108 -2
    endloop
  endfacet
  facet normal 0.998795 0.0490821 0
    outer loop
      vertex -3.69422 -0.11762 2
      vertex -3.7 0 -2
      vertex -3.7 0 2
    endloop
  endfacet
  facet normal 0.998795 0.0490821 0
    outer loop
      vertex -3.7 0 -2
      vertex -3.69422 -0.11762 2
      vertex -3.69422 -0.11762 -2
    endloop
  endfacet
  facet normal 0.857736 0.514091 0
    outer loop
      vertex -3.49776 -0.666684 2
      vertex -3.5583 -0.565676 -2
      vertex -3.5583 -0.565676 2
    endloop
  endfacet
  facet normal 0.857736 0.514091 0
    outer loop
      vertex -3.5583 -0.565676 -2
      vertex -3.49776 -0.666684 2
      vertex -3.49776 -0.666684 -2
    endloop
  endfacet
  facet normal 0.903989 0.427556 0
    outer loop
      vertex -3.5583 -0.565676 2
      vertex -3.60865 -0.45922 -2
      vertex -3.60865 -0.45922 2
    endloop
  endfacet
  facet normal 0.903989 0.427556 0
    outer loop
      vertex -3.60865 -0.45922 -2
      vertex -3.5583 -0.565676 2
      vertex -3.5583 -0.565676 -2
    endloop
  endfacet
  facet normal -0.59573 0.803184 0
    outer loop
      vertex -1.73873 -0.927612 -2
      vertex -1.83331 -0.997763 2
      vertex -1.73873 -0.927612 2
    endloop
  endfacet
  facet normal -0.59573 0.803184 0
    outer loop
      vertex -1.83331 -0.997763 2
      vertex -1.73873 -0.927612 -2
      vertex -1.83331 -0.997763 -2
    endloop
  endfacet
  facet normal 0.59569 0.803215 -0
    outer loop
      vertex -3.16668 -0.997763 -2
      vertex -3.26127 -0.927612 2
      vertex -3.16668 -0.997763 2
    endloop
  endfacet
  facet normal 0.59569 0.803215 0
    outer loop
      vertex -3.26127 -0.927612 2
      vertex -3.16668 -0.997763 -2
      vertex -3.26127 -0.927612 -2
    endloop
  endfacet
  facet normal 0.427542 0.903995 -0
    outer loop
      vertex -2.95922 -1.10865 -2
      vertex -3.06568 -1.0583 2
      vertex -2.95922 -1.10865 2
    endloop
  endfacet
  facet normal 0.427542 0.903995 0
    outer loop
      vertex -3.06568 -1.0583 2
      vertex -2.95922 -1.10865 -2
      vertex -3.06568 -1.0583 -2
    endloop
  endfacet
  facet normal 0.146733 0.989176 -0
    outer loop
      vertex -2.61762 -1.19422 -2
      vertex -2.73411 -1.17694 2
      vertex -2.61762 -1.19422 2
    endloop
  endfacet
  facet normal 0.146733 0.989176 0
    outer loop
      vertex -2.73411 -1.17694 2
      vertex -2.61762 -1.19422 -2
      vertex -2.73411 -1.17694 -2
    endloop
  endfacet
  facet normal 0.336939 0.941527 -0
    outer loop
      vertex -2.84834 -1.14833 -2
      vertex -2.95922 -1.10865 2
      vertex -2.84834 -1.14833 2
    endloop
  endfacet
  facet normal 0.336939 0.941527 0
    outer loop
      vertex -2.95922 -1.10865 2
      vertex -2.84834 -1.14833 -2
      vertex -2.95922 -1.10865 -2
    endloop
  endfacet
  facet normal 0.242955 0.970038 -0
    outer loop
      vertex -2.73411 -1.17694 -2
      vertex -2.84834 -1.14833 2
      vertex -2.73411 -1.17694 2
    endloop
  endfacet
  facet normal 0.242955 0.970038 0
    outer loop
      vertex -2.84834 -1.14833 2
      vertex -2.73411 -1.17694 -2
      vertex -2.84834 -1.14833 -2
    endloop
  endfacet
  facet normal -0.998795 -0.0490821 0
    outer loop
      vertex 3.7 0 -2
      vertex 3.69422 0.11762 2
      vertex 3.69422 0.11762 -2
    endloop
  endfacet
  facet normal -0.998795 -0.0490821 0
    outer loop
      vertex 3.69422 0.11762 2
      vertex 3.7 0 -2
      vertex 3.7 0 2
    endloop
  endfacet
  facet normal 0.998795 -0.0490821 0
    outer loop
      vertex 1.3 0 2
      vertex 1.30578 0.11762 -2
      vertex 1.30578 0.11762 2
    endloop
  endfacet
  facet normal 0.998795 -0.0490821 0
    outer loop
      vertex 1.30578 0.11762 -2
      vertex 1.3 0 2
      vertex 1.3 0 -2
    endloop
  endfacet
  facet normal 0.0490821 -0.998795 0
    outer loop
      vertex 2.38238 1.19422 -2
      vertex 2.5 1.2 2
      vertex 2.38238 1.19422 2
    endloop
  endfacet
  facet normal 0.0490821 -0.998795 0
    outer loop
      vertex 2.5 1.2 2
      vertex 2.38238 1.19422 -2
      vertex 2.5 1.2 -2
    endloop
  endfacet
  facet normal -0.0490821 0.998795 0
    outer loop
      vertex 2.61762 -1.19422 -2
      vertex 2.5 -1.2 2
      vertex 2.61762 -1.19422 2
    endloop
  endfacet
  facet normal -0.0490821 0.998795 0
    outer loop
      vertex 2.5 -1.2 2
      vertex 2.61762 -1.19422 -2
      vertex 2.5 -1.2 -2
    endloop
  endfacet
  facet normal -0.671541 -0.740967 0
    outer loop
      vertex 3.26127 0.927612 -2
      vertex 3.34853 0.848528 2
      vertex 3.26127 0.927612 2
    endloop
  endfacet
  facet normal -0.671541 -0.740967 -0
    outer loop
      vertex 3.34853 0.848528 2
      vertex 3.26127 0.927612 -2
      vertex 3.34853 0.848528 -2
    endloop
  endfacet
  facet normal 0.671541 -0.740967 0
    outer loop
      vertex 1.65147 0.848528 -2
      vertex 1.73873 0.927612 2
      vertex 1.65147 0.848528 2
    endloop
  endfacet
  facet normal 0.671541 -0.740967 0
    outer loop
      vertex 1.73873 0.927612 2
      vertex 1.65147 0.848528 -2
      vertex 1.73873 0.927612 -2
    endloop
  endfacet
  facet normal 0.336939 -0.941527 0
    outer loop
      vertex 2.04078 1.10865 -2
      vertex 2.15166 1.14833 2
      vertex 2.04078 1.10865 2
    endloop
  endfacet
  facet normal 0.336939 -0.941527 0
    outer loop
      vertex 2.15166 1.14833 2
      vertex 2.04078 1.10865 -2
      vertex 2.15166 1.14833 -2
    endloop
  endfacet
  facet normal -0.903989 -0.427556 0
    outer loop
      vertex 3.60865 0.45922 -2
      vertex 3.5583 0.565676 2
      vertex 3.5583 0.565676 -2
    endloop
  endfacet
  facet normal -0.903989 -0.427556 0
    outer loop
      vertex 3.5583 0.565676 2
      vertex 3.60865 0.45922 -2
      vertex 3.60865 0.45922 2
    endloop
  endfacet
  facet normal -0.336939 -0.941527 0
    outer loop
      vertex 2.84834 1.14833 -2
      vertex 2.95922 1.10865 2
      vertex 2.84834 1.14833 2
    endloop
  endfacet
  facet normal -0.336939 -0.941527 -0
    outer loop
      vertex 2.95922 1.10865 2
      vertex 2.84834 1.14833 -2
      vertex 2.95922 1.10865 -2
    endloop
  endfacet
  facet normal -0.514102 -0.857729 0
    outer loop
      vertex 3.06568 1.0583 -2
      vertex 3.16668 0.997763 2
      vertex 3.06568 1.0583 2
    endloop
  endfacet
  facet normal -0.514102 -0.857729 -0
    outer loop
      vertex 3.16668 0.997763 2
      vertex 3.06568 1.0583 -2
      vertex 3.16668 0.997763 -2
    endloop
  endfacet
  facet normal 0.857698 -0.514154 0
    outer loop
      vertex 1.44169 0.565676 2
      vertex 1.50224 0.666684 -2
      vertex 1.50224 0.666684 2
    endloop
  endfacet
  facet normal 0.857698 -0.514154 0
    outer loop
      vertex 1.50224 0.666684 -2
      vertex 1.44169 0.565676 2
      vertex 1.44169 0.565676 -2
    endloop
  endfacet
  facet normal 0.80321 -0.595697 0
    outer loop
      vertex 1.50224 0.666684 2
      vertex 1.57239 0.761271 -2
      vertex 1.57239 0.761271 2
    endloop
  endfacet
  facet normal 0.80321 -0.595697 0
    outer loop
      vertex 1.57239 0.761271 -2
      vertex 1.50224 0.666684 2
      vertex 1.50224 0.666684 -2
    endloop
  endfacet
  facet normal 0.146733 -0.989176 0
    outer loop
      vertex 2.26589 1.17694 -2
      vertex 2.38238 1.19422 2
      vertex 2.26589 1.17694 2
    endloop
  endfacet
  facet normal 0.146733 -0.989176 0
    outer loop
      vertex 2.38238 1.19422 2
      vertex 2.26589 1.17694 -2
      vertex 2.38238 1.19422 -2
    endloop
  endfacet
  facet normal -0.146733 0.989176 0
    outer loop
      vertex 2.73411 -1.17694 -2
      vertex 2.61762 -1.19422 2
      vertex 2.73411 -1.17694 2
    endloop
  endfacet
  facet normal -0.146733 0.989176 0
    outer loop
      vertex 2.61762 -1.19422 2
      vertex 2.73411 -1.17694 -2
      vertex 2.61762 -1.19422 -2
    endloop
  endfacet
  facet normal -0.970039 -0.242949 0
    outer loop
      vertex 3.67694 0.234108 -2
      vertex 3.64833 0.348341 2
      vertex 3.64833 0.348341 -2
    endloop
  endfacet
  facet normal -0.970039 -0.242949 0
    outer loop
      vertex 3.64833 0.348341 2
      vertex 3.67694 0.234108 -2
      vertex 3.67694 0.234108 2
    endloop
  endfacet
  facet normal -0.989176 -0.146736 0
    outer loop
      vertex 3.69422 0.11762 -2
      vertex 3.67694 0.234108 2
      vertex 3.67694 0.234108 -2
    endloop
  endfacet
  facet normal -0.989176 -0.146736 0
    outer loop
      vertex 3.67694 0.234108 2
      vertex 3.69422 0.11762 -2
      vertex 3.69422 0.11762 2
    endloop
  endfacet
  facet normal -0.941526 -0.336941 0
    outer loop
      vertex 3.64833 0.348341 -2
      vertex 3.60865 0.45922 2
      vertex 3.60865 0.45922 -2
    endloop
  endfacet
  facet normal -0.941526 -0.336941 0
    outer loop
      vertex 3.60865 0.45922 2
      vertex 3.64833 0.348341 -2
      vertex 3.64833 0.348341 2
    endloop
  endfacet
  facet normal -0.80321 -0.595697 0
    outer loop
      vertex 3.49776 0.666684 -2
      vertex 3.42761 0.761271 2
      vertex 3.42761 0.761271 -2
    endloop
  endfacet
  facet normal -0.80321 -0.595697 0
    outer loop
      vertex 3.42761 0.761271 2
      vertex 3.49776 0.666684 -2
      vertex 3.49776 0.666684 2
    endloop
  endfacet
  facet normal -0.740973 -0.671535 0
    outer loop
      vertex 3.42761 0.761271 -2
      vertex 3.34853 0.848528 2
      vertex 3.34853 0.848528 -2
    endloop
  endfacet
  facet normal -0.740973 -0.671535 0
    outer loop
      vertex 3.34853 0.848528 2
      vertex 3.42761 0.761271 -2
      vertex 3.42761 0.761271 2
    endloop
  endfacet
  facet normal -0.146733 -0.989176 0
    outer loop
      vertex 2.61762 1.19422 -2
      vertex 2.73411 1.17694 2
      vertex 2.61762 1.19422 2
    endloop
  endfacet
  facet normal -0.146733 -0.989176 -0
    outer loop
      vertex 2.73411 1.17694 2
      vertex 2.61762 1.19422 -2
      vertex 2.73411 1.17694 -2
    endloop
  endfacet
  facet normal -0.242955 -0.970038 0
    outer loop
      vertex 2.73411 1.17694 -2
      vertex 2.84834 1.14833 2
      vertex 2.73411 1.17694 2
    endloop
  endfacet
  facet normal -0.242955 -0.970038 -0
    outer loop
      vertex 2.84834 1.14833 2
      vertex 2.73411 1.17694 -2
      vertex 2.84834 1.14833 -2
    endloop
  endfacet
  facet normal -0.0490821 -0.998795 0
    outer loop
      vertex 2.5 1.2 -2
      vertex 2.61762 1.19422 2
      vertex 2.5 1.2 2
    endloop
  endfacet
  facet normal -0.0490821 -0.998795 -0
    outer loop
      vertex 2.61762 1.19422 2
      vertex 2.5 1.2 -2
      vertex 2.61762 1.19422 -2
    endloop
  endfacet
  facet normal -0.427542 -0.903995 0
    outer loop
      vertex 2.95922 1.10865 -2
      vertex 3.06568 1.0583 2
      vertex 2.95922 1.10865 2
    endloop
  endfacet
  facet normal -0.427542 -0.903995 -0
    outer loop
      vertex 3.06568 1.0583 2
      vertex 2.95922 1.10865 -2
      vertex 3.06568 1.0583 -2
    endloop
  endfacet
  facet normal -0.59569 -0.803215 0
    outer loop
      vertex 3.16668 0.997763 -2
      vertex 3.26127 0.927612 2
      vertex 3.16668 0.997763 2
    endloop
  endfacet
  facet normal -0.59569 -0.803215 -0
    outer loop
      vertex 3.26127 0.927612 2
      vertex 3.16668 0.997763 -2
      vertex 3.26127 0.927612 -2
    endloop
  endfacet
  facet normal 0.970039 -0.242949 0
    outer loop
      vertex 1.32306 0.234108 2
      vertex 1.35167 0.348341 -2
      vertex 1.35167 0.348341 2
    endloop
  endfacet
  facet normal 0.970039 -0.242949 0
    outer loop
      vertex 1.35167 0.348341 -2
      vertex 1.32306 0.234108 2
      vertex 1.32306 0.234108 -2
    endloop
  endfacet
  facet normal 0.740973 -0.671535 0
    outer loop
      vertex 1.57239 0.761271 2
      vertex 1.65147 0.848528 -2
      vertex 1.65147 0.848528 2
    endloop
  endfacet
  facet normal 0.740973 -0.671535 0
    outer loop
      vertex 1.65147 0.848528 -2
      vertex 1.57239 0.761271 2
      vertex 1.57239 0.761271 -2
    endloop
  endfacet
  facet normal 0.903989 -0.427556 0
    outer loop
      vertex 1.39134 0.45922 2
      vertex 1.44169 0.565676 -2
      vertex 1.44169 0.565676 2
    endloop
  endfacet
  facet normal 0.903989 -0.427556 0
    outer loop
      vertex 1.44169 0.565676 -2
      vertex 1.39134 0.45922 2
      vertex 1.39134 0.45922 -2
    endloop
  endfacet
  facet normal 0.941553 -0.336866 0
    outer loop
      vertex 1.35167 0.348341 2
      vertex 1.39134 0.45922 -2
      vertex 1.39134 0.45922 2
    endloop
  endfacet
  facet normal 0.941553 -0.336866 0
    outer loop
      vertex 1.39134 0.45922 -2
      vertex 1.35167 0.348341 2
      vertex 1.35167 0.348341 -2
    endloop
  endfacet
  facet normal 0.989176 -0.146736 0
    outer loop
      vertex 1.30578 0.11762 2
      vertex 1.32306 0.234108 -2
      vertex 1.32306 0.234108 2
    endloop
  endfacet
  facet normal 0.989176 -0.146736 0
    outer loop
      vertex 1.32306 0.234108 -2
      vertex 1.30578 0.11762 2
      vertex 1.30578 0.11762 -2
    endloop
  endfacet
  facet normal 0.427542 -0.903995 0
    outer loop
      vertex 1.93432 1.0583 -2
      vertex 2.04078 1.10865 2
      vertex 1.93432 1.0583 2
    endloop
  endfacet
  facet normal 0.427542 -0.903995 0
    outer loop
      vertex 2.04078 1.10865 2
      vertex 1.93432 1.0583 -2
      vertex 2.04078 1.10865 -2
    endloop
  endfacet
  facet normal 0.514065 -0.857751 0
    outer loop
      vertex 1.83331 0.997763 -2
      vertex 1.93432 1.0583 2
      vertex 1.83331 0.997763 2
    endloop
  endfacet
  facet normal 0.514065 -0.857751 0
    outer loop
      vertex 1.93432 1.0583 2
      vertex 1.83331 0.997763 -2
      vertex 1.93432 1.0583 -2
    endloop
  endfacet
  facet normal 0.59573 -0.803184 0
    outer loop
      vertex 1.73873 0.927612 -2
      vertex 1.83331 0.997763 2
      vertex 1.73873 0.927612 2
    endloop
  endfacet
  facet normal 0.59573 -0.803184 0
    outer loop
      vertex 1.83331 0.997763 2
      vertex 1.73873 0.927612 -2
      vertex 1.83331 0.997763 -2
    endloop
  endfacet
  facet normal 0.242955 -0.970038 0
    outer loop
      vertex 2.15166 1.14833 -2
      vertex 2.26589 1.17694 2
      vertex 2.15166 1.14833 2
    endloop
  endfacet
  facet normal 0.242955 -0.970038 0
    outer loop
      vertex 2.26589 1.17694 2
      vertex 2.15166 1.14833 -2
      vertex 2.26589 1.17694 -2
    endloop
  endfacet
  facet normal -0.998795 0.0490821 0
    outer loop
      vertex 3.69422 -0.11762 -2
      vertex 3.7 0 2
      vertex 3.7 0 -2
    endloop
  endfacet
  facet normal -0.998795 0.0490821 0
    outer loop
      vertex 3.7 0 2
      vertex 3.69422 -0.11762 -2
      vertex 3.69422 -0.11762 2
    endloop
  endfacet
  facet normal -0.740973 0.671535 0
    outer loop
      vertex 3.34853 -0.848528 -2
      vertex 3.42761 -0.761271 2
      vertex 3.42761 -0.761271 -2
    endloop
  endfacet
  facet normal -0.740973 0.671535 0
    outer loop
      vertex 3.42761 -0.761271 2
      vertex 3.34853 -0.848528 -2
      vertex 3.34853 -0.848528 2
    endloop
  endfacet
  facet normal 0.80321 0.595697 0
    outer loop
      vertex 1.57239 -0.761271 2
      vertex 1.50224 -0.666684 -2
      vertex 1.50224 -0.666684 2
    endloop
  endfacet
  facet normal 0.80321 0.595697 0
    outer loop
      vertex 1.50224 -0.666684 -2
      vertex 1.57239 -0.761271 2
      vertex 1.57239 -0.761271 -2
    endloop
  endfacet
  facet normal -0.427542 0.903995 0
    outer loop
      vertex 3.06568 -1.0583 -2
      vertex 2.95922 -1.10865 2
      vertex 3.06568 -1.0583 2
    endloop
  endfacet
  facet normal -0.427542 0.903995 0
    outer loop
      vertex 2.95922 -1.10865 2
      vertex 3.06568 -1.0583 -2
      vertex 2.95922 -1.10865 -2
    endloop
  endfacet
  facet normal -0.857736 -0.514091 0
    outer loop
      vertex 3.5583 0.565676 -2
      vertex 3.49776 0.666684 2
      vertex 3.49776 0.666684 -2
    endloop
  endfacet
  facet normal -0.857736 -0.514091 0
    outer loop
      vertex 3.49776 0.666684 2
      vertex 3.5583 0.565676 -2
      vertex 3.5583 0.565676 2
    endloop
  endfacet
  facet normal -0.970039 0.242949 0
    outer loop
      vertex 3.64833 -0.348341 -2
      vertex 3.67694 -0.234108 2
      vertex 3.67694 -0.234108 -2
    endloop
  endfacet
  facet normal -0.970039 0.242949 0
    outer loop
      vertex 3.67694 -0.234108 2
      vertex 3.64833 -0.348341 -2
      vertex 3.64833 -0.348341 2
    endloop
  endfacet
  facet normal -0.671541 0.740967 0
    outer loop
      vertex 3.34853 -0.848528 -2
      vertex 3.26127 -0.927612 2
      vertex 3.34853 -0.848528 2
    endloop
  endfacet
  facet normal -0.671541 0.740967 0
    outer loop
      vertex 3.26127 -0.927612 2
      vertex 3.34853 -0.848528 -2
      vertex 3.26127 -0.927612 -2
    endloop
  endfacet
  facet normal -0.903989 0.427556 0
    outer loop
      vertex 3.5583 -0.565676 -2
      vertex 3.60865 -0.45922 2
      vertex 3.60865 -0.45922 -2
    endloop
  endfacet
  facet normal -0.903989 0.427556 0
    outer loop
      vertex 3.60865 -0.45922 2
      vertex 3.5583 -0.565676 -2
      vertex 3.5583 -0.565676 2
    endloop
  endfacet
  facet normal -0.80321 0.595697 0
    outer loop
      vertex 3.42761 -0.761271 -2
      vertex 3.49776 -0.666684 2
      vertex 3.49776 -0.666684 -2
    endloop
  endfacet
  facet normal -0.80321 0.595697 0
    outer loop
      vertex 3.49776 -0.666684 2
      vertex 3.42761 -0.761271 -2
      vertex 3.42761 -0.761271 2
    endloop
  endfacet
  facet normal 0.59573 0.803184 -0
    outer loop
      vertex 1.83331 -0.997763 -2
      vertex 1.73873 -0.927612 2
      vertex 1.83331 -0.997763 2
    endloop
  endfacet
  facet normal 0.59573 0.803184 0
    outer loop
      vertex 1.73873 -0.927612 2
      vertex 1.83331 -0.997763 -2
      vertex 1.73873 -0.927612 -2
    endloop
  endfacet
  facet normal 0.903989 0.427556 0
    outer loop
      vertex 1.44169 -0.565676 2
      vertex 1.39134 -0.45922 -2
      vertex 1.39134 -0.45922 2
    endloop
  endfacet
  facet normal 0.903989 0.427556 0
    outer loop
      vertex 1.39134 -0.45922 -2
      vertex 1.44169 -0.565676 2
      vertex 1.44169 -0.565676 -2
    endloop
  endfacet
  facet normal 0.970039 0.242949 0
    outer loop
      vertex 1.35167 -0.348341 2
      vertex 1.32306 -0.234108 -2
      vertex 1.32306 -0.234108 2
    endloop
  endfacet
  facet normal 0.970039 0.242949 0
    outer loop
      vertex 1.32306 -0.234108 -2
      vertex 1.35167 -0.348341 2
      vertex 1.35167 -0.348341 -2
    endloop
  endfacet
  facet normal 0.941553 0.336866 0
    outer loop
      vertex 1.39134 -0.45922 2
      vertex 1.35167 -0.348341 -2
      vertex 1.35167 -0.348341 2
    endloop
  endfacet
  facet normal 0.941553 0.336866 0
    outer loop
      vertex 1.35167 -0.348341 -2
      vertex 1.39134 -0.45922 2
      vertex 1.39134 -0.45922 -2
    endloop
  endfacet
  facet normal -0.989176 0.146736 0
    outer loop
      vertex 3.67694 -0.234108 -2
      vertex 3.69422 -0.11762 2
      vertex 3.69422 -0.11762 -2
    endloop
  endfacet
  facet normal -0.989176 0.146736 0
    outer loop
      vertex 3.69422 -0.11762 2
      vertex 3.67694 -0.234108 -2
      vertex 3.67694 -0.234108 2
    endloop
  endfacet
  facet normal -0.514102 0.857729 0
    outer loop
      vertex 3.16668 -0.997763 -2
      vertex 3.06568 -1.0583 2
      vertex 3.16668 -0.997763 2
    endloop
  endfacet
  facet normal -0.514102 0.857729 0
    outer loop
      vertex 3.06568 -1.0583 2
      vertex 3.16668 -0.997763 -2
      vertex 3.06568 -1.0583 -2
    endloop
  endfacet
  facet normal -0.59569 0.803215 0
    outer loop
      vertex 3.26127 -0.927612 -2
      vertex 3.16668 -0.997763 2
      vertex 3.26127 -0.927612 2
    endloop
  endfacet
  facet normal -0.59569 0.803215 0
    outer loop
      vertex 3.16668 -0.997763 2
      vertex 3.26127 -0.927612 -2
      vertex 3.16668 -0.997763 -2
    endloop
  endfacet
  facet normal -0.941526 0.336941 0
    outer loop
      vertex 3.60865 -0.45922 -2
      vertex 3.64833 -0.348341 2
      vertex 3.64833 -0.348341 -2
    endloop
  endfacet
  facet normal -0.941526 0.336941 0
    outer loop
      vertex 3.64833 -0.348341 2
      vertex 3.60865 -0.45922 -2
      vertex 3.60865 -0.45922 2
    endloop
  endfacet
  facet normal -0.857736 0.514091 0
    outer loop
      vertex 3.49776 -0.666684 -2
      vertex 3.5583 -0.565676 2
      vertex 3.5583 -0.565676 -2
    endloop
  endfacet
  facet normal -0.857736 0.514091 0
    outer loop
      vertex 3.5583 -0.565676 2
      vertex 3.49776 -0.666684 -2
      vertex 3.49776 -0.666684 2
    endloop
  endfacet
  facet normal 0.514065 0.857751 -0
    outer loop
      vertex 1.93432 -1.0583 -2
      vertex 1.83331 -0.997763 2
      vertex 1.93432 -1.0583 2
    endloop
  endfacet
  facet normal 0.514065 0.857751 0
    outer loop
      vertex 1.83331 -0.997763 2
      vertex 1.93432 -1.0583 -2
      vertex 1.83331 -0.997763 -2
    endloop
  endfacet
  facet normal 0.671541 0.740967 -0
    outer loop
      vertex 1.73873 -0.927612 -2
      vertex 1.65147 -0.848528 2
      vertex 1.73873 -0.927612 2
    endloop
  endfacet
  facet normal 0.671541 0.740967 0
    outer loop
      vertex 1.65147 -0.848528 2
      vertex 1.73873 -0.927612 -2
      vertex 1.65147 -0.848528 -2
    endloop
  endfacet
  facet normal 0.740973 0.671535 0
    outer loop
      vertex 1.65147 -0.848528 2
      vertex 1.57239 -0.761271 -2
      vertex 1.57239 -0.761271 2
    endloop
  endfacet
  facet normal 0.740973 0.671535 0
    outer loop
      vertex 1.57239 -0.761271 -2
      vertex 1.65147 -0.848528 2
      vertex 1.65147 -0.848528 -2
    endloop
  endfacet
  facet normal 0.857698 0.514154 0
    outer loop
      vertex 1.50224 -0.666684 2
      vertex 1.44169 -0.565676 -2
      vertex 1.44169 -0.565676 2
    endloop
  endfacet
  facet normal 0.857698 0.514154 0
    outer loop
      vertex 1.44169 -0.565676 -2
      vertex 1.50224 -0.666684 2
      vertex 1.50224 -0.666684 -2
    endloop
  endfacet
  facet normal 0.989176 0.146736 0
    outer loop
      vertex 1.32306 -0.234108 2
      vertex 1.30578 -0.11762 -2
      vertex 1.30578 -0.11762 2
    endloop
  endfacet
  facet normal 0.989176 0.146736 0
    outer loop
      vertex 1.30578 -0.11762 -2
      vertex 1.32306 -0.234108 2
      vertex 1.32306 -0.234108 -2
    endloop
  endfacet
  facet normal 0.998795 0.0490821 0
    outer loop
      vertex 1.30578 -0.11762 2
      vertex 1.3 0 -2
      vertex 1.3 0 2
    endloop
  endfacet
  facet normal 0.998795 0.0490821 0
    outer loop
      vertex 1.3 0 -2
      vertex 1.30578 -0.11762 2
      vertex 1.30578 -0.11762 -2
    endloop
  endfacet
  facet normal -0.242955 0.970038 0
    outer loop
      vertex 2.84834 -1.14833 -2
      vertex 2.73411 -1.17694 2
      vertex 2.84834 -1.14833 2
    endloop
  endfacet
  facet normal -0.242955 0.970038 0
    outer loop
      vertex 2.73411 -1.17694 2
      vertex 2.84834 -1.14833 -2
      vertex 2.73411 -1.17694 -2
    endloop
  endfacet
  facet normal -0.336939 0.941527 0
    outer loop
      vertex 2.95922 -1.10865 -2
      vertex 2.84834 -1.14833 2
      vertex 2.95922 -1.10865 2
    endloop
  endfacet
  facet normal -0.336939 0.941527 0
    outer loop
      vertex 2.84834 -1.14833 2
      vertex 2.95922 -1.10865 -2
      vertex 2.84834 -1.14833 -2
    endloop
  endfacet
  facet normal 0.146733 0.989176 -0
    outer loop
      vertex 2.38238 -1.19422 -2
      vertex 2.26589 -1.17694 2
      vertex 2.38238 -1.19422 2
    endloop
  endfacet
  facet normal 0.146733 0.989176 0
    outer loop
      vertex 2.26589 -1.17694 2
      vertex 2.38238 -1.19422 -2
      vertex 2.26589 -1.17694 -2
    endloop
  endfacet
  facet normal 0.336939 0.941527 -0
    outer loop
      vertex 2.15166 -1.14833 -2
      vertex 2.04078 -1.10865 2
      vertex 2.15166 -1.14833 2
    endloop
  endfacet
  facet normal 0.336939 0.941527 0
    outer loop
      vertex 2.04078 -1.10865 2
      vertex 2.15166 -1.14833 -2
      vertex 2.04078 -1.10865 -2
    endloop
  endfacet
  facet normal 0.427542 0.903995 -0
    outer loop
      vertex 2.04078 -1.10865 -2
      vertex 1.93432 -1.0583 2
      vertex 2.04078 -1.10865 2
    endloop
  endfacet
  facet normal 0.427542 0.903995 0
    outer loop
      vertex 1.93432 -1.0583 2
      vertex 2.04078 -1.10865 -2
      vertex 1.93432 -1.0583 -2
    endloop
  endfacet
  facet normal 0.0490821 0.998795 -0
    outer loop
      vertex 2.5 -1.2 -2
      vertex 2.38238 -1.19422 2
      vertex 2.5 -1.2 2
    endloop
  endfacet
  facet normal 0.0490821 0.998795 0
    outer loop
      vertex 2.38238 -1.19422 2
      vertex 2.5 -1.2 -2
      vertex 2.38238 -1.19422 -2
    endloop
  endfacet
  facet normal 0.242955 0.970038 -0
    outer loop
      vertex 2.26589 -1.17694 -2
      vertex 2.15166 -1.14833 2
      vertex 2.26589 -1.17694 2
    endloop
  endfacet
  facet normal 0.242955 0.970038 0
    outer loop
      vertex 2.15166 -1.14833 2
      vertex 2.26589 -1.17694 -2
      vertex 2.15166 -1.14833 -2
    endloop
  endfacet
  facet normal -0.595695 -0.803211 0
    outer loop
      vertex -9.05553 1.4135 -2
      vertex -8.92153 1.31412 2
      vertex -9.05553 1.4135 2
    endloop
  endfacet
  facet normal -0.595695 -0.803211 -0
    outer loop
      vertex -8.92153 1.31412 2
      vertex -9.05553 1.4135 -2
      vertex -8.92153 1.31412 -2
    endloop
  endfacet
  facet normal -0.514125 -0.857715 0
    outer loop
      vertex -9.19862 1.49927 -2
      vertex -9.05553 1.4135 2
      vertex -9.19862 1.49927 2
    endloop
  endfacet
  facet normal -0.514125 -0.857715 -0
    outer loop
      vertex -9.05553 1.4135 2
      vertex -9.19862 1.49927 -2
      vertex -9.05553 1.4135 -2
    endloop
  endfacet
  facet normal 0.336883 -0.941546 0
    outer loop
      vertex -10.6506 1.57059 -2
      vertex -10.4935 1.6268 2
      vertex -10.6506 1.57059 2
    endloop
  endfacet
  facet normal 0.336883 -0.941546 0
    outer loop
      vertex -10.4935 1.6268 2
      vertex -10.6506 1.57059 -2
      vertex -10.4935 1.6268 -2
    endloop
  endfacet
  facet normal 0.904057 -0.427412 0
    outer loop
      vertex -11.5706 0.650561 2
      vertex -11.4993 0.801374 -2
      vertex -11.4993 0.801374 2
    endloop
  endfacet
  facet normal 0.904057 -0.427412 0
    outer loop
      vertex -11.4993 0.801374 -2
      vertex -11.5706 0.650561 2
      vertex -11.5706 0.650561 -2
    endloop
  endfacet
  facet normal 0.904057 0.427412 0
    outer loop
      vertex -11.4993 -0.801374 2
      vertex -11.5706 -0.650561 -2
      vertex -11.5706 -0.650561 2
    endloop
  endfacet
  facet normal 0.904057 0.427412 0
    outer loop
      vertex -11.5706 -0.650561 -2
      vertex -11.4993 -0.801374 2
      vertex -11.4993 -0.801374 -2
    endloop
  endfacet
  facet normal -0.970026 -0.243 0
    outer loop
      vertex -8.33266 0.331653 -2
      vertex -8.3732 0.493484 2
      vertex -8.3732 0.493484 -2
    endloop
  endfacet
  facet normal -0.970026 -0.243 0
    outer loop
      vertex -8.3732 0.493484 2
      vertex -8.33266 0.331653 -2
      vertex -8.33266 0.331653 2
    endloop
  endfacet
  facet normal -0.94155 -0.336874 0
    outer loop
      vertex -8.3732 0.493484 -2
      vertex -8.4294 0.650561 2
      vertex -8.4294 0.650561 -2
    endloop
  endfacet
  facet normal -0.94155 -0.336874 0
    outer loop
      vertex -8.4294 0.650561 2
      vertex -8.3732 0.493484 -2
      vertex -8.3732 0.493484 2
    endloop
  endfacet
  facet normal -0.740932 -0.67158 0
    outer loop
      vertex -8.68588 1.07847 -2
      vertex -8.79792 1.20208 2
      vertex -8.79792 1.20208 -2
    endloop
  endfacet
  facet normal -0.740932 -0.67158 0
    outer loop
      vertex -8.79792 1.20208 2
      vertex -8.68588 1.07847 -2
      vertex -8.68588 1.07847 2
    endloop
  endfacet
  facet normal -0.427494 -0.904018 0
    outer loop
      vertex -9.34944 1.57059 -2
      vertex -9.19862 1.49927 2
      vertex -9.34944 1.57059 2
    endloop
  endfacet
  facet normal -0.427494 -0.904018 -0
    outer loop
      vertex -9.19862 1.49927 2
      vertex -9.34944 1.57059 -2
      vertex -9.19862 1.49927 -2
    endloop
  endfacet
  facet normal 0.595695 -0.803211 0
    outer loop
      vertex -11.0785 1.31412 -2
      vertex -10.9445 1.4135 2
      vertex -11.0785 1.31412 2
    endloop
  endfacet
  facet normal 0.595695 -0.803211 0
    outer loop
      vertex -10.9445 1.4135 2
      vertex -11.0785 1.31412 -2
      vertex -10.9445 1.4135 -2
    endloop
  endfacet
  facet normal -0.242945 0.97004 0
    outer loop
      vertex -9.50652 -1.6268 -2
      vertex -9.66835 -1.66733 2
      vertex -9.50652 -1.6268 2
    endloop
  endfacet
  facet normal -0.242945 0.97004 0
    outer loop
      vertex -9.66835 -1.66733 2
      vertex -9.50652 -1.6268 -2
      vertex -9.66835 -1.66733 -2
    endloop
  endfacet
  facet normal -0.740932 0.67158 0
    outer loop
      vertex -8.79792 -1.20208 -2
      vertex -8.68588 -1.07847 2
      vertex -8.68588 -1.07847 -2
    endloop
  endfacet
  facet normal -0.740932 0.67158 0
    outer loop
      vertex -8.68588 -1.07847 2
      vertex -8.79792 -1.20208 -2
      vertex -8.79792 -1.20208 2
    endloop
  endfacet
  facet normal 0.0491004 0.998794 -0
    outer loop
      vertex -10 -1.7 -2
      vertex -10.1666 -1.69181 2
      vertex -10 -1.7 2
    endloop
  endfacet
  facet normal 0.0491004 0.998794 0
    outer loop
      vertex -10.1666 -1.69181 2
      vertex -10 -1.7 -2
      vertex -10.1666 -1.69181 -2
    endloop
  endfacet
  facet normal 0.514099 0.857731 -0
    outer loop
      vertex -10.8014 -1.49927 -2
      vertex -10.9445 -1.4135 2
      vertex -10.8014 -1.49927 2
    endloop
  endfacet
  facet normal 0.514099 0.857731 0
    outer loop
      vertex -10.9445 -1.4135 2
      vertex -10.8014 -1.49927 -2
      vertex -10.9445 -1.4135 -2
    endloop
  endfacet
  facet normal 0.741051 0.671448 0
    outer loop
      vertex -11.2021 -1.20208 2
      vertex -11.3141 -1.07847 -2
      vertex -11.3141 -1.07847 2
    endloop
  endfacet
  facet normal 0.741051 0.671448 0
    outer loop
      vertex -11.3141 -1.07847 -2
      vertex -11.2021 -1.20208 2
      vertex -11.2021 -1.20208 -2
    endloop
  endfacet
  facet normal -0.989184 -0.146678 0
    outer loop
      vertex -8.30819 0.166629 -2
      vertex -8.33266 0.331653 2
      vertex -8.33266 0.331653 -2
    endloop
  endfacet
  facet normal -0.989184 -0.146678 0
    outer loop
      vertex -8.33266 0.331653 2
      vertex -8.30819 0.166629 -2
      vertex -8.30819 0.166629 2
    endloop
  endfacet
  facet normal -0.903988 -0.427559 0
    outer loop
      vertex -8.4294 0.650561 -2
      vertex -8.50073 0.801374 2
      vertex -8.50073 0.801374 -2
    endloop
  endfacet
  facet normal -0.903988 -0.427559 0
    outer loop
      vertex -8.50073 0.801374 2
      vertex -8.4294 0.650561 -2
      vertex -8.4294 0.650561 2
    endloop
  endfacet
  facet normal -0.857721 -0.514115 0
    outer loop
      vertex -8.50073 0.801374 -2
      vertex -8.5865 0.944468 2
      vertex -8.5865 0.944468 -2
    endloop
  endfacet
  facet normal -0.857721 -0.514115 0
    outer loop
      vertex -8.5865 0.944468 2
      vertex -8.50073 0.801374 -2
      vertex -8.50073 0.801374 2
    endloop
  endfacet
  facet normal -0.803215 -0.595689 0
    outer loop
      vertex -8.5865 0.944468 -2
      vertex -8.68588 1.07847 2
      vertex -8.68588 1.07847 -2
    endloop
  endfacet
  facet normal -0.803215 -0.595689 0
    outer loop
      vertex -8.68588 1.07847 2
      vertex -8.5865 0.944468 -2
      vertex -8.5865 0.944468 2
    endloop
  endfacet
  facet normal -0.67158 -0.740932 0
    outer loop
      vertex -8.92153 1.31412 -2
      vertex -8.79792 1.20208 2
      vertex -8.92153 1.31412 2
    endloop
  endfacet
  facet normal -0.67158 -0.740932 -0
    outer loop
      vertex -8.79792 1.20208 2
      vertex -8.92153 1.31412 -2
      vertex -8.79792 1.20208 -2
    endloop
  endfacet
  facet normal -0.0490916 -0.998794 0
    outer loop
      vertex -10 1.7 -2
      vertex -9.83337 1.69181 2
      vertex -10 1.7 2
    endloop
  endfacet
  facet normal -0.0490916 -0.998794 -0
    outer loop
      vertex -9.83337 1.69181 2
      vertex -10 1.7 -2
      vertex -9.83337 1.69181 -2
    endloop
  endfacet
  facet normal -0.242945 -0.97004 0
    outer loop
      vertex -9.66835 1.66733 -2
      vertex -9.50652 1.6268 2
      vertex -9.66835 1.66733 2
    endloop
  endfacet
  facet normal -0.242945 -0.97004 -0
    outer loop
      vertex -9.50652 1.6268 2
      vertex -9.66835 1.66733 -2
      vertex -9.50652 1.6268 -2
    endloop
  endfacet
  facet normal -0.14674 -0.989175 0
    outer loop
      vertex -9.83337 1.69181 -2
      vertex -9.66835 1.66733 2
      vertex -9.83337 1.69181 2
    endloop
  endfacet
  facet normal -0.14674 -0.989175 -0
    outer loop
      vertex -9.66835 1.66733 2
      vertex -9.83337 1.69181 -2
      vertex -9.66835 1.66733 -2
    endloop
  endfacet
  facet normal 0.998791 -0.0491516 0
    outer loop
      vertex -11.7 0 2
      vertex -11.6918 0.166629 -2
      vertex -11.6918 0.166629 2
    endloop
  endfacet
  facet normal 0.998791 -0.0491516 0
    outer loop
      vertex -11.6918 0.166629 -2
      vertex -11.7 0 2
      vertex -11.7 0 -2
    endloop
  endfacet
  facet normal 0.970083 -0.242774 0
    outer loop
      vertex -11.6673 0.331653 2
      vertex -11.6268 0.493484 -2
      vertex -11.6268 0.493484 2
    endloop
  endfacet
  facet normal 0.970083 -0.242774 0
    outer loop
      vertex -11.6268 0.493484 -2
      vertex -11.6673 0.331653 2
      vertex -11.6673 0.331653 -2
    endloop
  endfacet
  facet normal 0.989158 -0.146854 0
    outer loop
      vertex -11.6918 0.166629 2
      vertex -11.6673 0.331653 -2
      vertex -11.6673 0.331653 2
    endloop
  endfacet
  facet normal 0.989158 -0.146854 0
    outer loop
      vertex -11.6673 0.331653 -2
      vertex -11.6918 0.166629 2
      vertex -11.6918 0.166629 -2
    endloop
  endfacet
  facet normal 0.741051 -0.671448 0
    outer loop
      vertex -11.3141 1.07847 2
      vertex -11.2021 1.20208 -2
      vertex -11.2021 1.20208 2
    endloop
  endfacet
  facet normal 0.741051 -0.671448 0
    outer loop
      vertex -11.2021 1.20208 -2
      vertex -11.3141 1.07847 2
      vertex -11.3141 1.07847 -2
    endloop
  endfacet
  facet normal 0.857642 -0.514247 0
    outer loop
      vertex -11.4993 0.801374 2
      vertex -11.4135 0.944468 -2
      vertex -11.4135 0.944468 2
    endloop
  endfacet
  facet normal 0.857642 -0.514247 0
    outer loop
      vertex -11.4135 0.944468 -2
      vertex -11.4993 0.801374 2
      vertex -11.4993 0.801374 -2
    endloop
  endfacet
  facet normal 0.803158 -0.595766 0
    outer loop
      vertex -11.4135 0.944468 2
      vertex -11.3141 1.07847 -2
      vertex -11.3141 1.07847 2
    endloop
  endfacet
  facet normal 0.803158 -0.595766 0
    outer loop
      vertex -11.3141 1.07847 -2
      vertex -11.4135 0.944468 2
      vertex -11.4135 0.944468 -2
    endloop
  endfacet
  facet normal 0.0491004 -0.998794 0
    outer loop
      vertex -10.1666 1.69181 -2
      vertex -10 1.7 2
      vertex -10.1666 1.69181 2
    endloop
  endfacet
  facet normal 0.0491004 -0.998794 0
    outer loop
      vertex -10 1.7 2
      vertex -10.1666 1.69181 -2
      vertex -10 1.7 -2
    endloop
  endfacet
  facet normal 0.14667 -0.989185 0
    outer loop
      vertex -10.3317 1.66733 -2
      vertex -10.1666 1.69181 2
      vertex -10.3317 1.66733 2
    endloop
  endfacet
  facet normal 0.14667 -0.989185 0
    outer loop
      vertex -10.1666 1.69181 2
      vertex -10.3317 1.66733 -2
      vertex -10.1666 1.69181 -2
    endloop
  endfacet
  facet normal 0.42754 -0.903996 0
    outer loop
      vertex -10.8014 1.49927 -2
      vertex -10.6506 1.57059 2
      vertex -10.8014 1.49927 2
    endloop
  endfacet
  facet normal 0.42754 -0.903996 0
    outer loop
      vertex -10.6506 1.57059 2
      vertex -10.8014 1.49927 -2
      vertex -10.6506 1.57059 -2
    endloop
  endfacet
  facet normal 0.514099 -0.857731 0
    outer loop
      vertex -10.9445 1.4135 -2
      vertex -10.8014 1.49927 2
      vertex -10.9445 1.4135 2
    endloop
  endfacet
  facet normal 0.514099 -0.857731 0
    outer loop
      vertex -10.8014 1.49927 2
      vertex -10.9445 1.4135 -2
      vertex -10.8014 1.49927 -2
    endloop
  endfacet
  facet normal 0.67161 -0.740905 0
    outer loop
      vertex -11.2021 1.20208 -2
      vertex -11.0785 1.31412 2
      vertex -11.2021 1.20208 2
    endloop
  endfacet
  facet normal 0.67161 -0.740905 0
    outer loop
      vertex -11.0785 1.31412 2
      vertex -11.2021 1.20208 -2
      vertex -11.0785 1.31412 -2
    endloop
  endfacet
  facet normal -0.998794 -0.0490918 0
    outer loop
      vertex -8.3 0 -2
      vertex -8.30819 0.166629 2
      vertex -8.30819 0.166629 -2
    endloop
  endfacet
  facet normal -0.998794 -0.0490918 0
    outer loop
      vertex -8.30819 0.166629 2
      vertex -8.3 0 -2
      vertex -8.3 0 2
    endloop
  endfacet
  facet normal -0.0490916 0.998794 0
    outer loop
      vertex -9.83337 -1.69181 -2
      vertex -10 -1.7 2
      vertex -9.83337 -1.69181 2
    endloop
  endfacet
  facet normal -0.0490916 0.998794 0
    outer loop
      vertex -10 -1.7 2
      vertex -9.83337 -1.69181 -2
      vertex -10 -1.7 -2
    endloop
  endfacet
  facet normal -0.14674 0.989175 0
    outer loop
      vertex -9.66835 -1.66733 -2
      vertex -9.83337 -1.69181 2
      vertex -9.66835 -1.66733 2
    endloop
  endfacet
  facet normal -0.14674 0.989175 0
    outer loop
      vertex -9.83337 -1.69181 2
      vertex -9.66835 -1.66733 -2
      vertex -9.83337 -1.69181 -2
    endloop
  endfacet
  facet normal -0.514125 0.857715 0
    outer loop
      vertex -9.05553 -1.4135 -2
      vertex -9.19862 -1.49927 2
      vertex -9.05553 -1.4135 2
    endloop
  endfacet
  facet normal -0.514125 0.857715 0
    outer loop
      vertex -9.19862 -1.49927 2
      vertex -9.05553 -1.4135 -2
      vertex -9.19862 -1.49927 -2
    endloop
  endfacet
  facet normal -0.67158 0.740932 0
    outer loop
      vertex -8.79792 -1.20208 -2
      vertex -8.92153 -1.31412 2
      vertex -8.79792 -1.20208 2
    endloop
  endfacet
  facet normal -0.67158 0.740932 0
    outer loop
      vertex -8.92153 -1.31412 2
      vertex -8.79792 -1.20208 -2
      vertex -8.92153 -1.31412 -2
    endloop
  endfacet
  facet normal -0.595695 0.803211 0
    outer loop
      vertex -8.92153 -1.31412 -2
      vertex -9.05553 -1.4135 2
      vertex -8.92153 -1.31412 2
    endloop
  endfacet
  facet normal -0.595695 0.803211 0
    outer loop
      vertex -9.05553 -1.4135 2
      vertex -8.92153 -1.31412 -2
      vertex -9.05553 -1.4135 -2
    endloop
  endfacet
  facet normal 0.242987 0.97003 -0
    outer loop
      vertex -10.3317 -1.66733 -2
      vertex -10.4935 -1.6268 2
      vertex -10.3317 -1.66733 2
    endloop
  endfacet
  facet normal 0.242987 0.97003 0
    outer loop
      vertex -10.4935 -1.6268 2
      vertex -10.3317 -1.66733 -2
      vertex -10.4935 -1.6268 -2
    endloop
  endfacet
  facet normal 0.336883 0.941546 -0
    outer loop
      vertex -10.4935 -1.6268 -2
      vertex -10.6506 -1.57059 2
      vertex -10.4935 -1.6268 2
    endloop
  endfacet
  facet normal 0.336883 0.941546 0
    outer loop
      vertex -10.6506 -1.57059 2
      vertex -10.4935 -1.6268 -2
      vertex -10.6506 -1.57059 -2
    endloop
  endfacet
  facet normal 0.14667 0.989185 -0
    outer loop
      vertex -10.1666 -1.69181 -2
      vertex -10.3317 -1.66733 2
      vertex -10.1666 -1.69181 2
    endloop
  endfacet
  facet normal 0.14667 0.989185 0
    outer loop
      vertex -10.3317 -1.66733 2
      vertex -10.1666 -1.69181 -2
      vertex -10.3317 -1.66733 -2
    endloop
  endfacet
  facet normal 0.42754 0.903996 -0
    outer loop
      vertex -10.6506 -1.57059 -2
      vertex -10.8014 -1.49927 2
      vertex -10.6506 -1.57059 2
    endloop
  endfacet
  facet normal 0.42754 0.903996 0
    outer loop
      vertex -10.8014 -1.49927 2
      vertex -10.6506 -1.57059 -2
      vertex -10.8014 -1.49927 -2
    endloop
  endfacet
  facet normal 0.67161 0.740905 -0
    outer loop
      vertex -11.0785 -1.31412 -2
      vertex -11.2021 -1.20208 2
      vertex -11.0785 -1.31412 2
    endloop
  endfacet
  facet normal 0.67161 0.740905 0
    outer loop
      vertex -11.2021 -1.20208 2
      vertex -11.0785 -1.31412 -2
      vertex -11.2021 -1.20208 -2
    endloop
  endfacet
  facet normal 0.970083 0.242774 0
    outer loop
      vertex -11.6268 -0.493484 2
      vertex -11.6673 -0.331653 -2
      vertex -11.6673 -0.331653 2
    endloop
  endfacet
  facet normal 0.970083 0.242774 0
    outer loop
      vertex -11.6673 -0.331653 -2
      vertex -11.6268 -0.493484 2
      vertex -11.6268 -0.493484 -2
    endloop
  endfacet
  facet normal 0.998791 0.0491516 0
    outer loop
      vertex -11.6918 -0.166629 2
      vertex -11.7 0 -2
      vertex -11.7 0 2
    endloop
  endfacet
  facet normal 0.998791 0.0491516 0
    outer loop
      vertex -11.7 0 -2
      vertex -11.6918 -0.166629 2
      vertex -11.6918 -0.166629 -2
    endloop
  endfacet
  facet normal 0.857642 0.514247 0
    outer loop
      vertex -11.4135 -0.944468 2
      vertex -11.4993 -0.801374 -2
      vertex -11.4993 -0.801374 2
    endloop
  endfacet
  facet normal 0.857642 0.514247 0
    outer loop
      vertex -11.4993 -0.801374 -2
      vertex -11.4135 -0.944468 2
      vertex -11.4135 -0.944468 -2
    endloop
  endfacet
  facet normal 0.803158 0.595766 0
    outer loop
      vertex -11.3141 -1.07847 2
      vertex -11.4135 -0.944468 -2
      vertex -11.4135 -0.944468 2
    endloop
  endfacet
  facet normal 0.803158 0.595766 0
    outer loop
      vertex -11.4135 -0.944468 -2
      vertex -11.3141 -1.07847 2
      vertex -11.3141 -1.07847 -2
    endloop
  endfacet
  facet normal -0.336921 -0.941533 0
    outer loop
      vertex -9.50652 1.6268 -2
      vertex -9.34944 1.57059 2
      vertex -9.50652 1.6268 2
    endloop
  endfacet
  facet normal -0.336921 -0.941533 -0
    outer loop
      vertex -9.34944 1.57059 2
      vertex -9.50652 1.6268 -2
      vertex -9.34944 1.57059 -2
    endloop
  endfacet
  facet normal 0.94155 -0.336874 0
    outer loop
      vertex -11.6268 0.493484 2
      vertex -11.5706 0.650561 -2
      vertex -11.5706 0.650561 2
    endloop
  endfacet
  facet normal 0.94155 -0.336874 0
    outer loop
      vertex -11.5706 0.650561 -2
      vertex -11.6268 0.493484 2
      vertex -11.6268 0.493484 -2
    endloop
  endfacet
  facet normal 0.242987 -0.97003 0
    outer loop
      vertex -10.4935 1.6268 -2
      vertex -10.3317 1.66733 2
      vertex -10.4935 1.6268 2
    endloop
  endfacet
  facet normal 0.242987 -0.97003 0
    outer loop
      vertex -10.3317 1.66733 2
      vertex -10.4935 1.6268 -2
      vertex -10.3317 1.66733 -2
    endloop
  endfacet
  facet normal -0.989184 0.146678 0
    outer loop
      vertex -8.33266 -0.331653 -2
      vertex -8.30819 -0.166629 2
      vertex -8.30819 -0.166629 -2
    endloop
  endfacet
  facet normal -0.989184 0.146678 0
    outer loop
      vertex -8.30819 -0.166629 2
      vertex -8.33266 -0.331653 -2
      vertex -8.33266 -0.331653 2
    endloop
  endfacet
  facet normal -0.998794 0.0490918 0
    outer loop
      vertex -8.30819 -0.166629 -2
      vertex -8.3 0 2
      vertex -8.3 0 -2
    endloop
  endfacet
  facet normal -0.998794 0.0490918 0
    outer loop
      vertex -8.3 0 2
      vertex -8.30819 -0.166629 -2
      vertex -8.30819 -0.166629 2
    endloop
  endfacet
  facet normal -0.970026 0.243 0
    outer loop
      vertex -8.3732 -0.493484 -2
      vertex -8.33266 -0.331653 2
      vertex -8.33266 -0.331653 -2
    endloop
  endfacet
  facet normal -0.970026 0.243 0
    outer loop
      vertex -8.33266 -0.331653 2
      vertex -8.3732 -0.493484 -2
      vertex -8.3732 -0.493484 2
    endloop
  endfacet
  facet normal -0.903988 0.427559 0
    outer loop
      vertex -8.50073 -0.801374 -2
      vertex -8.4294 -0.650561 2
      vertex -8.4294 -0.650561 -2
    endloop
  endfacet
  facet normal -0.903988 0.427559 0
    outer loop
      vertex -8.4294 -0.650561 2
      vertex -8.50073 -0.801374 -2
      vertex -8.50073 -0.801374 2
    endloop
  endfacet
  facet normal -0.803215 0.595689 0
    outer loop
      vertex -8.68588 -1.07847 -2
      vertex -8.5865 -0.944468 2
      vertex -8.5865 -0.944468 -2
    endloop
  endfacet
  facet normal -0.803215 0.595689 0
    outer loop
      vertex -8.5865 -0.944468 2
      vertex -8.68588 -1.07847 -2
      vertex -8.68588 -1.07847 2
    endloop
  endfacet
  facet normal -0.857721 0.514115 0
    outer loop
      vertex -8.5865 -0.944468 -2
      vertex -8.50073 -0.801374 2
      vertex -8.50073 -0.801374 -2
    endloop
  endfacet
  facet normal -0.857721 0.514115 0
    outer loop
      vertex -8.50073 -0.801374 2
      vertex -8.5865 -0.944468 -2
      vertex -8.5865 -0.944468 2
    endloop
  endfacet
  facet normal -0.427494 0.904018 0
    outer loop
      vertex -9.19862 -1.49927 -2
      vertex -9.34944 -1.57059 2
      vertex -9.19862 -1.49927 2
    endloop
  endfacet
  facet normal -0.427494 0.904018 0
    outer loop
      vertex -9.34944 -1.57059 2
      vertex -9.19862 -1.49927 -2
      vertex -9.34944 -1.57059 -2
    endloop
  endfacet
  facet normal -0.336921 0.941533 0
    outer loop
      vertex -9.34944 -1.57059 -2
      vertex -9.50652 -1.6268 2
      vertex -9.34944 -1.57059 2
    endloop
  endfacet
  facet normal -0.336921 0.941533 0
    outer loop
      vertex -9.50652 -1.6268 2
      vertex -9.34944 -1.57059 -2
      vertex -9.50652 -1.6268 -2
    endloop
  endfacet
  facet normal 0.595695 0.803211 -0
    outer loop
      vertex -10.9445 -1.4135 -2
      vertex -11.0785 -1.31412 2
      vertex -10.9445 -1.4135 2
    endloop
  endfacet
  facet normal 0.595695 0.803211 0
    outer loop
      vertex -11.0785 -1.31412 2
      vertex -10.9445 -1.4135 -2
      vertex -11.0785 -1.31412 -2
    endloop
  endfacet
  facet normal 0.989158 0.146854 0
    outer loop
      vertex -11.6673 -0.331653 2
      vertex -11.6918 -0.166629 -2
      vertex -11.6918 -0.166629 2
    endloop
  endfacet
  facet normal 0.989158 0.146854 0
    outer loop
      vertex -11.6918 -0.166629 -2
      vertex -11.6673 -0.331653 2
      vertex -11.6673 -0.331653 -2
    endloop
  endfacet
  facet normal 0.94155 0.336874 0
    outer loop
      vertex -11.5706 -0.650561 2
      vertex -11.6268 -0.493484 -2
      vertex -11.6268 -0.493484 2
    endloop
  endfacet
  facet normal 0.94155 0.336874 0
    outer loop
      vertex -11.6268 -0.493484 -2
      vertex -11.5706 -0.650561 2
      vertex -11.5706 -0.650561 -2
    endloop
  endfacet
  facet normal -0.94155 0.336874 0
    outer loop
      vertex -8.4294 -0.650561 -2
      vertex -8.3732 -0.493484 2
      vertex -8.3732 -0.493484 -2
    endloop
  endfacet
  facet normal -0.94155 0.336874 0
    outer loop
      vertex -8.3732 -0.493484 2
      vertex -8.4294 -0.650561 -2
      vertex -8.4294 -0.650561 2
    endloop
  endfacet
  facet normal -0.595695 -0.803211 0
    outer loop
      vertex 10.9445 1.4135 -2
      vertex 11.0785 1.31412 2
      vertex 10.9445 1.4135 2
    endloop
  endfacet
  facet normal -0.595695 -0.803211 -0
    outer loop
      vertex 11.0785 1.31412 2
      vertex 10.9445 1.4135 -2
      vertex 11.0785 1.31412 -2
    endloop
  endfacet
  facet normal 0.336921 -0.941533 0
    outer loop
      vertex 9.34944 1.57059 -2
      vertex 9.50652 1.6268 2
      vertex 9.34944 1.57059 2
    endloop
  endfacet
  facet normal 0.336921 -0.941533 0
    outer loop
      vertex 9.50652 1.6268 2
      vertex 9.34944 1.57059 -2
      vertex 9.50652 1.6268 -2
    endloop
  endfacet
  facet normal 0.903988 -0.427559 0
    outer loop
      vertex 8.4294 0.650561 2
      vertex 8.50073 0.801374 -2
      vertex 8.50073 0.801374 2
    endloop
  endfacet
  facet normal 0.903988 -0.427559 0
    outer loop
      vertex 8.50073 0.801374 -2
      vertex 8.4294 0.650561 2
      vertex 8.4294 0.650561 -2
    endloop
  endfacet
  facet normal -0.998791 0.0491516 0
    outer loop
      vertex 11.6918 -0.166629 -2
      vertex 11.7 0 2
      vertex 11.7 0 -2
    endloop
  endfacet
  facet normal -0.998791 0.0491516 0
    outer loop
      vertex 11.7 0 2
      vertex 11.6918 -0.166629 -2
      vertex 11.6918 -0.166629 2
    endloop
  endfacet
  facet normal -0.904057 -0.427412 0
    outer loop
      vertex 11.5706 0.650561 -2
      vertex 11.4993 0.801374 2
      vertex 11.4993 0.801374 -2
    endloop
  endfacet
  facet normal -0.904057 -0.427412 0
    outer loop
      vertex 11.4993 0.801374 2
      vertex 11.5706 0.650561 -2
      vertex 11.5706 0.650561 2
    endloop
  endfacet
  facet normal -0.857642 -0.514247 0
    outer loop
      vertex 11.4993 0.801374 -2
      vertex 11.4135 0.944468 2
      vertex 11.4135 0.944468 -2
    endloop
  endfacet
  facet normal -0.857642 -0.514247 0
    outer loop
      vertex 11.4135 0.944468 2
      vertex 11.4993 0.801374 -2
      vertex 11.4993 0.801374 2
    endloop
  endfacet
  facet normal -0.42754 -0.903996 0
    outer loop
      vertex 10.6506 1.57059 -2
      vertex 10.8014 1.49927 2
      vertex 10.6506 1.57059 2
    endloop
  endfacet
  facet normal -0.42754 -0.903996 -0
    outer loop
      vertex 10.8014 1.49927 2
      vertex 10.6506 1.57059 -2
      vertex 10.8014 1.49927 -2
    endloop
  endfacet
  facet normal -0.14667 -0.989185 0
    outer loop
      vertex 10.1666 1.69181 -2
      vertex 10.3317 1.66733 2
      vertex 10.1666 1.69181 2
    endloop
  endfacet
  facet normal -0.14667 -0.989185 -0
    outer loop
      vertex 10.3317 1.66733 2
      vertex 10.1666 1.69181 -2
      vertex 10.3317 1.66733 -2
    endloop
  endfacet
  facet normal 0.989184 -0.146678 0
    outer loop
      vertex 8.30819 0.166629 2
      vertex 8.33266 0.331653 -2
      vertex 8.33266 0.331653 2
    endloop
  endfacet
  facet normal 0.989184 -0.146678 0
    outer loop
      vertex 8.33266 0.331653 -2
      vertex 8.30819 0.166629 2
      vertex 8.30819 0.166629 -2
    endloop
  endfacet
  facet normal 0.740932 -0.67158 0
    outer loop
      vertex 8.68588 1.07847 2
      vertex 8.79792 1.20208 -2
      vertex 8.79792 1.20208 2
    endloop
  endfacet
  facet normal 0.740932 -0.67158 0
    outer loop
      vertex 8.79792 1.20208 -2
      vertex 8.68588 1.07847 2
      vertex 8.68588 1.07847 -2
    endloop
  endfacet
  facet normal 0.14674 -0.989175 0
    outer loop
      vertex 9.66835 1.66733 -2
      vertex 9.83337 1.69181 2
      vertex 9.66835 1.66733 2
    endloop
  endfacet
  facet normal 0.14674 -0.989175 0
    outer loop
      vertex 9.83337 1.69181 2
      vertex 9.66835 1.66733 -2
      vertex 9.83337 1.69181 -2
    endloop
  endfacet
  facet normal 0.14674 0.989175 -0
    outer loop
      vertex 9.83337 -1.69181 -2
      vertex 9.66835 -1.66733 2
      vertex 9.83337 -1.69181 2
    endloop
  endfacet
  facet normal 0.14674 0.989175 0
    outer loop
      vertex 9.66835 -1.66733 2
      vertex 9.83337 -1.69181 -2
      vertex 9.66835 -1.66733 -2
    endloop
  endfacet
  facet normal 0.67158 0.740932 -0
    outer loop
      vertex 8.92153 -1.31412 -2
      vertex 8.79792 -1.20208 2
      vertex 8.92153 -1.31412 2
    endloop
  endfacet
  facet normal 0.67158 0.740932 0
    outer loop
      vertex 8.79792 -1.20208 2
      vertex 8.92153 -1.31412 -2
      vertex 8.79792 -1.20208 -2
    endloop
  endfacet
  facet normal 0.740932 0.67158 0
    outer loop
      vertex 8.79792 -1.20208 2
      vertex 8.68588 -1.07847 -2
      vertex 8.68588 -1.07847 2
    endloop
  endfacet
  facet normal 0.740932 0.67158 0
    outer loop
      vertex 8.68588 -1.07847 -2
      vertex 8.79792 -1.20208 2
      vertex 8.79792 -1.20208 -2
    endloop
  endfacet
  facet normal -0.989158 -0.146854 0
    outer loop
      vertex 11.6918 0.166629 -2
      vertex 11.6673 0.331653 2
      vertex 11.6673 0.331653 -2
    endloop
  endfacet
  facet normal -0.989158 -0.146854 0
    outer loop
      vertex 11.6673 0.331653 2
      vertex 11.6918 0.166629 -2
      vertex 11.6918 0.166629 2
    endloop
  endfacet
  facet normal -0.970083 -0.242774 0
    outer loop
      vertex 11.6673 0.331653 -2
      vertex 11.6268 0.493484 2
      vertex 11.6268 0.493484 -2
    endloop
  endfacet
  facet normal -0.970083 -0.242774 0
    outer loop
      vertex 11.6268 0.493484 2
      vertex 11.6673 0.331653 -2
      vertex 11.6673 0.331653 2
    endloop
  endfacet
  facet normal -0.94155 -0.336874 0
    outer loop
      vertex 11.6268 0.493484 -2
      vertex 11.5706 0.650561 2
      vertex 11.5706 0.650561 -2
    endloop
  endfacet
  facet normal -0.94155 -0.336874 0
    outer loop
      vertex 11.5706 0.650561 2
      vertex 11.6268 0.493484 -2
      vertex 11.6268 0.493484 2
    endloop
  endfacet
  facet normal -0.741051 -0.671448 0
    outer loop
      vertex 11.3141 1.07847 -2
      vertex 11.2021 1.20208 2
      vertex 11.2021 1.20208 -2
    endloop
  endfacet
  facet normal -0.741051 -0.671448 0
    outer loop
      vertex 11.2021 1.20208 2
      vertex 11.3141 1.07847 -2
      vertex 11.3141 1.07847 2
    endloop
  endfacet
  facet normal -0.803158 -0.595766 0
    outer loop
      vertex 11.4135 0.944468 -2
      vertex 11.3141 1.07847 2
      vertex 11.3141 1.07847 -2
    endloop
  endfacet
  facet normal -0.803158 -0.595766 0
    outer loop
      vertex 11.3141 1.07847 2
      vertex 11.4135 0.944468 -2
      vertex 11.4135 0.944468 2
    endloop
  endfacet
  facet normal -0.67161 -0.740905 0
    outer loop
      vertex 11.0785 1.31412 -2
      vertex 11.2021 1.20208 2
      vertex 11.0785 1.31412 2
    endloop
  endfacet
  facet normal -0.67161 -0.740905 -0
    outer loop
      vertex 11.2021 1.20208 2
      vertex 11.0785 1.31412 -2
      vertex 11.2021 1.20208 -2
    endloop
  endfacet
  facet normal -0.514099 -0.857731 0
    outer loop
      vertex 10.8014 1.49927 -2
      vertex 10.9445 1.4135 2
      vertex 10.8014 1.49927 2
    endloop
  endfacet
  facet normal -0.514099 -0.857731 -0
    outer loop
      vertex 10.9445 1.4135 2
      vertex 10.8014 1.49927 -2
      vertex 10.9445 1.4135 -2
    endloop
  endfacet
  facet normal -0.0491004 -0.998794 0
    outer loop
      vertex 10 1.7 -2
      vertex 10.1666 1.69181 2
      vertex 10 1.7 2
    endloop
  endfacet
  facet normal -0.0491004 -0.998794 -0
    outer loop
      vertex 10.1666 1.69181 2
      vertex 10 1.7 -2
      vertex 10.1666 1.69181 -2
    endloop
  endfacet
  facet normal -0.336883 -0.941546 0
    outer loop
      vertex 10.4935 1.6268 -2
      vertex 10.6506 1.57059 2
      vertex 10.4935 1.6268 2
    endloop
  endfacet
  facet normal -0.336883 -0.941546 -0
    outer loop
      vertex 10.6506 1.57059 2
      vertex 10.4935 1.6268 -2
      vertex 10.6506 1.57059 -2
    endloop
  endfacet
  facet normal -0.242987 -0.97003 0
    outer loop
      vertex 10.3317 1.66733 -2
      vertex 10.4935 1.6268 2
      vertex 10.3317 1.66733 2
    endloop
  endfacet
  facet normal -0.242987 -0.97003 -0
    outer loop
      vertex 10.4935 1.6268 2
      vertex 10.3317 1.66733 -2
      vertex 10.4935 1.6268 -2
    endloop
  endfacet
  facet normal 0.998794 -0.0490918 0
    outer loop
      vertex 8.3 0 2
      vertex 8.30819 0.166629 -2
      vertex 8.30819 0.166629 2
    endloop
  endfacet
  facet normal 0.998794 -0.0490918 0
    outer loop
      vertex 8.30819 0.166629 -2
      vertex 8.3 0 2
      vertex 8.3 0 -2
    endloop
  endfacet
  facet normal 0.94155 -0.336874 0
    outer loop
      vertex 8.3732 0.493484 2
      vertex 8.4294 0.650561 -2
      vertex 8.4294 0.650561 2
    endloop
  endfacet
  facet normal 0.94155 -0.336874 0
    outer loop
      vertex 8.4294 0.650561 -2
      vertex 8.3732 0.493484 2
      vertex 8.3732 0.493484 -2
    endloop
  endfacet
  facet normal 0.970026 -0.243 0
    outer loop
      vertex 8.33266 0.331653 2
      vertex 8.3732 0.493484 -2
      vertex 8.3732 0.493484 2
    endloop
  endfacet
  facet normal 0.970026 -0.243 0
    outer loop
      vertex 8.3732 0.493484 -2
      vertex 8.33266 0.331653 2
      vertex 8.33266 0.331653 -2
    endloop
  endfacet
  facet normal 0.857721 -0.514115 0
    outer loop
      vertex 8.50073 0.801374 2
      vertex 8.5865 0.944468 -2
      vertex 8.5865 0.944468 2
    endloop
  endfacet
  facet normal 0.857721 -0.514115 0
    outer loop
      vertex 8.5865 0.944468 -2
      vertex 8.50073 0.801374 2
      vertex 8.50073 0.801374 -2
    endloop
  endfacet
  facet normal 0.803215 -0.595689 0
    outer loop
      vertex 8.5865 0.944468 2
      vertex 8.68588 1.07847 -2
      vertex 8.68588 1.07847 2
    endloop
  endfacet
  facet normal 0.803215 -0.595689 0
    outer loop
      vertex 8.68588 1.07847 -2
      vertex 8.5865 0.944468 2
      vertex 8.5865 0.944468 -2
    endloop
  endfacet
  facet normal 0.242945 -0.97004 0
    outer loop
      vertex 9.50652 1.6268 -2
      vertex 9.66835 1.66733 2
      vertex 9.50652 1.6268 2
    endloop
  endfacet
  facet normal 0.242945 -0.97004 0
    outer loop
      vertex 9.66835 1.66733 2
      vertex 9.50652 1.6268 -2
      vertex 9.66835 1.66733 -2
    endloop
  endfacet
  facet normal 0.0490916 -0.998794 0
    outer loop
      vertex 9.83337 1.69181 -2
      vertex 10 1.7 2
      vertex 9.83337 1.69181 2
    endloop
  endfacet
  facet normal 0.0490916 -0.998794 0
    outer loop
      vertex 10 1.7 2
      vertex 9.83337 1.69181 -2
      vertex 10 1.7 -2
    endloop
  endfacet
  facet normal 0.514125 -0.857715 0
    outer loop
      vertex 9.05553 1.4135 -2
      vertex 9.19862 1.49927 2
      vertex 9.05553 1.4135 2
    endloop
  endfacet
  facet normal 0.514125 -0.857715 0
    outer loop
      vertex 9.19862 1.49927 2
      vertex 9.05553 1.4135 -2
      vertex 9.19862 1.49927 -2
    endloop
  endfacet
  facet normal 0.595695 -0.803211 0
    outer loop
      vertex 8.92153 1.31412 -2
      vertex 9.05553 1.4135 2
      vertex 8.92153 1.31412 2
    endloop
  endfacet
  facet normal 0.595695 -0.803211 0
    outer loop
      vertex 9.05553 1.4135 2
      vertex 8.92153 1.31412 -2
      vertex 9.05553 1.4135 -2
    endloop
  endfacet
  facet normal 0.427494 -0.904018 0
    outer loop
      vertex 9.19862 1.49927 -2
      vertex 9.34944 1.57059 2
      vertex 9.19862 1.49927 2
    endloop
  endfacet
  facet normal 0.427494 -0.904018 0
    outer loop
      vertex 9.34944 1.57059 2
      vertex 9.19862 1.49927 -2
      vertex 9.34944 1.57059 -2
    endloop
  endfacet
  facet normal 0.67158 -0.740932 0
    outer loop
      vertex 8.79792 1.20208 -2
      vertex 8.92153 1.31412 2
      vertex 8.79792 1.20208 2
    endloop
  endfacet
  facet normal 0.67158 -0.740932 0
    outer loop
      vertex 8.92153 1.31412 2
      vertex 8.79792 1.20208 -2
      vertex 8.92153 1.31412 -2
    endloop
  endfacet
  facet normal -0.998791 -0.0491516 0
    outer loop
      vertex 11.7 0 -2
      vertex 11.6918 0.166629 2
      vertex 11.6918 0.166629 -2
    endloop
  endfacet
  facet normal -0.998791 -0.0491516 0
    outer loop
      vertex 11.6918 0.166629 2
      vertex 11.7 0 -2
      vertex 11.7 0 2
    endloop
  endfacet
  facet normal -0.0491004 0.998794 0
    outer loop
      vertex 10.1666 -1.69181 -2
      vertex 10 -1.7 2
      vertex 10.1666 -1.69181 2
    endloop
  endfacet
  facet normal -0.0491004 0.998794 0
    outer loop
      vertex 10 -1.7 2
      vertex 10.1666 -1.69181 -2
      vertex 10 -1.7 -2
    endloop
  endfacet
  facet normal -0.970083 0.242774 0
    outer loop
      vertex 11.6268 -0.493484 -2
      vertex 11.6673 -0.331653 2
      vertex 11.6673 -0.331653 -2
    endloop
  endfacet
  facet normal -0.970083 0.242774 0
    outer loop
      vertex 11.6673 -0.331653 2
      vertex 11.6268 -0.493484 -2
      vertex 11.6268 -0.493484 2
    endloop
  endfacet
  facet normal -0.904057 0.427412 0
    outer loop
      vertex 11.4993 -0.801374 -2
      vertex 11.5706 -0.650561 2
      vertex 11.5706 -0.650561 -2
    endloop
  endfacet
  facet normal -0.904057 0.427412 0
    outer loop
      vertex 11.5706 -0.650561 2
      vertex 11.4993 -0.801374 -2
      vertex 11.4993 -0.801374 2
    endloop
  endfacet
  facet normal -0.67161 0.740905 0
    outer loop
      vertex 11.2021 -1.20208 -2
      vertex 11.0785 -1.31412 2
      vertex 11.2021 -1.20208 2
    endloop
  endfacet
  facet normal -0.67161 0.740905 0
    outer loop
      vertex 11.0785 -1.31412 2
      vertex 11.2021 -1.20208 -2
      vertex 11.0785 -1.31412 -2
    endloop
  endfacet
  facet normal -0.514099 0.857731 0
    outer loop
      vertex 10.9445 -1.4135 -2
      vertex 10.8014 -1.49927 2
      vertex 10.9445 -1.4135 2
    endloop
  endfacet
  facet normal -0.514099 0.857731 0
    outer loop
      vertex 10.8014 -1.49927 2
      vertex 10.9445 -1.4135 -2
      vertex 10.8014 -1.49927 -2
    endloop
  endfacet
  facet normal 0.336921 0.941533 -0
    outer loop
      vertex 9.50652 -1.6268 -2
      vertex 9.34944 -1.57059 2
      vertex 9.50652 -1.6268 2
    endloop
  endfacet
  facet normal 0.336921 0.941533 0
    outer loop
      vertex 9.34944 -1.57059 2
      vertex 9.50652 -1.6268 -2
      vertex 9.34944 -1.57059 -2
    endloop
  endfacet
  facet normal 0.514125 0.857715 -0
    outer loop
      vertex 9.19862 -1.49927 -2
      vertex 9.05553 -1.4135 2
      vertex 9.19862 -1.49927 2
    endloop
  endfacet
  facet normal 0.514125 0.857715 0
    outer loop
      vertex 9.05553 -1.4135 2
      vertex 9.19862 -1.49927 -2
      vertex 9.05553 -1.4135 -2
    endloop
  endfacet
  facet normal 0.970026 0.243 0
    outer loop
      vertex 8.3732 -0.493484 2
      vertex 8.33266 -0.331653 -2
      vertex 8.33266 -0.331653 2
    endloop
  endfacet
  facet normal 0.970026 0.243 0
    outer loop
      vertex 8.33266 -0.331653 -2
      vertex 8.3732 -0.493484 2
      vertex 8.3732 -0.493484 -2
    endloop
  endfacet
  facet normal 0.998794 0.0490918 0
    outer loop
      vertex 8.30819 -0.166629 2
      vertex 8.3 0 -2
      vertex 8.3 0 2
    endloop
  endfacet
  facet normal 0.998794 0.0490918 0
    outer loop
      vertex 8.3 0 -2
      vertex 8.30819 -0.166629 2
      vertex 8.30819 -0.166629 -2
    endloop
  endfacet
  facet normal 0.803215 0.595689 0
    outer loop
      vertex 8.68588 -1.07847 2
      vertex 8.5865 -0.944468 -2
      vertex 8.5865 -0.944468 2
    endloop
  endfacet
  facet normal 0.803215 0.595689 0
    outer loop
      vertex 8.5865 -0.944468 -2
      vertex 8.68588 -1.07847 2
      vertex 8.68588 -1.07847 -2
    endloop
  endfacet
  facet normal 0.857721 0.514115 0
    outer loop
      vertex 8.5865 -0.944468 2
      vertex 8.50073 -0.801374 -2
      vertex 8.50073 -0.801374 2
    endloop
  endfacet
  facet normal 0.857721 0.514115 0
    outer loop
      vertex 8.50073 -0.801374 -2
      vertex 8.5865 -0.944468 2
      vertex 8.5865 -0.944468 -2
    endloop
  endfacet
  facet normal 0.903988 0.427559 0
    outer loop
      vertex 8.50073 -0.801374 2
      vertex 8.4294 -0.650561 -2
      vertex 8.4294 -0.650561 2
    endloop
  endfacet
  facet normal 0.903988 0.427559 0
    outer loop
      vertex 8.4294 -0.650561 -2
      vertex 8.50073 -0.801374 2
      vertex 8.50073 -0.801374 -2
    endloop
  endfacet
  facet normal -0.989158 0.146854 0
    outer loop
      vertex 11.6673 -0.331653 -2
      vertex 11.6918 -0.166629 2
      vertex 11.6918 -0.166629 -2
    endloop
  endfacet
  facet normal -0.989158 0.146854 0
    outer loop
      vertex 11.6918 -0.166629 2
      vertex 11.6673 -0.331653 -2
      vertex 11.6673 -0.331653 2
    endloop
  endfacet
  facet normal -0.803158 0.595766 0
    outer loop
      vertex 11.3141 -1.07847 -2
      vertex 11.4135 -0.944468 2
      vertex 11.4135 -0.944468 -2
    endloop
  endfacet
  facet normal -0.803158 0.595766 0
    outer loop
      vertex 11.4135 -0.944468 2
      vertex 11.3141 -1.07847 -2
      vertex 11.3141 -1.07847 2
    endloop
  endfacet
  facet normal -0.857642 0.514247 0
    outer loop
      vertex 11.4135 -0.944468 -2
      vertex 11.4993 -0.801374 2
      vertex 11.4993 -0.801374 -2
    endloop
  endfacet
  facet normal -0.857642 0.514247 0
    outer loop
      vertex 11.4993 -0.801374 2
      vertex 11.4135 -0.944468 -2
      vertex 11.4135 -0.944468 2
    endloop
  endfacet
  facet normal -0.14667 0.989185 0
    outer loop
      vertex 10.3317 -1.66733 -2
      vertex 10.1666 -1.69181 2
      vertex 10.3317 -1.66733 2
    endloop
  endfacet
  facet normal -0.14667 0.989185 0
    outer loop
      vertex 10.1666 -1.69181 2
      vertex 10.3317 -1.66733 -2
      vertex 10.1666 -1.69181 -2
    endloop
  endfacet
  facet normal -0.242987 0.97003 0
    outer loop
      vertex 10.4935 -1.6268 -2
      vertex 10.3317 -1.66733 2
      vertex 10.4935 -1.6268 2
    endloop
  endfacet
  facet normal -0.242987 0.97003 0
    outer loop
      vertex 10.3317 -1.66733 2
      vertex 10.4935 -1.6268 -2
      vertex 10.3317 -1.66733 -2
    endloop
  endfacet
  facet normal -0.42754 0.903996 0
    outer loop
      vertex 10.8014 -1.49927 -2
      vertex 10.6506 -1.57059 2
      vertex 10.8014 -1.49927 2
    endloop
  endfacet
  facet normal -0.42754 0.903996 0
    outer loop
      vertex 10.6506 -1.57059 2
      vertex 10.8014 -1.49927 -2
      vertex 10.6506 -1.57059 -2
    endloop
  endfacet
  facet normal -0.741051 0.671448 0
    outer loop
      vertex 11.2021 -1.20208 -2
      vertex 11.3141 -1.07847 2
      vertex 11.3141 -1.07847 -2
    endloop
  endfacet
  facet normal -0.741051 0.671448 0
    outer loop
      vertex 11.3141 -1.07847 2
      vertex 11.2021 -1.20208 -2
      vertex 11.2021 -1.20208 2
    endloop
  endfacet
  facet normal -0.595695 0.803211 0
    outer loop
      vertex 11.0785 -1.31412 -2
      vertex 10.9445 -1.4135 2
      vertex 11.0785 -1.31412 2
    endloop
  endfacet
  facet normal -0.595695 0.803211 0
    outer loop
      vertex 10.9445 -1.4135 2
      vertex 11.0785 -1.31412 -2
      vertex 10.9445 -1.4135 -2
    endloop
  endfacet
  facet normal 0.0490916 0.998794 -0
    outer loop
      vertex 10 -1.7 -2
      vertex 9.83337 -1.69181 2
      vertex 10 -1.7 2
    endloop
  endfacet
  facet normal 0.0490916 0.998794 0
    outer loop
      vertex 9.83337 -1.69181 2
      vertex 10 -1.7 -2
      vertex 9.83337 -1.69181 -2
    endloop
  endfacet
  facet normal 0.242945 0.97004 -0
    outer loop
      vertex 9.66835 -1.66733 -2
      vertex 9.50652 -1.6268 2
      vertex 9.66835 -1.66733 2
    endloop
  endfacet
  facet normal 0.242945 0.97004 0
    outer loop
      vertex 9.50652 -1.6268 2
      vertex 9.66835 -1.66733 -2
      vertex 9.50652 -1.6268 -2
    endloop
  endfacet
  facet normal 0.427494 0.904018 -0
    outer loop
      vertex 9.34944 -1.57059 -2
      vertex 9.19862 -1.49927 2
      vertex 9.34944 -1.57059 2
    endloop
  endfacet
  facet normal 0.427494 0.904018 0
    outer loop
      vertex 9.19862 -1.49927 2
      vertex 9.34944 -1.57059 -2
      vertex 9.19862 -1.49927 -2
    endloop
  endfacet
  facet normal 0.595695 0.803211 -0
    outer loop
      vertex 9.05553 -1.4135 -2
      vertex 8.92153 -1.31412 2
      vertex 9.05553 -1.4135 2
    endloop
  endfacet
  facet normal 0.595695 0.803211 0
    outer loop
      vertex 8.92153 -1.31412 2
      vertex 9.05553 -1.4135 -2
      vertex 8.92153 -1.31412 -2
    endloop
  endfacet
  facet normal 0.94155 0.336874 0
    outer loop
      vertex 8.4294 -0.650561 2
      vertex 8.3732 -0.493484 -2
      vertex 8.3732 -0.493484 2
    endloop
  endfacet
  facet normal 0.94155 0.336874 0
    outer loop
      vertex 8.3732 -0.493484 -2
      vertex 8.4294 -0.650561 2
      vertex 8.4294 -0.650561 -2
    endloop
  endfacet
  facet normal 0.989184 0.146678 0
    outer loop
      vertex 8.33266 -0.331653 2
      vertex 8.30819 -0.166629 -2
      vertex 8.30819 -0.166629 2
    endloop
  endfacet
  facet normal 0.989184 0.146678 0
    outer loop
      vertex 8.30819 -0.166629 -2
      vertex 8.33266 -0.331653 2
      vertex 8.33266 -0.331653 -2
    endloop
  endfacet
  facet normal -0.94155 0.336874 0
    outer loop
      vertex 11.5706 -0.650561 -2
      vertex 11.6268 -0.493484 2
      vertex 11.6268 -0.493484 -2
    endloop
  endfacet
  facet normal -0.94155 0.336874 0
    outer loop
      vertex 11.6268 -0.493484 2
      vertex 11.5706 -0.650561 -2
      vertex 11.5706 -0.650561 2
    endloop
  endfacet
  facet normal -0.336883 0.941546 0
    outer loop
      vertex 10.6506 -1.57059 -2
      vertex 10.4935 -1.6268 2
      vertex 10.6506 -1.57059 2
    endloop
  endfacet
  facet normal -0.336883 0.941546 0
    outer loop
      vertex 10.4935 -1.6268 2
      vertex 10.6506 -1.57059 -2
      vertex 10.4935 -1.6268 -2
    endloop
  endfacet
  facet normal -0.904088 -0.427347 0
    outer loop
      vertex -12.6458 -8.41418 -2
      vertex -12.7716 -8.14804 2
      vertex -12.7716 -8.14804 -2
    endloop
  endfacet
  facet normal -0.904088 -0.427347 0
    outer loop
      vertex -12.7716 -8.14804 2
      vertex -12.6458 -8.41418 -2
      vertex -12.6458 -8.41418 2
    endloop
  endfacet
  facet normal -0.941523 -0.33695 0
    outer loop
      vertex -12.7716 -8.14804 -2
      vertex -12.8708 -7.87085 2
      vertex -12.8708 -7.87085 -2
    endloop
  endfacet
  facet normal -0.941523 -0.33695 0
    outer loop
      vertex -12.8708 -7.87085 2
      vertex -12.7716 -8.14804 -2
      vertex -12.7716 -8.14804 2
    endloop
  endfacet
  facet normal 0.0490904 0.998794 -0
    outer loop
      vertex 10.294 9.98555 -2
      vertex 10 10 2
      vertex 10.294 9.98555 2
    endloop
  endfacet
  facet normal 0.0490904 0.998794 0
    outer loop
      vertex 10 10 2
      vertex 10.294 9.98555 -2
      vertex 10 10 -2
    endloop
  endfacet
  facet normal 0 0 -1
    outer loop
      vertex 10 -10 -2
      vertex 13 -7 -2
      vertex 12.9855 -7.29404 -2
    endloop
  endfacet
  facet normal 0 0 -1
    outer loop
      vertex 13 -7 -2
      vertex 11.7 0 -2
      vertex 13 7 -2
    endloop
  endfacet
  facet normal 0 0 -1
    outer loop
      vertex 10 -10 -2
      vertex 12.9855 -7.29404 -2
      vertex 12.9424 -7.58527 -2
    endloop
  endfacet
  facet normal 0 0 -1
    outer loop
      vertex 11.6918 0.166629 -2
      vertex 13 7 -2
      vertex 11.7 0 -2
    endloop
  endfacet
  facet normal 0 0 -1
    outer loop
      vertex 10 -10 -2
      vertex 12.9424 -7.58527 -2
      vertex 12.8708 -7.87085 -2
    endloop
  endfacet
  facet normal 0 0 -1
    outer loop
      vertex 11.6673 0.331653 -2
      vertex 13 7 -2
      vertex 11.6918 0.166629 -2
    endloop
  endfacet
  facet normal 0 0 -1
    outer loop
      vertex 10 -10 -2
      vertex 12.8708 -7.87085 -2
      vertex 12.7716 -8.14804 -2
    endloop
  endfacet
  facet normal 0 0 -1
    outer loop
      vertex 11.6268 0.493484 -2
      vertex 13 7 -2
      vertex 11.6673 0.331653 -2
    endloop
  endfacet
  facet normal 0 0 -1
    outer loop
      vertex 10 -10 -2
      vertex 12.7716 -8.14804 -2
      vertex 12.6458 -8.41418 -2
    endloop
  endfacet
  facet normal 0 0 -1
    outer loop
      vertex 11.5706 0.650561 -2
      vertex 13 7 -2
      vertex 11.6268 0.493484 -2
    endloop
  endfacet
  facet normal 0 0 -1
    outer loop
      vertex 10 -10 -2
      vertex 12.6458 -8.41418 -2
      vertex 12.4944 -8.6667 -2
    endloop
  endfacet
  facet normal 0 0 -1
    outer loop
      vertex 11.4993 0.801374 -2
      vertex 13 7 -2
      vertex 11.5706 0.650561 -2
    endloop
  endfacet
  facet normal 0 0 -1
    outer loop
      vertex 10 -10 -2
      vertex 12.4944 -8.6667 -2
      vertex 12.319 -8.90317 -2
    endloop
  endfacet
  facet normal 0 0 -1
    outer loop
      vertex 11.4135 0.944468 -2
      vertex 13 7 -2
      vertex 11.4993 0.801374 -2
    endloop
  endfacet
  facet normal 0 0 -1
    outer loop
      vertex 10 -10 -2
      vertex 12.319 -8.90317 -2
      vertex 12.1213 -9.12131 -2
    endloop
  endfacet
  facet normal 0 0 -1
    outer loop
      vertex 11.3141 1.07847 -2
      vertex 13 7 -2
      vertex 11.4135 0.944468 -2
    endloop
  endfacet
  facet normal 0 0 -1
    outer loop
      vertex 10 -10 -2
      vertex 12.1213 -9.12131 -2
      vertex 11.9032 -9.31903 -2
    endloop
  endfacet
  facet normal 0 0 -1
    outer loop
      vertex 11.2021 1.20208 -2
      vertex 13 7 -2
      vertex 11.3141 1.07847 -2
    endloop
  endfacet
  facet normal 0 0 -1
    outer loop
      vertex 11.0785 1.31412 -2
      vertex 13 7 -2
      vertex 11.2021 1.20208 -2
    endloop
  endfacet
  facet normal 0 0 -1
    outer loop
      vertex 13 -7 -2
      vertex 11.6918 -0.166629 -2
      vertex 11.7 0 -2
    endloop
  endfacet
  facet normal 0 0 -1
    outer loop
      vertex 13 -7 -2
      vertex 11.6673 -0.331653 -2
      vertex 11.6918 -0.166629 -2
    endloop
  endfacet
  facet normal 0 0 -1
    outer loop
      vertex 10 -10 -2
      vertex 11.9032 -9.31903 -2
      vertex 11.6667 -9.4944 -2
    endloop
  endfacet
  facet normal 0 0 -1
    outer loop
      vertex 13 -7 -2
      vertex 11.6268 -0.493484 -2
      vertex 11.6673 -0.331653 -2
    endloop
  endfacet
  facet normal 0 0 -1
    outer loop
      vertex 13 -7 -2
      vertex 11.5706 -0.650561 -2
      vertex 11.6268 -0.493484 -2
    endloop
  endfacet
  facet normal 0 0 -1
    outer loop
      vertex 13 -7 -2
      vertex 11.4993 -0.801374 -2
      vertex 11.5706 -0.650561 -2
    endloop
  endfacet
  facet normal 0 0 -1
    outer loop
      vertex 10 -10 -2
      vertex 11.6667 -9.4944 -2
      vertex 11.4142 -9.64575 -2
    endloop
  endfacet
  facet normal 0 0 -1
    outer loop
      vertex 13 -7 -2
      vertex 11.4135 -0.944468 -2
      vertex 11.4993 -0.801374 -2
    endloop
  endfacet
  facet normal 0 0 -1
    outer loop
      vertex 13 -7 -2
      vertex 11.3141 -1.07847 -2
      vertex 11.4135 -0.944468 -2
    endloop
  endfacet
  facet normal 0 0 -1
    outer loop
      vertex 13 -7 -2
      vertex 11.2021 -1.20208 -2
      vertex 11.3141 -1.07847 -2
    endloop
  endfacet
  facet normal 0 0 -1
    outer loop
      vertex 10 -10 -2
      vertex 11.4142 -9.64575 -2
      vertex 11.148 -9.77164 -2
    endloop
  endfacet
  facet normal 0 0 -1
    outer loop
      vertex 13 -7 -2
      vertex 11.0785 -1.31412 -2
      vertex 11.2021 -1.20208 -2
    endloop
  endfacet
  facet normal 0 0 -1
    outer loop
      vertex 13 -7 -2
      vertex 10.9445 -1.4135 -2
      vertex 11.0785 -1.31412 -2
    endloop
  endfacet
  facet normal 0 0 -1
    outer loop
      vertex 10 -10 -2
      vertex 11.148 -9.77164 -2
      vertex 10.8708 -9.87082 -2
    endloop
  endfacet
  facet normal 0 0 -1
    outer loop
      vertex 13 -7 -2
      vertex 10.8014 -1.49927 -2
      vertex 10.9445 -1.4135 -2
    endloop
  endfacet
  facet normal 0 0 -1
    outer loop
      vertex 13 -7 -2
      vertex 10.6506 -1.57059 -2
      vertex 10.8014 -1.49927 -2
    endloop
  endfacet
  facet normal 0 0 -1
    outer loop
      vertex 10 -10 -2
      vertex 10.8708 -9.87082 -2
      vertex 10.5853 -9.94235 -2
    endloop
  endfacet
  facet normal 0 0 -1
    outer loop
      vertex 13 -7 -2
      vertex 10.4935 -1.6268 -2
      vertex 10.6506 -1.57059 -2
    endloop
  endfacet
  facet normal 0 0 -1
    outer loop
      vertex 13 -7 -2
      vertex 10.3317 -1.66733 -2
      vertex 10.4935 -1.6268 -2
    endloop
  endfacet
  facet normal 0 0 -1
    outer loop
      vertex 10 -10 -2
      vertex 10.5853 -9.94235 -2
      vertex 10.294 -9.98555 -2
    endloop
  endfacet
  facet normal 0 0 -1
    outer loop
      vertex 13 -7 -2
      vertex 10.1666 -1.69181 -2
      vertex 10.3317 -1.66733 -2
    endloop
  endfacet
  facet normal -0 0 -1
    outer loop
      vertex 13 -7 -2
      vertex 10 -10 -2
      vertex 9.66835 -1.66733 -2
    endloop
  endfacet
  facet normal 0 0 -1
    outer loop
      vertex 13 -7 -2
      vertex 10 -1.7 -2
      vertex 10.1666 -1.69181 -2
    endloop
  endfacet
  facet normal 0 0 -1
    outer loop
      vertex 13 -7 -2
      vertex 9.83337 -1.69181 -2
      vertex 10 -1.7 -2
    endloop
  endfacet
  facet normal 0 0 -1
    outer loop
      vertex 13 -7 -2
      vertex 9.66835 -1.66733 -2
      vertex 9.83337 -1.69181 -2
    endloop
  endfacet
  facet normal 0 0 -1
    outer loop
      vertex 10 -10 -2
      vertex 9.50652 -1.6268 -2
      vertex 9.66835 -1.66733 -2
    endloop
  endfacet
  facet normal 0 0 -1
    outer loop
      vertex 10 -10 -2
      vertex 9.34944 -1.57059 -2
      vertex 9.50652 -1.6268 -2
    endloop
  endfacet
  facet normal 0 0 -1
    outer loop
      vertex 10 -10 -2
      vertex 9.19862 -1.49927 -2
      vertex 9.34944 -1.57059 -2
    endloop
  endfacet
  facet normal 0 0 -1
    outer loop
      vertex 10 -10 -2
      vertex 9.05553 -1.4135 -2
      vertex 9.19862 -1.49927 -2
    endloop
  endfacet
  facet normal 0 0 -1
    outer loop
      vertex 3.06568 -1.0583 -2
      vertex 9.05553 -1.4135 -2
      vertex 10 -10 -2
    endloop
  endfacet
  facet normal 0 0 -1
    outer loop
      vertex 9.05553 -1.4135 -2
      vertex 3.06568 -1.0583 -2
      vertex 8.92153 -1.31412 -2
    endloop
  endfacet
  facet normal 0 -0 -1
    outer loop
      vertex 3.16668 -0.997763 -2
      vertex 8.92153 -1.31412 -2
      vertex 3.06568 -1.0583 -2
    endloop
  endfacet
  facet normal 0 0 -1
    outer loop
      vertex 8.92153 -1.31412 -2
      vertex 3.16668 -0.997763 -2
      vertex 8.79792 -1.20208 -2
    endloop
  endfacet
  facet normal 0 -0 -1
    outer loop
      vertex 3.26127 -0.927612 -2
      vertex 8.79792 -1.20208 -2
      vertex 3.16668 -0.997763 -2
    endloop
  endfacet
  facet normal 0 -0 -1
    outer loop
      vertex 3.34853 -0.848528 -2
      vertex 8.68588 -1.07847 -2
      vertex 3.26127 -0.927612 -2
    endloop
  endfacet
  facet normal 0 -0 -1
    outer loop
      vertex 3.42761 -0.761271 -2
      vertex 8.68588 -1.07847 -2
      vertex 3.34853 -0.848528 -2
    endloop
  endfacet
  facet normal 0 0 -1
    outer loop
      vertex 8.68588 -1.07847 -2
      vertex 3.42761 -0.761271 -2
      vertex 8.5865 -0.944468 -2
    endloop
  endfacet
  facet normal 0 0 -1
    outer loop
      vertex 3.69422 -0.11762 -2
      vertex 8.3 0 -2
      vertex 8.30819 -0.166629 -2
    endloop
  endfacet
  facet normal 0 0 -1
    outer loop
      vertex 3.67694 -0.234108 -2
      vertex 8.30819 -0.166629 -2
      vertex 8.33266 -0.331653 -2
    endloop
  endfacet
  facet normal 0 -0 -1
    outer loop
      vertex 3.49776 -0.666684 -2
      vertex 8.5865 -0.944468 -2
      vertex 3.42761 -0.761271 -2
    endloop
  endfacet
  facet normal -0 0 -1
    outer loop
      vertex 8.3 0 -2
      vertex 3.69422 -0.11762 -2
      vertex 3.7 0 -2
    endloop
  endfacet
  facet normal -0 0 -1
    outer loop
      vertex 8.30819 -0.166629 -2
      vertex 3.67694 -0.234108 -2
      vertex 3.69422 -0.11762 -2
    endloop
  endfacet
  facet normal -0 0 -1
    outer loop
      vertex 8.33266 -0.331653 -2
      vertex 3.64833 -0.348341 -2
      vertex 3.67694 -0.234108 -2
    endloop
  endfacet
  facet normal 0 0 -1
    outer loop
      vertex 8.3732 -0.493484 -2
      vertex 3.64833 -0.348341 -2
      vertex 8.33266 -0.331653 -2
    endloop
  endfacet
  facet normal 0 -0 -1
    outer loop
      vertex 3.64833 -0.348341 -2
      vertex 8.3732 -0.493484 -2
      vertex 3.60865 -0.45922 -2
    endloop
  endfacet
  facet normal 0 0 -1
    outer loop
      vertex 8.4294 -0.650561 -2
      vertex 3.60865 -0.45922 -2
      vertex 8.3732 -0.493484 -2
    endloop
  endfacet
  facet normal 0 -0 -1
    outer loop
      vertex 3.60865 -0.45922 -2
      vertex 8.4294 -0.650561 -2
      vertex 3.5583 -0.565676 -2
    endloop
  endfacet
  facet normal 0 0 -1
    outer loop
      vertex 8.50073 -0.801374 -2
      vertex 3.5583 -0.565676 -2
      vertex 8.4294 -0.650561 -2
    endloop
  endfacet
  facet normal 0 -0 -1
    outer loop
      vertex 3.5583 -0.565676 -2
      vertex 8.50073 -0.801374 -2
      vertex 3.49776 -0.666684 -2
    endloop
  endfacet
  facet normal 0 0 -1
    outer loop
      vertex 8.5865 -0.944468 -2
      vertex 3.49776 -0.666684 -2
      vertex 8.50073 -0.801374 -2
    endloop
  endfacet
  facet normal 0 0 -1
    outer loop
      vertex 8.79792 -1.20208 -2
      vertex 3.26127 -0.927612 -2
      vertex 8.68588 -1.07847 -2
    endloop
  endfacet
  facet normal 0 0 -1
    outer loop
      vertex 10 -10 -2
      vertex 2.95922 -1.10865 -2
      vertex 3.06568 -1.0583 -2
    endloop
  endfacet
  facet normal 0 0 -1
    outer loop
      vertex 10 -10 -2
      vertex 2.84834 -1.14833 -2
      vertex 2.95922 -1.10865 -2
    endloop
  endfacet
  facet normal 0 0 -1
    outer loop
      vertex 10 -10 -2
      vertex 2.73411 -1.17694 -2
      vertex 2.84834 -1.14833 -2
    endloop
  endfacet
  facet normal 0 0 -1
    outer loop
      vertex 10 -10 -2
      vertex 2.61762 -1.19422 -2
      vertex 2.73411 -1.17694 -2
    endloop
  endfacet
  facet normal 0 0 -1
    outer loop
      vertex 10 -10 -2
      vertex 2.5 -1.2 -2
      vertex 2.61762 -1.19422 -2
    endloop
  endfacet
  facet normal 0 0 -1
    outer loop
      vertex 10 -10 -2
      vertex 2.38238 -1.19422 -2
      vertex 2.5 -1.2 -2
    endloop
  endfacet
  facet normal 0 0 -1
    outer loop
      vertex 10 -10 -2
      vertex 2.26589 -1.17694 -2
      vertex 2.38238 -1.19422 -2
    endloop
  endfacet
  facet normal 0 0 -1
    outer loop
      vertex -2.26589 -1.17694 -2
      vertex 2.26589 -1.17694 -2
      vertex 10 -10 -2
    endloop
  endfacet
  facet normal 0 0 -1
    outer loop
      vertex 2.26589 -1.17694 -2
      vertex -2.26589 -1.17694 -2
      vertex 2.15166 -1.14833 -2
    endloop
  endfacet
  facet normal 0 -0 -1
    outer loop
      vertex -2.15166 -1.14833 -2
      vertex 2.15166 -1.14833 -2
      vertex -2.26589 -1.17694 -2
    endloop
  endfacet
  facet normal 0 0 -1
    outer loop
      vertex 2.15166 -1.14833 -2
      vertex -2.15166 -1.14833 -2
      vertex 2.04078 -1.10865 -2
    endloop
  endfacet
  facet normal 0 0 -1
    outer loop
      vertex 2.04078 -1.10865 -2
      vertex -2.04078 -1.10865 -2
      vertex 1.93432 -1.0583 -2
    endloop
  endfacet
  facet normal 0 -0 -1
    outer loop
      vertex -1.93432 -1.0583 -2
      vertex 1.93432 -1.0583 -2
      vertex -2.04078 -1.10865 -2
    endloop
  endfacet
  facet normal 0 0 -1
    outer loop
      vertex 1.30578 -0.11762 -2
      vertex -1.3 0 -2
      vertex 1.3 0 -2
    endloop
  endfacet
  facet normal 0 0 -1
    outer loop
      vertex -1.30578 -0.11762 -2
      vertex 1.30578 -0.11762 -2
      vertex 1.32306 -0.234108 -2
    endloop
  endfacet
  facet normal 0 0 -1
    outer loop
      vertex -1.32306 -0.234108 -2
      vertex 1.32306 -0.234108 -2
      vertex 1.35167 -0.348341 -2
    endloop
  endfacet
  facet normal 0 0 -1
    outer loop
      vertex -1.35167 -0.348341 -2
      vertex 1.35167 -0.348341 -2
      vertex 1.39134 -0.45922 -2
    endloop
  endfacet
  facet normal 0 0 -1
    outer loop
      vertex -1.39134 -0.45922 -2
      vertex 1.39134 -0.45922 -2
      vertex 1.44169 -0.565676 -2
    endloop
  endfacet
  facet normal 0 0 -1
    outer loop
      vertex -1.44169 -0.565676 -2
      vertex 1.44169 -0.565676 -2
      vertex 1.50224 -0.666684 -2
    endloop
  endfacet
  facet normal 0 0 -1
    outer loop
      vertex -1.50224 -0.666684 -2
      vertex 1.50224 -0.666684 -2
      vertex 1.57239 -0.761271 -2
    endloop
  endfacet
  facet normal 0 0 -1
    outer loop
      vertex -1.57239 -0.761271 -2
      vertex 1.57239 -0.761271 -2
      vertex 1.65147 -0.848528 -2
    endloop
  endfacet
  facet normal 0 0 -1
    outer loop
      vertex 1.93432 -1.0583 -2
      vertex -1.93432 -1.0583 -2
      vertex 1.83331 -0.997763 -2
    endloop
  endfacet
  facet normal 0 0 -1
    outer loop
      vertex 1.30578 -0.11762 -2
      vertex -1.30578 -0.11762 -2
      vertex -1.3 0 -2
    endloop
  endfacet
  facet normal 0 0 -1
    outer loop
      vertex 1.32306 -0.234108 -2
      vertex -1.32306 -0.234108 -2
      vertex -1.30578 -0.11762 -2
    endloop
  endfacet
  facet normal 0 0 -1
    outer loop
      vertex 1.35167 -0.348341 -2
      vertex -1.35167 -0.348341 -2
      vertex -1.32306 -0.234108 -2
    endloop
  endfacet
  facet normal 0 0 -1
    outer loop
      vertex 1.39134 -0.45922 -2
      vertex -1.39134 -0.45922 -2
      vertex -1.35167 -0.348341 -2
    endloop
  endfacet
  facet normal 0 0 -1
    outer loop
      vertex 1.44169 -0.565676 -2
      vertex -1.44169 -0.565676 -2
      vertex -1.39134 -0.45922 -2
    endloop
  endfacet
  facet normal 0 0 -1
    outer loop
      vertex 1.50224 -0.666684 -2
      vertex -1.50224 -0.666684 -2
      vertex -1.44169 -0.565676 -2
    endloop
  endfacet
  facet normal 0 0 -1
    outer loop
      vertex 1.57239 -0.761271 -2
      vertex -1.57239 -0.761271 -2
      vertex -1.50224 -0.666684 -2
    endloop
  endfacet
  facet normal 0 0 -1
    outer loop
      vertex 1.65147 -0.848528 -2
      vertex -1.65147 -0.848528 -2
      vertex -1.57239 -0.761271 -2
    endloop
  endfacet
  facet normal -0 0 -1
    outer loop
      vertex 1.65147 -0.848528 -2
      vertex -1.73873 -0.927612 -2
      vertex -1.65147 -0.848528 -2
    endloop
  endfacet
  facet normal 0 0 -1
    outer loop
      vertex 1.73873 -0.927612 -2
      vertex -1.73873 -0.927612 -2
      vertex 1.65147 -0.848528 -2
    endloop
  endfacet
  facet normal 0 -0 -1
    outer loop
      vertex -1.73873 -0.927612 -2
      vertex 1.73873 -0.927612 -2
      vertex -1.83331 -0.997763 -2
    endloop
  endfacet
  facet normal 0 0 -1
    outer loop
      vertex 1.83331 -0.997763 -2
      vertex -1.83331 -0.997763 -2
      vertex 1.73873 -0.927612 -2
    endloop
  endfacet
  facet normal 0 -0 -1
    outer loop
      vertex -1.83331 -0.997763 -2
      vertex 1.83331 -0.997763 -2
      vertex -1.93432 -1.0583 -2
    endloop
  endfacet
  facet normal 0 -0 -1
    outer loop
      vertex -2.04078 -1.10865 -2
      vertex 2.04078 -1.10865 -2
      vertex -2.15166 -1.14833 -2
    endloop
  endfacet
  facet normal 0 0 -1
    outer loop
      vertex -10 -10 -2
      vertex -2.26589 -1.17694 -2
      vertex 10 -10 -2
    endloop
  endfacet
  facet normal 0 0 -1
    outer loop
      vertex -2.26589 -1.17694 -2
      vertex -10 -10 -2
      vertex -2.38238 -1.19422 -2
    endloop
  endfacet
  facet normal 0 0 -1
    outer loop
      vertex -2.38238 -1.19422 -2
      vertex -10 -10 -2
      vertex -2.5 -1.2 -2
    endloop
  endfacet
  facet normal -0 0 -1
    outer loop
      vertex -2.5 -1.2 -2
      vertex -10 -10 -2
      vertex -2.61762 -1.19422 -2
    endloop
  endfacet
  facet normal -0 0 -1
    outer loop
      vertex -2.61762 -1.19422 -2
      vertex -10 -10 -2
      vertex -2.73411 -1.17694 -2
    endloop
  endfacet
  facet normal -0 0 -1
    outer loop
      vertex -2.73411 -1.17694 -2
      vertex -10 -10 -2
      vertex -2.84834 -1.14833 -2
    endloop
  endfacet
  facet normal -0 0 -1
    outer loop
      vertex -2.84834 -1.14833 -2
      vertex -10 -10 -2
      vertex -2.95922 -1.10865 -2
    endloop
  endfacet
  facet normal -0 0 -1
    outer loop
      vertex -2.95922 -1.10865 -2
      vertex -10 -10 -2
      vertex -3.06568 -1.0583 -2
    endloop
  endfacet
  facet normal 0 0 -1
    outer loop
      vertex -3.69422 -0.11762 -2
      vertex -8.3 0 -2
      vertex -3.7 0 -2
    endloop
  endfacet
  facet normal 0 0 -1
    outer loop
      vertex -8.30819 -0.166629 -2
      vertex -3.69422 -0.11762 -2
      vertex -3.67694 -0.234108 -2
    endloop
  endfacet
  facet normal 0 0 -1
    outer loop
      vertex -8.33266 -0.331653 -2
      vertex -3.67694 -0.234108 -2
      vertex -3.64833 -0.348341 -2
    endloop
  endfacet
  facet normal 0 0 -1
    outer loop
      vertex -8.3732 -0.493484 -2
      vertex -3.64833 -0.348341 -2
      vertex -3.60865 -0.45922 -2
    endloop
  endfacet
  facet normal 0 0 -1
    outer loop
      vertex -8.4294 -0.650561 -2
      vertex -3.60865 -0.45922 -2
      vertex -3.5583 -0.565676 -2
    endloop
  endfacet
  facet normal 0 0 -1
    outer loop
      vertex -8.50073 -0.801374 -2
      vertex -3.5583 -0.565676 -2
      vertex -3.49776 -0.666684 -2
    endloop
  endfacet
  facet normal 0 0 -1
    outer loop
      vertex -8.5865 -0.944468 -2
      vertex -3.49776 -0.666684 -2
      vertex -3.42761 -0.761271 -2
    endloop
  endfacet
  facet normal 0 0 -1
    outer loop
      vertex -8.68588 -1.07847 -2
      vertex -3.42761 -0.761271 -2
      vertex -3.34853 -0.848528 -2
    endloop
  endfacet
  facet normal 0 0 -1
    outer loop
      vertex -8.68588 -1.07847 -2
      vertex -3.34853 -0.848528 -2
      vertex -3.26127 -0.927612 -2
    endloop
  endfacet
  facet normal 0 0 -1
    outer loop
      vertex -8.79792 -1.20208 -2
      vertex -3.26127 -0.927612 -2
      vertex -3.16668 -0.997763 -2
    endloop
  endfacet
  facet normal 0 -0 -1
    outer loop
      vertex -9.05553 -1.4135 -2
      vertex -3.06568 -1.0583 -2
      vertex -10 -10 -2
    endloop
  endfacet
  facet normal -0 0 -1
    outer loop
      vertex -3.69422 -0.11762 -2
      vertex -8.30819 -0.166629 -2
      vertex -8.3 0 -2
    endloop
  endfacet
  facet normal -0 0 -1
    outer loop
      vertex -3.67694 -0.234108 -2
      vertex -8.33266 -0.331653 -2
      vertex -8.30819 -0.166629 -2
    endloop
  endfacet
  facet normal -0 0 -1
    outer loop
      vertex -3.64833 -0.348341 -2
      vertex -8.3732 -0.493484 -2
      vertex -8.33266 -0.331653 -2
    endloop
  endfacet
  facet normal 0 0 -1
    outer loop
      vertex -3.60865 -0.45922 -2
      vertex -8.4294 -0.650561 -2
      vertex -8.3732 -0.493484 -2
    endloop
  endfacet
  facet normal 0 0 -1
    outer loop
      vertex -3.5583 -0.565676 -2
      vertex -8.50073 -0.801374 -2
      vertex -8.4294 -0.650561 -2
    endloop
  endfacet
  facet normal 0 0 -1
    outer loop
      vertex -3.49776 -0.666684 -2
      vertex -8.5865 -0.944468 -2
      vertex -8.50073 -0.801374 -2
    endloop
  endfacet
  facet normal 0 -0 -1
    outer loop
      vertex -8.92153 -1.31412 -2
      vertex -3.06568 -1.0583 -2
      vertex -9.05553 -1.4135 -2
    endloop
  endfacet
  facet normal 0 0 -1
    outer loop
      vertex -3.42761 -0.761271 -2
      vertex -8.68588 -1.07847 -2
      vertex -8.5865 -0.944468 -2
    endloop
  endfacet
  facet normal 0 0 -1
    outer loop
      vertex -3.26127 -0.927612 -2
      vertex -8.79792 -1.20208 -2
      vertex -8.68588 -1.07847 -2
    endloop
  endfacet
  facet normal 0 0 -1
    outer loop
      vertex -3.16668 -0.997763 -2
      vertex -8.92153 -1.31412 -2
      vertex -8.79792 -1.20208 -2
    endloop
  endfacet
  facet normal -0 0 -1
    outer loop
      vertex -3.06568 -1.0583 -2
      vertex -8.92153 -1.31412 -2
      vertex -3.16668 -0.997763 -2
    endloop
  endfacet
  facet normal 0 0 -1
    outer loop
      vertex -9.05553 -1.4135 -2
      vertex -10 -10 -2
      vertex -9.19862 -1.49927 -2
    endloop
  endfacet
  facet normal 0 0 -1
    outer loop
      vertex -9.19862 -1.49927 -2
      vertex -10 -10 -2
      vertex -9.34944 -1.57059 -2
    endloop
  endfacet
  facet normal 0 0 -1
    outer loop
      vertex -9.34944 -1.57059 -2
      vertex -10 -10 -2
      vertex -9.50652 -1.6268 -2
    endloop
  endfacet
  facet normal 0 0 -1
    outer loop
      vertex -9.50652 -1.6268 -2
      vertex -10 -10 -2
      vertex -9.66835 -1.66733 -2
    endloop
  endfacet
  facet normal 0 0 -1
    outer loop
      vertex -13 -7 -2
      vertex -9.66835 -1.66733 -2
      vertex -10 -10 -2
    endloop
  endfacet
  facet normal 0 0 -1
    outer loop
      vertex -9.66835 -1.66733 -2
      vertex -13 -7 -2
      vertex -9.83337 -1.69181 -2
    endloop
  endfacet
  facet normal 0 0 -1
    outer loop
      vertex -9.83337 -1.69181 -2
      vertex -13 -7 -2
      vertex -10 -1.7 -2
    endloop
  endfacet
  facet normal 0 0 -1
    outer loop
      vertex -13 -7 -2
      vertex -10 -10 -2
      vertex -10.294 -9.98555 -2
    endloop
  endfacet
  facet normal -0 0 -1
    outer loop
      vertex -10 -1.7 -2
      vertex -13 -7 -2
      vertex -10.1666 -1.69181 -2
    endloop
  endfacet
  facet normal -0 0 -1
    outer loop
      vertex -10.1666 -1.69181 -2
      vertex -13 -7 -2
      vertex -10.3317 -1.66733 -2
    endloop
  endfacet
  facet normal 0 0 -1
    outer loop
      vertex -13 -7 -2
      vertex -10.294 -9.98555 -2
      vertex -10.5853 -9.94235 -2
    endloop
  endfacet
  facet normal -0 0 -1
    outer loop
      vertex -10.3317 -1.66733 -2
      vertex -13 -7 -2
      vertex -10.4935 -1.6268 -2
    endloop
  endfacet
  facet normal -0 0 -1
    outer loop
      vertex -10.4935 -1.6268 -2
      vertex -13 -7 -2
      vertex -10.6506 -1.57059 -2
    endloop
  endfacet
  facet normal 0 0 -1
    outer loop
      vertex -13 -7 -2
      vertex -10.5853 -9.94235 -2
      vertex -10.8708 -9.87082 -2
    endloop
  endfacet
  facet normal -0 0 -1
    outer loop
      vertex -10.6506 -1.57059 -2
      vertex -13 -7 -2
      vertex -10.8014 -1.49927 -2
    endloop
  endfacet
  facet normal -0 0 -1
    outer loop
      vertex -10.8014 -1.49927 -2
      vertex -13 -7 -2
      vertex -10.9445 -1.4135 -2
    endloop
  endfacet
  facet normal 0 0 -1
    outer loop
      vertex -13 -7 -2
      vertex -10.8708 -9.87082 -2
      vertex -11.148 -9.77164 -2
    endloop
  endfacet
  facet normal -0 0 -1
    outer loop
      vertex -10.9445 -1.4135 -2
      vertex -13 -7 -2
      vertex -11.0785 -1.31412 -2
    endloop
  endfacet
  facet normal -0 0 -1
    outer loop
      vertex -11.0785 -1.31412 -2
      vertex -13 -7 -2
      vertex -11.2021 -1.20208 -2
    endloop
  endfacet
  facet normal -0 0 -1
    outer loop
      vertex -11.2021 -1.20208 -2
      vertex -13 -7 -2
      vertex -11.3141 -1.07847 -2
    endloop
  endfacet
  facet normal 0 0 -1
    outer loop
      vertex -13 -7 -2
      vertex -11.148 -9.77164 -2
      vertex -11.4142 -9.64575 -2
    endloop
  endfacet
  facet normal -0 0 -1
    outer loop
      vertex -11.3141 -1.07847 -2
      vertex -13 -7 -2
      vertex -11.4135 -0.944468 -2
    endloop
  endfacet
  facet normal -0 0 -1
    outer loop
      vertex -11.4135 -0.944468 -2
      vertex -13 -7 -2
      vertex -11.4993 -0.801374 -2
    endloop
  endfacet
  facet normal -0 0 -1
    outer loop
      vertex -11.4993 -0.801374 -2
      vertex -13 -7 -2
      vertex -11.5706 -0.650561 -2
    endloop
  endfacet
  facet normal 0 0 -1
    outer loop
      vertex -13 -7 -2
      vertex -11.4142 -9.64575 -2
      vertex -11.6667 -9.4944 -2
    endloop
  endfacet
  facet normal -0 0 -1
    outer loop
      vertex -11.5706 -0.650561 -2
      vertex -13 -7 -2
      vertex -11.6268 -0.493484 -2
    endloop
  endfacet
  facet normal -0 0 -1
    outer loop
      vertex -11.6268 -0.493484 -2
      vertex -13 -7 -2
      vertex -11.6673 -0.331653 -2
    endloop
  endfacet
  facet normal -0 0 -1
    outer loop
      vertex -11.6673 -0.331653 -2
      vertex -13 -7 -2
      vertex -11.6918 -0.166629 -2
    endloop
  endfacet
  facet normal 0 0 -1
    outer loop
      vertex -13 -7 -2
      vertex -11.6667 -9.4944 -2
      vertex -11.9032 -9.31903 -2
    endloop
  endfacet
  facet normal 0 0 -1
    outer loop
      vertex 10.9445 1.4135 -2
      vertex 13 7 -2
      vertex 11.0785 1.31412 -2
    endloop
  endfacet
  facet normal 0 0 -1
    outer loop
      vertex 10.8014 1.49927 -2
      vertex 13 7 -2
      vertex 10.9445 1.4135 -2
    endloop
  endfacet
  facet normal 0 0 -1
    outer loop
      vertex 10.6506 1.57059 -2
      vertex 13 7 -2
      vertex 10.8014 1.49927 -2
    endloop
  endfacet
  facet normal 0 0 -1
    outer loop
      vertex 10.4935 1.6268 -2
      vertex 13 7 -2
      vertex 10.6506 1.57059 -2
    endloop
  endfacet
  facet normal 0 0 -1
    outer loop
      vertex 10.3317 1.66733 -2
      vertex 13 7 -2
      vertex 10.4935 1.6268 -2
    endloop
  endfacet
  facet normal 0 0 -1
    outer loop
      vertex 10.1666 1.69181 -2
      vertex 13 7 -2
      vertex 10.3317 1.66733 -2
    endloop
  endfacet
  facet normal 0 0 -1
    outer loop
      vertex 10 1.7 -2
      vertex 13 7 -2
      vertex 10.1666 1.69181 -2
    endloop
  endfacet
  facet normal 0 0 -1
    outer loop
      vertex 9.83337 1.69181 -2
      vertex 13 7 -2
      vertex 10 1.7 -2
    endloop
  endfacet
  facet normal 0 0 -1
    outer loop
      vertex 9.66835 1.66733 -2
      vertex 13 7 -2
      vertex 9.83337 1.69181 -2
    endloop
  endfacet
  facet normal 0 -0 -1
    outer loop
      vertex 10 10 -2
      vertex 13 7 -2
      vertex 9.66835 1.66733 -2
    endloop
  endfacet
  facet normal 0 0 -1
    outer loop
      vertex 13 7 -2
      vertex 10 10 -2
      vertex 12.9855 7.29404 -2
    endloop
  endfacet
  facet normal 0 0 -1
    outer loop
      vertex 12.9424 7.58527 -2
      vertex 10 10 -2
      vertex 12.8708 7.87085 -2
    endloop
  endfacet
  facet normal 0 0 -1
    outer loop
      vertex 12.8708 7.87085 -2
      vertex 10 10 -2
      vertex 12.7716 8.14804 -2
    endloop
  endfacet
  facet normal 0 0 -1
    outer loop
      vertex 12.7716 8.14804 -2
      vertex 10 10 -2
      vertex 12.6458 8.41418 -2
    endloop
  endfacet
  facet normal 0 0 -1
    outer loop
      vertex 12.6458 8.41418 -2
      vertex 10 10 -2
      vertex 12.4944 8.6667 -2
    endloop
  endfacet
  facet normal 0 0 -1
    outer loop
      vertex 12.4944 8.6667 -2
      vertex 10 10 -2
      vertex 12.319 8.90317 -2
    endloop
  endfacet
  facet normal 0 0 -1
    outer loop
      vertex 12.319 8.90317 -2
      vertex 10 10 -2
      vertex 12.1213 9.12131 -2
    endloop
  endfacet
  facet normal 0 0 -1
    outer loop
      vertex 12.1213 9.12131 -2
      vertex 10 10 -2
      vertex 11.9032 9.31903 -2
    endloop
  endfacet
  facet normal 0 0 -1
    outer loop
      vertex 11.6667 9.4944 -2
      vertex 10 10 -2
      vertex 11.4142 9.64575 -2
    endloop
  endfacet
  facet normal 0 0 -1
    outer loop
      vertex 11.4142 9.64575 -2
      vertex 10 10 -2
      vertex 11.148 9.77164 -2
    endloop
  endfacet
  facet normal 0 0 -1
    outer loop
      vertex 11.148 9.77164 -2
      vertex 10 10 -2
      vertex 10.8708 9.87082 -2
    endloop
  endfacet
  facet normal 0 0 -1
    outer loop
      vertex 10.8708 9.87082 -2
      vertex 10 10 -2
      vertex 10.5853 9.94235 -2
    endloop
  endfacet
  facet normal 0 0 -1
    outer loop
      vertex 10.5853 9.94235 -2
      vertex 10 10 -2
      vertex 10.294 9.98555 -2
    endloop
  endfacet
  facet normal 0 0 -1
    outer loop
      vertex 11.9032 9.31903 -2
      vertex 10 10 -2
      vertex 11.6667 9.4944 -2
    endloop
  endfacet
  facet normal 0 0 -1
    outer loop
      vertex 12.9855 7.29404 -2
      vertex 10 10 -2
      vertex 12.9424 7.58527 -2
    endloop
  endfacet
  facet normal 0 0 -1
    outer loop
      vertex 9.50652 1.6268 -2
      vertex 10 10 -2
      vertex 9.66835 1.66733 -2
    endloop
  endfacet
  facet normal 0 0 -1
    outer loop
      vertex 9.34944 1.57059 -2
      vertex 10 10 -2
      vertex 9.50652 1.6268 -2
    endloop
  endfacet
  facet normal 0 0 -1
    outer loop
      vertex 9.19862 1.49927 -2
      vertex 10 10 -2
      vertex 9.34944 1.57059 -2
    endloop
  endfacet
  facet normal 0 0 -1
    outer loop
      vertex 9.05553 1.4135 -2
      vertex 10 10 -2
      vertex 9.19862 1.49927 -2
    endloop
  endfacet
  facet normal 0 0 -1
    outer loop
      vertex 3.06568 1.0583 -2
      vertex 9.05553 1.4135 -2
      vertex 8.92153 1.31412 -2
    endloop
  endfacet
  facet normal 0 0 -1
    outer loop
      vertex 3.16668 0.997763 -2
      vertex 8.92153 1.31412 -2
      vertex 8.79792 1.20208 -2
    endloop
  endfacet
  facet normal 0 0 -1
    outer loop
      vertex 3.26127 0.927612 -2
      vertex 8.79792 1.20208 -2
      vertex 8.68588 1.07847 -2
    endloop
  endfacet
  facet normal 0 0 -1
    outer loop
      vertex 3.42761 0.761271 -2
      vertex 8.68588 1.07847 -2
      vertex 8.5865 0.944468 -2
    endloop
  endfacet
  facet normal 0 0 -1
    outer loop
      vertex 3.49776 0.666684 -2
      vertex 8.5865 0.944468 -2
      vertex 8.50073 0.801374 -2
    endloop
  endfacet
  facet normal 0 0 -1
    outer loop
      vertex 3.5583 0.565676 -2
      vertex 8.50073 0.801374 -2
      vertex 8.4294 0.650561 -2
    endloop
  endfacet
  facet normal 0 0 -1
    outer loop
      vertex 3.60865 0.45922 -2
      vertex 8.4294 0.650561 -2
      vertex 8.3732 0.493484 -2
    endloop
  endfacet
  facet normal 0 0 -1
    outer loop
      vertex 3.64833 0.348341 -2
      vertex 8.3732 0.493484 -2
      vertex 8.33266 0.331653 -2
    endloop
  endfacet
  facet normal 0 0 -1
    outer loop
      vertex 3.69422 0.11762 -2
      vertex 8.3 0 -2
      vertex 3.7 0 -2
    endloop
  endfacet
  facet normal 0 0 -1
    outer loop
      vertex 8.3 0 -2
      vertex 3.69422 0.11762 -2
      vertex 8.30819 0.166629 -2
    endloop
  endfacet
  facet normal 0 0 -1
    outer loop
      vertex 3.67694 0.234108 -2
      vertex 8.30819 0.166629 -2
      vertex 3.69422 0.11762 -2
    endloop
  endfacet
  facet normal 0 0 -1
    outer loop
      vertex 8.30819 0.166629 -2
      vertex 3.67694 0.234108 -2
      vertex 8.33266 0.331653 -2
    endloop
  endfacet
  facet normal 0 0 -1
    outer loop
      vertex 3.64833 0.348341 -2
      vertex 8.33266 0.331653 -2
      vertex 3.67694 0.234108 -2
    endloop
  endfacet
  facet normal 0 0 -1
    outer loop
      vertex 8.3732 0.493484 -2
      vertex 3.64833 0.348341 -2
      vertex 3.60865 0.45922 -2
    endloop
  endfacet
  facet normal 0 0 -1
    outer loop
      vertex 8.4294 0.650561 -2
      vertex 3.60865 0.45922 -2
      vertex 3.5583 0.565676 -2
    endloop
  endfacet
  facet normal 0 0 -1
    outer loop
      vertex 8.50073 0.801374 -2
      vertex 3.5583 0.565676 -2
      vertex 3.49776 0.666684 -2
    endloop
  endfacet
  facet normal 0 0 -1
    outer loop
      vertex 8.5865 0.944468 -2
      vertex 3.49776 0.666684 -2
      vertex 3.42761 0.761271 -2
    endloop
  endfacet
  facet normal 0 0 -1
    outer loop
      vertex 8.68588 1.07847 -2
      vertex 3.42761 0.761271 -2
      vertex 3.34853 0.848528 -2
    endloop
  endfacet
  facet normal 0 0 -1
    outer loop
      vertex 8.68588 1.07847 -2
      vertex 3.34853 0.848528 -2
      vertex 3.26127 0.927612 -2
    endloop
  endfacet
  facet normal 0 0 -1
    outer loop
      vertex 8.79792 1.20208 -2
      vertex 3.26127 0.927612 -2
      vertex 3.16668 0.997763 -2
    endloop
  endfacet
  facet normal 0 0 -1
    outer loop
      vertex 8.92153 1.31412 -2
      vertex 3.16668 0.997763 -2
      vertex 3.06568 1.0583 -2
    endloop
  endfacet
  facet normal -0 0 -1
    outer loop
      vertex 9.05553 1.4135 -2
      vertex 3.06568 1.0583 -2
      vertex 10 10 -2
    endloop
  endfacet
  facet normal 0 0 -1
    outer loop
      vertex 2.95922 1.10865 -2
      vertex 10 10 -2
      vertex 3.06568 1.0583 -2
    endloop
  endfacet
  facet normal 0 0 -1
    outer loop
      vertex 2.84834 1.14833 -2
      vertex 10 10 -2
      vertex 2.95922 1.10865 -2
    endloop
  endfacet
  facet normal 0 0 -1
    outer loop
      vertex 2.73411 1.17694 -2
      vertex 10 10 -2
      vertex 2.84834 1.14833 -2
    endloop
  endfacet
  facet normal 0 0 -1
    outer loop
      vertex 2.61762 1.19422 -2
      vertex 10 10 -2
      vertex 2.73411 1.17694 -2
    endloop
  endfacet
  facet normal 0 0 -1
    outer loop
      vertex 2.5 1.2 -2
      vertex 10 10 -2
      vertex 2.61762 1.19422 -2
    endloop
  endfacet
  facet normal 0 0 -1
    outer loop
      vertex 2.38238 1.19422 -2
      vertex 10 10 -2
      vertex 2.5 1.2 -2
    endloop
  endfacet
  facet normal 0 0 -1
    outer loop
      vertex 2.26589 1.17694 -2
      vertex 10 10 -2
      vertex 2.38238 1.19422 -2
    endloop
  endfacet
  facet normal 0 0 -1
    outer loop
      vertex -2.26589 1.17694 -2
      vertex 2.26589 1.17694 -2
      vertex 2.15166 1.14833 -2
    endloop
  endfacet
  facet normal 0 0 -1
    outer loop
      vertex -2.15166 1.14833 -2
      vertex 2.15166 1.14833 -2
      vertex 2.04078 1.10865 -2
    endloop
  endfacet
  facet normal 0 0 -1
    outer loop
      vertex -2.04078 1.10865 -2
      vertex 2.04078 1.10865 -2
      vertex 1.93432 1.0583 -2
    endloop
  endfacet
  facet normal 0 0 -1
    outer loop
      vertex -1.93432 1.0583 -2
      vertex 1.93432 1.0583 -2
      vertex 1.83331 0.997763 -2
    endloop
  endfacet
  facet normal 0 0 -1
    outer loop
      vertex -1.83331 0.997763 -2
      vertex 1.83331 0.997763 -2
      vertex 1.73873 0.927612 -2
    endloop
  endfacet
  facet normal 0 0 -1
    outer loop
      vertex -1.73873 0.927612 -2
      vertex 1.73873 0.927612 -2
      vertex 1.65147 0.848528 -2
    endloop
  endfacet
  facet normal 0 0 -1
    outer loop
      vertex -1.3 0 -2
      vertex 1.30578 0.11762 -2
      vertex 1.3 0 -2
    endloop
  endfacet
  facet normal 0 0 -1
    outer loop
      vertex -1.30578 0.11762 -2
      vertex 1.30578 0.11762 -2
      vertex -1.3 0 -2
    endloop
  endfacet
  facet normal 0 0 -1
    outer loop
      vertex 1.30578 0.11762 -2
      vertex -1.30578 0.11762 -2
      vertex 1.32306 0.234108 -2
    endloop
  endfacet
  facet normal 0 0 -1
    outer loop
      vertex -1.32306 0.234108 -2
      vertex 1.32306 0.234108 -2
      vertex -1.30578 0.11762 -2
    endloop
  endfacet
  facet normal 0 0 -1
    outer loop
      vertex 1.32306 0.234108 -2
      vertex -1.32306 0.234108 -2
      vertex 1.35167 0.348341 -2
    endloop
  endfacet
  facet normal 0 0 -1
    outer loop
      vertex -1.35167 0.348341 -2
      vertex 1.35167 0.348341 -2
      vertex -1.32306 0.234108 -2
    endloop
  endfacet
  facet normal 0 0 -1
    outer loop
      vertex 1.35167 0.348341 -2
      vertex -1.35167 0.348341 -2
      vertex 1.39134 0.45922 -2
    endloop
  endfacet
  facet normal 0 0 -1
    outer loop
      vertex -1.39134 0.45922 -2
      vertex 1.39134 0.45922 -2
      vertex -1.35167 0.348341 -2
    endloop
  endfacet
  facet normal 0 0 -1
    outer loop
      vertex 1.39134 0.45922 -2
      vertex -1.39134 0.45922 -2
      vertex 1.44169 0.565676 -2
    endloop
  endfacet
  facet normal 0 0 -1
    outer loop
      vertex -1.44169 0.565676 -2
      vertex 1.44169 0.565676 -2
      vertex -1.39134 0.45922 -2
    endloop
  endfacet
  facet normal 0 0 -1
    outer loop
      vertex 1.44169 0.565676 -2
      vertex -1.44169 0.565676 -2
      vertex 1.50224 0.666684 -2
    endloop
  endfacet
  facet normal 0 0 -1
    outer loop
      vertex -1.50224 0.666684 -2
      vertex 1.50224 0.666684 -2
      vertex -1.44169 0.565676 -2
    endloop
  endfacet
  facet normal 0 0 -1
    outer loop
      vertex 1.50224 0.666684 -2
      vertex -1.50224 0.666684 -2
      vertex 1.57239 0.761271 -2
    endloop
  endfacet
  facet normal 0 0 -1
    outer loop
      vertex -1.57239 0.761271 -2
      vertex 1.57239 0.761271 -2
      vertex -1.50224 0.666684 -2
    endloop
  endfacet
  facet normal 0 0 -1
    outer loop
      vertex 1.57239 0.761271 -2
      vertex -1.57239 0.761271 -2
      vertex 1.65147 0.848528 -2
    endloop
  endfacet
  facet normal 0 0 -1
    outer loop
      vertex -1.65147 0.848528 -2
      vertex 1.65147 0.848528 -2
      vertex -1.57239 0.761271 -2
    endloop
  endfacet
  facet normal 0 0 -1
    outer loop
      vertex -1.73873 0.927612 -2
      vertex 1.65147 0.848528 -2
      vertex -1.65147 0.848528 -2
    endloop
  endfacet
  facet normal 0 0 -1
    outer loop
      vertex 1.73873 0.927612 -2
      vertex -1.73873 0.927612 -2
      vertex -1.83331 0.997763 -2
    endloop
  endfacet
  facet normal 0 0 -1
    outer loop
      vertex 1.83331 0.997763 -2
      vertex -1.83331 0.997763 -2
      vertex -1.93432 1.0583 -2
    endloop
  endfacet
  facet normal 0 0 -1
    outer loop
      vertex 1.93432 1.0583 -2
      vertex -1.93432 1.0583 -2
      vertex -2.04078 1.10865 -2
    endloop
  endfacet
  facet normal 0 0 -1
    outer loop
      vertex 2.04078 1.10865 -2
      vertex -2.04078 1.10865 -2
      vertex -2.15166 1.14833 -2
    endloop
  endfacet
  facet normal 0 0 -1
    outer loop
      vertex 2.15166 1.14833 -2
      vertex -2.15166 1.14833 -2
      vertex -2.26589 1.17694 -2
    endloop
  endfacet
  facet normal 0 0 -1
    outer loop
      vertex 2.26589 1.17694 -2
      vertex -2.26589 1.17694 -2
      vertex 10 10 -2
    endloop
  endfacet
  facet normal 0 0 -1
    outer loop
      vertex -10 10 -2
      vertex -2.26589 1.17694 -2
      vertex -2.38238 1.19422 -2
    endloop
  endfacet
  facet normal 0 0 -1
    outer loop
      vertex -10 10 -2
      vertex -2.38238 1.19422 -2
      vertex -2.5 1.2 -2
    endloop
  endfacet
  facet normal 0 0 -1
    outer loop
      vertex -10 10 -2
      vertex -2.5 1.2 -2
      vertex -2.61762 1.19422 -2
    endloop
  endfacet
  facet normal 0 0 -1
    outer loop
      vertex -10 10 -2
      vertex -2.61762 1.19422 -2
      vertex -2.73411 1.17694 -2
    endloop
  endfacet
  facet normal 0 0 -1
    outer loop
      vertex -10 10 -2
      vertex -2.73411 1.17694 -2
      vertex -2.84834 1.14833 -2
    endloop
  endfacet
  facet normal 0 0 -1
    outer loop
      vertex -10 10 -2
      vertex -2.84834 1.14833 -2
      vertex -2.95922 1.10865 -2
    endloop
  endfacet
  facet normal 0 0 -1
    outer loop
      vertex -10 10 -2
      vertex -2.95922 1.10865 -2
      vertex -3.06568 1.0583 -2
    endloop
  endfacet
  facet normal 0 0 -1
    outer loop
      vertex -8.92153 1.31412 -2
      vertex -3.06568 1.0583 -2
      vertex -3.16668 0.997763 -2
    endloop
  endfacet
  facet normal 0 0 -1
    outer loop
      vertex -8.3 0 -2
      vertex -3.69422 0.11762 -2
      vertex -3.7 0 -2
    endloop
  endfacet
  facet normal 0 0 -1
    outer loop
      vertex -8.30819 0.166629 -2
      vertex -3.69422 0.11762 -2
      vertex -8.3 0 -2
    endloop
  endfacet
  facet normal 0 0 -1
    outer loop
      vertex -3.69422 0.11762 -2
      vertex -8.30819 0.166629 -2
      vertex -3.67694 0.234108 -2
    endloop
  endfacet
  facet normal 0 0 -1
    outer loop
      vertex -8.33266 0.331653 -2
      vertex -3.67694 0.234108 -2
      vertex -8.30819 0.166629 -2
    endloop
  endfacet
  facet normal 0 0 -1
    outer loop
      vertex -3.67694 0.234108 -2
      vertex -8.33266 0.331653 -2
      vertex -3.64833 0.348341 -2
    endloop
  endfacet
  facet normal 0 0 -1
    outer loop
      vertex -8.3732 0.493484 -2
      vertex -3.64833 0.348341 -2
      vertex -8.33266 0.331653 -2
    endloop
  endfacet
  facet normal 0 0 -1
    outer loop
      vertex -3.64833 0.348341 -2
      vertex -8.3732 0.493484 -2
      vertex -3.60865 0.45922 -2
    endloop
  endfacet
  facet normal 0 0 -1
    outer loop
      vertex -8.4294 0.650561 -2
      vertex -3.60865 0.45922 -2
      vertex -8.3732 0.493484 -2
    endloop
  endfacet
  facet normal 0 0 -1
    outer loop
      vertex -3.60865 0.45922 -2
      vertex -8.4294 0.650561 -2
      vertex -3.5583 0.565676 -2
    endloop
  endfacet
  facet normal 0 0 -1
    outer loop
      vertex -8.50073 0.801374 -2
      vertex -3.5583 0.565676 -2
      vertex -8.4294 0.650561 -2
    endloop
  endfacet
  facet normal 0 0 -1
    outer loop
      vertex -3.5583 0.565676 -2
      vertex -8.50073 0.801374 -2
      vertex -3.49776 0.666684 -2
    endloop
  endfacet
  facet normal 0 0 -1
    outer loop
      vertex -8.5865 0.944468 -2
      vertex -3.49776 0.666684 -2
      vertex -8.50073 0.801374 -2
    endloop
  endfacet
  facet normal 0 0 -1
    outer loop
      vertex -3.49776 0.666684 -2
      vertex -8.5865 0.944468 -2
      vertex -3.42761 0.761271 -2
    endloop
  endfacet
  facet normal 0 0 -1
    outer loop
      vertex -8.68588 1.07847 -2
      vertex -3.42761 0.761271 -2
      vertex -8.5865 0.944468 -2
    endloop
  endfacet
  facet normal 0 0 -1
    outer loop
      vertex -3.42761 0.761271 -2
      vertex -8.68588 1.07847 -2
      vertex -3.34853 0.848528 -2
    endloop
  endfacet
  facet normal 0 0 -1
    outer loop
      vertex -3.34853 0.848528 -2
      vertex -8.68588 1.07847 -2
      vertex -3.26127 0.927612 -2
    endloop
  endfacet
  facet normal 0 0 -1
    outer loop
      vertex -8.79792 1.20208 -2
      vertex -3.26127 0.927612 -2
      vertex -8.68588 1.07847 -2
    endloop
  endfacet
  facet normal 0 0 -1
    outer loop
      vertex -3.26127 0.927612 -2
      vertex -8.79792 1.20208 -2
      vertex -3.16668 0.997763 -2
    endloop
  endfacet
  facet normal 0 0 -1
    outer loop
      vertex -8.92153 1.31412 -2
      vertex -3.16668 0.997763 -2
      vertex -8.79792 1.20208 -2
    endloop
  endfacet
  facet normal 0 0 -1
    outer loop
      vertex -3.06568 1.0583 -2
      vertex -8.92153 1.31412 -2
      vertex -9.05553 1.4135 -2
    endloop
  endfacet
  facet normal 0 0 -1
    outer loop
      vertex -3.06568 1.0583 -2
      vertex -9.05553 1.4135 -2
      vertex -10 10 -2
    endloop
  endfacet
  facet normal 0 0 -1
    outer loop
      vertex -10 10 -2
      vertex -9.05553 1.4135 -2
      vertex -9.19862 1.49927 -2
    endloop
  endfacet
  facet normal 0 0 -1
    outer loop
      vertex -10 10 -2
      vertex -9.19862 1.49927 -2
      vertex -9.34944 1.57059 -2
    endloop
  endfacet
  facet normal 0 0 -1
    outer loop
      vertex -10 10 -2
      vertex -9.34944 1.57059 -2
      vertex -9.50652 1.6268 -2
    endloop
  endfacet
  facet normal 0 0 -1
    outer loop
      vertex -10 10 -2
      vertex -9.50652 1.6268 -2
      vertex -9.66835 1.66733 -2
    endloop
  endfacet
  facet normal 0 0 -1
    outer loop
      vertex -13 7 -2
      vertex -9.66835 1.66733 -2
      vertex -9.83337 1.69181 -2
    endloop
  endfacet
  facet normal 0 0 -1
    outer loop
      vertex -13 7 -2
      vertex -9.83337 1.69181 -2
      vertex -10 1.7 -2
    endloop
  endfacet
  facet normal 0 0 -1
    outer loop
      vertex -2.26589 1.17694 -2
      vertex -10 10 -2
      vertex 10 10 -2
    endloop
  endfacet
  facet normal 0 0 -1
    outer loop
      vertex -13 7 -2
      vertex -10 1.7 -2
      vertex -10.1666 1.69181 -2
    endloop
  endfacet
  facet normal 0 0 -1
    outer loop
      vertex -9.66835 1.66733 -2
      vertex -13 7 -2
      vertex -10 10 -2
    endloop
  endfacet
  facet normal 0 0 -1
    outer loop
      vertex -13 7 -2
      vertex -10.1666 1.69181 -2
      vertex -10.3317 1.66733 -2
    endloop
  endfacet
  facet normal 0 0 -1
    outer loop
      vertex -13 7 -2
      vertex -10.3317 1.66733 -2
      vertex -10.4935 1.6268 -2
    endloop
  endfacet
  facet normal 0 0 -1
    outer loop
      vertex -10 10 -2
      vertex -13 7 -2
      vertex -10.294 9.98555 -2
    endloop
  endfacet
  facet normal 0 0 -1
    outer loop
      vertex -13 7 -2
      vertex -10.4935 1.6268 -2
      vertex -10.6506 1.57059 -2
    endloop
  endfacet
  facet normal 0 0 -1
    outer loop
      vertex -13 7 -2
      vertex -10.6506 1.57059 -2
      vertex -10.8014 1.49927 -2
    endloop
  endfacet
  facet normal 0 0 -1
    outer loop
      vertex -10.294 9.98555 -2
      vertex -13 7 -2
      vertex -10.5853 9.94235 -2
    endloop
  endfacet
  facet normal 0 0 -1
    outer loop
      vertex -13 7 -2
      vertex -10.8014 1.49927 -2
      vertex -10.9445 1.4135 -2
    endloop
  endfacet
  facet normal 0 0 -1
    outer loop
      vertex -13 7 -2
      vertex -10.9445 1.4135 -2
      vertex -11.0785 1.31412 -2
    endloop
  endfacet
  facet normal 0 0 -1
    outer loop
      vertex -10.5853 9.94235 -2
      vertex -13 7 -2
      vertex -10.8708 9.87082 -2
    endloop
  endfacet
  facet normal 0 0 -1
    outer loop
      vertex -13 7 -2
      vertex -11.0785 1.31412 -2
      vertex -11.2021 1.20208 -2
    endloop
  endfacet
  facet normal 0 0 -1
    outer loop
      vertex -13 7 -2
      vertex -11.2021 1.20208 -2
      vertex -11.3141 1.07847 -2
    endloop
  endfacet
  facet normal 0 0 -1
    outer loop
      vertex -13 7 -2
      vertex -11.3141 1.07847 -2
      vertex -11.4135 0.944468 -2
    endloop
  endfacet
  facet normal 0 0 -1
    outer loop
      vertex -10.8708 9.87082 -2
      vertex -13 7 -2
      vertex -11.148 9.77164 -2
    endloop
  endfacet
  facet normal 0 0 -1
    outer loop
      vertex -13 7 -2
      vertex -11.4135 0.944468 -2
      vertex -11.4993 0.801374 -2
    endloop
  endfacet
  facet normal 0 0 -1
    outer loop
      vertex -13 7 -2
      vertex -11.4993 0.801374 -2
      vertex -11.5706 0.650561 -2
    endloop
  endfacet
  facet normal 0 0 -1
    outer loop
      vertex -13 7 -2
      vertex -11.5706 0.650561 -2
      vertex -11.6268 0.493484 -2
    endloop
  endfacet
  facet normal 0 0 -1
    outer loop
      vertex -11.148 9.77164 -2
      vertex -13 7 -2
      vertex -11.4142 9.64575 -2
    endloop
  endfacet
  facet normal 0 0 -1
    outer loop
      vertex -13 7 -2
      vertex -11.6268 0.493484 -2
      vertex -11.6673 0.331653 -2
    endloop
  endfacet
  facet normal 0 0 -1
    outer loop
      vertex -13 7 -2
      vertex -11.6673 0.331653 -2
      vertex -11.6918 0.166629 -2
    endloop
  endfacet
  facet normal 0 0 -1
    outer loop
      vertex -13 7 -2
      vertex -11.6918 0.166629 -2
      vertex -11.7 0 -2
    endloop
  endfacet
  facet normal -0 0 -1
    outer loop
      vertex -11.6918 -0.166629 -2
      vertex -13 -7 -2
      vertex -11.7 0 -2
    endloop
  endfacet
  facet normal 0 0 -1
    outer loop
      vertex -13 7 -2
      vertex -11.7 0 -2
      vertex -13 -7 -2
    endloop
  endfacet
  facet normal 0 0 -1
    outer loop
      vertex -13 -7 -2
      vertex -11.9032 -9.31903 -2
      vertex -12.1213 -9.12131 -2
    endloop
  endfacet
  facet normal 0 0 -1
    outer loop
      vertex -11.4142 9.64575 -2
      vertex -13 7 -2
      vertex -11.6667 9.4944 -2
    endloop
  endfacet
  facet normal 0 0 -1
    outer loop
      vertex -13 -7 -2
      vertex -12.1213 -9.12131 -2
      vertex -12.319 -8.90317 -2
    endloop
  endfacet
  facet normal 0 0 -1
    outer loop
      vertex -11.6667 9.4944 -2
      vertex -13 7 -2
      vertex -11.9032 9.31903 -2
    endloop
  endfacet
  facet normal 0 0 -1
    outer loop
      vertex -13 -7 -2
      vertex -12.319 -8.90317 -2
      vertex -12.4944 -8.6667 -2
    endloop
  endfacet
  facet normal 0 0 -1
    outer loop
      vertex -11.9032 9.31903 -2
      vertex -13 7 -2
      vertex -12.1213 9.12131 -2
    endloop
  endfacet
  facet normal 0 0 -1
    outer loop
      vertex -13 -7 -2
      vertex -12.4944 -8.6667 -2
      vertex -12.6458 -8.41418 -2
    endloop
  endfacet
  facet normal 0 0 -1
    outer loop
      vertex -12.1213 9.12131 -2
      vertex -13 7 -2
      vertex -12.319 8.90317 -2
    endloop
  endfacet
  facet normal 0 0 -1
    outer loop
      vertex -13 -7 -2
      vertex -12.6458 -8.41418 -2
      vertex -12.7716 -8.14804 -2
    endloop
  endfacet
  facet normal 0 0 -1
    outer loop
      vertex -12.319 8.90317 -2
      vertex -13 7 -2
      vertex -12.4944 8.6667 -2
    endloop
  endfacet
  facet normal 0 0 -1
    outer loop
      vertex -13 -7 -2
      vertex -12.7716 -8.14804 -2
      vertex -12.8708 -7.87085 -2
    endloop
  endfacet
  facet normal 0 0 -1
    outer loop
      vertex -12.4944 8.6667 -2
      vertex -13 7 -2
      vertex -12.6458 8.41418 -2
    endloop
  endfacet
  facet normal 0 0 -1
    outer loop
      vertex -13 -7 -2
      vertex -12.8708 -7.87085 -2
      vertex -12.9424 -7.58527 -2
    endloop
  endfacet
  facet normal 0 0 -1
    outer loop
      vertex -12.6458 8.41418 -2
      vertex -13 7 -2
      vertex -12.7716 8.14804 -2
    endloop
  endfacet
  facet normal 0 0 -1
    outer loop
      vertex -13 -7 -2
      vertex -12.9424 -7.58527 -2
      vertex -12.9855 -7.29404 -2
    endloop
  endfacet
  facet normal 0 0 -1
    outer loop
      vertex -12.7716 8.14804 -2
      vertex -13 7 -2
      vertex -12.8708 7.87085 -2
    endloop
  endfacet
  facet normal 0 0 -1
    outer loop
      vertex -12.8708 7.87085 -2
      vertex -13 7 -2
      vertex -12.9424 7.58527 -2
    endloop
  endfacet
  facet normal 0 0 -1
    outer loop
      vertex -12.9424 7.58527 -2
      vertex -13 7 -2
      vertex -12.9855 7.29404 -2
    endloop
  endfacet
  facet normal 0.595633 -0.803257 0
    outer loop
      vertex 11.6667 -9.4944 -2
      vertex 11.9032 -9.31903 2
      vertex 11.6667 -9.4944 2
    endloop
  endfacet
  facet normal 0.595633 -0.803257 0
    outer loop
      vertex 11.9032 -9.31903 2
      vertex 11.6667 -9.4944 -2
      vertex 11.9032 -9.31903 -2
    endloop
  endfacet
  facet normal 0.671644 0.740874 -0
    outer loop
      vertex 12.1213 9.12131 -2
      vertex 11.9032 9.31903 2
      vertex 12.1213 9.12131 2
    endloop
  endfacet
  facet normal 0.671644 0.740874 0
    outer loop
      vertex 11.9032 9.31903 2
      vertex 12.1213 9.12131 -2
      vertex 11.9032 9.31903 -2
    endloop
  endfacet
  facet normal -1 0 0
    outer loop
      vertex -13 -7 -2
      vertex -13 7 2
      vertex -13 7 -2
    endloop
  endfacet
  facet normal -1 -0 0
    outer loop
      vertex -13 7 2
      vertex -13 -7 -2
      vertex -13 -7 2
    endloop
  endfacet
  facet normal 0.998786 0.0492532 0
    outer loop
      vertex 13 7 2
      vertex 12.9855 7.29404 -2
      vertex 12.9855 7.29404 2
    endloop
  endfacet
  facet normal 0.998786 0.0492532 0
    outer loop
      vertex 12.9855 7.29404 -2
      vertex 13 7 2
      vertex 13 7 -2
    endloop
  endfacet
  facet normal -0.243031 -0.970018 0
    outer loop
      vertex -10.8708 -9.87082 -2
      vertex -10.5853 -9.94235 2
      vertex -10.8708 -9.87082 2
    endloop
  endfacet
  facet normal -0.243031 -0.970018 -0
    outer loop
      vertex -10.5853 -9.94235 2
      vertex -10.8708 -9.87082 -2
      vertex -10.5853 -9.94235 -2
    endloop
  endfacet
  facet normal 0 -1 0
    outer loop
      vertex -10 -10 -2
      vertex 10 -10 2
      vertex -10 -10 2
    endloop
  endfacet
  facet normal 0 -1 -0
    outer loop
      vertex 10 -10 2
      vertex -10 -10 -2
      vertex 10 -10 -2
    endloop
  endfacet
  facet normal 0.0490904 -0.998794 0
    outer loop
      vertex 10 -10 -2
      vertex 10.294 -9.98555 2
      vertex 10 -10 2
    endloop
  endfacet
  facet normal 0.0490904 -0.998794 0
    outer loop
      vertex 10.294 -9.98555 2
      vertex 10 -10 -2
      vertex 10.294 -9.98555 -2
    endloop
  endfacet
  facet normal 0.803172 0.595747 0
    outer loop
      vertex 12.4944 8.6667 2
      vertex 12.319 8.90317 -2
      vertex 12.319 8.90317 2
    endloop
  endfacet
  facet normal 0.803172 0.595747 0
    outer loop
      vertex 12.319 8.90317 -2
      vertex 12.4944 8.6667 2
      vertex 12.4944 8.6667 -2
    endloop
  endfacet
  facet normal 0 1 -0
    outer loop
      vertex 10 10 -2
      vertex -10 10 2
      vertex 10 10 2
    endloop
  endfacet
  facet normal 0 1 0
    outer loop
      vertex -10 10 2
      vertex 10 10 -2
      vertex -10 10 -2
    endloop
  endfacet
  facet normal -0.427518 0.904007 0
    outer loop
      vertex -11.148 9.77164 -2
      vertex -11.4142 9.64575 2
      vertex -11.148 9.77164 2
    endloop
  endfacet
  facet normal -0.427518 0.904007 0
    outer loop
      vertex -11.4142 9.64575 2
      vertex -11.148 9.77164 -2
      vertex -11.4142 9.64575 -2
    endloop
  endfacet
  facet normal -0.671644 0.740874 0
    outer loop
      vertex -11.9032 9.31903 -2
      vertex -12.1213 9.12131 2
      vertex -11.9032 9.31903 2
    endloop
  endfacet
  facet normal -0.671644 0.740874 0
    outer loop
      vertex -12.1213 9.12131 2
      vertex -11.9032 9.31903 -2
      vertex -12.1213 9.12131 -2
    endloop
  endfacet
  facet normal -0.740969 0.671539 0
    outer loop
      vertex -12.319 8.90317 -2
      vertex -12.1213 9.12131 2
      vertex -12.1213 9.12131 -2
    endloop
  endfacet
  facet normal -0.740969 0.671539 0
    outer loop
      vertex -12.1213 9.12131 2
      vertex -12.319 8.90317 -2
      vertex -12.319 8.90317 2
    endloop
  endfacet
  facet normal -0.998786 0.0492532 0
    outer loop
      vertex -13 7 -2
      vertex -12.9855 7.29404 2
      vertex -12.9855 7.29404 -2
    endloop
  endfacet
  facet normal -0.998786 0.0492532 0
    outer loop
      vertex -12.9855 7.29404 2
      vertex -13 7 -2
      vertex -13 7 2
    endloop
  endfacet
  facet normal 0.740969 -0.671539 0
    outer loop
      vertex 12.1213 -9.12131 2
      vertex 12.319 -8.90317 -2
      vertex 12.319 -8.90317 2
    endloop
  endfacet
  facet normal 0.740969 -0.671539 0
    outer loop
      vertex 12.319 -8.90317 -2
      vertex 12.1213 -9.12131 2
      vertex 12.1213 -9.12131 -2
    endloop
  endfacet
  facet normal 0.989226 -0.146398 0
    outer loop
      vertex 12.9424 -7.58527 2
      vertex 12.9855 -7.29404 -2
      vertex 12.9855 -7.29404 2
    endloop
  endfacet
  facet normal 0.989226 -0.146398 0
    outer loop
      vertex 12.9855 -7.29404 -2
      vertex 12.9424 -7.58527 2
      vertex 12.9424 -7.58527 -2
    endloop
  endfacet
  facet normal 0.998786 -0.0492532 0
    outer loop
      vertex 12.9855 -7.29404 2
      vertex 13 -7 -2
      vertex 13 -7 2
    endloop
  endfacet
  facet normal 0.998786 -0.0492532 0
    outer loop
      vertex 13 -7 -2
      vertex 12.9855 -7.29404 2
      vertex 12.9855 -7.29404 -2
    endloop
  endfacet
  facet normal 0.427518 0.904007 -0
    outer loop
      vertex 11.4142 9.64575 -2
      vertex 11.148 9.77164 2
      vertex 11.4142 9.64575 2
    endloop
  endfacet
  facet normal 0.427518 0.904007 0
    outer loop
      vertex 11.148 9.77164 2
      vertex 11.4142 9.64575 -2
      vertex 11.148 9.77164 -2
    endloop
  endfacet
  facet normal -0.243031 0.970018 0
    outer loop
      vertex -10.5853 9.94235 -2
      vertex -10.8708 9.87082 2
      vertex -10.5853 9.94235 2
    endloop
  endfacet
  facet normal -0.243031 0.970018 0
    outer loop
      vertex -10.8708 9.87082 2
      vertex -10.5853 9.94235 -2
      vertex -10.8708 9.87082 -2
    endloop
  endfacet
  facet normal -0.595633 0.803257 0
    outer loop
      vertex -11.6667 9.4944 -2
      vertex -11.9032 9.31903 2
      vertex -11.6667 9.4944 2
    endloop
  endfacet
  facet normal -0.595633 0.803257 0
    outer loop
      vertex -11.9032 9.31903 2
      vertex -11.6667 9.4944 -2
      vertex -11.9032 9.31903 -2
    endloop
  endfacet
  facet normal -0.969978 -0.243191 0
    outer loop
      vertex -12.8708 -7.87085 -2
      vertex -12.9424 -7.58527 2
      vertex -12.9424 -7.58527 -2
    endloop
  endfacet
  facet normal -0.969978 -0.243191 0
    outer loop
      vertex -12.9424 -7.58527 2
      vertex -12.8708 -7.87085 -2
      vertex -12.8708 -7.87085 2
    endloop
  endfacet
  facet normal -0.998786 -0.0492532 0
    outer loop
      vertex -12.9855 -7.29404 -2
      vertex -13 -7 2
      vertex -13 -7 -2
    endloop
  endfacet
  facet normal -0.998786 -0.0492532 0
    outer loop
      vertex -13 -7 2
      vertex -12.9855 -7.29404 -2
      vertex -12.9855 -7.29404 2
    endloop
  endfacet
  facet normal -0.989226 -0.146398 0
    outer loop
      vertex -12.9424 -7.58527 -2
      vertex -12.9855 -7.29404 2
      vertex -12.9855 -7.29404 -2
    endloop
  endfacet
  facet normal -0.989226 -0.146398 0
    outer loop
      vertex -12.9855 -7.29404 2
      vertex -12.9424 -7.58527 -2
      vertex -12.9424 -7.58527 2
    endloop
  endfacet
  facet normal -0.803172 0.595747 0
    outer loop
      vertex -12.4944 8.6667 -2
      vertex -12.319 8.90317 2
      vertex -12.319 8.90317 -2
    endloop
  endfacet
  facet normal -0.803172 0.595747 0
    outer loop
      vertex -12.319 8.90317 2
      vertex -12.4944 8.6667 -2
      vertex -12.4944 8.6667 2
    endloop
  endfacet
  facet normal -0.989226 0.146398 0
    outer loop
      vertex -12.9855 7.29404 -2
      vertex -12.9424 7.58527 2
      vertex -12.9424 7.58527 -2
    endloop
  endfacet
  facet normal -0.989226 0.146398 0
    outer loop
      vertex -12.9424 7.58527 2
      vertex -12.9855 7.29404 -2
      vertex -12.9855 7.29404 2
    endloop
  endfacet
  facet normal -0.904088 0.427347 0
    outer loop
      vertex -12.7716 8.14804 -2
      vertex -12.6458 8.41418 2
      vertex -12.6458 8.41418 -2
    endloop
  endfacet
  facet normal -0.904088 0.427347 0
    outer loop
      vertex -12.6458 8.41418 2
      vertex -12.7716 8.14804 -2
      vertex -12.7716 8.14804 2
    endloop
  endfacet
  facet normal -0.969978 0.243191 0
    outer loop
      vertex -12.9424 7.58527 -2
      vertex -12.8708 7.87085 2
      vertex -12.8708 7.87085 -2
    endloop
  endfacet
  facet normal -0.969978 0.243191 0
    outer loop
      vertex -12.8708 7.87085 2
      vertex -12.9424 7.58527 -2
      vertex -12.9424 7.58527 2
    endloop
  endfacet
  facet normal -0.941523 0.33695 0
    outer loop
      vertex -12.8708 7.87085 -2
      vertex -12.7716 8.14804 2
      vertex -12.7716 8.14804 -2
    endloop
  endfacet
  facet normal -0.941523 0.33695 0
    outer loop
      vertex -12.7716 8.14804 2
      vertex -12.8708 7.87085 -2
      vertex -12.8708 7.87085 2
    endloop
  endfacet
  facet normal 0 0 1
    outer loop
      vertex 10 10 2
      vertex 13 7 2
      vertex 12.9855 7.29404 2
    endloop
  endfacet
  facet normal 0 0 1
    outer loop
      vertex 13 7 2
      vertex 11.7 0 2
      vertex 13 -7 2
    endloop
  endfacet
  facet normal 0 0 1
    outer loop
      vertex 10 10 2
      vertex 12.9855 7.29404 2
      vertex 12.9424 7.58527 2
    endloop
  endfacet
  facet normal -0 0 1
    outer loop
      vertex 11.6918 -0.166629 2
      vertex 13 -7 2
      vertex 11.7 0 2
    endloop
  endfacet
  facet normal 0 0 1
    outer loop
      vertex 10 10 2
      vertex 12.9424 7.58527 2
      vertex 12.8708 7.87085 2
    endloop
  endfacet
  facet normal -0 0 1
    outer loop
      vertex 11.6673 -0.331653 2
      vertex 13 -7 2
      vertex 11.6918 -0.166629 2
    endloop
  endfacet
  facet normal 0 0 1
    outer loop
      vertex 10 10 2
      vertex 12.8708 7.87085 2
      vertex 12.7716 8.14804 2
    endloop
  endfacet
  facet normal -0 0 1
    outer loop
      vertex 11.6268 -0.493484 2
      vertex 13 -7 2
      vertex 11.6673 -0.331653 2
    endloop
  endfacet
  facet normal 0 0 1
    outer loop
      vertex 10 10 2
      vertex 12.7716 8.14804 2
      vertex 12.6458 8.41418 2
    endloop
  endfacet
  facet normal -0 0 1
    outer loop
      vertex 11.5706 -0.650561 2
      vertex 13 -7 2
      vertex 11.6268 -0.493484 2
    endloop
  endfacet
  facet normal 0 0 1
    outer loop
      vertex 10 10 2
      vertex 12.6458 8.41418 2
      vertex 12.4944 8.6667 2
    endloop
  endfacet
  facet normal -0 0 1
    outer loop
      vertex 11.4993 -0.801374 2
      vertex 13 -7 2
      vertex 11.5706 -0.650561 2
    endloop
  endfacet
  facet normal 0 0 1
    outer loop
      vertex 10 10 2
      vertex 12.4944 8.6667 2
      vertex 12.319 8.90317 2
    endloop
  endfacet
  facet normal -0 0 1
    outer loop
      vertex 11.4135 -0.944468 2
      vertex 13 -7 2
      vertex 11.4993 -0.801374 2
    endloop
  endfacet
  facet normal 0 0 1
    outer loop
      vertex 10 10 2
      vertex 12.319 8.90317 2
      vertex 12.1213 9.12131 2
    endloop
  endfacet
  facet normal -0 0 1
    outer loop
      vertex 11.3141 -1.07847 2
      vertex 13 -7 2
      vertex 11.4135 -0.944468 2
    endloop
  endfacet
  facet normal 0 0 1
    outer loop
      vertex 10 10 2
      vertex 12.1213 9.12131 2
      vertex 11.9032 9.31903 2
    endloop
  endfacet
  facet normal -0 0 1
    outer loop
      vertex 11.2021 -1.20208 2
      vertex 13 -7 2
      vertex 11.3141 -1.07847 2
    endloop
  endfacet
  facet normal -0 0 1
    outer loop
      vertex 11.0785 -1.31412 2
      vertex 13 -7 2
      vertex 11.2021 -1.20208 2
    endloop
  endfacet
  facet normal 0 0 1
    outer loop
      vertex 13 7 2
      vertex 11.6918 0.166629 2
      vertex 11.7 0 2
    endloop
  endfacet
  facet normal 0 0 1
    outer loop
      vertex 13 7 2
      vertex 11.6673 0.331653 2
      vertex 11.6918 0.166629 2
    endloop
  endfacet
  facet normal 0 0 1
    outer loop
      vertex 10 10 2
      vertex 11.9032 9.31903 2
      vertex 11.6667 9.4944 2
    endloop
  endfacet
  facet normal 0 0 1
    outer loop
      vertex 13 7 2
      vertex 11.6268 0.493484 2
      vertex 11.6673 0.331653 2
    endloop
  endfacet
  facet normal 0 0 1
    outer loop
      vertex 13 7 2
      vertex 11.5706 0.650561 2
      vertex 11.6268 0.493484 2
    endloop
  endfacet
  facet normal 0 0 1
    outer loop
      vertex 13 7 2
      vertex 11.4993 0.801374 2
      vertex 11.5706 0.650561 2
    endloop
  endfacet
  facet normal 0 0 1
    outer loop
      vertex 10 10 2
      vertex 11.6667 9.4944 2
      vertex 11.4142 9.64575 2
    endloop
  endfacet
  facet normal 0 0 1
    outer loop
      vertex 13 7 2
      vertex 11.4135 0.944468 2
      vertex 11.4993 0.801374 2
    endloop
  endfacet
  facet normal 0 0 1
    outer loop
      vertex 13 7 2
      vertex 11.3141 1.07847 2
      vertex 11.4135 0.944468 2
    endloop
  endfacet
  facet normal 0 0 1
    outer loop
      vertex 13 7 2
      vertex 11.2021 1.20208 2
      vertex 11.3141 1.07847 2
    endloop
  endfacet
  facet normal 0 0 1
    outer loop
      vertex 10 10 2
      vertex 11.4142 9.64575 2
      vertex 11.148 9.77164 2
    endloop
  endfacet
  facet normal 0 0 1
    outer loop
      vertex 13 7 2
      vertex 11.0785 1.31412 2
      vertex 11.2021 1.20208 2
    endloop
  endfacet
  facet normal 0 0 1
    outer loop
      vertex 13 7 2
      vertex 10.9445 1.4135 2
      vertex 11.0785 1.31412 2
    endloop
  endfacet
  facet normal 0 0 1
    outer loop
      vertex 10 10 2
      vertex 11.148 9.77164 2
      vertex 10.8708 9.87082 2
    endloop
  endfacet
  facet normal 0 0 1
    outer loop
      vertex 13 7 2
      vertex 10.8014 1.49927 2
      vertex 10.9445 1.4135 2
    endloop
  endfacet
  facet normal 0 0 1
    outer loop
      vertex 13 7 2
      vertex 10.6506 1.57059 2
      vertex 10.8014 1.49927 2
    endloop
  endfacet
  facet normal 0 0 1
    outer loop
      vertex 10 10 2
      vertex 10.8708 9.87082 2
      vertex 10.5853 9.94235 2
    endloop
  endfacet
  facet normal 0 0 1
    outer loop
      vertex 13 7 2
      vertex 10.4935 1.6268 2
      vertex 10.6506 1.57059 2
    endloop
  endfacet
  facet normal 0 0 1
    outer loop
      vertex 13 7 2
      vertex 10.3317 1.66733 2
      vertex 10.4935 1.6268 2
    endloop
  endfacet
  facet normal 0 0 1
    outer loop
      vertex 10 10 2
      vertex 10.5853 9.94235 2
      vertex 10.294 9.98555 2
    endloop
  endfacet
  facet normal 0 0 1
    outer loop
      vertex 13 7 2
      vertex 10.1666 1.69181 2
      vertex 10.3317 1.66733 2
    endloop
  endfacet
  facet normal 0 0 1
    outer loop
      vertex 13 7 2
      vertex 10 10 2
      vertex 9.66835 1.66733 2
    endloop
  endfacet
  facet normal 0 0 1
    outer loop
      vertex 13 7 2
      vertex 10 1.7 2
      vertex 10.1666 1.69181 2
    endloop
  endfacet
  facet normal 0 0 1
    outer loop
      vertex 13 7 2
      vertex 9.83337 1.69181 2
      vertex 10 1.7 2
    endloop
  endfacet
  facet normal 0 0 1
    outer loop
      vertex 13 7 2
      vertex 9.66835 1.66733 2
      vertex 9.83337 1.69181 2
    endloop
  endfacet
  facet normal 0 0 1
    outer loop
      vertex 10 10 2
      vertex 9.50652 1.6268 2
      vertex 9.66835 1.66733 2
    endloop
  endfacet
  facet normal 0 0 1
    outer loop
      vertex 10 10 2
      vertex 9.34944 1.57059 2
      vertex 9.50652 1.6268 2
    endloop
  endfacet
  facet normal 0 0 1
    outer loop
      vertex 10 10 2
      vertex 9.19862 1.49927 2
      vertex 9.34944 1.57059 2
    endloop
  endfacet
  facet normal 0 0 1
    outer loop
      vertex 10 10 2
      vertex 9.05553 1.4135 2
      vertex 9.19862 1.49927 2
    endloop
  endfacet
  facet normal 0 0 1
    outer loop
      vertex 3.06568 1.0583 2
      vertex 9.05553 1.4135 2
      vertex 10 10 2
    endloop
  endfacet
  facet normal 0 0 1
    outer loop
      vertex 9.05553 1.4135 2
      vertex 3.06568 1.0583 2
      vertex 8.92153 1.31412 2
    endloop
  endfacet
  facet normal 0 -0 1
    outer loop
      vertex 3.16668 0.997763 2
      vertex 8.92153 1.31412 2
      vertex 3.06568 1.0583 2
    endloop
  endfacet
  facet normal 0 0 1
    outer loop
      vertex 8.92153 1.31412 2
      vertex 3.16668 0.997763 2
      vertex 8.79792 1.20208 2
    endloop
  endfacet
  facet normal 0 -0 1
    outer loop
      vertex 3.26127 0.927612 2
      vertex 8.79792 1.20208 2
      vertex 3.16668 0.997763 2
    endloop
  endfacet
  facet normal 0 -0 1
    outer loop
      vertex 3.34853 0.848528 2
      vertex 8.68588 1.07847 2
      vertex 3.26127 0.927612 2
    endloop
  endfacet
  facet normal 0 -0 1
    outer loop
      vertex 3.42761 0.761271 2
      vertex 8.68588 1.07847 2
      vertex 3.34853 0.848528 2
    endloop
  endfacet
  facet normal 0 0 1
    outer loop
      vertex 8.68588 1.07847 2
      vertex 3.42761 0.761271 2
      vertex 8.5865 0.944468 2
    endloop
  endfacet
  facet normal -0 0 1
    outer loop
      vertex 3.69422 0.11762 2
      vertex 8.3 0 2
      vertex 8.30819 0.166629 2
    endloop
  endfacet
  facet normal -0 0 1
    outer loop
      vertex 3.67694 0.234108 2
      vertex 8.30819 0.166629 2
      vertex 8.33266 0.331653 2
    endloop
  endfacet
  facet normal 0 -0 1
    outer loop
      vertex 3.49776 0.666684 2
      vertex 8.5865 0.944468 2
      vertex 3.42761 0.761271 2
    endloop
  endfacet
  facet normal 0 0 1
    outer loop
      vertex 8.3 0 2
      vertex 3.69422 0.11762 2
      vertex 3.7 0 2
    endloop
  endfacet
  facet normal 0 0 1
    outer loop
      vertex 8.30819 0.166629 2
      vertex 3.67694 0.234108 2
      vertex 3.69422 0.11762 2
    endloop
  endfacet
  facet normal 0 0 1
    outer loop
      vertex 8.33266 0.331653 2
      vertex 3.64833 0.348341 2
      vertex 3.67694 0.234108 2
    endloop
  endfacet
  facet normal 0 0 1
    outer loop
      vertex 8.3732 0.493484 2
      vertex 3.64833 0.348341 2
      vertex 8.33266 0.331653 2
    endloop
  endfacet
  facet normal 0 -0 1
    outer loop
      vertex 3.64833 0.348341 2
      vertex 8.3732 0.493484 2
      vertex 3.60865 0.45922 2
    endloop
  endfacet
  facet normal 0 0 1
    outer loop
      vertex 8.4294 0.650561 2
      vertex 3.60865 0.45922 2
      vertex 8.3732 0.493484 2
    endloop
  endfacet
  facet normal 0 -0 1
    outer loop
      vertex 3.60865 0.45922 2
      vertex 8.4294 0.650561 2
      vertex 3.5583 0.565676 2
    endloop
  endfacet
  facet normal 0 0 1
    outer loop
      vertex 8.50073 0.801374 2
      vertex 3.5583 0.565676 2
      vertex 8.4294 0.650561 2
    endloop
  endfacet
  facet normal 0 -0 1
    outer loop
      vertex 3.5583 0.565676 2
      vertex 8.50073 0.801374 2
      vertex 3.49776 0.666684 2
    endloop
  endfacet
  facet normal 0 0 1
    outer loop
      vertex 8.5865 0.944468 2
      vertex 3.49776 0.666684 2
      vertex 8.50073 0.801374 2
    endloop
  endfacet
  facet normal 0 0 1
    outer loop
      vertex 8.79792 1.20208 2
      vertex 3.26127 0.927612 2
      vertex 8.68588 1.07847 2
    endloop
  endfacet
  facet normal 0 0 1
    outer loop
      vertex 10 10 2
      vertex 2.95922 1.10865 2
      vertex 3.06568 1.0583 2
    endloop
  endfacet
  facet normal 0 0 1
    outer loop
      vertex 10 10 2
      vertex 2.84834 1.14833 2
      vertex 2.95922 1.10865 2
    endloop
  endfacet
  facet normal 0 0 1
    outer loop
      vertex 10 10 2
      vertex 2.73411 1.17694 2
      vertex 2.84834 1.14833 2
    endloop
  endfacet
  facet normal 0 0 1
    outer loop
      vertex 10 10 2
      vertex 2.61762 1.19422 2
      vertex 2.73411 1.17694 2
    endloop
  endfacet
  facet normal 0 0 1
    outer loop
      vertex 10 10 2
      vertex 2.5 1.2 2
      vertex 2.61762 1.19422 2
    endloop
  endfacet
  facet normal 0 0 1
    outer loop
      vertex 10 10 2
      vertex 2.38238 1.19422 2
      vertex 2.5 1.2 2
    endloop
  endfacet
  facet normal 0 0 1
    outer loop
      vertex 10 10 2
      vertex 2.26589 1.17694 2
      vertex 2.38238 1.19422 2
    endloop
  endfacet
  facet normal 0 0 1
    outer loop
      vertex -2.26589 1.17694 2
      vertex 2.26589 1.17694 2
      vertex 10 10 2
    endloop
  endfacet
  facet normal 0 0 1
    outer loop
      vertex 2.26589 1.17694 2
      vertex -2.26589 1.17694 2
      vertex 2.15166 1.14833 2
    endloop
  endfacet
  facet normal 0 -0 1
    outer loop
      vertex -2.15166 1.14833 2
      vertex 2.15166 1.14833 2
      vertex -2.26589 1.17694 2
    endloop
  endfacet
  facet normal 0 0 1
    outer loop
      vertex 2.15166 1.14833 2
      vertex -2.15166 1.14833 2
      vertex 2.04078 1.10865 2
    endloop
  endfacet
  facet normal 0 0 1
    outer loop
      vertex 2.04078 1.10865 2
      vertex -2.04078 1.10865 2
      vertex 1.93432 1.0583 2
    endloop
  endfacet
  facet normal 0 -0 1
    outer loop
      vertex -1.93432 1.0583 2
      vertex 1.93432 1.0583 2
      vertex -2.04078 1.10865 2
    endloop
  endfacet
  facet normal 0 0 1
    outer loop
      vertex 1.30578 0.11762 2
      vertex -1.3 0 2
      vertex 1.3 0 2
    endloop
  endfacet
  facet normal 0 0 1
    outer loop
      vertex -1.30578 0.11762 2
      vertex 1.30578 0.11762 2
      vertex 1.32306 0.234108 2
    endloop
  endfacet
  facet normal 0 0 1
    outer loop
      vertex -1.32306 0.234108 2
      vertex 1.32306 0.234108 2
      vertex 1.35167 0.348341 2
    endloop
  endfacet
  facet normal 0 0 1
    outer loop
      vertex -1.35167 0.348341 2
      vertex 1.35167 0.348341 2
      vertex 1.39134 0.45922 2
    endloop
  endfacet
  facet normal 0 0 1
    outer loop
      vertex -1.39134 0.45922 2
      vertex 1.39134 0.45922 2
      vertex 1.44169 0.565676 2
    endloop
  endfacet
  facet normal 0 0 1
    outer loop
      vertex -1.44169 0.565676 2
      vertex 1.44169 0.565676 2
      vertex 1.50224 0.666684 2
    endloop
  endfacet
  facet normal 0 0 1
    outer loop
      vertex -1.50224 0.666684 2
      vertex 1.50224 0.666684 2
      vertex 1.57239 0.761271 2
    endloop
  endfacet
  facet normal 0 0 1
    outer loop
      vertex -1.57239 0.761271 2
      vertex 1.57239 0.761271 2
      vertex 1.65147 0.848528 2
    endloop
  endfacet
  facet normal 0 0 1
    outer loop
      vertex 1.93432 1.0583 2
      vertex -1.93432 1.0583 2
      vertex 1.83331 0.997763 2
    endloop
  endfacet
  facet normal 0 0 1
    outer loop
      vertex 1.30578 0.11762 2
      vertex -1.30578 0.11762 2
      vertex -1.3 0 2
    endloop
  endfacet
  facet normal 0 0 1
    outer loop
      vertex 1.32306 0.234108 2
      vertex -1.32306 0.234108 2
      vertex -1.30578 0.11762 2
    endloop
  endfacet
  facet normal 0 0 1
    outer loop
      vertex 1.35167 0.348341 2
      vertex -1.35167 0.348341 2
      vertex -1.32306 0.234108 2
    endloop
  endfacet
  facet normal 0 0 1
    outer loop
      vertex 1.39134 0.45922 2
      vertex -1.39134 0.45922 2
      vertex -1.35167 0.348341 2
    endloop
  endfacet
  facet normal 0 0 1
    outer loop
      vertex 1.44169 0.565676 2
      vertex -1.44169 0.565676 2
      vertex -1.39134 0.45922 2
    endloop
  endfacet
  facet normal 0 0 1
    outer loop
      vertex 1.50224 0.666684 2
      vertex -1.50224 0.666684 2
      vertex -1.44169 0.565676 2
    endloop
  endfacet
  facet normal 0 0 1
    outer loop
      vertex 1.57239 0.761271 2
      vertex -1.57239 0.761271 2
      vertex -1.50224 0.666684 2
    endloop
  endfacet
  facet normal 0 0 1
    outer loop
      vertex 1.65147 0.848528 2
      vertex -1.65147 0.848528 2
      vertex -1.57239 0.761271 2
    endloop
  endfacet
  facet normal 0 0 1
    outer loop
      vertex 1.65147 0.848528 2
      vertex -1.73873 0.927612 2
      vertex -1.65147 0.848528 2
    endloop
  endfacet
  facet normal 0 0 1
    outer loop
      vertex 1.73873 0.927612 2
      vertex -1.73873 0.927612 2
      vertex 1.65147 0.848528 2
    endloop
  endfacet
  facet normal 0 -0 1
    outer loop
      vertex -1.73873 0.927612 2
      vertex 1.73873 0.927612 2
      vertex -1.83331 0.997763 2
    endloop
  endfacet
  facet normal 0 0 1
    outer loop
      vertex 1.83331 0.997763 2
      vertex -1.83331 0.997763 2
      vertex 1.73873 0.927612 2
    endloop
  endfacet
  facet normal 0 -0 1
    outer loop
      vertex -1.83331 0.997763 2
      vertex 1.83331 0.997763 2
      vertex -1.93432 1.0583 2
    endloop
  endfacet
  facet normal 0 -0 1
    outer loop
      vertex -2.04078 1.10865 2
      vertex 2.04078 1.10865 2
      vertex -2.15166 1.14833 2
    endloop
  endfacet
  facet normal -0 0 1
    outer loop
      vertex -10 10 2
      vertex -2.26589 1.17694 2
      vertex 10 10 2
    endloop
  endfacet
  facet normal 0 0 1
    outer loop
      vertex -2.26589 1.17694 2
      vertex -10 10 2
      vertex -2.38238 1.19422 2
    endloop
  endfacet
  facet normal 0 0 1
    outer loop
      vertex -2.38238 1.19422 2
      vertex -10 10 2
      vertex -2.5 1.2 2
    endloop
  endfacet
  facet normal 0 0 1
    outer loop
      vertex -2.5 1.2 2
      vertex -10 10 2
      vertex -2.61762 1.19422 2
    endloop
  endfacet
  facet normal 0 0 1
    outer loop
      vertex -2.61762 1.19422 2
      vertex -10 10 2
      vertex -2.73411 1.17694 2
    endloop
  endfacet
  facet normal 0 0 1
    outer loop
      vertex -2.73411 1.17694 2
      vertex -10 10 2
      vertex -2.84834 1.14833 2
    endloop
  endfacet
  facet normal 0 0 1
    outer loop
      vertex -2.84834 1.14833 2
      vertex -10 10 2
      vertex -2.95922 1.10865 2
    endloop
  endfacet
  facet normal 0 0 1
    outer loop
      vertex -2.95922 1.10865 2
      vertex -10 10 2
      vertex -3.06568 1.0583 2
    endloop
  endfacet
  facet normal 0 0 1
    outer loop
      vertex -3.69422 0.11762 2
      vertex -8.3 0 2
      vertex -3.7 0 2
    endloop
  endfacet
  facet normal -0 0 1
    outer loop
      vertex -8.30819 0.166629 2
      vertex -3.69422 0.11762 2
      vertex -3.67694 0.234108 2
    endloop
  endfacet
  facet normal -0 0 1
    outer loop
      vertex -8.33266 0.331653 2
      vertex -3.67694 0.234108 2
      vertex -3.64833 0.348341 2
    endloop
  endfacet
  facet normal 0 0 1
    outer loop
      vertex -8.3732 0.493484 2
      vertex -3.64833 0.348341 2
      vertex -3.60865 0.45922 2
    endloop
  endfacet
  facet normal 0 0 1
    outer loop
      vertex -8.4294 0.650561 2
      vertex -3.60865 0.45922 2
      vertex -3.5583 0.565676 2
    endloop
  endfacet
  facet normal 0 0 1
    outer loop
      vertex -8.50073 0.801374 2
      vertex -3.5583 0.565676 2
      vertex -3.49776 0.666684 2
    endloop
  endfacet
  facet normal 0 0 1
    outer loop
      vertex -8.5865 0.944468 2
      vertex -3.49776 0.666684 2
      vertex -3.42761 0.761271 2
    endloop
  endfacet
  facet normal 0 0 1
    outer loop
      vertex -8.68588 1.07847 2
      vertex -3.42761 0.761271 2
      vertex -3.34853 0.848528 2
    endloop
  endfacet
  facet normal 0 0 1
    outer loop
      vertex -8.68588 1.07847 2
      vertex -3.34853 0.848528 2
      vertex -3.26127 0.927612 2
    endloop
  endfacet
  facet normal 0 0 1
    outer loop
      vertex -8.79792 1.20208 2
      vertex -3.26127 0.927612 2
      vertex -3.16668 0.997763 2
    endloop
  endfacet
  facet normal -0 -0 1
    outer loop
      vertex -9.05553 1.4135 2
      vertex -3.06568 1.0583 2
      vertex -10 10 2
    endloop
  endfacet
  facet normal 0 0 1
    outer loop
      vertex -3.69422 0.11762 2
      vertex -8.30819 0.166629 2
      vertex -8.3 0 2
    endloop
  endfacet
  facet normal 0 0 1
    outer loop
      vertex -3.67694 0.234108 2
      vertex -8.33266 0.331653 2
      vertex -8.30819 0.166629 2
    endloop
  endfacet
  facet normal 0 0 1
    outer loop
      vertex -3.64833 0.348341 2
      vertex -8.3732 0.493484 2
      vertex -8.33266 0.331653 2
    endloop
  endfacet
  facet normal 0 0 1
    outer loop
      vertex -3.60865 0.45922 2
      vertex -8.4294 0.650561 2
      vertex -8.3732 0.493484 2
    endloop
  endfacet
  facet normal 0 0 1
    outer loop
      vertex -3.5583 0.565676 2
      vertex -8.50073 0.801374 2
      vertex -8.4294 0.650561 2
    endloop
  endfacet
  facet normal 0 0 1
    outer loop
      vertex -3.49776 0.666684 2
      vertex -8.5865 0.944468 2
      vertex -8.50073 0.801374 2
    endloop
  endfacet
  facet normal -0 -0 1
    outer loop
      vertex -8.92153 1.31412 2
      vertex -3.06568 1.0583 2
      vertex -9.05553 1.4135 2
    endloop
  endfacet
  facet normal 0 0 1
    outer loop
      vertex -3.42761 0.761271 2
      vertex -8.68588 1.07847 2
      vertex -8.5865 0.944468 2
    endloop
  endfacet
  facet normal 0 0 1
    outer loop
      vertex -3.26127 0.927612 2
      vertex -8.79792 1.20208 2
      vertex -8.68588 1.07847 2
    endloop
  endfacet
  facet normal 0 0 1
    outer loop
      vertex -3.16668 0.997763 2
      vertex -8.92153 1.31412 2
      vertex -8.79792 1.20208 2
    endloop
  endfacet
  facet normal 0 0 1
    outer loop
      vertex -3.06568 1.0583 2
      vertex -8.92153 1.31412 2
      vertex -3.16668 0.997763 2
    endloop
  endfacet
  facet normal 0 0 1
    outer loop
      vertex -9.05553 1.4135 2
      vertex -10 10 2
      vertex -9.19862 1.49927 2
    endloop
  endfacet
  facet normal 0 0 1
    outer loop
      vertex -9.19862 1.49927 2
      vertex -10 10 2
      vertex -9.34944 1.57059 2
    endloop
  endfacet
  facet normal 0 0 1
    outer loop
      vertex -9.34944 1.57059 2
      vertex -10 10 2
      vertex -9.50652 1.6268 2
    endloop
  endfacet
  facet normal 0 0 1
    outer loop
      vertex -9.50652 1.6268 2
      vertex -10 10 2
      vertex -9.66835 1.66733 2
    endloop
  endfacet
  facet normal -0 0 1
    outer loop
      vertex -13 7 2
      vertex -9.66835 1.66733 2
      vertex -10 10 2
    endloop
  endfacet
  facet normal 0 0 1
    outer loop
      vertex -9.66835 1.66733 2
      vertex -13 7 2
      vertex -9.83337 1.69181 2
    endloop
  endfacet
  facet normal 0 0 1
    outer loop
      vertex -9.83337 1.69181 2
      vertex -13 7 2
      vertex -10 1.7 2
    endloop
  endfacet
  facet normal 0 0 1
    outer loop
      vertex -13 7 2
      vertex -10 10 2
      vertex -10.294 9.98555 2
    endloop
  endfacet
  facet normal 0 0 1
    outer loop
      vertex -10 1.7 2
      vertex -13 7 2
      vertex -10.1666 1.69181 2
    endloop
  endfacet
  facet normal 0 0 1
    outer loop
      vertex -10.1666 1.69181 2
      vertex -13 7 2
      vertex -10.3317 1.66733 2
    endloop
  endfacet
  facet normal 0 0 1
    outer loop
      vertex -13 7 2
      vertex -10.294 9.98555 2
      vertex -10.5853 9.94235 2
    endloop
  endfacet
  facet normal 0 0 1
    outer loop
      vertex -10.3317 1.66733 2
      vertex -13 7 2
      vertex -10.4935 1.6268 2
    endloop
  endfacet
  facet normal 0 0 1
    outer loop
      vertex -10.4935 1.6268 2
      vertex -13 7 2
      vertex -10.6506 1.57059 2
    endloop
  endfacet
  facet normal 0 0 1
    outer loop
      vertex -13 7 2
      vertex -10.5853 9.94235 2
      vertex -10.8708 9.87082 2
    endloop
  endfacet
  facet normal 0 0 1
    outer loop
      vertex -10.6506 1.57059 2
      vertex -13 7 2
      vertex -10.8014 1.49927 2
    endloop
  endfacet
  facet normal 0 0 1
    outer loop
      vertex -10.8014 1.49927 2
      vertex -13 7 2
      vertex -10.9445 1.4135 2
    endloop
  endfacet
  facet normal 0 0 1
    outer loop
      vertex -13 7 2
      vertex -10.8708 9.87082 2
      vertex -11.148 9.77164 2
    endloop
  endfacet
  facet normal 0 0 1
    outer loop
      vertex -10.9445 1.4135 2
      vertex -13 7 2
      vertex -11.0785 1.31412 2
    endloop
  endfacet
  facet normal 0 0 1
    outer loop
      vertex -11.0785 1.31412 2
      vertex -13 7 2
      vertex -11.2021 1.20208 2
    endloop
  endfacet
  facet normal 0 0 1
    outer loop
      vertex -11.2021 1.20208 2
      vertex -13 7 2
      vertex -11.3141 1.07847 2
    endloop
  endfacet
  facet normal 0 0 1
    outer loop
      vertex -13 7 2
      vertex -11.148 9.77164 2
      vertex -11.4142 9.64575 2
    endloop
  endfacet
  facet normal 0 0 1
    outer loop
      vertex -11.3141 1.07847 2
      vertex -13 7 2
      vertex -11.4135 0.944468 2
    endloop
  endfacet
  facet normal 0 0 1
    outer loop
      vertex -11.4135 0.944468 2
      vertex -13 7 2
      vertex -11.4993 0.801374 2
    endloop
  endfacet
  facet normal 0 0 1
    outer loop
      vertex -11.4993 0.801374 2
      vertex -13 7 2
      vertex -11.5706 0.650561 2
    endloop
  endfacet
  facet normal 0 0 1
    outer loop
      vertex -13 7 2
      vertex -11.4142 9.64575 2
      vertex -11.6667 9.4944 2
    endloop
  endfacet
  facet normal 0 0 1
    outer loop
      vertex -11.5706 0.650561 2
      vertex -13 7 2
      vertex -11.6268 0.493484 2
    endloop
  endfacet
  facet normal 0 0 1
    outer loop
      vertex -11.6268 0.493484 2
      vertex -13 7 2
      vertex -11.6673 0.331653 2
    endloop
  endfacet
  facet normal 0 0 1
    outer loop
      vertex -11.6673 0.331653 2
      vertex -13 7 2
      vertex -11.6918 0.166629 2
    endloop
  endfacet
  facet normal 0 0 1
    outer loop
      vertex -13 7 2
      vertex -11.6667 9.4944 2
      vertex -11.9032 9.31903 2
    endloop
  endfacet
  facet normal -0 0 1
    outer loop
      vertex 10.9445 -1.4135 2
      vertex 13 -7 2
      vertex 11.0785 -1.31412 2
    endloop
  endfacet
  facet normal -0 0 1
    outer loop
      vertex 10.8014 -1.49927 2
      vertex 13 -7 2
      vertex 10.9445 -1.4135 2
    endloop
  endfacet
  facet normal -0 0 1
    outer loop
      vertex 10.6506 -1.57059 2
      vertex 13 -7 2
      vertex 10.8014 -1.49927 2
    endloop
  endfacet
  facet normal -0 0 1
    outer loop
      vertex 10.4935 -1.6268 2
      vertex 13 -7 2
      vertex 10.6506 -1.57059 2
    endloop
  endfacet
  facet normal -0 0 1
    outer loop
      vertex 10.3317 -1.66733 2
      vertex 13 -7 2
      vertex 10.4935 -1.6268 2
    endloop
  endfacet
  facet normal -0 0 1
    outer loop
      vertex 10.1666 -1.69181 2
      vertex 13 -7 2
      vertex 10.3317 -1.66733 2
    endloop
  endfacet
  facet normal -0 0 1
    outer loop
      vertex 10 -1.7 2
      vertex 13 -7 2
      vertex 10.1666 -1.69181 2
    endloop
  endfacet
  facet normal 0 0 1
    outer loop
      vertex 9.83337 -1.69181 2
      vertex 13 -7 2
      vertex 10 -1.7 2
    endloop
  endfacet
  facet normal 0 0 1
    outer loop
      vertex 9.66835 -1.66733 2
      vertex 13 -7 2
      vertex 9.83337 -1.69181 2
    endloop
  endfacet
  facet normal 0 -0 1
    outer loop
      vertex 10 -10 2
      vertex 13 -7 2
      vertex 9.66835 -1.66733 2
    endloop
  endfacet
  facet normal 0 0 1
    outer loop
      vertex 13 -7 2
      vertex 10 -10 2
      vertex 12.9855 -7.29404 2
    endloop
  endfacet
  facet normal 0 0 1
    outer loop
      vertex 12.9424 -7.58527 2
      vertex 10 -10 2
      vertex 12.8708 -7.87085 2
    endloop
  endfacet
  facet normal 0 0 1
    outer loop
      vertex 12.8708 -7.87085 2
      vertex 10 -10 2
      vertex 12.7716 -8.14804 2
    endloop
  endfacet
  facet normal 0 0 1
    outer loop
      vertex 12.7716 -8.14804 2
      vertex 10 -10 2
      vertex 12.6458 -8.41418 2
    endloop
  endfacet
  facet normal 0 0 1
    outer loop
      vertex 12.6458 -8.41418 2
      vertex 10 -10 2
      vertex 12.4944 -8.6667 2
    endloop
  endfacet
  facet normal 0 0 1
    outer loop
      vertex 12.4944 -8.6667 2
      vertex 10 -10 2
      vertex 12.319 -8.90317 2
    endloop
  endfacet
  facet normal 0 0 1
    outer loop
      vertex 12.319 -8.90317 2
      vertex 10 -10 2
      vertex 12.1213 -9.12131 2
    endloop
  endfacet
  facet normal 0 0 1
    outer loop
      vertex 12.1213 -9.12131 2
      vertex 10 -10 2
      vertex 11.9032 -9.31903 2
    endloop
  endfacet
  facet normal 0 0 1
    outer loop
      vertex 11.6667 -9.4944 2
      vertex 10 -10 2
      vertex 11.4142 -9.64575 2
    endloop
  endfacet
  facet normal 0 0 1
    outer loop
      vertex 11.4142 -9.64575 2
      vertex 10 -10 2
      vertex 11.148 -9.77164 2
    endloop
  endfacet
  facet normal 0 0 1
    outer loop
      vertex 11.148 -9.77164 2
      vertex 10 -10 2
      vertex 10.8708 -9.87082 2
    endloop
  endfacet
  facet normal 0 0 1
    outer loop
      vertex 10.8708 -9.87082 2
      vertex 10 -10 2
      vertex 10.5853 -9.94235 2
    endloop
  endfacet
  facet normal 0 0 1
    outer loop
      vertex 10.5853 -9.94235 2
      vertex 10 -10 2
      vertex 10.294 -9.98555 2
    endloop
  endfacet
  facet normal 0 0 1
    outer loop
      vertex 11.9032 -9.31903 2
      vertex 10 -10 2
      vertex 11.6667 -9.4944 2
    endloop
  endfacet
  facet normal 0 0 1
    outer loop
      vertex 12.9855 -7.29404 2
      vertex 10 -10 2
      vertex 12.9424 -7.58527 2
    endloop
  endfacet
  facet normal 0 0 1
    outer loop
      vertex 9.50652 -1.6268 2
      vertex 10 -10 2
      vertex 9.66835 -1.66733 2
    endloop
  endfacet
  facet normal 0 0 1
    outer loop
      vertex 9.34944 -1.57059 2
      vertex 10 -10 2
      vertex 9.50652 -1.6268 2
    endloop
  endfacet
  facet normal 0 0 1
    outer loop
      vertex 9.19862 -1.49927 2
      vertex 10 -10 2
      vertex 9.34944 -1.57059 2
    endloop
  endfacet
  facet normal 0 0 1
    outer loop
      vertex 9.05553 -1.4135 2
      vertex 10 -10 2
      vertex 9.19862 -1.49927 2
    endloop
  endfacet
  facet normal 0 0 1
    outer loop
      vertex 3.06568 -1.0583 2
      vertex 9.05553 -1.4135 2
      vertex 8.92153 -1.31412 2
    endloop
  endfacet
  facet normal 0 0 1
    outer loop
      vertex 3.16668 -0.997763 2
      vertex 8.92153 -1.31412 2
      vertex 8.79792 -1.20208 2
    endloop
  endfacet
  facet normal 0 0 1
    outer loop
      vertex 3.26127 -0.927612 2
      vertex 8.79792 -1.20208 2
      vertex 8.68588 -1.07847 2
    endloop
  endfacet
  facet normal 0 0 1
    outer loop
      vertex 3.42761 -0.761271 2
      vertex 8.68588 -1.07847 2
      vertex 8.5865 -0.944468 2
    endloop
  endfacet
  facet normal 0 0 1
    outer loop
      vertex 3.49776 -0.666684 2
      vertex 8.5865 -0.944468 2
      vertex 8.50073 -0.801374 2
    endloop
  endfacet
  facet normal 0 0 1
    outer loop
      vertex 3.5583 -0.565676 2
      vertex 8.50073 -0.801374 2
      vertex 8.4294 -0.650561 2
    endloop
  endfacet
  facet normal 0 0 1
    outer loop
      vertex 3.60865 -0.45922 2
      vertex 8.4294 -0.650561 2
      vertex 8.3732 -0.493484 2
    endloop
  endfacet
  facet normal -0 0 1
    outer loop
      vertex 3.64833 -0.348341 2
      vertex 8.3732 -0.493484 2
      vertex 8.33266 -0.331653 2
    endloop
  endfacet
  facet normal 0 0 1
    outer loop
      vertex 3.69422 -0.11762 2
      vertex 8.3 0 2
      vertex 3.7 0 2
    endloop
  endfacet
  facet normal 0 0 1
    outer loop
      vertex 8.3 0 2
      vertex 3.69422 -0.11762 2
      vertex 8.30819 -0.166629 2
    endloop
  endfacet
  facet normal 0 0 1
    outer loop
      vertex 3.67694 -0.234108 2
      vertex 8.30819 -0.166629 2
      vertex 3.69422 -0.11762 2
    endloop
  endfacet
  facet normal 0 0 1
    outer loop
      vertex 8.30819 -0.166629 2
      vertex 3.67694 -0.234108 2
      vertex 8.33266 -0.331653 2
    endloop
  endfacet
  facet normal 0 0 1
    outer loop
      vertex 3.64833 -0.348341 2
      vertex 8.33266 -0.331653 2
      vertex 3.67694 -0.234108 2
    endloop
  endfacet
  facet normal 0 0 1
    outer loop
      vertex 8.3732 -0.493484 2
      vertex 3.64833 -0.348341 2
      vertex 3.60865 -0.45922 2
    endloop
  endfacet
  facet normal 0 0 1
    outer loop
      vertex 8.4294 -0.650561 2
      vertex 3.60865 -0.45922 2
      vertex 3.5583 -0.565676 2
    endloop
  endfacet
  facet normal 0 0 1
    outer loop
      vertex 8.50073 -0.801374 2
      vertex 3.5583 -0.565676 2
      vertex 3.49776 -0.666684 2
    endloop
  endfacet
  facet normal 0 0 1
    outer loop
      vertex 8.5865 -0.944468 2
      vertex 3.49776 -0.666684 2
      vertex 3.42761 -0.761271 2
    endloop
  endfacet
  facet normal 0 0 1
    outer loop
      vertex 8.68588 -1.07847 2
      vertex 3.42761 -0.761271 2
      vertex 3.34853 -0.848528 2
    endloop
  endfacet
  facet normal 0 0 1
    outer loop
      vertex 8.68588 -1.07847 2
      vertex 3.34853 -0.848528 2
      vertex 3.26127 -0.927612 2
    endloop
  endfacet
  facet normal 0 0 1
    outer loop
      vertex 8.79792 -1.20208 2
      vertex 3.26127 -0.927612 2
      vertex 3.16668 -0.997763 2
    endloop
  endfacet
  facet normal 0 0 1
    outer loop
      vertex 8.92153 -1.31412 2
      vertex 3.16668 -0.997763 2
      vertex 3.06568 -1.0583 2
    endloop
  endfacet
  facet normal 0 0 1
    outer loop
      vertex 9.05553 -1.4135 2
      vertex 3.06568 -1.0583 2
      vertex 10 -10 2
    endloop
  endfacet
  facet normal -0 0 1
    outer loop
      vertex 2.95922 -1.10865 2
      vertex 10 -10 2
      vertex 3.06568 -1.0583 2
    endloop
  endfacet
  facet normal -0 0 1
    outer loop
      vertex 2.84834 -1.14833 2
      vertex 10 -10 2
      vertex 2.95922 -1.10865 2
    endloop
  endfacet
  facet normal -0 0 1
    outer loop
      vertex 2.73411 -1.17694 2
      vertex 10 -10 2
      vertex 2.84834 -1.14833 2
    endloop
  endfacet
  facet normal -0 0 1
    outer loop
      vertex 2.61762 -1.19422 2
      vertex 10 -10 2
      vertex 2.73411 -1.17694 2
    endloop
  endfacet
  facet normal -0 0 1
    outer loop
      vertex 2.5 -1.2 2
      vertex 10 -10 2
      vertex 2.61762 -1.19422 2
    endloop
  endfacet
  facet normal 0 0 1
    outer loop
      vertex 2.38238 -1.19422 2
      vertex 10 -10 2
      vertex 2.5 -1.2 2
    endloop
  endfacet
  facet normal 0 0 1
    outer loop
      vertex 2.26589 -1.17694 2
      vertex 10 -10 2
      vertex 2.38238 -1.19422 2
    endloop
  endfacet
  facet normal 0 0 1
    outer loop
      vertex -2.26589 -1.17694 2
      vertex 2.26589 -1.17694 2
      vertex 2.15166 -1.14833 2
    endloop
  endfacet
  facet normal 0 0 1
    outer loop
      vertex -2.15166 -1.14833 2
      vertex 2.15166 -1.14833 2
      vertex 2.04078 -1.10865 2
    endloop
  endfacet
  facet normal 0 0 1
    outer loop
      vertex -2.04078 -1.10865 2
      vertex 2.04078 -1.10865 2
      vertex 1.93432 -1.0583 2
    endloop
  endfacet
  facet normal 0 0 1
    outer loop
      vertex -1.93432 -1.0583 2
      vertex 1.93432 -1.0583 2
      vertex 1.83331 -0.997763 2
    endloop
  endfacet
  facet normal 0 0 1
    outer loop
      vertex -1.83331 -0.997763 2
      vertex 1.83331 -0.997763 2
      vertex 1.73873 -0.927612 2
    endloop
  endfacet
  facet normal 0 0 1
    outer loop
      vertex -1.73873 -0.927612 2
      vertex 1.73873 -0.927612 2
      vertex 1.65147 -0.848528 2
    endloop
  endfacet
  facet normal -0 0 1
    outer loop
      vertex -1.3 0 2
      vertex 1.30578 -0.11762 2
      vertex 1.3 0 2
    endloop
  endfacet
  facet normal 0 0 1
    outer loop
      vertex -1.30578 -0.11762 2
      vertex 1.30578 -0.11762 2
      vertex -1.3 0 2
    endloop
  endfacet
  facet normal 0 0 1
    outer loop
      vertex 1.30578 -0.11762 2
      vertex -1.30578 -0.11762 2
      vertex 1.32306 -0.234108 2
    endloop
  endfacet
  facet normal 0 0 1
    outer loop
      vertex -1.32306 -0.234108 2
      vertex 1.32306 -0.234108 2
      vertex -1.30578 -0.11762 2
    endloop
  endfacet
  facet normal 0 0 1
    outer loop
      vertex 1.32306 -0.234108 2
      vertex -1.32306 -0.234108 2
      vertex 1.35167 -0.348341 2
    endloop
  endfacet
  facet normal 0 0 1
    outer loop
      vertex -1.35167 -0.348341 2
      vertex 1.35167 -0.348341 2
      vertex -1.32306 -0.234108 2
    endloop
  endfacet
  facet normal 0 0 1
    outer loop
      vertex 1.35167 -0.348341 2
      vertex -1.35167 -0.348341 2
      vertex 1.39134 -0.45922 2
    endloop
  endfacet
  facet normal 0 0 1
    outer loop
      vertex -1.39134 -0.45922 2
      vertex 1.39134 -0.45922 2
      vertex -1.35167 -0.348341 2
    endloop
  endfacet
  facet normal 0 0 1
    outer loop
      vertex 1.39134 -0.45922 2
      vertex -1.39134 -0.45922 2
      vertex 1.44169 -0.565676 2
    endloop
  endfacet
  facet normal 0 0 1
    outer loop
      vertex -1.44169 -0.565676 2
      vertex 1.44169 -0.565676 2
      vertex -1.39134 -0.45922 2
    endloop
  endfacet
  facet normal 0 0 1
    outer loop
      vertex 1.44169 -0.565676 2
      vertex -1.44169 -0.565676 2
      vertex 1.50224 -0.666684 2
    endloop
  endfacet
  facet normal 0 0 1
    outer loop
      vertex -1.50224 -0.666684 2
      vertex 1.50224 -0.666684 2
      vertex -1.44169 -0.565676 2
    endloop
  endfacet
  facet normal 0 0 1
    outer loop
      vertex 1.50224 -0.666684 2
      vertex -1.50224 -0.666684 2
      vertex 1.57239 -0.761271 2
    endloop
  endfacet
  facet normal 0 0 1
    outer loop
      vertex -1.57239 -0.761271 2
      vertex 1.57239 -0.761271 2
      vertex -1.50224 -0.666684 2
    endloop
  endfacet
  facet normal 0 0 1
    outer loop
      vertex 1.57239 -0.761271 2
      vertex -1.57239 -0.761271 2
      vertex 1.65147 -0.848528 2
    endloop
  endfacet
  facet normal 0 0 1
    outer loop
      vertex -1.65147 -0.848528 2
      vertex 1.65147 -0.848528 2
      vertex -1.57239 -0.761271 2
    endloop
  endfacet
  facet normal 0 0 1
    outer loop
      vertex -1.73873 -0.927612 2
      vertex 1.65147 -0.848528 2
      vertex -1.65147 -0.848528 2
    endloop
  endfacet
  facet normal 0 0 1
    outer loop
      vertex 1.73873 -0.927612 2
      vertex -1.73873 -0.927612 2
      vertex -1.83331 -0.997763 2
    endloop
  endfacet
  facet normal 0 0 1
    outer loop
      vertex 1.83331 -0.997763 2
      vertex -1.83331 -0.997763 2
      vertex -1.93432 -1.0583 2
    endloop
  endfacet
  facet normal 0 0 1
    outer loop
      vertex 1.93432 -1.0583 2
      vertex -1.93432 -1.0583 2
      vertex -2.04078 -1.10865 2
    endloop
  endfacet
  facet normal 0 0 1
    outer loop
      vertex 2.04078 -1.10865 2
      vertex -2.04078 -1.10865 2
      vertex -2.15166 -1.14833 2
    endloop
  endfacet
  facet normal 0 0 1
    outer loop
      vertex 2.15166 -1.14833 2
      vertex -2.15166 -1.14833 2
      vertex -2.26589 -1.17694 2
    endloop
  endfacet
  facet normal 0 0 1
    outer loop
      vertex 2.26589 -1.17694 2
      vertex -2.26589 -1.17694 2
      vertex 10 -10 2
    endloop
  endfacet
  facet normal 0 0 1
    outer loop
      vertex -10 -10 2
      vertex -2.26589 -1.17694 2
      vertex -2.38238 -1.19422 2
    endloop
  endfacet
  facet normal 0 0 1
    outer loop
      vertex -10 -10 2
      vertex -2.38238 -1.19422 2
      vertex -2.5 -1.2 2
    endloop
  endfacet
  facet normal 0 0 1
    outer loop
      vertex -10 -10 2
      vertex -2.5 -1.2 2
      vertex -2.61762 -1.19422 2
    endloop
  endfacet
  facet normal 0 0 1
    outer loop
      vertex -10 -10 2
      vertex -2.61762 -1.19422 2
      vertex -2.73411 -1.17694 2
    endloop
  endfacet
  facet normal 0 0 1
    outer loop
      vertex -10 -10 2
      vertex -2.73411 -1.17694 2
      vertex -2.84834 -1.14833 2
    endloop
  endfacet
  facet normal 0 0 1
    outer loop
      vertex -10 -10 2
      vertex -2.84834 -1.14833 2
      vertex -2.95922 -1.10865 2
    endloop
  endfacet
  facet normal 0 0 1
    outer loop
      vertex -10 -10 2
      vertex -2.95922 -1.10865 2
      vertex -3.06568 -1.0583 2
    endloop
  endfacet
  facet normal 0 0 1
    outer loop
      vertex -8.92153 -1.31412 2
      vertex -3.06568 -1.0583 2
      vertex -3.16668 -0.997763 2
    endloop
  endfacet
  facet normal -0 0 1
    outer loop
      vertex -8.3 0 2
      vertex -3.69422 -0.11762 2
      vertex -3.7 0 2
    endloop
  endfacet
  facet normal 0 0 1
    outer loop
      vertex -8.30819 -0.166629 2
      vertex -3.69422 -0.11762 2
      vertex -8.3 0 2
    endloop
  endfacet
  facet normal 0 0 1
    outer loop
      vertex -3.69422 -0.11762 2
      vertex -8.30819 -0.166629 2
      vertex -3.67694 -0.234108 2
    endloop
  endfacet
  facet normal 0 0 1
    outer loop
      vertex -8.33266 -0.331653 2
      vertex -3.67694 -0.234108 2
      vertex -8.30819 -0.166629 2
    endloop
  endfacet
  facet normal 0 0 1
    outer loop
      vertex -3.67694 -0.234108 2
      vertex -8.33266 -0.331653 2
      vertex -3.64833 -0.348341 2
    endloop
  endfacet
  facet normal 0 0 1
    outer loop
      vertex -8.3732 -0.493484 2
      vertex -3.64833 -0.348341 2
      vertex -8.33266 -0.331653 2
    endloop
  endfacet
  facet normal 0 0 1
    outer loop
      vertex -3.64833 -0.348341 2
      vertex -8.3732 -0.493484 2
      vertex -3.60865 -0.45922 2
    endloop
  endfacet
  facet normal 0 0 1
    outer loop
      vertex -8.4294 -0.650561 2
      vertex -3.60865 -0.45922 2
      vertex -8.3732 -0.493484 2
    endloop
  endfacet
  facet normal 0 0 1
    outer loop
      vertex -3.60865 -0.45922 2
      vertex -8.4294 -0.650561 2
      vertex -3.5583 -0.565676 2
    endloop
  endfacet
  facet normal 0 0 1
    outer loop
      vertex -8.50073 -0.801374 2
      vertex -3.5583 -0.565676 2
      vertex -8.4294 -0.650561 2
    endloop
  endfacet
  facet normal 0 0 1
    outer loop
      vertex -3.5583 -0.565676 2
      vertex -8.50073 -0.801374 2
      vertex -3.49776 -0.666684 2
    endloop
  endfacet
  facet normal 0 0 1
    outer loop
      vertex -8.5865 -0.944468 2
      vertex -3.49776 -0.666684 2
      vertex -8.50073 -0.801374 2
    endloop
  endfacet
  facet normal 0 0 1
    outer loop
      vertex -3.49776 -0.666684 2
      vertex -8.5865 -0.944468 2
      vertex -3.42761 -0.761271 2
    endloop
  endfacet
  facet normal 0 0 1
    outer loop
      vertex -8.68588 -1.07847 2
      vertex -3.42761 -0.761271 2
      vertex -8.5865 -0.944468 2
    endloop
  endfacet
  facet normal 0 0 1
    outer loop
      vertex -3.42761 -0.761271 2
      vertex -8.68588 -1.07847 2
      vertex -3.34853 -0.848528 2
    endloop
  endfacet
  facet normal 0 0 1
    outer loop
      vertex -3.34853 -0.848528 2
      vertex -8.68588 -1.07847 2
      vertex -3.26127 -0.927612 2
    endloop
  endfacet
  facet normal 0 0 1
    outer loop
      vertex -8.79792 -1.20208 2
      vertex -3.26127 -0.927612 2
      vertex -8.68588 -1.07847 2
    endloop
  endfacet
  facet normal 0 0 1
    outer loop
      vertex -3.26127 -0.927612 2
      vertex -8.79792 -1.20208 2
      vertex -3.16668 -0.997763 2
    endloop
  endfacet
  facet normal 0 0 1
    outer loop
      vertex -8.92153 -1.31412 2
      vertex -3.16668 -0.997763 2
      vertex -8.79792 -1.20208 2
    endloop
  endfacet
  facet normal 0 0 1
    outer loop
      vertex -3.06568 -1.0583 2
      vertex -8.92153 -1.31412 2
      vertex -9.05553 -1.4135 2
    endloop
  endfacet
  facet normal 0 0 1
    outer loop
      vertex -3.06568 -1.0583 2
      vertex -9.05553 -1.4135 2
      vertex -10 -10 2
    endloop
  endfacet
  facet normal 0 0 1
    outer loop
      vertex -10 -10 2
      vertex -9.05553 -1.4135 2
      vertex -9.19862 -1.49927 2
    endloop
  endfacet
  facet normal 0 0 1
    outer loop
      vertex -10 -10 2
      vertex -9.19862 -1.49927 2
      vertex -9.34944 -1.57059 2
    endloop
  endfacet
  facet normal 0 0 1
    outer loop
      vertex -10 -10 2
      vertex -9.34944 -1.57059 2
      vertex -9.50652 -1.6268 2
    endloop
  endfacet
  facet normal 0 0 1
    outer loop
      vertex -10 -10 2
      vertex -9.50652 -1.6268 2
      vertex -9.66835 -1.66733 2
    endloop
  endfacet
  facet normal 0 0 1
    outer loop
      vertex -13 -7 2
      vertex -9.66835 -1.66733 2
      vertex -9.83337 -1.69181 2
    endloop
  endfacet
  facet normal 0 0 1
    outer loop
      vertex -13 -7 2
      vertex -9.83337 -1.69181 2
      vertex -10 -1.7 2
    endloop
  endfacet
  facet normal 0 0 1
    outer loop
      vertex -2.26589 -1.17694 2
      vertex -10 -10 2
      vertex 10 -10 2
    endloop
  endfacet
  facet normal 0 0 1
    outer loop
      vertex -13 -7 2
      vertex -10 -1.7 2
      vertex -10.1666 -1.69181 2
    endloop
  endfacet
  facet normal 0 0 1
    outer loop
      vertex -9.66835 -1.66733 2
      vertex -13 -7 2
      vertex -10 -10 2
    endloop
  endfacet
  facet normal 0 0 1
    outer loop
      vertex -13 -7 2
      vertex -10.1666 -1.69181 2
      vertex -10.3317 -1.66733 2
    endloop
  endfacet
  facet normal 0 0 1
    outer loop
      vertex -13 -7 2
      vertex -10.3317 -1.66733 2
      vertex -10.4935 -1.6268 2
    endloop
  endfacet
  facet normal 0 0 1
    outer loop
      vertex -10 -10 2
      vertex -13 -7 2
      vertex -10.294 -9.98555 2
    endloop
  endfacet
  facet normal 0 0 1
    outer loop
      vertex -13 -7 2
      vertex -10.4935 -1.6268 2
      vertex -10.6506 -1.57059 2
    endloop
  endfacet
  facet normal 0 0 1
    outer loop
      vertex -13 -7 2
      vertex -10.6506 -1.57059 2
      vertex -10.8014 -1.49927 2
    endloop
  endfacet
  facet normal 0 0 1
    outer loop
      vertex -10.294 -9.98555 2
      vertex -13 -7 2
      vertex -10.5853 -9.94235 2
    endloop
  endfacet
  facet normal 0 0 1
    outer loop
      vertex -13 -7 2
      vertex -10.8014 -1.49927 2
      vertex -10.9445 -1.4135 2
    endloop
  endfacet
  facet normal 0 0 1
    outer loop
      vertex -13 -7 2
      vertex -10.9445 -1.4135 2
      vertex -11.0785 -1.31412 2
    endloop
  endfacet
  facet normal 0 0 1
    outer loop
      vertex -10.5853 -9.94235 2
      vertex -13 -7 2
      vertex -10.8708 -9.87082 2
    endloop
  endfacet
  facet normal 0 0 1
    outer loop
      vertex -13 -7 2
      vertex -11.0785 -1.31412 2
      vertex -11.2021 -1.20208 2
    endloop
  endfacet
  facet normal 0 0 1
    outer loop
      vertex -13 -7 2
      vertex -11.2021 -1.20208 2
      vertex -11.3141 -1.07847 2
    endloop
  endfacet
  facet normal 0 0 1
    outer loop
      vertex -13 -7 2
      vertex -11.3141 -1.07847 2
      vertex -11.4135 -0.944468 2
    endloop
  endfacet
  facet normal 0 0 1
    outer loop
      vertex -10.8708 -9.87082 2
      vertex -13 -7 2
      vertex -11.148 -9.77164 2
    endloop
  endfacet
  facet normal 0 0 1
    outer loop
      vertex -13 -7 2
      vertex -11.4135 -0.944468 2
      vertex -11.4993 -0.801374 2
    endloop
  endfacet
  facet normal 0 0 1
    outer loop
      vertex -13 -7 2
      vertex -11.4993 -0.801374 2
      vertex -11.5706 -0.650561 2
    endloop
  endfacet
  facet normal 0 0 1
    outer loop
      vertex -13 -7 2
      vertex -11.5706 -0.650561 2
      vertex -11.6268 -0.493484 2
    endloop
  endfacet
  facet normal 0 0 1
    outer loop
      vertex -11.148 -9.77164 2
      vertex -13 -7 2
      vertex -11.4142 -9.64575 2
    endloop
  endfacet
  facet normal 0 0 1
    outer loop
      vertex -13 -7 2
      vertex -11.6268 -0.493484 2
      vertex -11.6673 -0.331653 2
    endloop
  endfacet
  facet normal 0 0 1
    outer loop
      vertex -13 -7 2
      vertex -11.6673 -0.331653 2
      vertex -11.6918 -0.166629 2
    endloop
  endfacet
  facet normal 0 0 1
    outer loop
      vertex -13 -7 2
      vertex -11.6918 -0.166629 2
      vertex -11.7 0 2
    endloop
  endfacet
  facet normal 0 0 1
    outer loop
      vertex -11.6918 0.166629 2
      vertex -13 7 2
      vertex -11.7 0 2
    endloop
  endfacet
  facet normal 0 0 1
    outer loop
      vertex -13 -7 2
      vertex -11.7 0 2
      vertex -13 7 2
    endloop
  endfacet
  facet normal 0 0 1
    outer loop
      vertex -13 7 2
      vertex -11.9032 9.31903 2
      vertex -12.1213 9.12131 2
    endloop
  endfacet
  facet normal 0 0 1
    outer loop
      vertex -11.4142 -9.64575 2
      vertex -13 -7 2
      vertex -11.6667 -9.4944 2
    endloop
  endfacet
  facet normal 0 0 1
    outer loop
      vertex -13 7 2
      vertex -12.1213 9.12131 2
      vertex -12.319 8.90317 2
    endloop
  endfacet
  facet normal 0 0 1
    outer loop
      vertex -11.6667 -9.4944 2
      vertex -13 -7 2
      vertex -11.9032 -9.31903 2
    endloop
  endfacet
  facet normal 0 0 1
    outer loop
      vertex -13 7 2
      vertex -12.319 8.90317 2
      vertex -12.4944 8.6667 2
    endloop
  endfacet
  facet normal 0 0 1
    outer loop
      vertex -11.9032 -9.31903 2
      vertex -13 -7 2
      vertex -12.1213 -9.12131 2
    endloop
  endfacet
  facet normal 0 0 1
    outer loop
      vertex -13 7 2
      vertex -12.4944 8.6667 2
      vertex -12.6458 8.41418 2
    endloop
  endfacet
  facet normal 0 0 1
    outer loop
      vertex -12.1213 -9.12131 2
      vertex -13 -7 2
      vertex -12.319 -8.90317 2
    endloop
  endfacet
  facet normal 0 0 1
    outer loop
      vertex -13 7 2
      vertex -12.6458 8.41418 2
      vertex -12.7716 8.14804 2
    endloop
  endfacet
  facet normal 0 0 1
    outer loop
      vertex -12.319 -8.90317 2
      vertex -13 -7 2
      vertex -12.4944 -8.6667 2
    endloop
  endfacet
  facet normal 0 0 1
    outer loop
      vertex -13 7 2
      vertex -12.7716 8.14804 2
      vertex -12.8708 7.87085 2
    endloop
  endfacet
  facet normal 0 0 1
    outer loop
      vertex -12.4944 -8.6667 2
      vertex -13 -7 2
      vertex -12.6458 -8.41418 2
    endloop
  endfacet
  facet normal 0 0 1
    outer loop
      vertex -13 7 2
      vertex -12.8708 7.87085 2
      vertex -12.9424 7.58527 2
    endloop
  endfacet
  facet normal 0 0 1
    outer loop
      vertex -12.6458 -8.41418 2
      vertex -13 -7 2
      vertex -12.7716 -8.14804 2
    endloop
  endfacet
  facet normal 0 0 1
    outer loop
      vertex -13 7 2
      vertex -12.9424 7.58527 2
      vertex -12.9855 7.29404 2
    endloop
  endfacet
  facet normal 0 0 1
    outer loop
      vertex -12.7716 -8.14804 2
      vertex -13 -7 2
      vertex -12.8708 -7.87085 2
    endloop
  endfacet
  facet normal 0 0 1
    outer loop
      vertex -12.8708 -7.87085 2
      vertex -13 -7 2
      vertex -12.9424 -7.58527 2
    endloop
  endfacet
  facet normal 0 0 1
    outer loop
      vertex -12.9424 -7.58527 2
      vertex -13 -7 2
      vertex -12.9855 -7.29404 2
    endloop
  endfacet
  facet normal 0.941523 0.33695 0
    outer loop
      vertex 12.8708 7.87085 2
      vertex 12.7716 8.14804 -2
      vertex 12.7716 8.14804 2
    endloop
  endfacet
  facet normal 0.941523 0.33695 0
    outer loop
      vertex 12.7716 8.14804 -2
      vertex 12.8708 7.87085 2
      vertex 12.8708 7.87085 -2
    endloop
  endfacet
  facet normal 0.671644 -0.740874 0
    outer loop
      vertex 11.9032 -9.31903 -2
      vertex 12.1213 -9.12131 2
      vertex 11.9032 -9.31903 2
    endloop
  endfacet
  facet normal 0.671644 -0.740874 0
    outer loop
      vertex 12.1213 -9.12131 2
      vertex 11.9032 -9.31903 -2
      vertex 12.1213 -9.12131 -2
    endloop
  endfacet
  facet normal 0.969978 -0.243191 0
    outer loop
      vertex 12.8708 -7.87085 2
      vertex 12.9424 -7.58527 -2
      vertex 12.9424 -7.58527 2
    endloop
  endfacet
  facet normal 0.969978 -0.243191 0
    outer loop
      vertex 12.9424 -7.58527 -2
      vertex 12.8708 -7.87085 2
      vertex 12.8708 -7.87085 -2
    endloop
  endfacet
  facet normal 0.989226 0.146398 0
    outer loop
      vertex 12.9855 7.29404 2
      vertex 12.9424 7.58527 -2
      vertex 12.9424 7.58527 2
    endloop
  endfacet
  facet normal 0.989226 0.146398 0
    outer loop
      vertex 12.9424 7.58527 -2
      vertex 12.9855 7.29404 2
      vertex 12.9855 7.29404 -2
    endloop
  endfacet
  facet normal 1 -0 0
    outer loop
      vertex 13 -7 2
      vertex 13 7 -2
      vertex 13 7 2
    endloop
  endfacet
  facet normal 1 0 0
    outer loop
      vertex 13 7 -2
      vertex 13 -7 2
      vertex 13 -7 -2
    endloop
  endfacet
  facet normal -0.146696 -0.989182 0
    outer loop
      vertex -10.5853 -9.94235 -2
      vertex -10.294 -9.98555 2
      vertex -10.5853 -9.94235 2
    endloop
  endfacet
  facet normal -0.146696 -0.989182 -0
    outer loop
      vertex -10.294 -9.98555 2
      vertex -10.5853 -9.94235 -2
      vertex -10.294 -9.98555 -2
    endloop
  endfacet
  facet normal -0.514121 -0.857718 0
    outer loop
      vertex -11.6667 -9.4944 -2
      vertex -11.4142 -9.64575 2
      vertex -11.6667 -9.4944 2
    endloop
  endfacet
  facet normal -0.514121 -0.857718 -0
    outer loop
      vertex -11.4142 -9.64575 2
      vertex -11.6667 -9.4944 -2
      vertex -11.4142 -9.64575 -2
    endloop
  endfacet
  facet normal -0.857661 -0.514216 0
    outer loop
      vertex -12.4944 -8.6667 -2
      vertex -12.6458 -8.41418 2
      vertex -12.6458 -8.41418 -2
    endloop
  endfacet
  facet normal -0.857661 -0.514216 0
    outer loop
      vertex -12.6458 -8.41418 2
      vertex -12.4944 -8.6667 -2
      vertex -12.4944 -8.6667 2
    endloop
  endfacet
  facet normal 0.336879 -0.941548 0
    outer loop
      vertex 10.8708 -9.87082 -2
      vertex 11.148 -9.77164 2
      vertex 10.8708 -9.87082 2
    endloop
  endfacet
  facet normal 0.336879 -0.941548 0
    outer loop
      vertex 11.148 -9.77164 2
      vertex 10.8708 -9.87082 -2
      vertex 11.148 -9.77164 -2
    endloop
  endfacet
  facet normal 0.427518 -0.904007 0
    outer loop
      vertex 11.148 -9.77164 -2
      vertex 11.4142 -9.64575 2
      vertex 11.148 -9.77164 2
    endloop
  endfacet
  facet normal 0.427518 -0.904007 0
    outer loop
      vertex 11.4142 -9.64575 2
      vertex 11.148 -9.77164 -2
      vertex 11.4142 -9.64575 -2
    endloop
  endfacet
  facet normal 0.740969 0.671539 0
    outer loop
      vertex 12.319 8.90317 2
      vertex 12.1213 9.12131 -2
      vertex 12.1213 9.12131 2
    endloop
  endfacet
  facet normal 0.740969 0.671539 0
    outer loop
      vertex 12.1213 9.12131 -2
      vertex 12.319 8.90317 2
      vertex 12.319 8.90317 -2
    endloop
  endfacet
  facet normal 0.904088 0.427347 0
    outer loop
      vertex 12.7716 8.14804 2
      vertex 12.6458 8.41418 -2
      vertex 12.6458 8.41418 2
    endloop
  endfacet
  facet normal 0.904088 0.427347 0
    outer loop
      vertex 12.6458 8.41418 -2
      vertex 12.7716 8.14804 2
      vertex 12.7716 8.14804 -2
    endloop
  endfacet
  facet normal 0.595633 0.803257 -0
    outer loop
      vertex 11.9032 9.31903 -2
      vertex 11.6667 9.4944 2
      vertex 11.9032 9.31903 2
    endloop
  endfacet
  facet normal 0.595633 0.803257 0
    outer loop
      vertex 11.6667 9.4944 2
      vertex 11.9032 9.31903 -2
      vertex 11.6667 9.4944 -2
    endloop
  endfacet
  facet normal 0.336879 0.941548 -0
    outer loop
      vertex 11.148 9.77164 -2
      vertex 10.8708 9.87082 2
      vertex 11.148 9.77164 2
    endloop
  endfacet
  facet normal 0.336879 0.941548 0
    outer loop
      vertex 10.8708 9.87082 2
      vertex 11.148 9.77164 -2
      vertex 10.8708 9.87082 -2
    endloop
  endfacet
  facet normal -0.514121 0.857718 0
    outer loop
      vertex -11.4142 9.64575 -2
      vertex -11.6667 9.4944 2
      vertex -11.4142 9.64575 2
    endloop
  endfacet
  facet normal -0.514121 0.857718 0
    outer loop
      vertex -11.6667 9.4944 2
      vertex -11.4142 9.64575 -2
      vertex -11.6667 9.4944 -2
    endloop
  endfacet
  facet normal -0.0490904 0.998794 0
    outer loop
      vertex -10 10 -2
      vertex -10.294 9.98555 2
      vertex -10 10 2
    endloop
  endfacet
  facet normal -0.0490904 0.998794 0
    outer loop
      vertex -10.294 9.98555 2
      vertex -10 10 -2
      vertex -10.294 9.98555 -2
    endloop
  endfacet
  facet normal -0.336879 0.941548 0
    outer loop
      vertex -10.8708 9.87082 -2
      vertex -11.148 9.77164 2
      vertex -10.8708 9.87082 2
    endloop
  endfacet
  facet normal -0.336879 0.941548 0
    outer loop
      vertex -11.148 9.77164 2
      vertex -10.8708 9.87082 -2
      vertex -11.148 9.77164 -2
    endloop
  endfacet
  facet normal -0.146696 0.989182 0
    outer loop
      vertex -10.294 9.98555 -2
      vertex -10.5853 9.94235 2
      vertex -10.294 9.98555 2
    endloop
  endfacet
  facet normal -0.146696 0.989182 0
    outer loop
      vertex -10.5853 9.94235 2
      vertex -10.294 9.98555 -2
      vertex -10.5853 9.94235 -2
    endloop
  endfacet
  facet normal -0.857661 0.514216 0
    outer loop
      vertex -12.6458 8.41418 -2
      vertex -12.4944 8.6667 2
      vertex -12.4944 8.6667 -2
    endloop
  endfacet
  facet normal -0.857661 0.514216 0
    outer loop
      vertex -12.4944 8.6667 2
      vertex -12.6458 8.41418 -2
      vertex -12.6458 8.41418 2
    endloop
  endfacet
  facet normal 0.803172 -0.595747 0
    outer loop
      vertex 12.319 -8.90317 2
      vertex 12.4944 -8.6667 -2
      vertex 12.4944 -8.6667 2
    endloop
  endfacet
  facet normal 0.803172 -0.595747 0
    outer loop
      vertex 12.4944 -8.6667 -2
      vertex 12.319 -8.90317 2
      vertex 12.319 -8.90317 -2
    endloop
  endfacet
  facet normal 0.941523 -0.33695 0
    outer loop
      vertex 12.7716 -8.14804 2
      vertex 12.8708 -7.87085 -2
      vertex 12.8708 -7.87085 2
    endloop
  endfacet
  facet normal 0.941523 -0.33695 0
    outer loop
      vertex 12.8708 -7.87085 -2
      vertex 12.7716 -8.14804 2
      vertex 12.7716 -8.14804 -2
    endloop
  endfacet
  facet normal 0.857661 -0.514216 0
    outer loop
      vertex 12.4944 -8.6667 2
      vertex 12.6458 -8.41418 -2
      vertex 12.6458 -8.41418 2
    endloop
  endfacet
  facet normal 0.857661 -0.514216 0
    outer loop
      vertex 12.6458 -8.41418 -2
      vertex 12.4944 -8.6667 2
      vertex 12.4944 -8.6667 -2
    endloop
  endfacet
  facet normal 0.969978 0.243191 0
    outer loop
      vertex 12.9424 7.58527 2
      vertex 12.8708 7.87085 -2
      vertex 12.8708 7.87085 2
    endloop
  endfacet
  facet normal 0.969978 0.243191 0
    outer loop
      vertex 12.8708 7.87085 -2
      vertex 12.9424 7.58527 2
      vertex 12.9424 7.58527 -2
    endloop
  endfacet
  facet normal -0.336879 -0.941548 0
    outer loop
      vertex -11.148 -9.77164 -2
      vertex -10.8708 -9.87082 2
      vertex -11.148 -9.77164 2
    endloop
  endfacet
  facet normal -0.336879 -0.941548 -0
    outer loop
      vertex -10.8708 -9.87082 2
      vertex -11.148 -9.77164 -2
      vertex -10.8708 -9.87082 -2
    endloop
  endfacet
  facet normal -0.803172 -0.595747 0
    outer loop
      vertex -12.319 -8.90317 -2
      vertex -12.4944 -8.6667 2
      vertex -12.4944 -8.6667 -2
    endloop
  endfacet
  facet normal -0.803172 -0.595747 0
    outer loop
      vertex -12.4944 -8.6667 2
      vertex -12.319 -8.90317 -2
      vertex -12.319 -8.90317 2
    endloop
  endfacet
  facet normal -0.595633 -0.803257 0
    outer loop
      vertex -11.9032 -9.31903 -2
      vertex -11.6667 -9.4944 2
      vertex -11.9032 -9.31903 2
    endloop
  endfacet
  facet normal -0.595633 -0.803257 -0
    outer loop
      vertex -11.6667 -9.4944 2
      vertex -11.9032 -9.31903 -2
      vertex -11.6667 -9.4944 -2
    endloop
  endfacet
  facet normal -0.740969 -0.671539 0
    outer loop
      vertex -12.1213 -9.12131 -2
      vertex -12.319 -8.90317 2
      vertex -12.319 -8.90317 -2
    endloop
  endfacet
  facet normal -0.740969 -0.671539 0
    outer loop
      vertex -12.319 -8.90317 2
      vertex -12.1213 -9.12131 -2
      vertex -12.1213 -9.12131 2
    endloop
  endfacet
  facet normal 0.243031 -0.970018 0
    outer loop
      vertex 10.5853 -9.94235 -2
      vertex 10.8708 -9.87082 2
      vertex 10.5853 -9.94235 2
    endloop
  endfacet
  facet normal 0.243031 -0.970018 0
    outer loop
      vertex 10.8708 -9.87082 2
      vertex 10.5853 -9.94235 -2
      vertex 10.8708 -9.87082 -2
    endloop
  endfacet
  facet normal 0.857661 0.514216 0
    outer loop
      vertex 12.6458 8.41418 2
      vertex 12.4944 8.6667 -2
      vertex 12.4944 8.6667 2
    endloop
  endfacet
  facet normal 0.857661 0.514216 0
    outer loop
      vertex 12.4944 8.6667 -2
      vertex 12.6458 8.41418 2
      vertex 12.6458 8.41418 -2
    endloop
  endfacet
  facet normal 0.514121 0.857718 -0
    outer loop
      vertex 11.6667 9.4944 -2
      vertex 11.4142 9.64575 2
      vertex 11.6667 9.4944 2
    endloop
  endfacet
  facet normal 0.514121 0.857718 0
    outer loop
      vertex 11.4142 9.64575 2
      vertex 11.6667 9.4944 -2
      vertex 11.4142 9.64575 -2
    endloop
  endfacet
  facet normal 0.146696 0.989182 -0
    outer loop
      vertex 10.5853 9.94235 -2
      vertex 10.294 9.98555 2
      vertex 10.5853 9.94235 2
    endloop
  endfacet
  facet normal 0.146696 0.989182 0
    outer loop
      vertex 10.294 9.98555 2
      vertex 10.5853 9.94235 -2
      vertex 10.294 9.98555 -2
    endloop
  endfacet
  facet normal 0.243031 0.970018 -0
    outer loop
      vertex 10.8708 9.87082 -2
      vertex 10.5853 9.94235 2
      vertex 10.8708 9.87082 2
    endloop
  endfacet
  facet normal 0.243031 0.970018 0
    outer loop
      vertex 10.5853 9.94235 2
      vertex 10.8708 9.87082 -2
      vertex 10.5853 9.94235 -2
    endloop
  endfacet
  facet normal 0.904088 -0.427347 0
    outer loop
      vertex 12.6458 -8.41418 2
      vertex 12.7716 -8.14804 -2
      vertex 12.7716 -8.14804 2
    endloop
  endfacet
  facet normal 0.904088 -0.427347 0
    outer loop
      vertex 12.7716 -8.14804 -2
      vertex 12.6458 -8.41418 2
      vertex 12.6458 -8.41418 -2
    endloop
  endfacet
  facet normal -0.0490904 -0.998794 0
    outer loop
      vertex -10.294 -9.98555 -2
      vertex -10 -10 2
      vertex -10.294 -9.98555 2
    endloop
  endfacet
  facet normal -0.0490904 -0.998794 -0
    outer loop
      vertex -10 -10 2
      vertex -10.294 -9.98555 -2
      vertex -10 -10 -2
    endloop
  endfacet
  facet normal -0.427518 -0.904007 0
    outer loop
      vertex -11.4142 -9.64575 -2
      vertex -11.148 -9.77164 2
      vertex -11.4142 -9.64575 2
    endloop
  endfacet
  facet normal -0.427518 -0.904007 -0
    outer loop
      vertex -11.148 -9.77164 2
      vertex -11.4142 -9.64575 -2
      vertex -11.148 -9.77164 -2
    endloop
  endfacet
  facet normal -0.671644 -0.740874 0
    outer loop
      vertex -12.1213 -9.12131 -2
      vertex -11.9032 -9.31903 2
      vertex -12.1213 -9.12131 2
    endloop
  endfacet
  facet normal -0.671644 -0.740874 -0
    outer loop
      vertex -11.9032 -9.31903 2
      vertex -12.1213 -9.12131 -2
      vertex -11.9032 -9.31903 -2
    endloop
  endfacet
  facet normal 0.146696 -0.989182 0
    outer loop
      vertex 10.294 -9.98555 -2
      vertex 10.5853 -9.94235 2
      vertex 10.294 -9.98555 2
    endloop
  endfacet
  facet normal 0.146696 -0.989182 0
    outer loop
      vertex 10.5853 -9.94235 2
      vertex 10.294 -9.98555 -2
      vertex 10.5853 -9.94235 -2
    endloop
  endfacet
  facet normal 0.514121 -0.857718 0
    outer loop
      vertex 11.4142 -9.64575 -2
      vertex 11.6667 -9.4944 2
      vertex 11.4142 -9.64575 2
    endloop
  endfacet
  facet normal 0.514121 -0.857718 0
    outer loop
      vertex 11.6667 -9.4944 2
      vertex 11.4142 -9.64575 -2
      vertex 11.6667 -9.4944 -2
    endloop
  endfacet
endsolid OpenSCAD_Model
