solid OpenSCAD_Model
  facet normal -0.998791 -0.0491602 0
    outer loop
      vertex -76.3 -44 -1.5
      vertex -76.3082 -43.8334 1.5
      vertex -76.3082 -43.8334 -1.5
    endloop
  endfacet
  facet normal -0.998791 -0.0491602 0
    outer loop
      vertex -76.3082 -43.8334 1.5
      vertex -76.3 -44 -1.5
      vertex -76.3 -44 1.5
    endloop
  endfacet
  facet normal 0.998791 -0.0491602 0
    outer loop
      vertex -79.7 -44 1.5
      vertex -79.6918 -43.8334 -1.5
      vertex -79.6918 -43.8334 1.5
    endloop
  endfacet
  facet normal 0.998791 -0.0491602 0
    outer loop
      vertex -79.6918 -43.8334 -1.5
      vertex -79.7 -44 1.5
      vertex -79.7 -44 -1.5
    endloop
  endfacet
  facet normal -0.0491602 -0.998791 0
    outer loop
      vertex -78 -42.3 -1.5
      vertex -77.8334 -42.3082 1.5
      vertex -78 -42.3 1.5
    endloop
  endfacet
  facet normal -0.0491602 -0.998791 -0
    outer loop
      vertex -77.8334 -42.3082 1.5
      vertex -78 -42.3 -1.5
      vertex -77.8334 -42.3082 -1.5
    endloop
  endfacet
  facet normal 0.0491602 0.998791 -0
    outer loop
      vertex -78 -45.7 -1.5
      vertex -78.1666 -45.6918 1.5
      vertex -78 -45.7 1.5
    endloop
  endfacet
  facet normal 0.0491602 0.998791 0
    outer loop
      vertex -78.1666 -45.6918 1.5
      vertex -78 -45.7 -1.5
      vertex -78.1666 -45.6918 -1.5
    endloop
  endfacet
  facet normal 0.741024 0.671478 0
    outer loop
      vertex -79.2021 -45.2021 1.5
      vertex -79.3141 -45.0785 -1.5
      vertex -79.3141 -45.0785 1.5
    endloop
  endfacet
  facet normal 0.741024 0.671478 0
    outer loop
      vertex -79.3141 -45.0785 -1.5
      vertex -79.2021 -45.2021 1.5
      vertex -79.2021 -45.2021 -1.5
    endloop
  endfacet
  facet normal -0.671478 -0.741024 0
    outer loop
      vertex -76.9215 -42.6859 -1.5
      vertex -76.7979 -42.7979 1.5
      vertex -76.9215 -42.6859 1.5
    endloop
  endfacet
  facet normal -0.671478 -0.741024 -0
    outer loop
      vertex -76.7979 -42.7979 1.5
      vertex -76.9215 -42.6859 -1.5
      vertex -76.7979 -42.7979 -1.5
    endloop
  endfacet
  facet normal 0.671478 -0.741024 0
    outer loop
      vertex -79.2021 -42.7979 -1.5
      vertex -79.0785 -42.6859 1.5
      vertex -79.2021 -42.7979 1.5
    endloop
  endfacet
  facet normal 0.671478 -0.741024 0
    outer loop
      vertex -79.0785 -42.6859 1.5
      vertex -79.2021 -42.7979 -1.5
      vertex -79.0785 -42.6859 -1.5
    endloop
  endfacet
  facet normal 0.33683 -0.941566 0
    outer loop
      vertex -78.6506 -42.4294 -1.5
      vertex -78.4935 -42.3732 1.5
      vertex -78.6506 -42.4294 1.5
    endloop
  endfacet
  facet normal 0.33683 -0.941566 0
    outer loop
      vertex -78.4935 -42.3732 1.5
      vertex -78.6506 -42.4294 -1.5
      vertex -78.4935 -42.3732 -1.5
    endloop
  endfacet
  facet normal 0.941566 0.33683 0
    outer loop
      vertex -79.5706 -44.6506 1.5
      vertex -79.6268 -44.4935 -1.5
      vertex -79.6268 -44.4935 1.5
    endloop
  endfacet
  facet normal 0.941566 0.33683 0
    outer loop
      vertex -79.6268 -44.4935 -1.5
      vertex -79.5706 -44.6506 1.5
      vertex -79.5706 -44.6506 -1.5
    endloop
  endfacet
  facet normal -0.904043 -0.427442 0
    outer loop
      vertex -76.4294 -43.3494 -1.5
      vertex -76.5007 -43.1986 1.5
      vertex -76.5007 -43.1986 -1.5
    endloop
  endfacet
  facet normal -0.904043 -0.427442 0
    outer loop
      vertex -76.5007 -43.1986 1.5
      vertex -76.4294 -43.3494 -1.5
      vertex -76.4294 -43.3494 1.5
    endloop
  endfacet
  facet normal -0.427442 -0.904043 0
    outer loop
      vertex -77.3494 -42.4294 -1.5
      vertex -77.1986 -42.5007 1.5
      vertex -77.3494 -42.4294 1.5
    endloop
  endfacet
  facet normal -0.427442 -0.904043 -0
    outer loop
      vertex -77.1986 -42.5007 1.5
      vertex -77.3494 -42.4294 -1.5
      vertex -77.1986 -42.5007 -1.5
    endloop
  endfacet
  facet normal -0.514231 -0.857652 0
    outer loop
      vertex -77.1986 -42.5007 -1.5
      vertex -77.0555 -42.5865 1.5
      vertex -77.1986 -42.5007 1.5
    endloop
  endfacet
  facet normal -0.514231 -0.857652 -0
    outer loop
      vertex -77.0555 -42.5865 1.5
      vertex -77.1986 -42.5007 -1.5
      vertex -77.0555 -42.5865 -1.5
    endloop
  endfacet
  facet normal 0.904043 -0.427442 0
    outer loop
      vertex -79.5706 -43.3494 1.5
      vertex -79.4993 -43.1986 -1.5
      vertex -79.4993 -43.1986 1.5
    endloop
  endfacet
  facet normal 0.904043 -0.427442 0
    outer loop
      vertex -79.4993 -43.1986 -1.5
      vertex -79.5706 -43.3494 1.5
      vertex -79.5706 -43.3494 -1.5
    endloop
  endfacet
  facet normal 0.146875 -0.989155 0
    outer loop
      vertex -78.3316 -42.3327 -1.5
      vertex -78.1666 -42.3082 1.5
      vertex -78.3316 -42.3327 1.5
    endloop
  endfacet
  facet normal 0.146875 -0.989155 0
    outer loop
      vertex -78.1666 -42.3082 1.5
      vertex -78.3316 -42.3327 -1.5
      vertex -78.1666 -42.3082 -1.5
    endloop
  endfacet
  facet normal -0.941566 0.33683 0
    outer loop
      vertex -76.4294 -44.6506 -1.5
      vertex -76.3732 -44.4935 1.5
      vertex -76.3732 -44.4935 -1.5
    endloop
  endfacet
  facet normal -0.941566 0.33683 0
    outer loop
      vertex -76.3732 -44.4935 1.5
      vertex -76.4294 -44.6506 -1.5
      vertex -76.4294 -44.6506 1.5
    endloop
  endfacet
  facet normal -0.970072 -0.242818 0
    outer loop
      vertex -76.3327 -43.6683 -1.5
      vertex -76.3732 -43.5065 1.5
      vertex -76.3732 -43.5065 -1.5
    endloop
  endfacet
  facet normal -0.970072 -0.242818 0
    outer loop
      vertex -76.3732 -43.5065 1.5
      vertex -76.3327 -43.6683 -1.5
      vertex -76.3327 -43.6683 1.5
    endloop
  endfacet
  facet normal -0.989168 -0.146788 0
    outer loop
      vertex -76.3082 -43.8334 -1.5
      vertex -76.3327 -43.6683 1.5
      vertex -76.3327 -43.6683 -1.5
    endloop
  endfacet
  facet normal -0.989168 -0.146788 0
    outer loop
      vertex -76.3327 -43.6683 1.5
      vertex -76.3082 -43.8334 -1.5
      vertex -76.3082 -43.8334 1.5
    endloop
  endfacet
  facet normal -0.941566 -0.33683 0
    outer loop
      vertex -76.3732 -43.5065 -1.5
      vertex -76.4294 -43.3494 1.5
      vertex -76.4294 -43.3494 -1.5
    endloop
  endfacet
  facet normal -0.941566 -0.33683 0
    outer loop
      vertex -76.4294 -43.3494 1.5
      vertex -76.3732 -43.5065 -1.5
      vertex -76.3732 -43.5065 1.5
    endloop
  endfacet
  facet normal -0.803154 -0.595772 0
    outer loop
      vertex -76.5865 -43.0555 -1.5
      vertex -76.6859 -42.9215 1.5
      vertex -76.6859 -42.9215 -1.5
    endloop
  endfacet
  facet normal -0.803154 -0.595772 0
    outer loop
      vertex -76.6859 -42.9215 1.5
      vertex -76.5865 -43.0555 -1.5
      vertex -76.5865 -43.0555 1.5
    endloop
  endfacet
  facet normal -0.741024 -0.671478 0
    outer loop
      vertex -76.6859 -42.9215 -1.5
      vertex -76.7979 -42.7979 1.5
      vertex -76.7979 -42.7979 -1.5
    endloop
  endfacet
  facet normal -0.741024 -0.671478 0
    outer loop
      vertex -76.7979 -42.7979 1.5
      vertex -76.6859 -42.9215 -1.5
      vertex -76.6859 -42.9215 1.5
    endloop
  endfacet
  facet normal -0.857652 -0.514231 0
    outer loop
      vertex -76.5007 -43.1986 -1.5
      vertex -76.5865 -43.0555 1.5
      vertex -76.5865 -43.0555 -1.5
    endloop
  endfacet
  facet normal -0.857652 -0.514231 0
    outer loop
      vertex -76.5865 -43.0555 1.5
      vertex -76.5007 -43.1986 -1.5
      vertex -76.5007 -43.1986 1.5
    endloop
  endfacet
  facet normal -0.242677 -0.970107 0
    outer loop
      vertex -77.6684 -42.3327 -1.5
      vertex -77.5065 -42.3732 1.5
      vertex -77.6684 -42.3327 1.5
    endloop
  endfacet
  facet normal -0.242677 -0.970107 -0
    outer loop
      vertex -77.5065 -42.3732 1.5
      vertex -77.6684 -42.3327 -1.5
      vertex -77.5065 -42.3732 -1.5
    endloop
  endfacet
  facet normal -0.33683 -0.941566 0
    outer loop
      vertex -77.5065 -42.3732 -1.5
      vertex -77.3494 -42.4294 1.5
      vertex -77.5065 -42.3732 1.5
    endloop
  endfacet
  facet normal -0.33683 -0.941566 -0
    outer loop
      vertex -77.3494 -42.4294 1.5
      vertex -77.5065 -42.3732 -1.5
      vertex -77.3494 -42.4294 -1.5
    endloop
  endfacet
  facet normal -0.146875 -0.989155 0
    outer loop
      vertex -77.8334 -42.3082 -1.5
      vertex -77.6684 -42.3327 1.5
      vertex -77.8334 -42.3082 1.5
    endloop
  endfacet
  facet normal -0.146875 -0.989155 -0
    outer loop
      vertex -77.6684 -42.3327 1.5
      vertex -77.8334 -42.3082 -1.5
      vertex -77.6684 -42.3327 -1.5
    endloop
  endfacet
  facet normal -0.595772 -0.803154 0
    outer loop
      vertex -77.0555 -42.5865 -1.5
      vertex -76.9215 -42.6859 1.5
      vertex -77.0555 -42.5865 1.5
    endloop
  endfacet
  facet normal -0.595772 -0.803154 -0
    outer loop
      vertex -76.9215 -42.6859 1.5
      vertex -77.0555 -42.5865 -1.5
      vertex -76.9215 -42.6859 -1.5
    endloop
  endfacet
  facet normal 0.970072 -0.242818 0
    outer loop
      vertex -79.6673 -43.6683 1.5
      vertex -79.6268 -43.5065 -1.5
      vertex -79.6268 -43.5065 1.5
    endloop
  endfacet
  facet normal 0.970072 -0.242818 0
    outer loop
      vertex -79.6268 -43.5065 -1.5
      vertex -79.6673 -43.6683 1.5
      vertex -79.6673 -43.6683 -1.5
    endloop
  endfacet
  facet normal 0.803154 -0.595772 0
    outer loop
      vertex -79.4135 -43.0555 1.5
      vertex -79.3141 -42.9215 -1.5
      vertex -79.3141 -42.9215 1.5
    endloop
  endfacet
  facet normal 0.803154 -0.595772 0
    outer loop
      vertex -79.3141 -42.9215 -1.5
      vertex -79.4135 -43.0555 1.5
      vertex -79.4135 -43.0555 -1.5
    endloop
  endfacet
  facet normal 0.741024 -0.671478 0
    outer loop
      vertex -79.3141 -42.9215 1.5
      vertex -79.2021 -42.7979 -1.5
      vertex -79.2021 -42.7979 1.5
    endloop
  endfacet
  facet normal 0.741024 -0.671478 0
    outer loop
      vertex -79.2021 -42.7979 -1.5
      vertex -79.3141 -42.9215 1.5
      vertex -79.3141 -42.9215 -1.5
    endloop
  endfacet
  facet normal 0.857652 -0.514231 0
    outer loop
      vertex -79.4993 -43.1986 1.5
      vertex -79.4135 -43.0555 -1.5
      vertex -79.4135 -43.0555 1.5
    endloop
  endfacet
  facet normal 0.857652 -0.514231 0
    outer loop
      vertex -79.4135 -43.0555 -1.5
      vertex -79.4993 -43.1986 1.5
      vertex -79.4993 -43.1986 -1.5
    endloop
  endfacet
  facet normal 0.941566 -0.33683 0
    outer loop
      vertex -79.6268 -43.5065 1.5
      vertex -79.5706 -43.3494 -1.5
      vertex -79.5706 -43.3494 1.5
    endloop
  endfacet
  facet normal 0.941566 -0.33683 0
    outer loop
      vertex -79.5706 -43.3494 -1.5
      vertex -79.6268 -43.5065 1.5
      vertex -79.6268 -43.5065 -1.5
    endloop
  endfacet
  facet normal 0.989168 -0.146788 0
    outer loop
      vertex -79.6918 -43.8334 1.5
      vertex -79.6673 -43.6683 -1.5
      vertex -79.6673 -43.6683 1.5
    endloop
  endfacet
  facet normal 0.989168 -0.146788 0
    outer loop
      vertex -79.6673 -43.6683 -1.5
      vertex -79.6918 -43.8334 1.5
      vertex -79.6918 -43.8334 -1.5
    endloop
  endfacet
  facet normal 0.514231 -0.857652 0
    outer loop
      vertex -78.9445 -42.5865 -1.5
      vertex -78.8014 -42.5007 1.5
      vertex -78.9445 -42.5865 1.5
    endloop
  endfacet
  facet normal 0.514231 -0.857652 0
    outer loop
      vertex -78.8014 -42.5007 1.5
      vertex -78.9445 -42.5865 -1.5
      vertex -78.8014 -42.5007 -1.5
    endloop
  endfacet
  facet normal 0.427442 -0.904043 0
    outer loop
      vertex -78.8014 -42.5007 -1.5
      vertex -78.6506 -42.4294 1.5
      vertex -78.8014 -42.5007 1.5
    endloop
  endfacet
  facet normal 0.427442 -0.904043 0
    outer loop
      vertex -78.6506 -42.4294 1.5
      vertex -78.8014 -42.5007 -1.5
      vertex -78.6506 -42.4294 -1.5
    endloop
  endfacet
  facet normal 0.595772 -0.803154 0
    outer loop
      vertex -79.0785 -42.6859 -1.5
      vertex -78.9445 -42.5865 1.5
      vertex -79.0785 -42.6859 1.5
    endloop
  endfacet
  facet normal 0.595772 -0.803154 0
    outer loop
      vertex -78.9445 -42.5865 1.5
      vertex -79.0785 -42.6859 -1.5
      vertex -78.9445 -42.5865 -1.5
    endloop
  endfacet
  facet normal 0.242677 -0.970107 0
    outer loop
      vertex -78.4935 -42.3732 -1.5
      vertex -78.3316 -42.3327 1.5
      vertex -78.4935 -42.3732 1.5
    endloop
  endfacet
  facet normal 0.242677 -0.970107 0
    outer loop
      vertex -78.3316 -42.3327 1.5
      vertex -78.4935 -42.3732 -1.5
      vertex -78.3316 -42.3327 -1.5
    endloop
  endfacet
  facet normal 0.0491602 -0.998791 0
    outer loop
      vertex -78.1666 -42.3082 -1.5
      vertex -78 -42.3 1.5
      vertex -78.1666 -42.3082 1.5
    endloop
  endfacet
  facet normal 0.0491602 -0.998791 0
    outer loop
      vertex -78 -42.3 1.5
      vertex -78.1666 -42.3082 -1.5
      vertex -78 -42.3 -1.5
    endloop
  endfacet
  facet normal -0.0491602 0.998791 0
    outer loop
      vertex -77.8334 -45.6918 -1.5
      vertex -78 -45.7 1.5
      vertex -77.8334 -45.6918 1.5
    endloop
  endfacet
  facet normal -0.0491602 0.998791 0
    outer loop
      vertex -78 -45.7 1.5
      vertex -77.8334 -45.6918 -1.5
      vertex -78 -45.7 -1.5
    endloop
  endfacet
  facet normal -0.671478 0.741024 0
    outer loop
      vertex -76.7979 -45.2021 -1.5
      vertex -76.9215 -45.3141 1.5
      vertex -76.7979 -45.2021 1.5
    endloop
  endfacet
  facet normal -0.671478 0.741024 0
    outer loop
      vertex -76.9215 -45.3141 1.5
      vertex -76.7979 -45.2021 -1.5
      vertex -76.9215 -45.3141 -1.5
    endloop
  endfacet
  facet normal -0.514231 0.857652 0
    outer loop
      vertex -77.0555 -45.4135 -1.5
      vertex -77.1986 -45.4993 1.5
      vertex -77.0555 -45.4135 1.5
    endloop
  endfacet
  facet normal -0.514231 0.857652 0
    outer loop
      vertex -77.1986 -45.4993 1.5
      vertex -77.0555 -45.4135 -1.5
      vertex -77.1986 -45.4993 -1.5
    endloop
  endfacet
  facet normal -0.803154 0.595772 0
    outer loop
      vertex -76.6859 -45.0785 -1.5
      vertex -76.5865 -44.9445 1.5
      vertex -76.5865 -44.9445 -1.5
    endloop
  endfacet
  facet normal -0.803154 0.595772 0
    outer loop
      vertex -76.5865 -44.9445 1.5
      vertex -76.6859 -45.0785 -1.5
      vertex -76.6859 -45.0785 1.5
    endloop
  endfacet
  facet normal -0.904043 0.427442 0
    outer loop
      vertex -76.5007 -44.8014 -1.5
      vertex -76.4294 -44.6506 1.5
      vertex -76.4294 -44.6506 -1.5
    endloop
  endfacet
  facet normal -0.904043 0.427442 0
    outer loop
      vertex -76.4294 -44.6506 1.5
      vertex -76.5007 -44.8014 -1.5
      vertex -76.5007 -44.8014 1.5
    endloop
  endfacet
  facet normal 0.671478 0.741024 -0
    outer loop
      vertex -79.0785 -45.3141 -1.5
      vertex -79.2021 -45.2021 1.5
      vertex -79.0785 -45.3141 1.5
    endloop
  endfacet
  facet normal 0.671478 0.741024 0
    outer loop
      vertex -79.2021 -45.2021 1.5
      vertex -79.0785 -45.3141 -1.5
      vertex -79.2021 -45.2021 -1.5
    endloop
  endfacet
  facet normal 0.514231 0.857652 -0
    outer loop
      vertex -78.8014 -45.4993 -1.5
      vertex -78.9445 -45.4135 1.5
      vertex -78.8014 -45.4993 1.5
    endloop
  endfacet
  facet normal 0.514231 0.857652 0
    outer loop
      vertex -78.9445 -45.4135 1.5
      vertex -78.8014 -45.4993 -1.5
      vertex -78.9445 -45.4135 -1.5
    endloop
  endfacet
  facet normal 0.33683 0.941566 -0
    outer loop
      vertex -78.4935 -45.6268 -1.5
      vertex -78.6506 -45.5706 1.5
      vertex -78.4935 -45.6268 1.5
    endloop
  endfacet
  facet normal 0.33683 0.941566 0
    outer loop
      vertex -78.6506 -45.5706 1.5
      vertex -78.4935 -45.6268 -1.5
      vertex -78.6506 -45.5706 -1.5
    endloop
  endfacet
  facet normal 0.146875 0.989155 -0
    outer loop
      vertex -78.1666 -45.6918 -1.5
      vertex -78.3316 -45.6673 1.5
      vertex -78.1666 -45.6918 1.5
    endloop
  endfacet
  facet normal 0.146875 0.989155 0
    outer loop
      vertex -78.3316 -45.6673 1.5
      vertex -78.1666 -45.6918 -1.5
      vertex -78.3316 -45.6673 -1.5
    endloop
  endfacet
  facet normal 0.904043 0.427442 0
    outer loop
      vertex -79.4993 -44.8014 1.5
      vertex -79.5706 -44.6506 -1.5
      vertex -79.5706 -44.6506 1.5
    endloop
  endfacet
  facet normal 0.904043 0.427442 0
    outer loop
      vertex -79.5706 -44.6506 -1.5
      vertex -79.4993 -44.8014 1.5
      vertex -79.4993 -44.8014 -1.5
    endloop
  endfacet
  facet normal 0.803154 0.595772 0
    outer loop
      vertex -79.3141 -45.0785 1.5
      vertex -79.4135 -44.9445 -1.5
      vertex -79.4135 -44.9445 1.5
    endloop
  endfacet
  facet normal 0.803154 0.595772 0
    outer loop
      vertex -79.4135 -44.9445 -1.5
      vertex -79.3141 -45.0785 1.5
      vertex -79.3141 -45.0785 -1.5
    endloop
  endfacet
  facet normal 0.970072 0.242818 0
    outer loop
      vertex -79.6268 -44.4935 1.5
      vertex -79.6673 -44.3317 -1.5
      vertex -79.6673 -44.3317 1.5
    endloop
  endfacet
  facet normal 0.970072 0.242818 0
    outer loop
      vertex -79.6673 -44.3317 -1.5
      vertex -79.6268 -44.4935 1.5
      vertex -79.6268 -44.4935 -1.5
    endloop
  endfacet
  facet normal 0.998791 0.0491602 0
    outer loop
      vertex -79.6918 -44.1666 1.5
      vertex -79.7 -44 -1.5
      vertex -79.7 -44 1.5
    endloop
  endfacet
  facet normal 0.998791 0.0491602 0
    outer loop
      vertex -79.7 -44 -1.5
      vertex -79.6918 -44.1666 1.5
      vertex -79.6918 -44.1666 -1.5
    endloop
  endfacet
  facet normal -0.146875 0.989155 0
    outer loop
      vertex -77.6684 -45.6673 -1.5
      vertex -77.8334 -45.6918 1.5
      vertex -77.6684 -45.6673 1.5
    endloop
  endfacet
  facet normal -0.146875 0.989155 0
    outer loop
      vertex -77.8334 -45.6918 1.5
      vertex -77.6684 -45.6673 -1.5
      vertex -77.8334 -45.6918 -1.5
    endloop
  endfacet
  facet normal -0.427442 0.904043 0
    outer loop
      vertex -77.1986 -45.4993 -1.5
      vertex -77.3494 -45.5706 1.5
      vertex -77.1986 -45.4993 1.5
    endloop
  endfacet
  facet normal -0.427442 0.904043 0
    outer loop
      vertex -77.3494 -45.5706 1.5
      vertex -77.1986 -45.4993 -1.5
      vertex -77.3494 -45.5706 -1.5
    endloop
  endfacet
  facet normal -0.242677 0.970107 0
    outer loop
      vertex -77.5065 -45.6268 -1.5
      vertex -77.6684 -45.6673 1.5
      vertex -77.5065 -45.6268 1.5
    endloop
  endfacet
  facet normal -0.242677 0.970107 0
    outer loop
      vertex -77.6684 -45.6673 1.5
      vertex -77.5065 -45.6268 -1.5
      vertex -77.6684 -45.6673 -1.5
    endloop
  endfacet
  facet normal -0.741024 0.671478 0
    outer loop
      vertex -76.7979 -45.2021 -1.5
      vertex -76.6859 -45.0785 1.5
      vertex -76.6859 -45.0785 -1.5
    endloop
  endfacet
  facet normal -0.741024 0.671478 0
    outer loop
      vertex -76.6859 -45.0785 1.5
      vertex -76.7979 -45.2021 -1.5
      vertex -76.7979 -45.2021 1.5
    endloop
  endfacet
  facet normal -0.595772 0.803154 0
    outer loop
      vertex -76.9215 -45.3141 -1.5
      vertex -77.0555 -45.4135 1.5
      vertex -76.9215 -45.3141 1.5
    endloop
  endfacet
  facet normal -0.595772 0.803154 0
    outer loop
      vertex -77.0555 -45.4135 1.5
      vertex -76.9215 -45.3141 -1.5
      vertex -77.0555 -45.4135 -1.5
    endloop
  endfacet
  facet normal -0.857652 0.514231 0
    outer loop
      vertex -76.5865 -44.9445 -1.5
      vertex -76.5007 -44.8014 1.5
      vertex -76.5007 -44.8014 -1.5
    endloop
  endfacet
  facet normal -0.857652 0.514231 0
    outer loop
      vertex -76.5007 -44.8014 1.5
      vertex -76.5865 -44.9445 -1.5
      vertex -76.5865 -44.9445 1.5
    endloop
  endfacet
  facet normal -0.989168 0.146788 0
    outer loop
      vertex -76.3327 -44.3317 -1.5
      vertex -76.3082 -44.1666 1.5
      vertex -76.3082 -44.1666 -1.5
    endloop
  endfacet
  facet normal -0.989168 0.146788 0
    outer loop
      vertex -76.3082 -44.1666 1.5
      vertex -76.3327 -44.3317 -1.5
      vertex -76.3327 -44.3317 1.5
    endloop
  endfacet
  facet normal -0.970072 0.242818 0
    outer loop
      vertex -76.3732 -44.4935 -1.5
      vertex -76.3327 -44.3317 1.5
      vertex -76.3327 -44.3317 -1.5
    endloop
  endfacet
  facet normal -0.970072 0.242818 0
    outer loop
      vertex -76.3327 -44.3317 1.5
      vertex -76.3732 -44.4935 -1.5
      vertex -76.3732 -44.4935 1.5
    endloop
  endfacet
  facet normal -0.998791 0.0491602 0
    outer loop
      vertex -76.3082 -44.1666 -1.5
      vertex -76.3 -44 1.5
      vertex -76.3 -44 -1.5
    endloop
  endfacet
  facet normal -0.998791 0.0491602 0
    outer loop
      vertex -76.3 -44 1.5
      vertex -76.3082 -44.1666 -1.5
      vertex -76.3082 -44.1666 1.5
    endloop
  endfacet
  facet normal 0.595772 0.803154 -0
    outer loop
      vertex -78.9445 -45.4135 -1.5
      vertex -79.0785 -45.3141 1.5
      vertex -78.9445 -45.4135 1.5
    endloop
  endfacet
  facet normal 0.595772 0.803154 0
    outer loop
      vertex -79.0785 -45.3141 1.5
      vertex -78.9445 -45.4135 -1.5
      vertex -79.0785 -45.3141 -1.5
    endloop
  endfacet
  facet normal 0.427442 0.904043 -0
    outer loop
      vertex -78.6506 -45.5706 -1.5
      vertex -78.8014 -45.4993 1.5
      vertex -78.6506 -45.5706 1.5
    endloop
  endfacet
  facet normal 0.427442 0.904043 0
    outer loop
      vertex -78.8014 -45.4993 1.5
      vertex -78.6506 -45.5706 -1.5
      vertex -78.8014 -45.4993 -1.5
    endloop
  endfacet
  facet normal 0.242677 0.970107 -0
    outer loop
      vertex -78.3316 -45.6673 -1.5
      vertex -78.4935 -45.6268 1.5
      vertex -78.3316 -45.6673 1.5
    endloop
  endfacet
  facet normal 0.242677 0.970107 0
    outer loop
      vertex -78.4935 -45.6268 1.5
      vertex -78.3316 -45.6673 -1.5
      vertex -78.4935 -45.6268 -1.5
    endloop
  endfacet
  facet normal 0.857652 0.514231 0
    outer loop
      vertex -79.4135 -44.9445 1.5
      vertex -79.4993 -44.8014 -1.5
      vertex -79.4993 -44.8014 1.5
    endloop
  endfacet
  facet normal 0.857652 0.514231 0
    outer loop
      vertex -79.4993 -44.8014 -1.5
      vertex -79.4135 -44.9445 1.5
      vertex -79.4135 -44.9445 -1.5
    endloop
  endfacet
  facet normal 0.989168 0.146788 0
    outer loop
      vertex -79.6673 -44.3317 1.5
      vertex -79.6918 -44.1666 -1.5
      vertex -79.6918 -44.1666 1.5
    endloop
  endfacet
  facet normal 0.989168 0.146788 0
    outer loop
      vertex -79.6918 -44.1666 -1.5
      vertex -79.6673 -44.3317 1.5
      vertex -79.6673 -44.3317 -1.5
    endloop
  endfacet
  facet normal -0.33683 0.941566 0
    outer loop
      vertex -77.3494 -45.5706 -1.5
      vertex -77.5065 -45.6268 1.5
      vertex -77.3494 -45.5706 1.5
    endloop
  endfacet
  facet normal -0.33683 0.941566 0
    outer loop
      vertex -77.5065 -45.6268 1.5
      vertex -77.3494 -45.5706 -1.5
      vertex -77.5065 -45.6268 -1.5
    endloop
  endfacet
  facet normal -0.998791 -0.0491602 0
    outer loop
      vertex -76.3 44 -1.5
      vertex -76.3082 44.1666 1.5
      vertex -76.3082 44.1666 -1.5
    endloop
  endfacet
  facet normal -0.998791 -0.0491602 0
    outer loop
      vertex -76.3082 44.1666 1.5
      vertex -76.3 44 -1.5
      vertex -76.3 44 1.5
    endloop
  endfacet
  facet normal 0.0491602 -0.998791 0
    outer loop
      vertex -78.1666 45.6918 -1.5
      vertex -78 45.7 1.5
      vertex -78.1666 45.6918 1.5
    endloop
  endfacet
  facet normal 0.0491602 -0.998791 0
    outer loop
      vertex -78 45.7 1.5
      vertex -78.1666 45.6918 -1.5
      vertex -78 45.7 -1.5
    endloop
  endfacet
  facet normal -0.0491602 0.998791 0
    outer loop
      vertex -77.8334 42.3082 -1.5
      vertex -78 42.3 1.5
      vertex -77.8334 42.3082 1.5
    endloop
  endfacet
  facet normal -0.0491602 0.998791 0
    outer loop
      vertex -78 42.3 1.5
      vertex -77.8334 42.3082 -1.5
      vertex -78 42.3 -1.5
    endloop
  endfacet
  facet normal -0.671478 -0.741024 0
    outer loop
      vertex -76.9215 45.3141 -1.5
      vertex -76.7979 45.2021 1.5
      vertex -76.9215 45.3141 1.5
    endloop
  endfacet
  facet normal -0.671478 -0.741024 -0
    outer loop
      vertex -76.7979 45.2021 1.5
      vertex -76.9215 45.3141 -1.5
      vertex -76.7979 45.2021 -1.5
    endloop
  endfacet
  facet normal 0.741024 -0.671478 0
    outer loop
      vertex -79.3141 45.0785 1.5
      vertex -79.2021 45.2021 -1.5
      vertex -79.2021 45.2021 1.5
    endloop
  endfacet
  facet normal 0.741024 -0.671478 0
    outer loop
      vertex -79.2021 45.2021 -1.5
      vertex -79.3141 45.0785 1.5
      vertex -79.3141 45.0785 -1.5
    endloop
  endfacet
  facet normal 0.427442 -0.904043 0
    outer loop
      vertex -78.8014 45.4993 -1.5
      vertex -78.6506 45.5706 1.5
      vertex -78.8014 45.4993 1.5
    endloop
  endfacet
  facet normal 0.427442 -0.904043 0
    outer loop
      vertex -78.6506 45.5706 1.5
      vertex -78.8014 45.4993 -1.5
      vertex -78.6506 45.5706 -1.5
    endloop
  endfacet
  facet normal -0.904043 -0.427442 0
    outer loop
      vertex -76.4294 44.6506 -1.5
      vertex -76.5007 44.8014 1.5
      vertex -76.5007 44.8014 -1.5
    endloop
  endfacet
  facet normal -0.904043 -0.427442 0
    outer loop
      vertex -76.5007 44.8014 1.5
      vertex -76.4294 44.6506 -1.5
      vertex -76.4294 44.6506 1.5
    endloop
  endfacet
  facet normal -0.33683 -0.941566 0
    outer loop
      vertex -77.5065 45.6268 -1.5
      vertex -77.3494 45.5706 1.5
      vertex -77.5065 45.6268 1.5
    endloop
  endfacet
  facet normal -0.33683 -0.941566 -0
    outer loop
      vertex -77.3494 45.5706 1.5
      vertex -77.5065 45.6268 -1.5
      vertex -77.3494 45.5706 -1.5
    endloop
  endfacet
  facet normal -0.514231 -0.857652 0
    outer loop
      vertex -77.1986 45.4993 -1.5
      vertex -77.0555 45.4135 1.5
      vertex -77.1986 45.4993 1.5
    endloop
  endfacet
  facet normal -0.514231 -0.857652 -0
    outer loop
      vertex -77.0555 45.4135 1.5
      vertex -77.1986 45.4993 -1.5
      vertex -77.0555 45.4135 -1.5
    endloop
  endfacet
  facet normal 0.941566 -0.33683 0
    outer loop
      vertex -79.6268 44.4935 1.5
      vertex -79.5706 44.6506 -1.5
      vertex -79.5706 44.6506 1.5
    endloop
  endfacet
  facet normal 0.941566 -0.33683 0
    outer loop
      vertex -79.5706 44.6506 -1.5
      vertex -79.6268 44.4935 1.5
      vertex -79.6268 44.4935 -1.5
    endloop
  endfacet
  facet normal 0.242677 -0.970107 0
    outer loop
      vertex -78.4935 45.6268 -1.5
      vertex -78.3316 45.6673 1.5
      vertex -78.4935 45.6268 1.5
    endloop
  endfacet
  facet normal 0.242677 -0.970107 0
    outer loop
      vertex -78.3316 45.6673 1.5
      vertex -78.4935 45.6268 -1.5
      vertex -78.3316 45.6673 -1.5
    endloop
  endfacet
  facet normal -0.146875 0.989155 0
    outer loop
      vertex -77.6684 42.3327 -1.5
      vertex -77.8334 42.3082 1.5
      vertex -77.6684 42.3327 1.5
    endloop
  endfacet
  facet normal -0.146875 0.989155 0
    outer loop
      vertex -77.8334 42.3082 1.5
      vertex -77.6684 42.3327 -1.5
      vertex -77.8334 42.3082 -1.5
    endloop
  endfacet
  facet normal -0.970072 -0.242818 0
    outer loop
      vertex -76.3327 44.3317 -1.5
      vertex -76.3732 44.4935 1.5
      vertex -76.3732 44.4935 -1.5
    endloop
  endfacet
  facet normal -0.970072 -0.242818 0
    outer loop
      vertex -76.3732 44.4935 1.5
      vertex -76.3327 44.3317 -1.5
      vertex -76.3327 44.3317 1.5
    endloop
  endfacet
  facet normal -0.989168 -0.146788 0
    outer loop
      vertex -76.3082 44.1666 -1.5
      vertex -76.3327 44.3317 1.5
      vertex -76.3327 44.3317 -1.5
    endloop
  endfacet
  facet normal -0.989168 -0.146788 0
    outer loop
      vertex -76.3327 44.3317 1.5
      vertex -76.3082 44.1666 -1.5
      vertex -76.3082 44.1666 1.5
    endloop
  endfacet
  facet normal -0.941566 -0.33683 0
    outer loop
      vertex -76.3732 44.4935 -1.5
      vertex -76.4294 44.6506 1.5
      vertex -76.4294 44.6506 -1.5
    endloop
  endfacet
  facet normal -0.941566 -0.33683 0
    outer loop
      vertex -76.4294 44.6506 1.5
      vertex -76.3732 44.4935 -1.5
      vertex -76.3732 44.4935 1.5
    endloop
  endfacet
  facet normal -0.803154 -0.595772 0
    outer loop
      vertex -76.5865 44.9445 -1.5
      vertex -76.6859 45.0785 1.5
      vertex -76.6859 45.0785 -1.5
    endloop
  endfacet
  facet normal -0.803154 -0.595772 0
    outer loop
      vertex -76.6859 45.0785 1.5
      vertex -76.5865 44.9445 -1.5
      vertex -76.5865 44.9445 1.5
    endloop
  endfacet
  facet normal -0.741024 -0.671478 0
    outer loop
      vertex -76.6859 45.0785 -1.5
      vertex -76.7979 45.2021 1.5
      vertex -76.7979 45.2021 -1.5
    endloop
  endfacet
  facet normal -0.741024 -0.671478 0
    outer loop
      vertex -76.7979 45.2021 1.5
      vertex -76.6859 45.0785 -1.5
      vertex -76.6859 45.0785 1.5
    endloop
  endfacet
  facet normal -0.857652 -0.514231 0
    outer loop
      vertex -76.5007 44.8014 -1.5
      vertex -76.5865 44.9445 1.5
      vertex -76.5865 44.9445 -1.5
    endloop
  endfacet
  facet normal -0.857652 -0.514231 0
    outer loop
      vertex -76.5865 44.9445 1.5
      vertex -76.5007 44.8014 -1.5
      vertex -76.5007 44.8014 1.5
    endloop
  endfacet
  facet normal -0.146875 -0.989155 0
    outer loop
      vertex -77.8334 45.6918 -1.5
      vertex -77.6684 45.6673 1.5
      vertex -77.8334 45.6918 1.5
    endloop
  endfacet
  facet normal -0.146875 -0.989155 -0
    outer loop
      vertex -77.6684 45.6673 1.5
      vertex -77.8334 45.6918 -1.5
      vertex -77.6684 45.6673 -1.5
    endloop
  endfacet
  facet normal -0.242677 -0.970107 0
    outer loop
      vertex -77.6684 45.6673 -1.5
      vertex -77.5065 45.6268 1.5
      vertex -77.6684 45.6673 1.5
    endloop
  endfacet
  facet normal -0.242677 -0.970107 -0
    outer loop
      vertex -77.5065 45.6268 1.5
      vertex -77.6684 45.6673 -1.5
      vertex -77.5065 45.6268 -1.5
    endloop
  endfacet
  facet normal -0.0491602 -0.998791 0
    outer loop
      vertex -78 45.7 -1.5
      vertex -77.8334 45.6918 1.5
      vertex -78 45.7 1.5
    endloop
  endfacet
  facet normal -0.0491602 -0.998791 -0
    outer loop
      vertex -77.8334 45.6918 1.5
      vertex -78 45.7 -1.5
      vertex -77.8334 45.6918 -1.5
    endloop
  endfacet
  facet normal -0.427442 -0.904043 0
    outer loop
      vertex -77.3494 45.5706 -1.5
      vertex -77.1986 45.4993 1.5
      vertex -77.3494 45.5706 1.5
    endloop
  endfacet
  facet normal -0.427442 -0.904043 -0
    outer loop
      vertex -77.1986 45.4993 1.5
      vertex -77.3494 45.5706 -1.5
      vertex -77.1986 45.4993 -1.5
    endloop
  endfacet
  facet normal -0.595772 -0.803154 0
    outer loop
      vertex -77.0555 45.4135 -1.5
      vertex -76.9215 45.3141 1.5
      vertex -77.0555 45.4135 1.5
    endloop
  endfacet
  facet normal -0.595772 -0.803154 -0
    outer loop
      vertex -76.9215 45.3141 1.5
      vertex -77.0555 45.4135 -1.5
      vertex -76.9215 45.3141 -1.5
    endloop
  endfacet
  facet normal 0.989168 -0.146788 0
    outer loop
      vertex -79.6918 44.1666 1.5
      vertex -79.6673 44.3317 -1.5
      vertex -79.6673 44.3317 1.5
    endloop
  endfacet
  facet normal 0.989168 -0.146788 0
    outer loop
      vertex -79.6673 44.3317 -1.5
      vertex -79.6918 44.1666 1.5
      vertex -79.6918 44.1666 -1.5
    endloop
  endfacet
  facet normal 0.857652 -0.514231 0
    outer loop
      vertex -79.4993 44.8014 1.5
      vertex -79.4135 44.9445 -1.5
      vertex -79.4135 44.9445 1.5
    endloop
  endfacet
  facet normal 0.857652 -0.514231 0
    outer loop
      vertex -79.4135 44.9445 -1.5
      vertex -79.4993 44.8014 1.5
      vertex -79.4993 44.8014 -1.5
    endloop
  endfacet
  facet normal 0.803154 -0.595772 0
    outer loop
      vertex -79.4135 44.9445 1.5
      vertex -79.3141 45.0785 -1.5
      vertex -79.3141 45.0785 1.5
    endloop
  endfacet
  facet normal 0.803154 -0.595772 0
    outer loop
      vertex -79.3141 45.0785 -1.5
      vertex -79.4135 44.9445 1.5
      vertex -79.4135 44.9445 -1.5
    endloop
  endfacet
  facet normal 0.904043 -0.427442 0
    outer loop
      vertex -79.5706 44.6506 1.5
      vertex -79.4993 44.8014 -1.5
      vertex -79.4993 44.8014 1.5
    endloop
  endfacet
  facet normal 0.904043 -0.427442 0
    outer loop
      vertex -79.4993 44.8014 -1.5
      vertex -79.5706 44.6506 1.5
      vertex -79.5706 44.6506 -1.5
    endloop
  endfacet
  facet normal 0.970072 -0.242818 0
    outer loop
      vertex -79.6673 44.3317 1.5
      vertex -79.6268 44.4935 -1.5
      vertex -79.6268 44.4935 1.5
    endloop
  endfacet
  facet normal 0.970072 -0.242818 0
    outer loop
      vertex -79.6268 44.4935 -1.5
      vertex -79.6673 44.3317 1.5
      vertex -79.6673 44.3317 -1.5
    endloop
  endfacet
  facet normal 0.998791 -0.0491602 0
    outer loop
      vertex -79.7 44 1.5
      vertex -79.6918 44.1666 -1.5
      vertex -79.6918 44.1666 1.5
    endloop
  endfacet
  facet normal 0.998791 -0.0491602 0
    outer loop
      vertex -79.6918 44.1666 -1.5
      vertex -79.7 44 1.5
      vertex -79.7 44 -1.5
    endloop
  endfacet
  facet normal 0.595772 -0.803154 0
    outer loop
      vertex -79.0785 45.3141 -1.5
      vertex -78.9445 45.4135 1.5
      vertex -79.0785 45.3141 1.5
    endloop
  endfacet
  facet normal 0.595772 -0.803154 0
    outer loop
      vertex -78.9445 45.4135 1.5
      vertex -79.0785 45.3141 -1.5
      vertex -78.9445 45.4135 -1.5
    endloop
  endfacet
  facet normal 0.514231 -0.857652 0
    outer loop
      vertex -78.9445 45.4135 -1.5
      vertex -78.8014 45.4993 1.5
      vertex -78.9445 45.4135 1.5
    endloop
  endfacet
  facet normal 0.514231 -0.857652 0
    outer loop
      vertex -78.8014 45.4993 1.5
      vertex -78.9445 45.4135 -1.5
      vertex -78.8014 45.4993 -1.5
    endloop
  endfacet
  facet normal 0.671478 -0.741024 0
    outer loop
      vertex -79.2021 45.2021 -1.5
      vertex -79.0785 45.3141 1.5
      vertex -79.2021 45.2021 1.5
    endloop
  endfacet
  facet normal 0.671478 -0.741024 0
    outer loop
      vertex -79.0785 45.3141 1.5
      vertex -79.2021 45.2021 -1.5
      vertex -79.0785 45.3141 -1.5
    endloop
  endfacet
  facet normal 0.33683 -0.941566 0
    outer loop
      vertex -78.6506 45.5706 -1.5
      vertex -78.4935 45.6268 1.5
      vertex -78.6506 45.5706 1.5
    endloop
  endfacet
  facet normal 0.33683 -0.941566 0
    outer loop
      vertex -78.4935 45.6268 1.5
      vertex -78.6506 45.5706 -1.5
      vertex -78.4935 45.6268 -1.5
    endloop
  endfacet
  facet normal 0.146875 -0.989155 0
    outer loop
      vertex -78.3316 45.6673 -1.5
      vertex -78.1666 45.6918 1.5
      vertex -78.3316 45.6673 1.5
    endloop
  endfacet
  facet normal 0.146875 -0.989155 0
    outer loop
      vertex -78.1666 45.6918 1.5
      vertex -78.3316 45.6673 -1.5
      vertex -78.1666 45.6918 -1.5
    endloop
  endfacet
  facet normal -0.998791 0.0491602 0
    outer loop
      vertex -76.3082 43.8334 -1.5
      vertex -76.3 44 1.5
      vertex -76.3 44 -1.5
    endloop
  endfacet
  facet normal -0.998791 0.0491602 0
    outer loop
      vertex -76.3 44 1.5
      vertex -76.3082 43.8334 -1.5
      vertex -76.3082 43.8334 1.5
    endloop
  endfacet
  facet normal -0.741024 0.671478 0
    outer loop
      vertex -76.7979 42.7979 -1.5
      vertex -76.6859 42.9215 1.5
      vertex -76.6859 42.9215 -1.5
    endloop
  endfacet
  facet normal -0.741024 0.671478 0
    outer loop
      vertex -76.6859 42.9215 1.5
      vertex -76.7979 42.7979 -1.5
      vertex -76.7979 42.7979 1.5
    endloop
  endfacet
  facet normal 0.595772 0.803154 -0
    outer loop
      vertex -78.9445 42.5865 -1.5
      vertex -79.0785 42.6859 1.5
      vertex -78.9445 42.5865 1.5
    endloop
  endfacet
  facet normal 0.595772 0.803154 0
    outer loop
      vertex -79.0785 42.6859 1.5
      vertex -78.9445 42.5865 -1.5
      vertex -79.0785 42.6859 -1.5
    endloop
  endfacet
  facet normal 0.857652 0.514231 0
    outer loop
      vertex -79.4135 43.0555 1.5
      vertex -79.4993 43.1986 -1.5
      vertex -79.4993 43.1986 1.5
    endloop
  endfacet
  facet normal 0.857652 0.514231 0
    outer loop
      vertex -79.4993 43.1986 -1.5
      vertex -79.4135 43.0555 1.5
      vertex -79.4135 43.0555 -1.5
    endloop
  endfacet
  facet normal 0.741024 0.671478 0
    outer loop
      vertex -79.2021 42.7979 1.5
      vertex -79.3141 42.9215 -1.5
      vertex -79.3141 42.9215 1.5
    endloop
  endfacet
  facet normal 0.741024 0.671478 0
    outer loop
      vertex -79.3141 42.9215 -1.5
      vertex -79.2021 42.7979 1.5
      vertex -79.2021 42.7979 -1.5
    endloop
  endfacet
  facet normal 0.998791 0.0491602 0
    outer loop
      vertex -79.6918 43.8334 1.5
      vertex -79.7 44 -1.5
      vertex -79.7 44 1.5
    endloop
  endfacet
  facet normal 0.998791 0.0491602 0
    outer loop
      vertex -79.7 44 -1.5
      vertex -79.6918 43.8334 1.5
      vertex -79.6918 43.8334 -1.5
    endloop
  endfacet
  facet normal -0.989168 0.146788 0
    outer loop
      vertex -76.3327 43.6683 -1.5
      vertex -76.3082 43.8334 1.5
      vertex -76.3082 43.8334 -1.5
    endloop
  endfacet
  facet normal -0.989168 0.146788 0
    outer loop
      vertex -76.3082 43.8334 1.5
      vertex -76.3327 43.6683 -1.5
      vertex -76.3327 43.6683 1.5
    endloop
  endfacet
  facet normal -0.970072 0.242818 0
    outer loop
      vertex -76.3732 43.5065 -1.5
      vertex -76.3327 43.6683 1.5
      vertex -76.3327 43.6683 -1.5
    endloop
  endfacet
  facet normal -0.970072 0.242818 0
    outer loop
      vertex -76.3327 43.6683 1.5
      vertex -76.3732 43.5065 -1.5
      vertex -76.3732 43.5065 1.5
    endloop
  endfacet
  facet normal -0.671478 0.741024 0
    outer loop
      vertex -76.7979 42.7979 -1.5
      vertex -76.9215 42.6859 1.5
      vertex -76.7979 42.7979 1.5
    endloop
  endfacet
  facet normal -0.671478 0.741024 0
    outer loop
      vertex -76.9215 42.6859 1.5
      vertex -76.7979 42.7979 -1.5
      vertex -76.9215 42.6859 -1.5
    endloop
  endfacet
  facet normal -0.904043 0.427442 0
    outer loop
      vertex -76.5007 43.1986 -1.5
      vertex -76.4294 43.3494 1.5
      vertex -76.4294 43.3494 -1.5
    endloop
  endfacet
  facet normal -0.904043 0.427442 0
    outer loop
      vertex -76.4294 43.3494 1.5
      vertex -76.5007 43.1986 -1.5
      vertex -76.5007 43.1986 1.5
    endloop
  endfacet
  facet normal -0.803154 0.595772 0
    outer loop
      vertex -76.6859 42.9215 -1.5
      vertex -76.5865 43.0555 1.5
      vertex -76.5865 43.0555 -1.5
    endloop
  endfacet
  facet normal -0.803154 0.595772 0
    outer loop
      vertex -76.5865 43.0555 1.5
      vertex -76.6859 42.9215 -1.5
      vertex -76.6859 42.9215 1.5
    endloop
  endfacet
  facet normal 0.671478 0.741024 -0
    outer loop
      vertex -79.0785 42.6859 -1.5
      vertex -79.2021 42.7979 1.5
      vertex -79.0785 42.6859 1.5
    endloop
  endfacet
  facet normal 0.671478 0.741024 0
    outer loop
      vertex -79.2021 42.7979 1.5
      vertex -79.0785 42.6859 -1.5
      vertex -79.2021 42.7979 -1.5
    endloop
  endfacet
  facet normal 0.941566 0.33683 0
    outer loop
      vertex -79.5706 43.3494 1.5
      vertex -79.6268 43.5065 -1.5
      vertex -79.6268 43.5065 1.5
    endloop
  endfacet
  facet normal 0.941566 0.33683 0
    outer loop
      vertex -79.6268 43.5065 -1.5
      vertex -79.5706 43.3494 1.5
      vertex -79.5706 43.3494 -1.5
    endloop
  endfacet
  facet normal -0.242677 0.970107 0
    outer loop
      vertex -77.5065 42.3732 -1.5
      vertex -77.6684 42.3327 1.5
      vertex -77.5065 42.3732 1.5
    endloop
  endfacet
  facet normal -0.242677 0.970107 0
    outer loop
      vertex -77.6684 42.3327 1.5
      vertex -77.5065 42.3732 -1.5
      vertex -77.6684 42.3327 -1.5
    endloop
  endfacet
  facet normal -0.427442 0.904043 0
    outer loop
      vertex -77.1986 42.5007 -1.5
      vertex -77.3494 42.4294 1.5
      vertex -77.1986 42.5007 1.5
    endloop
  endfacet
  facet normal -0.427442 0.904043 0
    outer loop
      vertex -77.3494 42.4294 1.5
      vertex -77.1986 42.5007 -1.5
      vertex -77.3494 42.4294 -1.5
    endloop
  endfacet
  facet normal -0.941566 0.33683 0
    outer loop
      vertex -76.4294 43.3494 -1.5
      vertex -76.3732 43.5065 1.5
      vertex -76.3732 43.5065 -1.5
    endloop
  endfacet
  facet normal -0.941566 0.33683 0
    outer loop
      vertex -76.3732 43.5065 1.5
      vertex -76.4294 43.3494 -1.5
      vertex -76.4294 43.3494 1.5
    endloop
  endfacet
  facet normal -0.857652 0.514231 0
    outer loop
      vertex -76.5865 43.0555 -1.5
      vertex -76.5007 43.1986 1.5
      vertex -76.5007 43.1986 -1.5
    endloop
  endfacet
  facet normal -0.857652 0.514231 0
    outer loop
      vertex -76.5007 43.1986 1.5
      vertex -76.5865 43.0555 -1.5
      vertex -76.5865 43.0555 1.5
    endloop
  endfacet
  facet normal 0.146875 0.989155 -0
    outer loop
      vertex -78.1666 42.3082 -1.5
      vertex -78.3316 42.3327 1.5
      vertex -78.1666 42.3082 1.5
    endloop
  endfacet
  facet normal 0.146875 0.989155 0
    outer loop
      vertex -78.3316 42.3327 1.5
      vertex -78.1666 42.3082 -1.5
      vertex -78.3316 42.3327 -1.5
    endloop
  endfacet
  facet normal 0.803154 0.595772 0
    outer loop
      vertex -79.3141 42.9215 1.5
      vertex -79.4135 43.0555 -1.5
      vertex -79.4135 43.0555 1.5
    endloop
  endfacet
  facet normal 0.803154 0.595772 0
    outer loop
      vertex -79.4135 43.0555 -1.5
      vertex -79.3141 42.9215 1.5
      vertex -79.3141 42.9215 -1.5
    endloop
  endfacet
  facet normal 0.904043 0.427442 0
    outer loop
      vertex -79.4993 43.1986 1.5
      vertex -79.5706 43.3494 -1.5
      vertex -79.5706 43.3494 1.5
    endloop
  endfacet
  facet normal 0.904043 0.427442 0
    outer loop
      vertex -79.5706 43.3494 -1.5
      vertex -79.4993 43.1986 1.5
      vertex -79.4993 43.1986 -1.5
    endloop
  endfacet
  facet normal 0.970072 0.242818 0
    outer loop
      vertex -79.6268 43.5065 1.5
      vertex -79.6673 43.6683 -1.5
      vertex -79.6673 43.6683 1.5
    endloop
  endfacet
  facet normal 0.970072 0.242818 0
    outer loop
      vertex -79.6673 43.6683 -1.5
      vertex -79.6268 43.5065 1.5
      vertex -79.6268 43.5065 -1.5
    endloop
  endfacet
  facet normal 0.989168 0.146788 0
    outer loop
      vertex -79.6673 43.6683 1.5
      vertex -79.6918 43.8334 -1.5
      vertex -79.6918 43.8334 1.5
    endloop
  endfacet
  facet normal 0.989168 0.146788 0
    outer loop
      vertex -79.6918 43.8334 -1.5
      vertex -79.6673 43.6683 1.5
      vertex -79.6673 43.6683 -1.5
    endloop
  endfacet
  facet normal -0.595772 0.803154 0
    outer loop
      vertex -76.9215 42.6859 -1.5
      vertex -77.0555 42.5865 1.5
      vertex -76.9215 42.6859 1.5
    endloop
  endfacet
  facet normal -0.595772 0.803154 0
    outer loop
      vertex -77.0555 42.5865 1.5
      vertex -76.9215 42.6859 -1.5
      vertex -77.0555 42.5865 -1.5
    endloop
  endfacet
  facet normal -0.514231 0.857652 0
    outer loop
      vertex -77.0555 42.5865 -1.5
      vertex -77.1986 42.5007 1.5
      vertex -77.0555 42.5865 1.5
    endloop
  endfacet
  facet normal -0.514231 0.857652 0
    outer loop
      vertex -77.1986 42.5007 1.5
      vertex -77.0555 42.5865 -1.5
      vertex -77.1986 42.5007 -1.5
    endloop
  endfacet
  facet normal 0.427442 0.904043 -0
    outer loop
      vertex -78.6506 42.4294 -1.5
      vertex -78.8014 42.5007 1.5
      vertex -78.6506 42.4294 1.5
    endloop
  endfacet
  facet normal 0.427442 0.904043 0
    outer loop
      vertex -78.8014 42.5007 1.5
      vertex -78.6506 42.4294 -1.5
      vertex -78.8014 42.5007 -1.5
    endloop
  endfacet
  facet normal 0.242677 0.970107 -0
    outer loop
      vertex -78.3316 42.3327 -1.5
      vertex -78.4935 42.3732 1.5
      vertex -78.3316 42.3327 1.5
    endloop
  endfacet
  facet normal 0.242677 0.970107 0
    outer loop
      vertex -78.4935 42.3732 1.5
      vertex -78.3316 42.3327 -1.5
      vertex -78.4935 42.3732 -1.5
    endloop
  endfacet
  facet normal 0.0491602 0.998791 -0
    outer loop
      vertex -78 42.3 -1.5
      vertex -78.1666 42.3082 1.5
      vertex -78 42.3 1.5
    endloop
  endfacet
  facet normal 0.0491602 0.998791 0
    outer loop
      vertex -78.1666 42.3082 1.5
      vertex -78 42.3 -1.5
      vertex -78.1666 42.3082 -1.5
    endloop
  endfacet
  facet normal -0.33683 0.941566 0
    outer loop
      vertex -77.3494 42.4294 -1.5
      vertex -77.5065 42.3732 1.5
      vertex -77.3494 42.4294 1.5
    endloop
  endfacet
  facet normal -0.33683 0.941566 0
    outer loop
      vertex -77.5065 42.3732 1.5
      vertex -77.3494 42.4294 -1.5
      vertex -77.5065 42.3732 -1.5
    endloop
  endfacet
  facet normal 0.33683 0.941566 -0
    outer loop
      vertex -78.4935 42.3732 -1.5
      vertex -78.6506 42.4294 1.5
      vertex -78.4935 42.3732 1.5
    endloop
  endfacet
  facet normal 0.33683 0.941566 0
    outer loop
      vertex -78.6506 42.4294 1.5
      vertex -78.4935 42.3732 -1.5
      vertex -78.6506 42.4294 -1.5
    endloop
  endfacet
  facet normal 0.514231 0.857652 -0
    outer loop
      vertex -78.8014 42.5007 -1.5
      vertex -78.9445 42.5865 1.5
      vertex -78.8014 42.5007 1.5
    endloop
  endfacet
  facet normal 0.514231 0.857652 0
    outer loop
      vertex -78.9445 42.5865 1.5
      vertex -78.8014 42.5007 -1.5
      vertex -78.9445 42.5865 -1.5
    endloop
  endfacet
  facet normal -0.998791 -0.0491602 0
    outer loop
      vertex 79.7 -44 -1.5
      vertex 79.6918 -43.8334 1.5
      vertex 79.6918 -43.8334 -1.5
    endloop
  endfacet
  facet normal -0.998791 -0.0491602 0
    outer loop
      vertex 79.6918 -43.8334 1.5
      vertex 79.7 -44 -1.5
      vertex 79.7 -44 1.5
    endloop
  endfacet
  facet normal 0.998791 -0.0491602 0
    outer loop
      vertex 76.3 -44 1.5
      vertex 76.3082 -43.8334 -1.5
      vertex 76.3082 -43.8334 1.5
    endloop
  endfacet
  facet normal 0.998791 -0.0491602 0
    outer loop
      vertex 76.3082 -43.8334 -1.5
      vertex 76.3 -44 1.5
      vertex 76.3 -44 -1.5
    endloop
  endfacet
  facet normal -0.0491602 -0.998791 0
    outer loop
      vertex 78 -42.3 -1.5
      vertex 78.1666 -42.3082 1.5
      vertex 78 -42.3 1.5
    endloop
  endfacet
  facet normal -0.0491602 -0.998791 -0
    outer loop
      vertex 78.1666 -42.3082 1.5
      vertex 78 -42.3 -1.5
      vertex 78.1666 -42.3082 -1.5
    endloop
  endfacet
  facet normal 0.0491602 0.998791 -0
    outer loop
      vertex 78 -45.7 -1.5
      vertex 77.8334 -45.6918 1.5
      vertex 78 -45.7 1.5
    endloop
  endfacet
  facet normal 0.0491602 0.998791 0
    outer loop
      vertex 77.8334 -45.6918 1.5
      vertex 78 -45.7 -1.5
      vertex 77.8334 -45.6918 -1.5
    endloop
  endfacet
  facet normal 0.741024 0.671478 0
    outer loop
      vertex 76.7979 -45.2021 1.5
      vertex 76.6859 -45.0785 -1.5
      vertex 76.6859 -45.0785 1.5
    endloop
  endfacet
  facet normal 0.741024 0.671478 0
    outer loop
      vertex 76.6859 -45.0785 -1.5
      vertex 76.7979 -45.2021 1.5
      vertex 76.7979 -45.2021 -1.5
    endloop
  endfacet
  facet normal -0.671478 -0.741024 0
    outer loop
      vertex 79.0785 -42.6859 -1.5
      vertex 79.2021 -42.7979 1.5
      vertex 79.0785 -42.6859 1.5
    endloop
  endfacet
  facet normal -0.671478 -0.741024 -0
    outer loop
      vertex 79.2021 -42.7979 1.5
      vertex 79.0785 -42.6859 -1.5
      vertex 79.2021 -42.7979 -1.5
    endloop
  endfacet
  facet normal 0.671478 -0.741024 0
    outer loop
      vertex 76.7979 -42.7979 -1.5
      vertex 76.9215 -42.6859 1.5
      vertex 76.7979 -42.7979 1.5
    endloop
  endfacet
  facet normal 0.671478 -0.741024 0
    outer loop
      vertex 76.9215 -42.6859 1.5
      vertex 76.7979 -42.7979 -1.5
      vertex 76.9215 -42.6859 -1.5
    endloop
  endfacet
  facet normal 0.33683 -0.941566 0
    outer loop
      vertex 77.3494 -42.4294 -1.5
      vertex 77.5065 -42.3732 1.5
      vertex 77.3494 -42.4294 1.5
    endloop
  endfacet
  facet normal 0.33683 -0.941566 0
    outer loop
      vertex 77.5065 -42.3732 1.5
      vertex 77.3494 -42.4294 -1.5
      vertex 77.5065 -42.3732 -1.5
    endloop
  endfacet
  facet normal -0.904043 -0.427442 0
    outer loop
      vertex 79.5706 -43.3494 -1.5
      vertex 79.4993 -43.1986 1.5
      vertex 79.4993 -43.1986 -1.5
    endloop
  endfacet
  facet normal -0.904043 -0.427442 0
    outer loop
      vertex 79.4993 -43.1986 1.5
      vertex 79.5706 -43.3494 -1.5
      vertex 79.5706 -43.3494 1.5
    endloop
  endfacet
  facet normal -0.427442 -0.904043 0
    outer loop
      vertex 78.6506 -42.4294 -1.5
      vertex 78.8014 -42.5007 1.5
      vertex 78.6506 -42.4294 1.5
    endloop
  endfacet
  facet normal -0.427442 -0.904043 -0
    outer loop
      vertex 78.8014 -42.5007 1.5
      vertex 78.6506 -42.4294 -1.5
      vertex 78.8014 -42.5007 -1.5
    endloop
  endfacet
  facet normal -0.514231 -0.857652 0
    outer loop
      vertex 78.8014 -42.5007 -1.5
      vertex 78.9445 -42.5865 1.5
      vertex 78.8014 -42.5007 1.5
    endloop
  endfacet
  facet normal -0.514231 -0.857652 -0
    outer loop
      vertex 78.9445 -42.5865 1.5
      vertex 78.8014 -42.5007 -1.5
      vertex 78.9445 -42.5865 -1.5
    endloop
  endfacet
  facet normal 0.904043 -0.427442 0
    outer loop
      vertex 76.4294 -43.3494 1.5
      vertex 76.5007 -43.1986 -1.5
      vertex 76.5007 -43.1986 1.5
    endloop
  endfacet
  facet normal 0.904043 -0.427442 0
    outer loop
      vertex 76.5007 -43.1986 -1.5
      vertex 76.4294 -43.3494 1.5
      vertex 76.4294 -43.3494 -1.5
    endloop
  endfacet
  facet normal 0.146875 -0.989155 0
    outer loop
      vertex 77.6684 -42.3327 -1.5
      vertex 77.8334 -42.3082 1.5
      vertex 77.6684 -42.3327 1.5
    endloop
  endfacet
  facet normal 0.146875 -0.989155 0
    outer loop
      vertex 77.8334 -42.3082 1.5
      vertex 77.6684 -42.3327 -1.5
      vertex 77.8334 -42.3082 -1.5
    endloop
  endfacet
  facet normal -0.941566 0.33683 0
    outer loop
      vertex 79.5706 -44.6506 -1.5
      vertex 79.6268 -44.4935 1.5
      vertex 79.6268 -44.4935 -1.5
    endloop
  endfacet
  facet normal -0.941566 0.33683 0
    outer loop
      vertex 79.6268 -44.4935 1.5
      vertex 79.5706 -44.6506 -1.5
      vertex 79.5706 -44.6506 1.5
    endloop
  endfacet
  facet normal -0.970072 -0.242818 0
    outer loop
      vertex 79.6673 -43.6683 -1.5
      vertex 79.6268 -43.5065 1.5
      vertex 79.6268 -43.5065 -1.5
    endloop
  endfacet
  facet normal -0.970072 -0.242818 0
    outer loop
      vertex 79.6268 -43.5065 1.5
      vertex 79.6673 -43.6683 -1.5
      vertex 79.6673 -43.6683 1.5
    endloop
  endfacet
  facet normal -0.989168 -0.146788 0
    outer loop
      vertex 79.6918 -43.8334 -1.5
      vertex 79.6673 -43.6683 1.5
      vertex 79.6673 -43.6683 -1.5
    endloop
  endfacet
  facet normal -0.989168 -0.146788 0
    outer loop
      vertex 79.6673 -43.6683 1.5
      vertex 79.6918 -43.8334 -1.5
      vertex 79.6918 -43.8334 1.5
    endloop
  endfacet
  facet normal -0.941566 -0.33683 0
    outer loop
      vertex 79.6268 -43.5065 -1.5
      vertex 79.5706 -43.3494 1.5
      vertex 79.5706 -43.3494 -1.5
    endloop
  endfacet
  facet normal -0.941566 -0.33683 0
    outer loop
      vertex 79.5706 -43.3494 1.5
      vertex 79.6268 -43.5065 -1.5
      vertex 79.6268 -43.5065 1.5
    endloop
  endfacet
  facet normal -0.803154 -0.595772 0
    outer loop
      vertex 79.4135 -43.0555 -1.5
      vertex 79.3141 -42.9215 1.5
      vertex 79.3141 -42.9215 -1.5
    endloop
  endfacet
  facet normal -0.803154 -0.595772 0
    outer loop
      vertex 79.3141 -42.9215 1.5
      vertex 79.4135 -43.0555 -1.5
      vertex 79.4135 -43.0555 1.5
    endloop
  endfacet
  facet normal -0.741024 -0.671478 0
    outer loop
      vertex 79.3141 -42.9215 -1.5
      vertex 79.2021 -42.7979 1.5
      vertex 79.2021 -42.7979 -1.5
    endloop
  endfacet
  facet normal -0.741024 -0.671478 0
    outer loop
      vertex 79.2021 -42.7979 1.5
      vertex 79.3141 -42.9215 -1.5
      vertex 79.3141 -42.9215 1.5
    endloop
  endfacet
  facet normal -0.857652 -0.514231 0
    outer loop
      vertex 79.4993 -43.1986 -1.5
      vertex 79.4135 -43.0555 1.5
      vertex 79.4135 -43.0555 -1.5
    endloop
  endfacet
  facet normal -0.857652 -0.514231 0
    outer loop
      vertex 79.4135 -43.0555 1.5
      vertex 79.4993 -43.1986 -1.5
      vertex 79.4993 -43.1986 1.5
    endloop
  endfacet
  facet normal -0.242677 -0.970107 0
    outer loop
      vertex 78.3316 -42.3327 -1.5
      vertex 78.4935 -42.3732 1.5
      vertex 78.3316 -42.3327 1.5
    endloop
  endfacet
  facet normal -0.242677 -0.970107 -0
    outer loop
      vertex 78.4935 -42.3732 1.5
      vertex 78.3316 -42.3327 -1.5
      vertex 78.4935 -42.3732 -1.5
    endloop
  endfacet
  facet normal -0.33683 -0.941566 0
    outer loop
      vertex 78.4935 -42.3732 -1.5
      vertex 78.6506 -42.4294 1.5
      vertex 78.4935 -42.3732 1.5
    endloop
  endfacet
  facet normal -0.33683 -0.941566 -0
    outer loop
      vertex 78.6506 -42.4294 1.5
      vertex 78.4935 -42.3732 -1.5
      vertex 78.6506 -42.4294 -1.5
    endloop
  endfacet
  facet normal -0.146875 -0.989155 0
    outer loop
      vertex 78.1666 -42.3082 -1.5
      vertex 78.3316 -42.3327 1.5
      vertex 78.1666 -42.3082 1.5
    endloop
  endfacet
  facet normal -0.146875 -0.989155 -0
    outer loop
      vertex 78.3316 -42.3327 1.5
      vertex 78.1666 -42.3082 -1.5
      vertex 78.3316 -42.3327 -1.5
    endloop
  endfacet
  facet normal -0.595772 -0.803154 0
    outer loop
      vertex 78.9445 -42.5865 -1.5
      vertex 79.0785 -42.6859 1.5
      vertex 78.9445 -42.5865 1.5
    endloop
  endfacet
  facet normal -0.595772 -0.803154 -0
    outer loop
      vertex 79.0785 -42.6859 1.5
      vertex 78.9445 -42.5865 -1.5
      vertex 79.0785 -42.6859 -1.5
    endloop
  endfacet
  facet normal 0.970072 -0.242818 0
    outer loop
      vertex 76.3327 -43.6683 1.5
      vertex 76.3732 -43.5065 -1.5
      vertex 76.3732 -43.5065 1.5
    endloop
  endfacet
  facet normal 0.970072 -0.242818 0
    outer loop
      vertex 76.3732 -43.5065 -1.5
      vertex 76.3327 -43.6683 1.5
      vertex 76.3327 -43.6683 -1.5
    endloop
  endfacet
  facet normal 0.803154 -0.595772 0
    outer loop
      vertex 76.5865 -43.0555 1.5
      vertex 76.6859 -42.9215 -1.5
      vertex 76.6859 -42.9215 1.5
    endloop
  endfacet
  facet normal 0.803154 -0.595772 0
    outer loop
      vertex 76.6859 -42.9215 -1.5
      vertex 76.5865 -43.0555 1.5
      vertex 76.5865 -43.0555 -1.5
    endloop
  endfacet
  facet normal 0.741024 -0.671478 0
    outer loop
      vertex 76.6859 -42.9215 1.5
      vertex 76.7979 -42.7979 -1.5
      vertex 76.7979 -42.7979 1.5
    endloop
  endfacet
  facet normal 0.741024 -0.671478 0
    outer loop
      vertex 76.7979 -42.7979 -1.5
      vertex 76.6859 -42.9215 1.5
      vertex 76.6859 -42.9215 -1.5
    endloop
  endfacet
  facet normal 0.857652 -0.514231 0
    outer loop
      vertex 76.5007 -43.1986 1.5
      vertex 76.5865 -43.0555 -1.5
      vertex 76.5865 -43.0555 1.5
    endloop
  endfacet
  facet normal 0.857652 -0.514231 0
    outer loop
      vertex 76.5865 -43.0555 -1.5
      vertex 76.5007 -43.1986 1.5
      vertex 76.5007 -43.1986 -1.5
    endloop
  endfacet
  facet normal 0.941566 -0.33683 0
    outer loop
      vertex 76.3732 -43.5065 1.5
      vertex 76.4294 -43.3494 -1.5
      vertex 76.4294 -43.3494 1.5
    endloop
  endfacet
  facet normal 0.941566 -0.33683 0
    outer loop
      vertex 76.4294 -43.3494 -1.5
      vertex 76.3732 -43.5065 1.5
      vertex 76.3732 -43.5065 -1.5
    endloop
  endfacet
  facet normal 0.989168 -0.146788 0
    outer loop
      vertex 76.3082 -43.8334 1.5
      vertex 76.3327 -43.6683 -1.5
      vertex 76.3327 -43.6683 1.5
    endloop
  endfacet
  facet normal 0.989168 -0.146788 0
    outer loop
      vertex 76.3327 -43.6683 -1.5
      vertex 76.3082 -43.8334 1.5
      vertex 76.3082 -43.8334 -1.5
    endloop
  endfacet
  facet normal 0.514231 -0.857652 0
    outer loop
      vertex 77.0555 -42.5865 -1.5
      vertex 77.1986 -42.5007 1.5
      vertex 77.0555 -42.5865 1.5
    endloop
  endfacet
  facet normal 0.514231 -0.857652 0
    outer loop
      vertex 77.1986 -42.5007 1.5
      vertex 77.0555 -42.5865 -1.5
      vertex 77.1986 -42.5007 -1.5
    endloop
  endfacet
  facet normal 0.427442 -0.904043 0
    outer loop
      vertex 77.1986 -42.5007 -1.5
      vertex 77.3494 -42.4294 1.5
      vertex 77.1986 -42.5007 1.5
    endloop
  endfacet
  facet normal 0.427442 -0.904043 0
    outer loop
      vertex 77.3494 -42.4294 1.5
      vertex 77.1986 -42.5007 -1.5
      vertex 77.3494 -42.4294 -1.5
    endloop
  endfacet
  facet normal 0.595772 -0.803154 0
    outer loop
      vertex 76.9215 -42.6859 -1.5
      vertex 77.0555 -42.5865 1.5
      vertex 76.9215 -42.6859 1.5
    endloop
  endfacet
  facet normal 0.595772 -0.803154 0
    outer loop
      vertex 77.0555 -42.5865 1.5
      vertex 76.9215 -42.6859 -1.5
      vertex 77.0555 -42.5865 -1.5
    endloop
  endfacet
  facet normal 0.242677 -0.970107 0
    outer loop
      vertex 77.5065 -42.3732 -1.5
      vertex 77.6684 -42.3327 1.5
      vertex 77.5065 -42.3732 1.5
    endloop
  endfacet
  facet normal 0.242677 -0.970107 0
    outer loop
      vertex 77.6684 -42.3327 1.5
      vertex 77.5065 -42.3732 -1.5
      vertex 77.6684 -42.3327 -1.5
    endloop
  endfacet
  facet normal 0.0491602 -0.998791 0
    outer loop
      vertex 77.8334 -42.3082 -1.5
      vertex 78 -42.3 1.5
      vertex 77.8334 -42.3082 1.5
    endloop
  endfacet
  facet normal 0.0491602 -0.998791 0
    outer loop
      vertex 78 -42.3 1.5
      vertex 77.8334 -42.3082 -1.5
      vertex 78 -42.3 -1.5
    endloop
  endfacet
  facet normal -0.998791 0.0491602 0
    outer loop
      vertex 79.6918 -44.1666 -1.5
      vertex 79.7 -44 1.5
      vertex 79.7 -44 -1.5
    endloop
  endfacet
  facet normal -0.998791 0.0491602 0
    outer loop
      vertex 79.7 -44 1.5
      vertex 79.6918 -44.1666 -1.5
      vertex 79.6918 -44.1666 1.5
    endloop
  endfacet
  facet normal -0.0491602 0.998791 0
    outer loop
      vertex 78.1666 -45.6918 -1.5
      vertex 78 -45.7 1.5
      vertex 78.1666 -45.6918 1.5
    endloop
  endfacet
  facet normal -0.0491602 0.998791 0
    outer loop
      vertex 78 -45.7 1.5
      vertex 78.1666 -45.6918 -1.5
      vertex 78 -45.7 -1.5
    endloop
  endfacet
  facet normal -0.671478 0.741024 0
    outer loop
      vertex 79.2021 -45.2021 -1.5
      vertex 79.0785 -45.3141 1.5
      vertex 79.2021 -45.2021 1.5
    endloop
  endfacet
  facet normal -0.671478 0.741024 0
    outer loop
      vertex 79.0785 -45.3141 1.5
      vertex 79.2021 -45.2021 -1.5
      vertex 79.0785 -45.3141 -1.5
    endloop
  endfacet
  facet normal -0.514231 0.857652 0
    outer loop
      vertex 78.9445 -45.4135 -1.5
      vertex 78.8014 -45.4993 1.5
      vertex 78.9445 -45.4135 1.5
    endloop
  endfacet
  facet normal -0.514231 0.857652 0
    outer loop
      vertex 78.8014 -45.4993 1.5
      vertex 78.9445 -45.4135 -1.5
      vertex 78.8014 -45.4993 -1.5
    endloop
  endfacet
  facet normal -0.803154 0.595772 0
    outer loop
      vertex 79.3141 -45.0785 -1.5
      vertex 79.4135 -44.9445 1.5
      vertex 79.4135 -44.9445 -1.5
    endloop
  endfacet
  facet normal -0.803154 0.595772 0
    outer loop
      vertex 79.4135 -44.9445 1.5
      vertex 79.3141 -45.0785 -1.5
      vertex 79.3141 -45.0785 1.5
    endloop
  endfacet
  facet normal -0.904043 0.427442 0
    outer loop
      vertex 79.4993 -44.8014 -1.5
      vertex 79.5706 -44.6506 1.5
      vertex 79.5706 -44.6506 -1.5
    endloop
  endfacet
  facet normal -0.904043 0.427442 0
    outer loop
      vertex 79.5706 -44.6506 1.5
      vertex 79.4993 -44.8014 -1.5
      vertex 79.4993 -44.8014 1.5
    endloop
  endfacet
  facet normal 0.671478 0.741024 -0
    outer loop
      vertex 76.9215 -45.3141 -1.5
      vertex 76.7979 -45.2021 1.5
      vertex 76.9215 -45.3141 1.5
    endloop
  endfacet
  facet normal 0.671478 0.741024 0
    outer loop
      vertex 76.7979 -45.2021 1.5
      vertex 76.9215 -45.3141 -1.5
      vertex 76.7979 -45.2021 -1.5
    endloop
  endfacet
  facet normal 0.514231 0.857652 -0
    outer loop
      vertex 77.1986 -45.4993 -1.5
      vertex 77.0555 -45.4135 1.5
      vertex 77.1986 -45.4993 1.5
    endloop
  endfacet
  facet normal 0.514231 0.857652 0
    outer loop
      vertex 77.0555 -45.4135 1.5
      vertex 77.1986 -45.4993 -1.5
      vertex 77.0555 -45.4135 -1.5
    endloop
  endfacet
  facet normal 0.33683 0.941566 -0
    outer loop
      vertex 77.5065 -45.6268 -1.5
      vertex 77.3494 -45.5706 1.5
      vertex 77.5065 -45.6268 1.5
    endloop
  endfacet
  facet normal 0.33683 0.941566 0
    outer loop
      vertex 77.3494 -45.5706 1.5
      vertex 77.5065 -45.6268 -1.5
      vertex 77.3494 -45.5706 -1.5
    endloop
  endfacet
  facet normal 0.146875 0.989155 -0
    outer loop
      vertex 77.8334 -45.6918 -1.5
      vertex 77.6684 -45.6673 1.5
      vertex 77.8334 -45.6918 1.5
    endloop
  endfacet
  facet normal 0.146875 0.989155 0
    outer loop
      vertex 77.6684 -45.6673 1.5
      vertex 77.8334 -45.6918 -1.5
      vertex 77.6684 -45.6673 -1.5
    endloop
  endfacet
  facet normal 0.857652 0.514231 0
    outer loop
      vertex 76.5865 -44.9445 1.5
      vertex 76.5007 -44.8014 -1.5
      vertex 76.5007 -44.8014 1.5
    endloop
  endfacet
  facet normal 0.857652 0.514231 0
    outer loop
      vertex 76.5007 -44.8014 -1.5
      vertex 76.5865 -44.9445 1.5
      vertex 76.5865 -44.9445 -1.5
    endloop
  endfacet
  facet normal 0.904043 0.427442 0
    outer loop
      vertex 76.5007 -44.8014 1.5
      vertex 76.4294 -44.6506 -1.5
      vertex 76.4294 -44.6506 1.5
    endloop
  endfacet
  facet normal 0.904043 0.427442 0
    outer loop
      vertex 76.4294 -44.6506 -1.5
      vertex 76.5007 -44.8014 1.5
      vertex 76.5007 -44.8014 -1.5
    endloop
  endfacet
  facet normal 0.803154 0.595772 0
    outer loop
      vertex 76.6859 -45.0785 1.5
      vertex 76.5865 -44.9445 -1.5
      vertex 76.5865 -44.9445 1.5
    endloop
  endfacet
  facet normal 0.803154 0.595772 0
    outer loop
      vertex 76.5865 -44.9445 -1.5
      vertex 76.6859 -45.0785 1.5
      vertex 76.6859 -45.0785 -1.5
    endloop
  endfacet
  facet normal 0.970072 0.242818 0
    outer loop
      vertex 76.3732 -44.4935 1.5
      vertex 76.3327 -44.3317 -1.5
      vertex 76.3327 -44.3317 1.5
    endloop
  endfacet
  facet normal 0.970072 0.242818 0
    outer loop
      vertex 76.3327 -44.3317 -1.5
      vertex 76.3732 -44.4935 1.5
      vertex 76.3732 -44.4935 -1.5
    endloop
  endfacet
  facet normal 0.941566 0.33683 0
    outer loop
      vertex 76.4294 -44.6506 1.5
      vertex 76.3732 -44.4935 -1.5
      vertex 76.3732 -44.4935 1.5
    endloop
  endfacet
  facet normal 0.941566 0.33683 0
    outer loop
      vertex 76.3732 -44.4935 -1.5
      vertex 76.4294 -44.6506 1.5
      vertex 76.4294 -44.6506 -1.5
    endloop
  endfacet
  facet normal 0.998791 0.0491602 0
    outer loop
      vertex 76.3082 -44.1666 1.5
      vertex 76.3 -44 -1.5
      vertex 76.3 -44 1.5
    endloop
  endfacet
  facet normal 0.998791 0.0491602 0
    outer loop
      vertex 76.3 -44 -1.5
      vertex 76.3082 -44.1666 1.5
      vertex 76.3082 -44.1666 -1.5
    endloop
  endfacet
  facet normal -0.146875 0.989155 0
    outer loop
      vertex 78.3316 -45.6673 -1.5
      vertex 78.1666 -45.6918 1.5
      vertex 78.3316 -45.6673 1.5
    endloop
  endfacet
  facet normal -0.146875 0.989155 0
    outer loop
      vertex 78.1666 -45.6918 1.5
      vertex 78.3316 -45.6673 -1.5
      vertex 78.1666 -45.6918 -1.5
    endloop
  endfacet
  facet normal -0.33683 0.941566 0
    outer loop
      vertex 78.6506 -45.5706 -1.5
      vertex 78.4935 -45.6268 1.5
      vertex 78.6506 -45.5706 1.5
    endloop
  endfacet
  facet normal -0.33683 0.941566 0
    outer loop
      vertex 78.4935 -45.6268 1.5
      vertex 78.6506 -45.5706 -1.5
      vertex 78.4935 -45.6268 -1.5
    endloop
  endfacet
  facet normal -0.427442 0.904043 0
    outer loop
      vertex 78.8014 -45.4993 -1.5
      vertex 78.6506 -45.5706 1.5
      vertex 78.8014 -45.4993 1.5
    endloop
  endfacet
  facet normal -0.427442 0.904043 0
    outer loop
      vertex 78.6506 -45.5706 1.5
      vertex 78.8014 -45.4993 -1.5
      vertex 78.6506 -45.5706 -1.5
    endloop
  endfacet
  facet normal -0.242677 0.970107 0
    outer loop
      vertex 78.4935 -45.6268 -1.5
      vertex 78.3316 -45.6673 1.5
      vertex 78.4935 -45.6268 1.5
    endloop
  endfacet
  facet normal -0.242677 0.970107 0
    outer loop
      vertex 78.3316 -45.6673 1.5
      vertex 78.4935 -45.6268 -1.5
      vertex 78.3316 -45.6673 -1.5
    endloop
  endfacet
  facet normal -0.741024 0.671478 0
    outer loop
      vertex 79.2021 -45.2021 -1.5
      vertex 79.3141 -45.0785 1.5
      vertex 79.3141 -45.0785 -1.5
    endloop
  endfacet
  facet normal -0.741024 0.671478 0
    outer loop
      vertex 79.3141 -45.0785 1.5
      vertex 79.2021 -45.2021 -1.5
      vertex 79.2021 -45.2021 1.5
    endloop
  endfacet
  facet normal -0.595772 0.803154 0
    outer loop
      vertex 79.0785 -45.3141 -1.5
      vertex 78.9445 -45.4135 1.5
      vertex 79.0785 -45.3141 1.5
    endloop
  endfacet
  facet normal -0.595772 0.803154 0
    outer loop
      vertex 78.9445 -45.4135 1.5
      vertex 79.0785 -45.3141 -1.5
      vertex 78.9445 -45.4135 -1.5
    endloop
  endfacet
  facet normal -0.857652 0.514231 0
    outer loop
      vertex 79.4135 -44.9445 -1.5
      vertex 79.4993 -44.8014 1.5
      vertex 79.4993 -44.8014 -1.5
    endloop
  endfacet
  facet normal -0.857652 0.514231 0
    outer loop
      vertex 79.4993 -44.8014 1.5
      vertex 79.4135 -44.9445 -1.5
      vertex 79.4135 -44.9445 1.5
    endloop
  endfacet
  facet normal -0.989168 0.146788 0
    outer loop
      vertex 79.6673 -44.3317 -1.5
      vertex 79.6918 -44.1666 1.5
      vertex 79.6918 -44.1666 -1.5
    endloop
  endfacet
  facet normal -0.989168 0.146788 0
    outer loop
      vertex 79.6918 -44.1666 1.5
      vertex 79.6673 -44.3317 -1.5
      vertex 79.6673 -44.3317 1.5
    endloop
  endfacet
  facet normal -0.970072 0.242818 0
    outer loop
      vertex 79.6268 -44.4935 -1.5
      vertex 79.6673 -44.3317 1.5
      vertex 79.6673 -44.3317 -1.5
    endloop
  endfacet
  facet normal -0.970072 0.242818 0
    outer loop
      vertex 79.6673 -44.3317 1.5
      vertex 79.6268 -44.4935 -1.5
      vertex 79.6268 -44.4935 1.5
    endloop
  endfacet
  facet normal 0.595772 0.803154 -0
    outer loop
      vertex 77.0555 -45.4135 -1.5
      vertex 76.9215 -45.3141 1.5
      vertex 77.0555 -45.4135 1.5
    endloop
  endfacet
  facet normal 0.595772 0.803154 0
    outer loop
      vertex 76.9215 -45.3141 1.5
      vertex 77.0555 -45.4135 -1.5
      vertex 76.9215 -45.3141 -1.5
    endloop
  endfacet
  facet normal 0.427442 0.904043 -0
    outer loop
      vertex 77.3494 -45.5706 -1.5
      vertex 77.1986 -45.4993 1.5
      vertex 77.3494 -45.5706 1.5
    endloop
  endfacet
  facet normal 0.427442 0.904043 0
    outer loop
      vertex 77.1986 -45.4993 1.5
      vertex 77.3494 -45.5706 -1.5
      vertex 77.1986 -45.4993 -1.5
    endloop
  endfacet
  facet normal 0.242677 0.970107 -0
    outer loop
      vertex 77.6684 -45.6673 -1.5
      vertex 77.5065 -45.6268 1.5
      vertex 77.6684 -45.6673 1.5
    endloop
  endfacet
  facet normal 0.242677 0.970107 0
    outer loop
      vertex 77.5065 -45.6268 1.5
      vertex 77.6684 -45.6673 -1.5
      vertex 77.5065 -45.6268 -1.5
    endloop
  endfacet
  facet normal 0.989168 0.146788 0
    outer loop
      vertex 76.3327 -44.3317 1.5
      vertex 76.3082 -44.1666 -1.5
      vertex 76.3082 -44.1666 1.5
    endloop
  endfacet
  facet normal 0.989168 0.146788 0
    outer loop
      vertex 76.3082 -44.1666 -1.5
      vertex 76.3327 -44.3317 1.5
      vertex 76.3327 -44.3317 -1.5
    endloop
  endfacet
  facet normal -0.998791 -0.0491602 0
    outer loop
      vertex 79.7 44 -1.5
      vertex 79.6918 44.1666 1.5
      vertex 79.6918 44.1666 -1.5
    endloop
  endfacet
  facet normal -0.998791 -0.0491602 0
    outer loop
      vertex 79.6918 44.1666 1.5
      vertex 79.7 44 -1.5
      vertex 79.7 44 1.5
    endloop
  endfacet
  facet normal 0.0491602 -0.998791 0
    outer loop
      vertex 77.8334 45.6918 -1.5
      vertex 78 45.7 1.5
      vertex 77.8334 45.6918 1.5
    endloop
  endfacet
  facet normal 0.0491602 -0.998791 0
    outer loop
      vertex 78 45.7 1.5
      vertex 77.8334 45.6918 -1.5
      vertex 78 45.7 -1.5
    endloop
  endfacet
  facet normal -0.0491602 0.998791 0
    outer loop
      vertex 78.1666 42.3082 -1.5
      vertex 78 42.3 1.5
      vertex 78.1666 42.3082 1.5
    endloop
  endfacet
  facet normal -0.0491602 0.998791 0
    outer loop
      vertex 78 42.3 1.5
      vertex 78.1666 42.3082 -1.5
      vertex 78 42.3 -1.5
    endloop
  endfacet
  facet normal -0.671478 -0.741024 0
    outer loop
      vertex 79.0785 45.3141 -1.5
      vertex 79.2021 45.2021 1.5
      vertex 79.0785 45.3141 1.5
    endloop
  endfacet
  facet normal -0.671478 -0.741024 -0
    outer loop
      vertex 79.2021 45.2021 1.5
      vertex 79.0785 45.3141 -1.5
      vertex 79.2021 45.2021 -1.5
    endloop
  endfacet
  facet normal 0.741024 -0.671478 0
    outer loop
      vertex 76.6859 45.0785 1.5
      vertex 76.7979 45.2021 -1.5
      vertex 76.7979 45.2021 1.5
    endloop
  endfacet
  facet normal 0.741024 -0.671478 0
    outer loop
      vertex 76.7979 45.2021 -1.5
      vertex 76.6859 45.0785 1.5
      vertex 76.6859 45.0785 -1.5
    endloop
  endfacet
  facet normal 0.427442 -0.904043 0
    outer loop
      vertex 77.1986 45.4993 -1.5
      vertex 77.3494 45.5706 1.5
      vertex 77.1986 45.4993 1.5
    endloop
  endfacet
  facet normal 0.427442 -0.904043 0
    outer loop
      vertex 77.3494 45.5706 1.5
      vertex 77.1986 45.4993 -1.5
      vertex 77.3494 45.5706 -1.5
    endloop
  endfacet
  facet normal -0.904043 -0.427442 0
    outer loop
      vertex 79.5706 44.6506 -1.5
      vertex 79.4993 44.8014 1.5
      vertex 79.4993 44.8014 -1.5
    endloop
  endfacet
  facet normal -0.904043 -0.427442 0
    outer loop
      vertex 79.4993 44.8014 1.5
      vertex 79.5706 44.6506 -1.5
      vertex 79.5706 44.6506 1.5
    endloop
  endfacet
  facet normal -0.33683 -0.941566 0
    outer loop
      vertex 78.4935 45.6268 -1.5
      vertex 78.6506 45.5706 1.5
      vertex 78.4935 45.6268 1.5
    endloop
  endfacet
  facet normal -0.33683 -0.941566 -0
    outer loop
      vertex 78.6506 45.5706 1.5
      vertex 78.4935 45.6268 -1.5
      vertex 78.6506 45.5706 -1.5
    endloop
  endfacet
  facet normal -0.514231 -0.857652 0
    outer loop
      vertex 78.8014 45.4993 -1.5
      vertex 78.9445 45.4135 1.5
      vertex 78.8014 45.4993 1.5
    endloop
  endfacet
  facet normal -0.514231 -0.857652 -0
    outer loop
      vertex 78.9445 45.4135 1.5
      vertex 78.8014 45.4993 -1.5
      vertex 78.9445 45.4135 -1.5
    endloop
  endfacet
  facet normal 0.941566 -0.33683 0
    outer loop
      vertex 76.3732 44.4935 1.5
      vertex 76.4294 44.6506 -1.5
      vertex 76.4294 44.6506 1.5
    endloop
  endfacet
  facet normal 0.941566 -0.33683 0
    outer loop
      vertex 76.4294 44.6506 -1.5
      vertex 76.3732 44.4935 1.5
      vertex 76.3732 44.4935 -1.5
    endloop
  endfacet
  facet normal 0.242677 -0.970107 0
    outer loop
      vertex 77.5065 45.6268 -1.5
      vertex 77.6684 45.6673 1.5
      vertex 77.5065 45.6268 1.5
    endloop
  endfacet
  facet normal 0.242677 -0.970107 0
    outer loop
      vertex 77.6684 45.6673 1.5
      vertex 77.5065 45.6268 -1.5
      vertex 77.6684 45.6673 -1.5
    endloop
  endfacet
  facet normal -0.146875 0.989155 0
    outer loop
      vertex 78.3316 42.3327 -1.5
      vertex 78.1666 42.3082 1.5
      vertex 78.3316 42.3327 1.5
    endloop
  endfacet
  facet normal -0.146875 0.989155 0
    outer loop
      vertex 78.1666 42.3082 1.5
      vertex 78.3316 42.3327 -1.5
      vertex 78.1666 42.3082 -1.5
    endloop
  endfacet
  facet normal -0.970072 -0.242818 0
    outer loop
      vertex 79.6673 44.3317 -1.5
      vertex 79.6268 44.4935 1.5
      vertex 79.6268 44.4935 -1.5
    endloop
  endfacet
  facet normal -0.970072 -0.242818 0
    outer loop
      vertex 79.6268 44.4935 1.5
      vertex 79.6673 44.3317 -1.5
      vertex 79.6673 44.3317 1.5
    endloop
  endfacet
  facet normal -0.989168 -0.146788 0
    outer loop
      vertex 79.6918 44.1666 -1.5
      vertex 79.6673 44.3317 1.5
      vertex 79.6673 44.3317 -1.5
    endloop
  endfacet
  facet normal -0.989168 -0.146788 0
    outer loop
      vertex 79.6673 44.3317 1.5
      vertex 79.6918 44.1666 -1.5
      vertex 79.6918 44.1666 1.5
    endloop
  endfacet
  facet normal -0.941566 -0.33683 0
    outer loop
      vertex 79.6268 44.4935 -1.5
      vertex 79.5706 44.6506 1.5
      vertex 79.5706 44.6506 -1.5
    endloop
  endfacet
  facet normal -0.941566 -0.33683 0
    outer loop
      vertex 79.5706 44.6506 1.5
      vertex 79.6268 44.4935 -1.5
      vertex 79.6268 44.4935 1.5
    endloop
  endfacet
  facet normal -0.803154 -0.595772 0
    outer loop
      vertex 79.4135 44.9445 -1.5
      vertex 79.3141 45.0785 1.5
      vertex 79.3141 45.0785 -1.5
    endloop
  endfacet
  facet normal -0.803154 -0.595772 0
    outer loop
      vertex 79.3141 45.0785 1.5
      vertex 79.4135 44.9445 -1.5
      vertex 79.4135 44.9445 1.5
    endloop
  endfacet
  facet normal -0.741024 -0.671478 0
    outer loop
      vertex 79.3141 45.0785 -1.5
      vertex 79.2021 45.2021 1.5
      vertex 79.2021 45.2021 -1.5
    endloop
  endfacet
  facet normal -0.741024 -0.671478 0
    outer loop
      vertex 79.2021 45.2021 1.5
      vertex 79.3141 45.0785 -1.5
      vertex 79.3141 45.0785 1.5
    endloop
  endfacet
  facet normal -0.857652 -0.514231 0
    outer loop
      vertex 79.4993 44.8014 -1.5
      vertex 79.4135 44.9445 1.5
      vertex 79.4135 44.9445 -1.5
    endloop
  endfacet
  facet normal -0.857652 -0.514231 0
    outer loop
      vertex 79.4135 44.9445 1.5
      vertex 79.4993 44.8014 -1.5
      vertex 79.4993 44.8014 1.5
    endloop
  endfacet
  facet normal -0.146875 -0.989155 0
    outer loop
      vertex 78.1666 45.6918 -1.5
      vertex 78.3316 45.6673 1.5
      vertex 78.1666 45.6918 1.5
    endloop
  endfacet
  facet normal -0.146875 -0.989155 -0
    outer loop
      vertex 78.3316 45.6673 1.5
      vertex 78.1666 45.6918 -1.5
      vertex 78.3316 45.6673 -1.5
    endloop
  endfacet
  facet normal -0.242677 -0.970107 0
    outer loop
      vertex 78.3316 45.6673 -1.5
      vertex 78.4935 45.6268 1.5
      vertex 78.3316 45.6673 1.5
    endloop
  endfacet
  facet normal -0.242677 -0.970107 -0
    outer loop
      vertex 78.4935 45.6268 1.5
      vertex 78.3316 45.6673 -1.5
      vertex 78.4935 45.6268 -1.5
    endloop
  endfacet
  facet normal -0.0491602 -0.998791 0
    outer loop
      vertex 78 45.7 -1.5
      vertex 78.1666 45.6918 1.5
      vertex 78 45.7 1.5
    endloop
  endfacet
  facet normal -0.0491602 -0.998791 -0
    outer loop
      vertex 78.1666 45.6918 1.5
      vertex 78 45.7 -1.5
      vertex 78.1666 45.6918 -1.5
    endloop
  endfacet
  facet normal -0.427442 -0.904043 0
    outer loop
      vertex 78.6506 45.5706 -1.5
      vertex 78.8014 45.4993 1.5
      vertex 78.6506 45.5706 1.5
    endloop
  endfacet
  facet normal -0.427442 -0.904043 -0
    outer loop
      vertex 78.8014 45.4993 1.5
      vertex 78.6506 45.5706 -1.5
      vertex 78.8014 45.4993 -1.5
    endloop
  endfacet
  facet normal -0.595772 -0.803154 0
    outer loop
      vertex 78.9445 45.4135 -1.5
      vertex 79.0785 45.3141 1.5
      vertex 78.9445 45.4135 1.5
    endloop
  endfacet
  facet normal -0.595772 -0.803154 -0
    outer loop
      vertex 79.0785 45.3141 1.5
      vertex 78.9445 45.4135 -1.5
      vertex 79.0785 45.3141 -1.5
    endloop
  endfacet
  facet normal 0.989168 -0.146788 0
    outer loop
      vertex 76.3082 44.1666 1.5
      vertex 76.3327 44.3317 -1.5
      vertex 76.3327 44.3317 1.5
    endloop
  endfacet
  facet normal 0.989168 -0.146788 0
    outer loop
      vertex 76.3327 44.3317 -1.5
      vertex 76.3082 44.1666 1.5
      vertex 76.3082 44.1666 -1.5
    endloop
  endfacet
  facet normal 0.857652 -0.514231 0
    outer loop
      vertex 76.5007 44.8014 1.5
      vertex 76.5865 44.9445 -1.5
      vertex 76.5865 44.9445 1.5
    endloop
  endfacet
  facet normal 0.857652 -0.514231 0
    outer loop
      vertex 76.5865 44.9445 -1.5
      vertex 76.5007 44.8014 1.5
      vertex 76.5007 44.8014 -1.5
    endloop
  endfacet
  facet normal 0.803154 -0.595772 0
    outer loop
      vertex 76.5865 44.9445 1.5
      vertex 76.6859 45.0785 -1.5
      vertex 76.6859 45.0785 1.5
    endloop
  endfacet
  facet normal 0.803154 -0.595772 0
    outer loop
      vertex 76.6859 45.0785 -1.5
      vertex 76.5865 44.9445 1.5
      vertex 76.5865 44.9445 -1.5
    endloop
  endfacet
  facet normal 0.904043 -0.427442 0
    outer loop
      vertex 76.4294 44.6506 1.5
      vertex 76.5007 44.8014 -1.5
      vertex 76.5007 44.8014 1.5
    endloop
  endfacet
  facet normal 0.904043 -0.427442 0
    outer loop
      vertex 76.5007 44.8014 -1.5
      vertex 76.4294 44.6506 1.5
      vertex 76.4294 44.6506 -1.5
    endloop
  endfacet
  facet normal 0.970072 -0.242818 0
    outer loop
      vertex 76.3327 44.3317 1.5
      vertex 76.3732 44.4935 -1.5
      vertex 76.3732 44.4935 1.5
    endloop
  endfacet
  facet normal 0.970072 -0.242818 0
    outer loop
      vertex 76.3732 44.4935 -1.5
      vertex 76.3327 44.3317 1.5
      vertex 76.3327 44.3317 -1.5
    endloop
  endfacet
  facet normal 0.998791 -0.0491602 0
    outer loop
      vertex 76.3 44 1.5
      vertex 76.3082 44.1666 -1.5
      vertex 76.3082 44.1666 1.5
    endloop
  endfacet
  facet normal 0.998791 -0.0491602 0
    outer loop
      vertex 76.3082 44.1666 -1.5
      vertex 76.3 44 1.5
      vertex 76.3 44 -1.5
    endloop
  endfacet
  facet normal 0.595772 -0.803154 0
    outer loop
      vertex 76.9215 45.3141 -1.5
      vertex 77.0555 45.4135 1.5
      vertex 76.9215 45.3141 1.5
    endloop
  endfacet
  facet normal 0.595772 -0.803154 0
    outer loop
      vertex 77.0555 45.4135 1.5
      vertex 76.9215 45.3141 -1.5
      vertex 77.0555 45.4135 -1.5
    endloop
  endfacet
  facet normal 0.514231 -0.857652 0
    outer loop
      vertex 77.0555 45.4135 -1.5
      vertex 77.1986 45.4993 1.5
      vertex 77.0555 45.4135 1.5
    endloop
  endfacet
  facet normal 0.514231 -0.857652 0
    outer loop
      vertex 77.1986 45.4993 1.5
      vertex 77.0555 45.4135 -1.5
      vertex 77.1986 45.4993 -1.5
    endloop
  endfacet
  facet normal 0.671478 -0.741024 0
    outer loop
      vertex 76.7979 45.2021 -1.5
      vertex 76.9215 45.3141 1.5
      vertex 76.7979 45.2021 1.5
    endloop
  endfacet
  facet normal 0.671478 -0.741024 0
    outer loop
      vertex 76.9215 45.3141 1.5
      vertex 76.7979 45.2021 -1.5
      vertex 76.9215 45.3141 -1.5
    endloop
  endfacet
  facet normal 0.33683 -0.941566 0
    outer loop
      vertex 77.3494 45.5706 -1.5
      vertex 77.5065 45.6268 1.5
      vertex 77.3494 45.5706 1.5
    endloop
  endfacet
  facet normal 0.33683 -0.941566 0
    outer loop
      vertex 77.5065 45.6268 1.5
      vertex 77.3494 45.5706 -1.5
      vertex 77.5065 45.6268 -1.5
    endloop
  endfacet
  facet normal 0.146875 -0.989155 0
    outer loop
      vertex 77.6684 45.6673 -1.5
      vertex 77.8334 45.6918 1.5
      vertex 77.6684 45.6673 1.5
    endloop
  endfacet
  facet normal 0.146875 -0.989155 0
    outer loop
      vertex 77.8334 45.6918 1.5
      vertex 77.6684 45.6673 -1.5
      vertex 77.8334 45.6918 -1.5
    endloop
  endfacet
  facet normal -0.998791 0.0491602 0
    outer loop
      vertex 79.6918 43.8334 -1.5
      vertex 79.7 44 1.5
      vertex 79.7 44 -1.5
    endloop
  endfacet
  facet normal -0.998791 0.0491602 0
    outer loop
      vertex 79.7 44 1.5
      vertex 79.6918 43.8334 -1.5
      vertex 79.6918 43.8334 1.5
    endloop
  endfacet
  facet normal -0.741024 0.671478 0
    outer loop
      vertex 79.2021 42.7979 -1.5
      vertex 79.3141 42.9215 1.5
      vertex 79.3141 42.9215 -1.5
    endloop
  endfacet
  facet normal -0.741024 0.671478 0
    outer loop
      vertex 79.3141 42.9215 1.5
      vertex 79.2021 42.7979 -1.5
      vertex 79.2021 42.7979 1.5
    endloop
  endfacet
  facet normal 0.857652 0.514231 0
    outer loop
      vertex 76.5865 43.0555 1.5
      vertex 76.5007 43.1986 -1.5
      vertex 76.5007 43.1986 1.5
    endloop
  endfacet
  facet normal 0.857652 0.514231 0
    outer loop
      vertex 76.5007 43.1986 -1.5
      vertex 76.5865 43.0555 1.5
      vertex 76.5865 43.0555 -1.5
    endloop
  endfacet
  facet normal 0.998791 0.0491602 0
    outer loop
      vertex 76.3082 43.8334 1.5
      vertex 76.3 44 -1.5
      vertex 76.3 44 1.5
    endloop
  endfacet
  facet normal 0.998791 0.0491602 0
    outer loop
      vertex 76.3 44 -1.5
      vertex 76.3082 43.8334 1.5
      vertex 76.3082 43.8334 -1.5
    endloop
  endfacet
  facet normal -0.941566 0.33683 0
    outer loop
      vertex 79.5706 43.3494 -1.5
      vertex 79.6268 43.5065 1.5
      vertex 79.6268 43.5065 -1.5
    endloop
  endfacet
  facet normal -0.941566 0.33683 0
    outer loop
      vertex 79.6268 43.5065 1.5
      vertex 79.5706 43.3494 -1.5
      vertex 79.5706 43.3494 1.5
    endloop
  endfacet
  facet normal -0.989168 0.146788 0
    outer loop
      vertex 79.6673 43.6683 -1.5
      vertex 79.6918 43.8334 1.5
      vertex 79.6918 43.8334 -1.5
    endloop
  endfacet
  facet normal -0.989168 0.146788 0
    outer loop
      vertex 79.6918 43.8334 1.5
      vertex 79.6673 43.6683 -1.5
      vertex 79.6673 43.6683 1.5
    endloop
  endfacet
  facet normal -0.970072 0.242818 0
    outer loop
      vertex 79.6268 43.5065 -1.5
      vertex 79.6673 43.6683 1.5
      vertex 79.6673 43.6683 -1.5
    endloop
  endfacet
  facet normal -0.970072 0.242818 0
    outer loop
      vertex 79.6673 43.6683 1.5
      vertex 79.6268 43.5065 -1.5
      vertex 79.6268 43.5065 1.5
    endloop
  endfacet
  facet normal -0.671478 0.741024 0
    outer loop
      vertex 79.2021 42.7979 -1.5
      vertex 79.0785 42.6859 1.5
      vertex 79.2021 42.7979 1.5
    endloop
  endfacet
  facet normal -0.671478 0.741024 0
    outer loop
      vertex 79.0785 42.6859 1.5
      vertex 79.2021 42.7979 -1.5
      vertex 79.0785 42.6859 -1.5
    endloop
  endfacet
  facet normal -0.904043 0.427442 0
    outer loop
      vertex 79.4993 43.1986 -1.5
      vertex 79.5706 43.3494 1.5
      vertex 79.5706 43.3494 -1.5
    endloop
  endfacet
  facet normal -0.904043 0.427442 0
    outer loop
      vertex 79.5706 43.3494 1.5
      vertex 79.4993 43.1986 -1.5
      vertex 79.4993 43.1986 1.5
    endloop
  endfacet
  facet normal -0.803154 0.595772 0
    outer loop
      vertex 79.3141 42.9215 -1.5
      vertex 79.4135 43.0555 1.5
      vertex 79.4135 43.0555 -1.5
    endloop
  endfacet
  facet normal -0.803154 0.595772 0
    outer loop
      vertex 79.4135 43.0555 1.5
      vertex 79.3141 42.9215 -1.5
      vertex 79.3141 42.9215 1.5
    endloop
  endfacet
  facet normal 0.941566 0.33683 0
    outer loop
      vertex 76.4294 43.3494 1.5
      vertex 76.3732 43.5065 -1.5
      vertex 76.3732 43.5065 1.5
    endloop
  endfacet
  facet normal 0.941566 0.33683 0
    outer loop
      vertex 76.3732 43.5065 -1.5
      vertex 76.4294 43.3494 1.5
      vertex 76.4294 43.3494 -1.5
    endloop
  endfacet
  facet normal -0.427442 0.904043 0
    outer loop
      vertex 78.8014 42.5007 -1.5
      vertex 78.6506 42.4294 1.5
      vertex 78.8014 42.5007 1.5
    endloop
  endfacet
  facet normal -0.427442 0.904043 0
    outer loop
      vertex 78.6506 42.4294 1.5
      vertex 78.8014 42.5007 -1.5
      vertex 78.6506 42.4294 -1.5
    endloop
  endfacet
  facet normal -0.514231 0.857652 0
    outer loop
      vertex 78.9445 42.5865 -1.5
      vertex 78.8014 42.5007 1.5
      vertex 78.9445 42.5865 1.5
    endloop
  endfacet
  facet normal -0.514231 0.857652 0
    outer loop
      vertex 78.8014 42.5007 1.5
      vertex 78.9445 42.5865 -1.5
      vertex 78.8014 42.5007 -1.5
    endloop
  endfacet
  facet normal -0.595772 0.803154 0
    outer loop
      vertex 79.0785 42.6859 -1.5
      vertex 78.9445 42.5865 1.5
      vertex 79.0785 42.6859 1.5
    endloop
  endfacet
  facet normal -0.595772 0.803154 0
    outer loop
      vertex 78.9445 42.5865 1.5
      vertex 79.0785 42.6859 -1.5
      vertex 78.9445 42.5865 -1.5
    endloop
  endfacet
  facet normal -0.857652 0.514231 0
    outer loop
      vertex 79.4135 43.0555 -1.5
      vertex 79.4993 43.1986 1.5
      vertex 79.4993 43.1986 -1.5
    endloop
  endfacet
  facet normal -0.857652 0.514231 0
    outer loop
      vertex 79.4993 43.1986 1.5
      vertex 79.4135 43.0555 -1.5
      vertex 79.4135 43.0555 1.5
    endloop
  endfacet
  facet normal 0.0491602 0.998791 -0
    outer loop
      vertex 78 42.3 -1.5
      vertex 77.8334 42.3082 1.5
      vertex 78 42.3 1.5
    endloop
  endfacet
  facet normal 0.0491602 0.998791 0
    outer loop
      vertex 77.8334 42.3082 1.5
      vertex 78 42.3 -1.5
      vertex 77.8334 42.3082 -1.5
    endloop
  endfacet
  facet normal 0.427442 0.904043 -0
    outer loop
      vertex 77.3494 42.4294 -1.5
      vertex 77.1986 42.5007 1.5
      vertex 77.3494 42.4294 1.5
    endloop
  endfacet
  facet normal 0.427442 0.904043 0
    outer loop
      vertex 77.1986 42.5007 1.5
      vertex 77.3494 42.4294 -1.5
      vertex 77.1986 42.5007 -1.5
    endloop
  endfacet
  facet normal 0.146875 0.989155 -0
    outer loop
      vertex 77.8334 42.3082 -1.5
      vertex 77.6684 42.3327 1.5
      vertex 77.8334 42.3082 1.5
    endloop
  endfacet
  facet normal 0.146875 0.989155 0
    outer loop
      vertex 77.6684 42.3327 1.5
      vertex 77.8334 42.3082 -1.5
      vertex 77.6684 42.3327 -1.5
    endloop
  endfacet
  facet normal 0.803154 0.595772 0
    outer loop
      vertex 76.6859 42.9215 1.5
      vertex 76.5865 43.0555 -1.5
      vertex 76.5865 43.0555 1.5
    endloop
  endfacet
  facet normal 0.803154 0.595772 0
    outer loop
      vertex 76.5865 43.0555 -1.5
      vertex 76.6859 42.9215 1.5
      vertex 76.6859 42.9215 -1.5
    endloop
  endfacet
  facet normal 0.671478 0.741024 -0
    outer loop
      vertex 76.9215 42.6859 -1.5
      vertex 76.7979 42.7979 1.5
      vertex 76.9215 42.6859 1.5
    endloop
  endfacet
  facet normal 0.671478 0.741024 0
    outer loop
      vertex 76.7979 42.7979 1.5
      vertex 76.9215 42.6859 -1.5
      vertex 76.7979 42.7979 -1.5
    endloop
  endfacet
  facet normal 0.741024 0.671478 0
    outer loop
      vertex 76.7979 42.7979 1.5
      vertex 76.6859 42.9215 -1.5
      vertex 76.6859 42.9215 1.5
    endloop
  endfacet
  facet normal 0.741024 0.671478 0
    outer loop
      vertex 76.6859 42.9215 -1.5
      vertex 76.7979 42.7979 1.5
      vertex 76.7979 42.7979 -1.5
    endloop
  endfacet
  facet normal 0.904043 0.427442 0
    outer loop
      vertex 76.5007 43.1986 1.5
      vertex 76.4294 43.3494 -1.5
      vertex 76.4294 43.3494 1.5
    endloop
  endfacet
  facet normal 0.904043 0.427442 0
    outer loop
      vertex 76.4294 43.3494 -1.5
      vertex 76.5007 43.1986 1.5
      vertex 76.5007 43.1986 -1.5
    endloop
  endfacet
  facet normal 0.970072 0.242818 0
    outer loop
      vertex 76.3732 43.5065 1.5
      vertex 76.3327 43.6683 -1.5
      vertex 76.3327 43.6683 1.5
    endloop
  endfacet
  facet normal 0.970072 0.242818 0
    outer loop
      vertex 76.3327 43.6683 -1.5
      vertex 76.3732 43.5065 1.5
      vertex 76.3732 43.5065 -1.5
    endloop
  endfacet
  facet normal 0.989168 0.146788 0
    outer loop
      vertex 76.3327 43.6683 1.5
      vertex 76.3082 43.8334 -1.5
      vertex 76.3082 43.8334 1.5
    endloop
  endfacet
  facet normal 0.989168 0.146788 0
    outer loop
      vertex 76.3082 43.8334 -1.5
      vertex 76.3327 43.6683 1.5
      vertex 76.3327 43.6683 -1.5
    endloop
  endfacet
  facet normal 0.595772 0.803154 -0
    outer loop
      vertex 77.0555 42.5865 -1.5
      vertex 76.9215 42.6859 1.5
      vertex 77.0555 42.5865 1.5
    endloop
  endfacet
  facet normal 0.595772 0.803154 0
    outer loop
      vertex 76.9215 42.6859 1.5
      vertex 77.0555 42.5865 -1.5
      vertex 76.9215 42.6859 -1.5
    endloop
  endfacet
  facet normal 0.242677 0.970107 -0
    outer loop
      vertex 77.6684 42.3327 -1.5
      vertex 77.5065 42.3732 1.5
      vertex 77.6684 42.3327 1.5
    endloop
  endfacet
  facet normal 0.242677 0.970107 0
    outer loop
      vertex 77.5065 42.3732 1.5
      vertex 77.6684 42.3327 -1.5
      vertex 77.5065 42.3732 -1.5
    endloop
  endfacet
  facet normal -0.33683 0.941566 0
    outer loop
      vertex 78.6506 42.4294 -1.5
      vertex 78.4935 42.3732 1.5
      vertex 78.6506 42.4294 1.5
    endloop
  endfacet
  facet normal -0.33683 0.941566 0
    outer loop
      vertex 78.4935 42.3732 1.5
      vertex 78.6506 42.4294 -1.5
      vertex 78.4935 42.3732 -1.5
    endloop
  endfacet
  facet normal -0.242677 0.970107 0
    outer loop
      vertex 78.4935 42.3732 -1.5
      vertex 78.3316 42.3327 1.5
      vertex 78.4935 42.3732 1.5
    endloop
  endfacet
  facet normal -0.242677 0.970107 0
    outer loop
      vertex 78.3316 42.3327 1.5
      vertex 78.4935 42.3732 -1.5
      vertex 78.3316 42.3327 -1.5
    endloop
  endfacet
  facet normal 0.514231 0.857652 -0
    outer loop
      vertex 77.1986 42.5007 -1.5
      vertex 77.0555 42.5865 1.5
      vertex 77.1986 42.5007 1.5
    endloop
  endfacet
  facet normal 0.514231 0.857652 0
    outer loop
      vertex 77.0555 42.5865 1.5
      vertex 77.1986 42.5007 -1.5
      vertex 77.0555 42.5865 -1.5
    endloop
  endfacet
  facet normal 0.33683 0.941566 -0
    outer loop
      vertex 77.5065 42.3732 -1.5
      vertex 77.3494 42.4294 1.5
      vertex 77.5065 42.3732 1.5
    endloop
  endfacet
  facet normal 0.33683 0.941566 0
    outer loop
      vertex 77.3494 42.4294 1.5
      vertex 77.5065 42.3732 -1.5
      vertex 77.3494 42.4294 -1.5
    endloop
  endfacet
  facet normal 1 -0 0
    outer loop
      vertex -56.75 -17 1.5
      vertex -56.75 17 -1.5
      vertex -56.75 17 1.5
    endloop
  endfacet
  facet normal 1 0 0
    outer loop
      vertex -56.75 17 -1.5
      vertex -56.75 -17 1.5
      vertex -56.75 -17 -1.5
    endloop
  endfacet
  facet normal -1 0 0
    outer loop
      vertex -53.25 -17 -1.5
      vertex -53.25 17 1.5
      vertex -53.25 17 -1.5
    endloop
  endfacet
  facet normal -1 -0 0
    outer loop
      vertex -53.25 17 1.5
      vertex -53.25 -17 -1.5
      vertex -53.25 -17 1.5
    endloop
  endfacet
  facet normal 0 -1 0
    outer loop
      vertex -56.75 17 -1.5
      vertex -53.25 17 1.5
      vertex -56.75 17 1.5
    endloop
  endfacet
  facet normal 0 -1 -0
    outer loop
      vertex -53.25 17 1.5
      vertex -56.75 17 -1.5
      vertex -53.25 17 -1.5
    endloop
  endfacet
  facet normal 0 1 -0
    outer loop
      vertex -53.25 -17 -1.5
      vertex -56.75 -17 1.5
      vertex -53.25 -17 1.5
    endloop
  endfacet
  facet normal 0 1 0
    outer loop
      vertex -56.75 -17 1.5
      vertex -53.25 -17 -1.5
      vertex -56.75 -17 -1.5
    endloop
  endfacet
  facet normal 1 -0 0
    outer loop
      vertex -26.75 -17 1.5
      vertex -26.75 17 -1.5
      vertex -26.75 17 1.5
    endloop
  endfacet
  facet normal 1 0 0
    outer loop
      vertex -26.75 17 -1.5
      vertex -26.75 -17 1.5
      vertex -26.75 -17 -1.5
    endloop
  endfacet
  facet normal -1 0 0
    outer loop
      vertex -23.25 -17 -1.5
      vertex -23.25 17 1.5
      vertex -23.25 17 -1.5
    endloop
  endfacet
  facet normal -1 -0 0
    outer loop
      vertex -23.25 17 1.5
      vertex -23.25 -17 -1.5
      vertex -23.25 -17 1.5
    endloop
  endfacet
  facet normal 0 1 -0
    outer loop
      vertex -23.25 -17 -1.5
      vertex -26.75 -17 1.5
      vertex -23.25 -17 1.5
    endloop
  endfacet
  facet normal 0 1 0
    outer loop
      vertex -26.75 -17 1.5
      vertex -23.25 -17 -1.5
      vertex -26.75 -17 -1.5
    endloop
  endfacet
  facet normal 0 -1 0
    outer loop
      vertex -26.75 17 -1.5
      vertex -23.25 17 1.5
      vertex -26.75 17 1.5
    endloop
  endfacet
  facet normal 0 -1 -0
    outer loop
      vertex -23.25 17 1.5
      vertex -26.75 17 -1.5
      vertex -23.25 17 -1.5
    endloop
  endfacet
  facet normal 1 -0 0
    outer loop
      vertex 23.25 -17 1.5
      vertex 23.25 17 -1.5
      vertex 23.25 17 1.5
    endloop
  endfacet
  facet normal 1 0 0
    outer loop
      vertex 23.25 17 -1.5
      vertex 23.25 -17 1.5
      vertex 23.25 -17 -1.5
    endloop
  endfacet
  facet normal -1 0 0
    outer loop
      vertex 26.75 -17 -1.5
      vertex 26.75 17 1.5
      vertex 26.75 17 -1.5
    endloop
  endfacet
  facet normal -1 -0 0
    outer loop
      vertex 26.75 17 1.5
      vertex 26.75 -17 -1.5
      vertex 26.75 -17 1.5
    endloop
  endfacet
  facet normal 0 1 -0
    outer loop
      vertex 26.75 -17 -1.5
      vertex 23.25 -17 1.5
      vertex 26.75 -17 1.5
    endloop
  endfacet
  facet normal 0 1 0
    outer loop
      vertex 23.25 -17 1.5
      vertex 26.75 -17 -1.5
      vertex 23.25 -17 -1.5
    endloop
  endfacet
  facet normal 0 -1 0
    outer loop
      vertex 23.25 17 -1.5
      vertex 26.75 17 1.5
      vertex 23.25 17 1.5
    endloop
  endfacet
  facet normal 0 -1 -0
    outer loop
      vertex 26.75 17 1.5
      vertex 23.25 17 -1.5
      vertex 26.75 17 -1.5
    endloop
  endfacet
  facet normal 1 -0 0
    outer loop
      vertex 53.25 -17 1.5
      vertex 53.25 17 -1.5
      vertex 53.25 17 1.5
    endloop
  endfacet
  facet normal 1 0 0
    outer loop
      vertex 53.25 17 -1.5
      vertex 53.25 -17 1.5
      vertex 53.25 -17 -1.5
    endloop
  endfacet
  facet normal -1 0 0
    outer loop
      vertex 56.75 -17 -1.5
      vertex 56.75 17 1.5
      vertex 56.75 17 -1.5
    endloop
  endfacet
  facet normal -1 -0 0
    outer loop
      vertex 56.75 17 1.5
      vertex 56.75 -17 -1.5
      vertex 56.75 -17 1.5
    endloop
  endfacet
  facet normal 0 1 -0
    outer loop
      vertex 56.75 -17 -1.5
      vertex 53.25 -17 1.5
      vertex 56.75 -17 1.5
    endloop
  endfacet
  facet normal 0 1 0
    outer loop
      vertex 53.25 -17 1.5
      vertex 56.75 -17 -1.5
      vertex 53.25 -17 -1.5
    endloop
  endfacet
  facet normal 0 -1 0
    outer loop
      vertex 53.25 17 -1.5
      vertex 56.75 17 1.5
      vertex 53.25 17 1.5
    endloop
  endfacet
  facet normal 0 -1 -0
    outer loop
      vertex 56.75 17 1.5
      vertex 53.25 17 -1.5
      vertex 56.75 17 -1.5
    endloop
  endfacet
  facet normal -0.989175 -0.146739 0
    outer loop
      vertex -86.8655 -47.3656 -1.5
      vertex -86.9663 -46.6861 1.5
      vertex -86.9663 -46.6861 -1.5
    endloop
  endfacet
  facet normal -0.989175 -0.146739 0
    outer loop
      vertex -86.9663 -46.6861 1.5
      vertex -86.8655 -47.3656 -1.5
      vertex -86.8655 -47.3656 1.5
    endloop
  endfacet
  facet normal -0.97004 -0.242947 0
    outer loop
      vertex -86.6986 -48.032 -1.5
      vertex -86.8655 -47.3656 1.5
      vertex -86.8655 -47.3656 -1.5
    endloop
  endfacet
  facet normal -0.97004 -0.242947 0
    outer loop
      vertex -86.8655 -47.3656 1.5
      vertex -86.6986 -48.032 -1.5
      vertex -86.6986 -48.032 1.5
    endloop
  endfacet
  facet normal 0 0 -1
    outer loop
      vertex -76.3732 -43.5065 -1.5
      vertex -56.75 -17 -1.5
      vertex -76.3327 -43.6683 -1.5
    endloop
  endfacet
  facet normal 0 0 -1
    outer loop
      vertex -56.75 17 -1.5
      vertex -76.3082 43.8334 -1.5
      vertex -76.3 44 -1.5
    endloop
  endfacet
  facet normal 0 0 -1
    outer loop
      vertex -76.4294 -43.3494 -1.5
      vertex -56.75 -17 -1.5
      vertex -76.3732 -43.5065 -1.5
    endloop
  endfacet
  facet normal 0 0 -1
    outer loop
      vertex -56.75 17 -1.5
      vertex -76.3327 43.6683 -1.5
      vertex -76.3082 43.8334 -1.5
    endloop
  endfacet
  facet normal 0 0 -1
    outer loop
      vertex -76.5007 -43.1986 -1.5
      vertex -56.75 -17 -1.5
      vertex -76.4294 -43.3494 -1.5
    endloop
  endfacet
  facet normal 0 0 -1
    outer loop
      vertex -56.75 17 -1.5
      vertex -76.3732 43.5065 -1.5
      vertex -76.3327 43.6683 -1.5
    endloop
  endfacet
  facet normal 0 0 -1
    outer loop
      vertex -76.5865 -43.0555 -1.5
      vertex -56.75 -17 -1.5
      vertex -76.5007 -43.1986 -1.5
    endloop
  endfacet
  facet normal 0 0 -1
    outer loop
      vertex -56.75 17 -1.5
      vertex -76.4294 43.3494 -1.5
      vertex -76.3732 43.5065 -1.5
    endloop
  endfacet
  facet normal 0 0 -1
    outer loop
      vertex -76.6859 -42.9215 -1.5
      vertex -56.75 -17 -1.5
      vertex -76.5865 -43.0555 -1.5
    endloop
  endfacet
  facet normal 0 0 -1
    outer loop
      vertex -56.75 17 -1.5
      vertex -76.5007 43.1986 -1.5
      vertex -76.4294 43.3494 -1.5
    endloop
  endfacet
  facet normal 0 0 -1
    outer loop
      vertex -76.7979 -42.7979 -1.5
      vertex -56.75 -17 -1.5
      vertex -76.6859 -42.9215 -1.5
    endloop
  endfacet
  facet normal 0 0 -1
    outer loop
      vertex -56.75 17 -1.5
      vertex -76.5865 43.0555 -1.5
      vertex -76.5007 43.1986 -1.5
    endloop
  endfacet
  facet normal 0 0 -1
    outer loop
      vertex -76.9215 -42.6859 -1.5
      vertex -56.75 -17 -1.5
      vertex -76.7979 -42.7979 -1.5
    endloop
  endfacet
  facet normal 0 0 -1
    outer loop
      vertex -56.75 17 -1.5
      vertex -76.6859 42.9215 -1.5
      vertex -76.5865 43.0555 -1.5
    endloop
  endfacet
  facet normal 0 0 -1
    outer loop
      vertex -77.0555 -42.5865 -1.5
      vertex -56.75 -17 -1.5
      vertex -76.9215 -42.6859 -1.5
    endloop
  endfacet
  facet normal 0 0 -1
    outer loop
      vertex -56.75 17 -1.5
      vertex -76.7979 42.7979 -1.5
      vertex -76.6859 42.9215 -1.5
    endloop
  endfacet
  facet normal 0 0 -1
    outer loop
      vertex -77.1986 -42.5007 -1.5
      vertex -56.75 -17 -1.5
      vertex -77.0555 -42.5865 -1.5
    endloop
  endfacet
  facet normal 0 0 -1
    outer loop
      vertex -56.75 17 -1.5
      vertex -76.9215 42.6859 -1.5
      vertex -76.7979 42.7979 -1.5
    endloop
  endfacet
  facet normal 0 0 -1
    outer loop
      vertex -77.3494 -42.4294 -1.5
      vertex -56.75 -17 -1.5
      vertex -77.1986 -42.5007 -1.5
    endloop
  endfacet
  facet normal 0 0 -1
    outer loop
      vertex -56.75 17 -1.5
      vertex -77.0555 42.5865 -1.5
      vertex -76.9215 42.6859 -1.5
    endloop
  endfacet
  facet normal 0 0 -1
    outer loop
      vertex -77.5065 -42.3732 -1.5
      vertex -56.75 -17 -1.5
      vertex -77.3494 -42.4294 -1.5
    endloop
  endfacet
  facet normal 0 0 -1
    outer loop
      vertex -56.75 17 -1.5
      vertex -77.1986 42.5007 -1.5
      vertex -77.0555 42.5865 -1.5
    endloop
  endfacet
  facet normal 0 0 -1
    outer loop
      vertex -77.6684 -42.3327 -1.5
      vertex -56.75 -17 -1.5
      vertex -77.5065 -42.3732 -1.5
    endloop
  endfacet
  facet normal 0 0 -1
    outer loop
      vertex -56.75 17 -1.5
      vertex -77.3494 42.4294 -1.5
      vertex -77.1986 42.5007 -1.5
    endloop
  endfacet
  facet normal 0 0 -1
    outer loop
      vertex -77.8334 -42.3082 -1.5
      vertex -56.75 -17 -1.5
      vertex -77.6684 -42.3327 -1.5
    endloop
  endfacet
  facet normal 0 0 -1
    outer loop
      vertex -56.75 17 -1.5
      vertex -77.5065 42.3732 -1.5
      vertex -77.3494 42.4294 -1.5
    endloop
  endfacet
  facet normal 0 0 -1
    outer loop
      vertex -78 -42.3 -1.5
      vertex -56.75 -17 -1.5
      vertex -77.8334 -42.3082 -1.5
    endloop
  endfacet
  facet normal 0 0 -1
    outer loop
      vertex -56.75 17 -1.5
      vertex -77.6684 42.3327 -1.5
      vertex -77.5065 42.3732 -1.5
    endloop
  endfacet
  facet normal 0 0 -1
    outer loop
      vertex -78.1666 -42.3082 -1.5
      vertex -56.75 -17 -1.5
      vertex -78 -42.3 -1.5
    endloop
  endfacet
  facet normal 0 0 -1
    outer loop
      vertex -56.75 17 -1.5
      vertex -77.8334 42.3082 -1.5
      vertex -77.6684 42.3327 -1.5
    endloop
  endfacet
  facet normal 0 0 -1
    outer loop
      vertex -78.3316 -42.3327 -1.5
      vertex -56.75 -17 -1.5
      vertex -78.1666 -42.3082 -1.5
    endloop
  endfacet
  facet normal 0 0 -1
    outer loop
      vertex -56.75 17 -1.5
      vertex -78 42.3 -1.5
      vertex -77.8334 42.3082 -1.5
    endloop
  endfacet
  facet normal 0 0 -1
    outer loop
      vertex -78.4935 -42.3732 -1.5
      vertex -56.75 -17 -1.5
      vertex -78.3316 -42.3327 -1.5
    endloop
  endfacet
  facet normal 0 0 -1
    outer loop
      vertex -56.75 17 -1.5
      vertex -78.1666 42.3082 -1.5
      vertex -78 42.3 -1.5
    endloop
  endfacet
  facet normal 0 0 -1
    outer loop
      vertex -78.6506 -42.4294 -1.5
      vertex -56.75 -17 -1.5
      vertex -78.4935 -42.3732 -1.5
    endloop
  endfacet
  facet normal 0 0 -1
    outer loop
      vertex -56.75 17 -1.5
      vertex -78.3316 42.3327 -1.5
      vertex -78.1666 42.3082 -1.5
    endloop
  endfacet
  facet normal 0 0 -1
    outer loop
      vertex -78.8014 -42.5007 -1.5
      vertex -56.75 -17 -1.5
      vertex -78.6506 -42.4294 -1.5
    endloop
  endfacet
  facet normal 0 0 -1
    outer loop
      vertex -56.75 17 -1.5
      vertex -78.4935 42.3732 -1.5
      vertex -78.3316 42.3327 -1.5
    endloop
  endfacet
  facet normal -0 0 -1
    outer loop
      vertex -56.75 -17 -1.5
      vertex -78.8014 -42.5007 -1.5
      vertex -56.75 17 -1.5
    endloop
  endfacet
  facet normal 0 0 -1
    outer loop
      vertex -56.75 17 -1.5
      vertex -78.6506 42.4294 -1.5
      vertex -78.4935 42.3732 -1.5
    endloop
  endfacet
  facet normal 0 0 -1
    outer loop
      vertex -78.8014 42.5007 -1.5
      vertex -56.75 17 -1.5
      vertex -78.8014 -42.5007 -1.5
    endloop
  endfacet
  facet normal 0 0 -1
    outer loop
      vertex -56.75 17 -1.5
      vertex -78.8014 42.5007 -1.5
      vertex -78.6506 42.4294 -1.5
    endloop
  endfacet
  facet normal 0 0 -1
    outer loop
      vertex -87 -46 -1.5
      vertex -78.8014 -42.5007 -1.5
      vertex -78.9445 -42.5865 -1.5
    endloop
  endfacet
  facet normal -0 0 -1
    outer loop
      vertex -78.8014 -42.5007 -1.5
      vertex -87 -46 -1.5
      vertex -78.8014 42.5007 -1.5
    endloop
  endfacet
  facet normal 0 0 -1
    outer loop
      vertex -87 -46 -1.5
      vertex -78.9445 -42.5865 -1.5
      vertex -79.0785 -42.6859 -1.5
    endloop
  endfacet
  facet normal 0 0 -1
    outer loop
      vertex -87 46 -1.5
      vertex -78.8014 42.5007 -1.5
      vertex -87 -46 -1.5
    endloop
  endfacet
  facet normal 0 0 -1
    outer loop
      vertex -87 -46 -1.5
      vertex -79.0785 -42.6859 -1.5
      vertex -79.2021 -42.7979 -1.5
    endloop
  endfacet
  facet normal 0 0 -1
    outer loop
      vertex -78.8014 42.5007 -1.5
      vertex -87 46 -1.5
      vertex -78.9445 42.5865 -1.5
    endloop
  endfacet
  facet normal 0 0 -1
    outer loop
      vertex -87 -46 -1.5
      vertex -79.2021 -42.7979 -1.5
      vertex -79.3141 -42.9215 -1.5
    endloop
  endfacet
  facet normal 0 0 -1
    outer loop
      vertex -78.9445 42.5865 -1.5
      vertex -87 46 -1.5
      vertex -79.0785 42.6859 -1.5
    endloop
  endfacet
  facet normal 0 0 -1
    outer loop
      vertex -87 -46 -1.5
      vertex -79.3141 -42.9215 -1.5
      vertex -79.4135 -43.0555 -1.5
    endloop
  endfacet
  facet normal 0 0 -1
    outer loop
      vertex -79.0785 42.6859 -1.5
      vertex -87 46 -1.5
      vertex -79.2021 42.7979 -1.5
    endloop
  endfacet
  facet normal 0 0 -1
    outer loop
      vertex -87 -46 -1.5
      vertex -79.4135 -43.0555 -1.5
      vertex -79.4993 -43.1986 -1.5
    endloop
  endfacet
  facet normal 0 0 -1
    outer loop
      vertex -79.2021 42.7979 -1.5
      vertex -87 46 -1.5
      vertex -79.3141 42.9215 -1.5
    endloop
  endfacet
  facet normal 0 0 -1
    outer loop
      vertex -87 -46 -1.5
      vertex -79.4993 -43.1986 -1.5
      vertex -79.5706 -43.3494 -1.5
    endloop
  endfacet
  facet normal 0 0 -1
    outer loop
      vertex -79.3141 42.9215 -1.5
      vertex -87 46 -1.5
      vertex -79.4135 43.0555 -1.5
    endloop
  endfacet
  facet normal 0 0 -1
    outer loop
      vertex -87 -46 -1.5
      vertex -79.5706 -43.3494 -1.5
      vertex -79.6268 -43.5065 -1.5
    endloop
  endfacet
  facet normal 0 0 -1
    outer loop
      vertex -79.4135 43.0555 -1.5
      vertex -87 46 -1.5
      vertex -79.4993 43.1986 -1.5
    endloop
  endfacet
  facet normal 0 0 -1
    outer loop
      vertex -87 -46 -1.5
      vertex -79.6268 -43.5065 -1.5
      vertex -79.6673 -43.6683 -1.5
    endloop
  endfacet
  facet normal 0 0 -1
    outer loop
      vertex -79.4993 43.1986 -1.5
      vertex -87 46 -1.5
      vertex -79.5706 43.3494 -1.5
    endloop
  endfacet
  facet normal 0 0 -1
    outer loop
      vertex -87 -46 -1.5
      vertex -79.6673 -43.6683 -1.5
      vertex -79.6918 -43.8334 -1.5
    endloop
  endfacet
  facet normal 0 0 -1
    outer loop
      vertex -79.5706 43.3494 -1.5
      vertex -87 46 -1.5
      vertex -79.6268 43.5065 -1.5
    endloop
  endfacet
  facet normal 0 0 -1
    outer loop
      vertex -87 -46 -1.5
      vertex -79.6918 -43.8334 -1.5
      vertex -79.7 -44 -1.5
    endloop
  endfacet
  facet normal 0 0 -1
    outer loop
      vertex -79.6268 43.5065 -1.5
      vertex -87 46 -1.5
      vertex -79.6673 43.6683 -1.5
    endloop
  endfacet
  facet normal 0 0 -1
    outer loop
      vertex 79.6268 -43.5065 -1.5
      vertex 87 -46 -1.5
      vertex 79.6673 -43.6683 -1.5
    endloop
  endfacet
  facet normal 0 0 -1
    outer loop
      vertex 87 46 -1.5
      vertex 79.6918 43.8334 -1.5
      vertex 79.7 44 -1.5
    endloop
  endfacet
  facet normal 0 0 -1
    outer loop
      vertex 79.5706 -43.3494 -1.5
      vertex 87 -46 -1.5
      vertex 79.6268 -43.5065 -1.5
    endloop
  endfacet
  facet normal 0 0 -1
    outer loop
      vertex 87 46 -1.5
      vertex 79.6673 43.6683 -1.5
      vertex 79.6918 43.8334 -1.5
    endloop
  endfacet
  facet normal 0 0 -1
    outer loop
      vertex 79.4993 -43.1986 -1.5
      vertex 87 -46 -1.5
      vertex 79.5706 -43.3494 -1.5
    endloop
  endfacet
  facet normal 0 0 -1
    outer loop
      vertex 87 46 -1.5
      vertex 79.6268 43.5065 -1.5
      vertex 79.6673 43.6683 -1.5
    endloop
  endfacet
  facet normal 0 0 -1
    outer loop
      vertex 79.4135 -43.0555 -1.5
      vertex 87 -46 -1.5
      vertex 79.4993 -43.1986 -1.5
    endloop
  endfacet
  facet normal 0 0 -1
    outer loop
      vertex 87 46 -1.5
      vertex 79.5706 43.3494 -1.5
      vertex 79.6268 43.5065 -1.5
    endloop
  endfacet
  facet normal 0 0 -1
    outer loop
      vertex 79.3141 -42.9215 -1.5
      vertex 87 -46 -1.5
      vertex 79.4135 -43.0555 -1.5
    endloop
  endfacet
  facet normal 0 0 -1
    outer loop
      vertex 87 46 -1.5
      vertex 79.4993 43.1986 -1.5
      vertex 79.5706 43.3494 -1.5
    endloop
  endfacet
  facet normal 0 0 -1
    outer loop
      vertex 79.2021 -42.7979 -1.5
      vertex 87 -46 -1.5
      vertex 79.3141 -42.9215 -1.5
    endloop
  endfacet
  facet normal 0 0 -1
    outer loop
      vertex 87 46 -1.5
      vertex 79.4135 43.0555 -1.5
      vertex 79.4993 43.1986 -1.5
    endloop
  endfacet
  facet normal 0 0 -1
    outer loop
      vertex 79.0785 -42.6859 -1.5
      vertex 87 -46 -1.5
      vertex 79.2021 -42.7979 -1.5
    endloop
  endfacet
  facet normal 0 0 -1
    outer loop
      vertex 87 46 -1.5
      vertex 79.3141 42.9215 -1.5
      vertex 79.4135 43.0555 -1.5
    endloop
  endfacet
  facet normal 0 0 -1
    outer loop
      vertex 78.9445 -42.5865 -1.5
      vertex 87 -46 -1.5
      vertex 79.0785 -42.6859 -1.5
    endloop
  endfacet
  facet normal 0 0 -1
    outer loop
      vertex 87 46 -1.5
      vertex 79.2021 42.7979 -1.5
      vertex 79.3141 42.9215 -1.5
    endloop
  endfacet
  facet normal 0 0 -1
    outer loop
      vertex 78.8014 -42.5007 -1.5
      vertex 87 -46 -1.5
      vertex 78.9445 -42.5865 -1.5
    endloop
  endfacet
  facet normal 0 0 -1
    outer loop
      vertex 87 46 -1.5
      vertex 79.0785 42.6859 -1.5
      vertex 79.2021 42.7979 -1.5
    endloop
  endfacet
  facet normal 0 0 -1
    outer loop
      vertex 87 -46 -1.5
      vertex 78.8014 -42.5007 -1.5
      vertex 87 46 -1.5
    endloop
  endfacet
  facet normal 0 0 -1
    outer loop
      vertex 87 46 -1.5
      vertex 78.9445 42.5865 -1.5
      vertex 79.0785 42.6859 -1.5
    endloop
  endfacet
  facet normal 0 0 -1
    outer loop
      vertex 78.8014 42.5007 -1.5
      vertex 87 46 -1.5
      vertex 78.8014 -42.5007 -1.5
    endloop
  endfacet
  facet normal 0 0 -1
    outer loop
      vertex 87 46 -1.5
      vertex 78.8014 42.5007 -1.5
      vertex 78.9445 42.5865 -1.5
    endloop
  endfacet
  facet normal 0 0 -1
    outer loop
      vertex 56.75 -17 -1.5
      vertex 78.8014 -42.5007 -1.5
      vertex 78.6506 -42.4294 -1.5
    endloop
  endfacet
  facet normal 0 0 -1
    outer loop
      vertex 78.8014 -42.5007 -1.5
      vertex 56.75 -17 -1.5
      vertex 78.8014 42.5007 -1.5
    endloop
  endfacet
  facet normal 0 0 -1
    outer loop
      vertex 56.75 -17 -1.5
      vertex 78.6506 -42.4294 -1.5
      vertex 78.4935 -42.3732 -1.5
    endloop
  endfacet
  facet normal 0 0 -1
    outer loop
      vertex 56.75 17 -1.5
      vertex 78.8014 42.5007 -1.5
      vertex 56.75 -17 -1.5
    endloop
  endfacet
  facet normal 0 0 -1
    outer loop
      vertex 56.75 -17 -1.5
      vertex 78.4935 -42.3732 -1.5
      vertex 78.3316 -42.3327 -1.5
    endloop
  endfacet
  facet normal 0 0 -1
    outer loop
      vertex 78.8014 42.5007 -1.5
      vertex 56.75 17 -1.5
      vertex 78.6506 42.4294 -1.5
    endloop
  endfacet
  facet normal 0 0 -1
    outer loop
      vertex 56.75 -17 -1.5
      vertex 78.3316 -42.3327 -1.5
      vertex 78.1666 -42.3082 -1.5
    endloop
  endfacet
  facet normal 0 0 -1
    outer loop
      vertex 78.6506 42.4294 -1.5
      vertex 56.75 17 -1.5
      vertex 78.4935 42.3732 -1.5
    endloop
  endfacet
  facet normal 0 0 -1
    outer loop
      vertex 56.75 -17 -1.5
      vertex 78.1666 -42.3082 -1.5
      vertex 78 -42.3 -1.5
    endloop
  endfacet
  facet normal 0 0 -1
    outer loop
      vertex 78.4935 42.3732 -1.5
      vertex 56.75 17 -1.5
      vertex 78.3316 42.3327 -1.5
    endloop
  endfacet
  facet normal 0 0 -1
    outer loop
      vertex 56.75 -17 -1.5
      vertex 78 -42.3 -1.5
      vertex 77.8334 -42.3082 -1.5
    endloop
  endfacet
  facet normal 0 0 -1
    outer loop
      vertex 78.3316 42.3327 -1.5
      vertex 56.75 17 -1.5
      vertex 78.1666 42.3082 -1.5
    endloop
  endfacet
  facet normal 0 0 -1
    outer loop
      vertex 56.75 -17 -1.5
      vertex 77.8334 -42.3082 -1.5
      vertex 77.6684 -42.3327 -1.5
    endloop
  endfacet
  facet normal 0 0 -1
    outer loop
      vertex 78.1666 42.3082 -1.5
      vertex 56.75 17 -1.5
      vertex 78 42.3 -1.5
    endloop
  endfacet
  facet normal 0 0 -1
    outer loop
      vertex 56.75 -17 -1.5
      vertex 77.6684 -42.3327 -1.5
      vertex 77.5065 -42.3732 -1.5
    endloop
  endfacet
  facet normal -0 0 -1
    outer loop
      vertex 78 42.3 -1.5
      vertex 56.75 17 -1.5
      vertex 77.8334 42.3082 -1.5
    endloop
  endfacet
  facet normal 0 0 -1
    outer loop
      vertex 56.75 -17 -1.5
      vertex 77.5065 -42.3732 -1.5
      vertex 77.3494 -42.4294 -1.5
    endloop
  endfacet
  facet normal -0 0 -1
    outer loop
      vertex 77.8334 42.3082 -1.5
      vertex 56.75 17 -1.5
      vertex 77.6684 42.3327 -1.5
    endloop
  endfacet
  facet normal 0 0 -1
    outer loop
      vertex 56.75 -17 -1.5
      vertex 77.3494 -42.4294 -1.5
      vertex 77.1986 -42.5007 -1.5
    endloop
  endfacet
  facet normal -0 0 -1
    outer loop
      vertex 77.6684 42.3327 -1.5
      vertex 56.75 17 -1.5
      vertex 77.5065 42.3732 -1.5
    endloop
  endfacet
  facet normal 0 0 -1
    outer loop
      vertex 56.75 -17 -1.5
      vertex 77.1986 -42.5007 -1.5
      vertex 77.0555 -42.5865 -1.5
    endloop
  endfacet
  facet normal -0 0 -1
    outer loop
      vertex 77.5065 42.3732 -1.5
      vertex 56.75 17 -1.5
      vertex 77.3494 42.4294 -1.5
    endloop
  endfacet
  facet normal 0 0 -1
    outer loop
      vertex 56.75 -17 -1.5
      vertex 77.0555 -42.5865 -1.5
      vertex 76.9215 -42.6859 -1.5
    endloop
  endfacet
  facet normal -0 0 -1
    outer loop
      vertex 77.3494 42.4294 -1.5
      vertex 56.75 17 -1.5
      vertex 77.1986 42.5007 -1.5
    endloop
  endfacet
  facet normal 0 0 -1
    outer loop
      vertex 56.75 -17 -1.5
      vertex 76.9215 -42.6859 -1.5
      vertex 76.7979 -42.7979 -1.5
    endloop
  endfacet
  facet normal -0 0 -1
    outer loop
      vertex 77.1986 42.5007 -1.5
      vertex 56.75 17 -1.5
      vertex 77.0555 42.5865 -1.5
    endloop
  endfacet
  facet normal 0 0 -1
    outer loop
      vertex 56.75 -17 -1.5
      vertex 76.7979 -42.7979 -1.5
      vertex 76.6859 -42.9215 -1.5
    endloop
  endfacet
  facet normal -0 0 -1
    outer loop
      vertex 77.0555 42.5865 -1.5
      vertex 56.75 17 -1.5
      vertex 76.9215 42.6859 -1.5
    endloop
  endfacet
  facet normal 0 0 -1
    outer loop
      vertex 56.75 -17 -1.5
      vertex 76.6859 -42.9215 -1.5
      vertex 76.5865 -43.0555 -1.5
    endloop
  endfacet
  facet normal -0 0 -1
    outer loop
      vertex 76.9215 42.6859 -1.5
      vertex 56.75 17 -1.5
      vertex 76.7979 42.7979 -1.5
    endloop
  endfacet
  facet normal 0 0 -1
    outer loop
      vertex 56.75 -17 -1.5
      vertex 76.5865 -43.0555 -1.5
      vertex 76.5007 -43.1986 -1.5
    endloop
  endfacet
  facet normal -0 0 -1
    outer loop
      vertex 76.7979 42.7979 -1.5
      vertex 56.75 17 -1.5
      vertex 76.6859 42.9215 -1.5
    endloop
  endfacet
  facet normal 0 0 -1
    outer loop
      vertex 56.75 -17 -1.5
      vertex 76.5007 -43.1986 -1.5
      vertex 76.4294 -43.3494 -1.5
    endloop
  endfacet
  facet normal -0 0 -1
    outer loop
      vertex 76.6859 42.9215 -1.5
      vertex 56.75 17 -1.5
      vertex 76.5865 43.0555 -1.5
    endloop
  endfacet
  facet normal 0 0 -1
    outer loop
      vertex 56.75 -17 -1.5
      vertex 76.4294 -43.3494 -1.5
      vertex 76.3732 -43.5065 -1.5
    endloop
  endfacet
  facet normal -0 0 -1
    outer loop
      vertex 76.5865 43.0555 -1.5
      vertex 56.75 17 -1.5
      vertex 76.5007 43.1986 -1.5
    endloop
  endfacet
  facet normal 0 0 -1
    outer loop
      vertex 56.75 -17 -1.5
      vertex 76.3732 -43.5065 -1.5
      vertex 76.3327 -43.6683 -1.5
    endloop
  endfacet
  facet normal -0 0 -1
    outer loop
      vertex 76.5007 43.1986 -1.5
      vertex 56.75 17 -1.5
      vertex 76.4294 43.3494 -1.5
    endloop
  endfacet
  facet normal 0 0 -1
    outer loop
      vertex 53.25 -17 -1.5
      vertex 76.3327 -43.6683 -1.5
      vertex 76.3082 -43.8334 -1.5
    endloop
  endfacet
  facet normal -0 0 -1
    outer loop
      vertex 76.4294 43.3494 -1.5
      vertex 56.75 17 -1.5
      vertex 76.3732 43.5065 -1.5
    endloop
  endfacet
  facet normal 0 0 -1
    outer loop
      vertex 53.25 -17 -1.5
      vertex 76.3082 -43.8334 -1.5
      vertex 76.3 -44 -1.5
    endloop
  endfacet
  facet normal -0 0 -1
    outer loop
      vertex 76.3732 43.5065 -1.5
      vertex 56.75 17 -1.5
      vertex 76.3327 43.6683 -1.5
    endloop
  endfacet
  facet normal 0 0 -1
    outer loop
      vertex 79.5706 -44.6506 -1.5
      vertex 87 -46 -1.5
      vertex 86.9663 -46.6861 -1.5
    endloop
  endfacet
  facet normal 0 0 -1
    outer loop
      vertex 79.6918 -43.8334 -1.5
      vertex 87 -46 -1.5
      vertex 79.7 -44 -1.5
    endloop
  endfacet
  facet normal 0 0 -1
    outer loop
      vertex 79.4993 -44.8014 -1.5
      vertex 86.9663 -46.6861 -1.5
      vertex 86.8655 -47.3656 -1.5
    endloop
  endfacet
  facet normal 0 0 -1
    outer loop
      vertex 79.6673 -43.6683 -1.5
      vertex 87 -46 -1.5
      vertex 79.6918 -43.8334 -1.5
    endloop
  endfacet
  facet normal 0 0 -1
    outer loop
      vertex 79.4993 -44.8014 -1.5
      vertex 86.8655 -47.3656 -1.5
      vertex 86.6986 -48.032 -1.5
    endloop
  endfacet
  facet normal 0 0 -1
    outer loop
      vertex 79.6918 44.1666 -1.5
      vertex 87 46 -1.5
      vertex 79.7 44 -1.5
    endloop
  endfacet
  facet normal 0 0 -1
    outer loop
      vertex 79.4135 -44.9445 -1.5
      vertex 86.6986 -48.032 -1.5
      vertex 86.4671 -48.6788 -1.5
    endloop
  endfacet
  facet normal 0 0 -1
    outer loop
      vertex 79.6673 44.3317 -1.5
      vertex 87 46 -1.5
      vertex 79.6918 44.1666 -1.5
    endloop
  endfacet
  facet normal 0 0 -1
    outer loop
      vertex 79.4135 -44.9445 -1.5
      vertex 86.4671 -48.6788 -1.5
      vertex 86.1734 -49.2998 -1.5
    endloop
  endfacet
  facet normal 0 0 -1
    outer loop
      vertex 79.6268 44.4935 -1.5
      vertex 87 46 -1.5
      vertex 79.6673 44.3317 -1.5
    endloop
  endfacet
  facet normal 0 0 -1
    outer loop
      vertex 79.3141 -45.0785 -1.5
      vertex 86.1734 -49.2998 -1.5
      vertex 85.8203 -49.889 -1.5
    endloop
  endfacet
  facet normal 0 0 -1
    outer loop
      vertex 79.5706 44.6506 -1.5
      vertex 87 46 -1.5
      vertex 79.6268 44.4935 -1.5
    endloop
  endfacet
  facet normal 0 0 -1
    outer loop
      vertex 79.3141 -45.0785 -1.5
      vertex 85.8203 -49.889 -1.5
      vertex 85.4111 -50.4408 -1.5
    endloop
  endfacet
  facet normal -0 0 -1
    outer loop
      vertex 87 46 -1.5
      vertex 79.5706 44.6506 -1.5
      vertex 86.9663 46.6861 -1.5
    endloop
  endfacet
  facet normal 0 0 -1
    outer loop
      vertex 79.2021 -45.2021 -1.5
      vertex 85.4111 -50.4408 -1.5
      vertex 84.9497 -50.9497 -1.5
    endloop
  endfacet
  facet normal 0 0 -1
    outer loop
      vertex 79.4993 44.8014 -1.5
      vertex 86.9663 46.6861 -1.5
      vertex 79.5706 44.6506 -1.5
    endloop
  endfacet
  facet normal 0 0 -1
    outer loop
      vertex 79.2021 -45.2021 -1.5
      vertex 84.9497 -50.9497 -1.5
      vertex 84.4408 -51.4111 -1.5
    endloop
  endfacet
  facet normal -0 0 -1
    outer loop
      vertex 86.9663 46.6861 -1.5
      vertex 79.4993 44.8014 -1.5
      vertex 86.8655 47.3656 -1.5
    endloop
  endfacet
  facet normal 0 0 -1
    outer loop
      vertex 79.0785 -45.3141 -1.5
      vertex 84.4408 -51.4111 -1.5
      vertex 83.889 -51.8203 -1.5
    endloop
  endfacet
  facet normal -0 0 -1
    outer loop
      vertex 86.8655 47.3656 -1.5
      vertex 79.4993 44.8014 -1.5
      vertex 86.6986 48.032 -1.5
    endloop
  endfacet
  facet normal 0 0 -1
    outer loop
      vertex 79.0785 -45.3141 -1.5
      vertex 83.889 -51.8203 -1.5
      vertex 83.2998 -52.1734 -1.5
    endloop
  endfacet
  facet normal 0 0 -1
    outer loop
      vertex 79.4135 44.9445 -1.5
      vertex 86.6986 48.032 -1.5
      vertex 79.4993 44.8014 -1.5
    endloop
  endfacet
  facet normal 0 0 -1
    outer loop
      vertex 78.9445 -45.4135 -1.5
      vertex 83.2998 -52.1734 -1.5
      vertex 82.6788 -52.4671 -1.5
    endloop
  endfacet
  facet normal -0 0 -1
    outer loop
      vertex 86.6986 48.032 -1.5
      vertex 79.4135 44.9445 -1.5
      vertex 86.4671 48.6788 -1.5
    endloop
  endfacet
  facet normal 0 0 -1
    outer loop
      vertex 78.9445 -45.4135 -1.5
      vertex 82.6788 -52.4671 -1.5
      vertex 82.032 -52.6986 -1.5
    endloop
  endfacet
  facet normal -0 0 -1
    outer loop
      vertex 86.4671 48.6788 -1.5
      vertex 79.4135 44.9445 -1.5
      vertex 86.1734 49.2998 -1.5
    endloop
  endfacet
  facet normal 0 0 -1
    outer loop
      vertex 78.8014 -45.4993 -1.5
      vertex 82.032 -52.6986 -1.5
      vertex 81.3656 -52.8655 -1.5
    endloop
  endfacet
  facet normal 0 0 -1
    outer loop
      vertex 79.3141 45.0785 -1.5
      vertex 86.1734 49.2998 -1.5
      vertex 79.4135 44.9445 -1.5
    endloop
  endfacet
  facet normal 0 0 -1
    outer loop
      vertex 78.8014 -45.4993 -1.5
      vertex 81.3656 -52.8655 -1.5
      vertex 80.6861 -52.9663 -1.5
    endloop
  endfacet
  facet normal -0 0 -1
    outer loop
      vertex 86.1734 49.2998 -1.5
      vertex 79.3141 45.0785 -1.5
      vertex 85.8203 49.889 -1.5
    endloop
  endfacet
  facet normal 0 0 -1
    outer loop
      vertex 78.6506 -45.5706 -1.5
      vertex 80.6861 -52.9663 -1.5
      vertex 80 -53 -1.5
    endloop
  endfacet
  facet normal -0 0 -1
    outer loop
      vertex 85.8203 49.889 -1.5
      vertex 79.3141 45.0785 -1.5
      vertex 85.4111 50.4408 -1.5
    endloop
  endfacet
  facet normal 0 0 -1
    outer loop
      vertex 79.2021 45.2021 -1.5
      vertex 85.4111 50.4408 -1.5
      vertex 79.3141 45.0785 -1.5
    endloop
  endfacet
  facet normal 0 0 -1
    outer loop
      vertex 87 -46 -1.5
      vertex 79.6918 -44.1666 -1.5
      vertex 79.7 -44 -1.5
    endloop
  endfacet
  facet normal 0 0 -1
    outer loop
      vertex 87 -46 -1.5
      vertex 79.6673 -44.3317 -1.5
      vertex 79.6918 -44.1666 -1.5
    endloop
  endfacet
  facet normal 0 0 -1
    outer loop
      vertex 87 -46 -1.5
      vertex 79.6268 -44.4935 -1.5
      vertex 79.6673 -44.3317 -1.5
    endloop
  endfacet
  facet normal 0 0 -1
    outer loop
      vertex 87 -46 -1.5
      vertex 79.5706 -44.6506 -1.5
      vertex 79.6268 -44.4935 -1.5
    endloop
  endfacet
  facet normal 0 0 -1
    outer loop
      vertex 86.9663 -46.6861 -1.5
      vertex 79.4993 -44.8014 -1.5
      vertex 79.5706 -44.6506 -1.5
    endloop
  endfacet
  facet normal 0 0 -1
    outer loop
      vertex 86.6986 -48.032 -1.5
      vertex 79.4135 -44.9445 -1.5
      vertex 79.4993 -44.8014 -1.5
    endloop
  endfacet
  facet normal 0 0 -1
    outer loop
      vertex 86.1734 -49.2998 -1.5
      vertex 79.3141 -45.0785 -1.5
      vertex 79.4135 -44.9445 -1.5
    endloop
  endfacet
  facet normal 0 0 -1
    outer loop
      vertex 85.4111 -50.4408 -1.5
      vertex 79.2021 -45.2021 -1.5
      vertex 79.3141 -45.0785 -1.5
    endloop
  endfacet
  facet normal 0 0 -1
    outer loop
      vertex 84.4408 -51.4111 -1.5
      vertex 79.0785 -45.3141 -1.5
      vertex 79.2021 -45.2021 -1.5
    endloop
  endfacet
  facet normal 0 0 -1
    outer loop
      vertex 83.2998 -52.1734 -1.5
      vertex 78.9445 -45.4135 -1.5
      vertex 79.0785 -45.3141 -1.5
    endloop
  endfacet
  facet normal 0 0 -1
    outer loop
      vertex 82.032 -52.6986 -1.5
      vertex 78.8014 -45.4993 -1.5
      vertex 78.9445 -45.4135 -1.5
    endloop
  endfacet
  facet normal 0 0 -1
    outer loop
      vertex 80.6861 -52.9663 -1.5
      vertex 78.6506 -45.5706 -1.5
      vertex 78.8014 -45.4993 -1.5
    endloop
  endfacet
  facet normal 0 0 -1
    outer loop
      vertex 80 -53 -1.5
      vertex 78.4935 -45.6268 -1.5
      vertex 78.6506 -45.5706 -1.5
    endloop
  endfacet
  facet normal 0 0 -1
    outer loop
      vertex 80 -53 -1.5
      vertex 78.3316 -45.6673 -1.5
      vertex 78.4935 -45.6268 -1.5
    endloop
  endfacet
  facet normal 0 0 -1
    outer loop
      vertex 80 -53 -1.5
      vertex 78.1666 -45.6918 -1.5
      vertex 78.3316 -45.6673 -1.5
    endloop
  endfacet
  facet normal 0 0 -1
    outer loop
      vertex 80 -53 -1.5
      vertex 78 -45.7 -1.5
      vertex 78.1666 -45.6918 -1.5
    endloop
  endfacet
  facet normal 0 0 -1
    outer loop
      vertex 80 -53 -1.5
      vertex 77.8334 -45.6918 -1.5
      vertex 78 -45.7 -1.5
    endloop
  endfacet
  facet normal 0 0 -1
    outer loop
      vertex 80 -53 -1.5
      vertex 77.6684 -45.6673 -1.5
      vertex 77.8334 -45.6918 -1.5
    endloop
  endfacet
  facet normal 0 0 -1
    outer loop
      vertex 80 -53 -1.5
      vertex 77.5065 -45.6268 -1.5
      vertex 77.6684 -45.6673 -1.5
    endloop
  endfacet
  facet normal 0 0 -1
    outer loop
      vertex 80 -53 -1.5
      vertex 77.3494 -45.5706 -1.5
      vertex 77.5065 -45.6268 -1.5
    endloop
  endfacet
  facet normal 0 0 -1
    outer loop
      vertex 80 -53 -1.5
      vertex 77.1986 -45.4993 -1.5
      vertex 77.3494 -45.5706 -1.5
    endloop
  endfacet
  facet normal 0 0 -1
    outer loop
      vertex 80 -53 -1.5
      vertex 77.0555 -45.4135 -1.5
      vertex 77.1986 -45.4993 -1.5
    endloop
  endfacet
  facet normal 0 0 -1
    outer loop
      vertex 80 -53 -1.5
      vertex 76.9215 -45.3141 -1.5
      vertex 77.0555 -45.4135 -1.5
    endloop
  endfacet
  facet normal 0 0 -1
    outer loop
      vertex 80 -53 -1.5
      vertex 76.7979 -45.2021 -1.5
      vertex 76.9215 -45.3141 -1.5
    endloop
  endfacet
  facet normal 0 0 -1
    outer loop
      vertex 80 -53 -1.5
      vertex 76.6859 -45.0785 -1.5
      vertex 76.7979 -45.2021 -1.5
    endloop
  endfacet
  facet normal 0 0 -1
    outer loop
      vertex 80 -53 -1.5
      vertex 76.5865 -44.9445 -1.5
      vertex 76.6859 -45.0785 -1.5
    endloop
  endfacet
  facet normal 0 0 -1
    outer loop
      vertex 80 -53 -1.5
      vertex 76.5007 -44.8014 -1.5
      vertex 76.5865 -44.9445 -1.5
    endloop
  endfacet
  facet normal 0 0 -1
    outer loop
      vertex 26.75 -17 -1.5
      vertex 76.5007 -44.8014 -1.5
      vertex 80 -53 -1.5
    endloop
  endfacet
  facet normal 0 0 -1
    outer loop
      vertex 53.25 17 -1.5
      vertex 76.3327 43.6683 -1.5
      vertex 56.75 17 -1.5
    endloop
  endfacet
  facet normal 0 0 -1
    outer loop
      vertex 53.25 -17 -1.5
      vertex 76.3 -44 -1.5
      vertex 76.3082 -44.1666 -1.5
    endloop
  endfacet
  facet normal 0 0 -1
    outer loop
      vertex 53.25 -17 -1.5
      vertex 76.3082 -44.1666 -1.5
      vertex 76.3327 -44.3317 -1.5
    endloop
  endfacet
  facet normal 0 0 -1
    outer loop
      vertex 26.75 -17 -1.5
      vertex 76.3327 -44.3317 -1.5
      vertex 76.3732 -44.4935 -1.5
    endloop
  endfacet
  facet normal 0 0 -1
    outer loop
      vertex 26.75 -17 -1.5
      vertex 76.3732 -44.4935 -1.5
      vertex 76.4294 -44.6506 -1.5
    endloop
  endfacet
  facet normal 0 0 -1
    outer loop
      vertex 76.5007 -44.8014 -1.5
      vertex 26.75 -17 -1.5
      vertex 76.4294 -44.6506 -1.5
    endloop
  endfacet
  facet normal 0 0 -1
    outer loop
      vertex 76.3327 -43.6683 -1.5
      vertex 53.25 -17 -1.5
      vertex 56.75 -17 -1.5
    endloop
  endfacet
  facet normal 0 0 -1
    outer loop
      vertex 53.25 -17 -1.5
      vertex 26.75 -17 -1.5
      vertex 53.25 17 -1.5
    endloop
  endfacet
  facet normal 0 0 -1
    outer loop
      vertex 76.3327 -44.3317 -1.5
      vertex 26.75 -17 -1.5
      vertex 53.25 -17 -1.5
    endloop
  endfacet
  facet normal 0 0 -1
    outer loop
      vertex 80 -53 -1.5
      vertex 23.25 -17 -1.5
      vertex 26.75 -17 -1.5
    endloop
  endfacet
  facet normal 0 0 -1
    outer loop
      vertex 23.25 -17 -1.5
      vertex -23.25 -17 -1.5
      vertex 23.25 17 -1.5
    endloop
  endfacet
  facet normal 0 0 -1
    outer loop
      vertex 80 -53 -1.5
      vertex -23.25 -17 -1.5
      vertex 23.25 -17 -1.5
    endloop
  endfacet
  facet normal 0 0 -1
    outer loop
      vertex -80 -53 -1.5
      vertex -23.25 -17 -1.5
      vertex 80 -53 -1.5
    endloop
  endfacet
  facet normal 0 0 -1
    outer loop
      vertex -26.75 -17 -1.5
      vertex -53.25 -17 -1.5
      vertex -26.75 17 -1.5
    endloop
  endfacet
  facet normal -0 0 -1
    outer loop
      vertex -23.25 -17 -1.5
      vertex -80 -53 -1.5
      vertex -26.75 -17 -1.5
    endloop
  endfacet
  facet normal 0 -0 -1
    outer loop
      vertex -76.5007 -44.8014 -1.5
      vertex -26.75 -17 -1.5
      vertex -80 -53 -1.5
    endloop
  endfacet
  facet normal 0 0 -1
    outer loop
      vertex -76.3327 -43.6683 -1.5
      vertex -53.25 -17 -1.5
      vertex -76.3082 -43.8334 -1.5
    endloop
  endfacet
  facet normal 0 -0 -1
    outer loop
      vertex -76.3327 -44.3317 -1.5
      vertex -26.75 -17 -1.5
      vertex -76.3732 -44.4935 -1.5
    endloop
  endfacet
  facet normal 0 0 -1
    outer loop
      vertex -76.3082 -43.8334 -1.5
      vertex -53.25 -17 -1.5
      vertex -76.3 -44 -1.5
    endloop
  endfacet
  facet normal 0 -0 -1
    outer loop
      vertex -76.3 -44 -1.5
      vertex -53.25 -17 -1.5
      vertex -76.3082 -44.1666 -1.5
    endloop
  endfacet
  facet normal 0 -0 -1
    outer loop
      vertex -76.3082 -44.1666 -1.5
      vertex -53.25 -17 -1.5
      vertex -76.3327 -44.3317 -1.5
    endloop
  endfacet
  facet normal -0 0 -1
    outer loop
      vertex -26.75 -17 -1.5
      vertex -76.3327 -44.3317 -1.5
      vertex -53.25 -17 -1.5
    endloop
  endfacet
  facet normal 0 -0 -1
    outer loop
      vertex -76.3732 -44.4935 -1.5
      vertex -26.75 -17 -1.5
      vertex -76.4294 -44.6506 -1.5
    endloop
  endfacet
  facet normal 0 -0 -1
    outer loop
      vertex -76.4294 -44.6506 -1.5
      vertex -26.75 -17 -1.5
      vertex -76.5007 -44.8014 -1.5
    endloop
  endfacet
  facet normal 0 0 -1
    outer loop
      vertex -76.5007 -44.8014 -1.5
      vertex -80 -53 -1.5
      vertex -76.5865 -44.9445 -1.5
    endloop
  endfacet
  facet normal 0 0 -1
    outer loop
      vertex -76.5865 -44.9445 -1.5
      vertex -80 -53 -1.5
      vertex -76.6859 -45.0785 -1.5
    endloop
  endfacet
  facet normal 0 0 -1
    outer loop
      vertex -76.6859 -45.0785 -1.5
      vertex -80 -53 -1.5
      vertex -76.7979 -45.2021 -1.5
    endloop
  endfacet
  facet normal 0 0 -1
    outer loop
      vertex -76.7979 -45.2021 -1.5
      vertex -80 -53 -1.5
      vertex -76.9215 -45.3141 -1.5
    endloop
  endfacet
  facet normal 0 0 -1
    outer loop
      vertex -76.9215 -45.3141 -1.5
      vertex -80 -53 -1.5
      vertex -77.0555 -45.4135 -1.5
    endloop
  endfacet
  facet normal 0 0 -1
    outer loop
      vertex -77.0555 -45.4135 -1.5
      vertex -80 -53 -1.5
      vertex -77.1986 -45.4993 -1.5
    endloop
  endfacet
  facet normal 0 0 -1
    outer loop
      vertex -77.1986 -45.4993 -1.5
      vertex -80 -53 -1.5
      vertex -77.3494 -45.5706 -1.5
    endloop
  endfacet
  facet normal 0 0 -1
    outer loop
      vertex -77.3494 -45.5706 -1.5
      vertex -80 -53 -1.5
      vertex -77.5065 -45.6268 -1.5
    endloop
  endfacet
  facet normal 0 0 -1
    outer loop
      vertex -77.5065 -45.6268 -1.5
      vertex -80 -53 -1.5
      vertex -77.6684 -45.6673 -1.5
    endloop
  endfacet
  facet normal 0 0 -1
    outer loop
      vertex -77.6684 -45.6673 -1.5
      vertex -80 -53 -1.5
      vertex -77.8334 -45.6918 -1.5
    endloop
  endfacet
  facet normal 0 0 -1
    outer loop
      vertex -85.4111 -50.4408 -1.5
      vertex -79.2021 -45.2021 -1.5
      vertex -84.9497 -50.9497 -1.5
    endloop
  endfacet
  facet normal 0 0 -1
    outer loop
      vertex -84.9497 -50.9497 -1.5
      vertex -79.2021 -45.2021 -1.5
      vertex -84.4408 -51.4111 -1.5
    endloop
  endfacet
  facet normal -0 0 -1
    outer loop
      vertex -79.0785 -45.3141 -1.5
      vertex -84.4408 -51.4111 -1.5
      vertex -79.2021 -45.2021 -1.5
    endloop
  endfacet
  facet normal 0 0 -1
    outer loop
      vertex -84.4408 -51.4111 -1.5
      vertex -79.0785 -45.3141 -1.5
      vertex -83.889 -51.8203 -1.5
    endloop
  endfacet
  facet normal 0 0 -1
    outer loop
      vertex -83.889 -51.8203 -1.5
      vertex -79.0785 -45.3141 -1.5
      vertex -83.2998 -52.1734 -1.5
    endloop
  endfacet
  facet normal -0 0 -1
    outer loop
      vertex -78.9445 -45.4135 -1.5
      vertex -83.2998 -52.1734 -1.5
      vertex -79.0785 -45.3141 -1.5
    endloop
  endfacet
  facet normal 0 0 -1
    outer loop
      vertex -83.2998 -52.1734 -1.5
      vertex -78.9445 -45.4135 -1.5
      vertex -82.6788 -52.4671 -1.5
    endloop
  endfacet
  facet normal 0 0 -1
    outer loop
      vertex -82.6788 -52.4671 -1.5
      vertex -78.9445 -45.4135 -1.5
      vertex -82.032 -52.6986 -1.5
    endloop
  endfacet
  facet normal -0 0 -1
    outer loop
      vertex -78.8014 -45.4993 -1.5
      vertex -82.032 -52.6986 -1.5
      vertex -78.9445 -45.4135 -1.5
    endloop
  endfacet
  facet normal 0 0 -1
    outer loop
      vertex -82.032 -52.6986 -1.5
      vertex -78.8014 -45.4993 -1.5
      vertex -81.3656 -52.8655 -1.5
    endloop
  endfacet
  facet normal 0 0 -1
    outer loop
      vertex -81.3656 -52.8655 -1.5
      vertex -78.8014 -45.4993 -1.5
      vertex -80.6861 -52.9663 -1.5
    endloop
  endfacet
  facet normal -0 0 -1
    outer loop
      vertex -78.6506 -45.5706 -1.5
      vertex -80.6861 -52.9663 -1.5
      vertex -78.8014 -45.4993 -1.5
    endloop
  endfacet
  facet normal 0 0 -1
    outer loop
      vertex -80.6861 -52.9663 -1.5
      vertex -78.6506 -45.5706 -1.5
      vertex -80 -53 -1.5
    endloop
  endfacet
  facet normal -0 0 -1
    outer loop
      vertex -78.4935 -45.6268 -1.5
      vertex -80 -53 -1.5
      vertex -78.6506 -45.5706 -1.5
    endloop
  endfacet
  facet normal -0 0 -1
    outer loop
      vertex -78.3316 -45.6673 -1.5
      vertex -80 -53 -1.5
      vertex -78.4935 -45.6268 -1.5
    endloop
  endfacet
  facet normal -0 0 -1
    outer loop
      vertex -78.1666 -45.6918 -1.5
      vertex -80 -53 -1.5
      vertex -78.3316 -45.6673 -1.5
    endloop
  endfacet
  facet normal -0 0 -1
    outer loop
      vertex -78 -45.7 -1.5
      vertex -80 -53 -1.5
      vertex -78.1666 -45.6918 -1.5
    endloop
  endfacet
  facet normal 0 0 -1
    outer loop
      vertex -77.8334 -45.6918 -1.5
      vertex -80 -53 -1.5
      vertex -78 -45.7 -1.5
    endloop
  endfacet
  facet normal -0 0 -1
    outer loop
      vertex 85.4111 50.4408 -1.5
      vertex 79.2021 45.2021 -1.5
      vertex 84.9497 50.9497 -1.5
    endloop
  endfacet
  facet normal -0 0 -1
    outer loop
      vertex 84.9497 50.9497 -1.5
      vertex 79.2021 45.2021 -1.5
      vertex 84.4408 51.4111 -1.5
    endloop
  endfacet
  facet normal 0 0 -1
    outer loop
      vertex 79.0785 45.3141 -1.5
      vertex 84.4408 51.4111 -1.5
      vertex 79.2021 45.2021 -1.5
    endloop
  endfacet
  facet normal -0 0 -1
    outer loop
      vertex 84.4408 51.4111 -1.5
      vertex 79.0785 45.3141 -1.5
      vertex 83.889 51.8203 -1.5
    endloop
  endfacet
  facet normal -0 0 -1
    outer loop
      vertex 83.889 51.8203 -1.5
      vertex 79.0785 45.3141 -1.5
      vertex 83.2998 52.1734 -1.5
    endloop
  endfacet
  facet normal 0 0 -1
    outer loop
      vertex 78.9445 45.4135 -1.5
      vertex 83.2998 52.1734 -1.5
      vertex 79.0785 45.3141 -1.5
    endloop
  endfacet
  facet normal -0 0 -1
    outer loop
      vertex 83.2998 52.1734 -1.5
      vertex 78.9445 45.4135 -1.5
      vertex 82.6788 52.4671 -1.5
    endloop
  endfacet
  facet normal -0 0 -1
    outer loop
      vertex 82.6788 52.4671 -1.5
      vertex 78.9445 45.4135 -1.5
      vertex 82.032 52.6986 -1.5
    endloop
  endfacet
  facet normal 0 0 -1
    outer loop
      vertex 78.8014 45.4993 -1.5
      vertex 82.032 52.6986 -1.5
      vertex 78.9445 45.4135 -1.5
    endloop
  endfacet
  facet normal -0 0 -1
    outer loop
      vertex 82.032 52.6986 -1.5
      vertex 78.8014 45.4993 -1.5
      vertex 81.3656 52.8655 -1.5
    endloop
  endfacet
  facet normal -0 0 -1
    outer loop
      vertex 81.3656 52.8655 -1.5
      vertex 78.8014 45.4993 -1.5
      vertex 80.6861 52.9663 -1.5
    endloop
  endfacet
  facet normal 0 0 -1
    outer loop
      vertex 78.6506 45.5706 -1.5
      vertex 80.6861 52.9663 -1.5
      vertex 78.8014 45.4993 -1.5
    endloop
  endfacet
  facet normal -0 0 -1
    outer loop
      vertex 80.6861 52.9663 -1.5
      vertex 78.6506 45.5706 -1.5
      vertex 80 53 -1.5
    endloop
  endfacet
  facet normal 0 0 -1
    outer loop
      vertex 78.4935 45.6268 -1.5
      vertex 80 53 -1.5
      vertex 78.6506 45.5706 -1.5
    endloop
  endfacet
  facet normal 0 0 -1
    outer loop
      vertex 78.3316 45.6673 -1.5
      vertex 80 53 -1.5
      vertex 78.4935 45.6268 -1.5
    endloop
  endfacet
  facet normal 0 0 -1
    outer loop
      vertex 78.1666 45.6918 -1.5
      vertex 80 53 -1.5
      vertex 78.3316 45.6673 -1.5
    endloop
  endfacet
  facet normal 0 0 -1
    outer loop
      vertex 78 45.7 -1.5
      vertex 80 53 -1.5
      vertex 78.1666 45.6918 -1.5
    endloop
  endfacet
  facet normal 0 0 -1
    outer loop
      vertex 77.8334 45.6918 -1.5
      vertex 80 53 -1.5
      vertex 78 45.7 -1.5
    endloop
  endfacet
  facet normal 0 0 -1
    outer loop
      vertex 77.6684 45.6673 -1.5
      vertex 80 53 -1.5
      vertex 77.8334 45.6918 -1.5
    endloop
  endfacet
  facet normal 0 0 -1
    outer loop
      vertex 77.5065 45.6268 -1.5
      vertex 80 53 -1.5
      vertex 77.6684 45.6673 -1.5
    endloop
  endfacet
  facet normal 0 0 -1
    outer loop
      vertex 77.3494 45.5706 -1.5
      vertex 80 53 -1.5
      vertex 77.5065 45.6268 -1.5
    endloop
  endfacet
  facet normal 0 0 -1
    outer loop
      vertex 77.1986 45.4993 -1.5
      vertex 80 53 -1.5
      vertex 77.3494 45.5706 -1.5
    endloop
  endfacet
  facet normal 0 0 -1
    outer loop
      vertex 77.0555 45.4135 -1.5
      vertex 80 53 -1.5
      vertex 77.1986 45.4993 -1.5
    endloop
  endfacet
  facet normal 0 0 -1
    outer loop
      vertex 76.9215 45.3141 -1.5
      vertex 80 53 -1.5
      vertex 77.0555 45.4135 -1.5
    endloop
  endfacet
  facet normal 0 0 -1
    outer loop
      vertex 76.7979 45.2021 -1.5
      vertex 80 53 -1.5
      vertex 76.9215 45.3141 -1.5
    endloop
  endfacet
  facet normal 0 0 -1
    outer loop
      vertex 76.6859 45.0785 -1.5
      vertex 80 53 -1.5
      vertex 76.7979 45.2021 -1.5
    endloop
  endfacet
  facet normal 0 0 -1
    outer loop
      vertex 76.5865 44.9445 -1.5
      vertex 80 53 -1.5
      vertex 76.6859 45.0785 -1.5
    endloop
  endfacet
  facet normal 0 0 -1
    outer loop
      vertex 76.5007 44.8014 -1.5
      vertex 80 53 -1.5
      vertex 76.5865 44.9445 -1.5
    endloop
  endfacet
  facet normal 0 0 -1
    outer loop
      vertex 26.75 17 -1.5
      vertex 76.5007 44.8014 -1.5
      vertex 76.4294 44.6506 -1.5
    endloop
  endfacet
  facet normal -0 0 -1
    outer loop
      vertex 76.3327 43.6683 -1.5
      vertex 53.25 17 -1.5
      vertex 76.3082 43.8334 -1.5
    endloop
  endfacet
  facet normal -0 0 -1
    outer loop
      vertex 76.3082 43.8334 -1.5
      vertex 53.25 17 -1.5
      vertex 76.3 44 -1.5
    endloop
  endfacet
  facet normal -0 0 -1
    outer loop
      vertex 76.3 44 -1.5
      vertex 53.25 17 -1.5
      vertex 76.3082 44.1666 -1.5
    endloop
  endfacet
  facet normal -0 0 -1
    outer loop
      vertex 76.3082 44.1666 -1.5
      vertex 53.25 17 -1.5
      vertex 76.3327 44.3317 -1.5
    endloop
  endfacet
  facet normal 0 0 -1
    outer loop
      vertex 26.75 17 -1.5
      vertex 76.3327 44.3317 -1.5
      vertex 53.25 17 -1.5
    endloop
  endfacet
  facet normal -0 0 -1
    outer loop
      vertex 76.3327 44.3317 -1.5
      vertex 26.75 17 -1.5
      vertex 76.3732 44.4935 -1.5
    endloop
  endfacet
  facet normal -0 0 -1
    outer loop
      vertex 76.3732 44.4935 -1.5
      vertex 26.75 17 -1.5
      vertex 76.4294 44.6506 -1.5
    endloop
  endfacet
  facet normal 0 0 -1
    outer loop
      vertex 26.75 17 -1.5
      vertex 53.25 17 -1.5
      vertex 26.75 -17 -1.5
    endloop
  endfacet
  facet normal -0 0 -1
    outer loop
      vertex 76.5007 44.8014 -1.5
      vertex 26.75 17 -1.5
      vertex 80 53 -1.5
    endloop
  endfacet
  facet normal 0 0 -1
    outer loop
      vertex 23.25 17 -1.5
      vertex 80 53 -1.5
      vertex 26.75 17 -1.5
    endloop
  endfacet
  facet normal 0 0 -1
    outer loop
      vertex -23.25 17 -1.5
      vertex 23.25 17 -1.5
      vertex -23.25 -17 -1.5
    endloop
  endfacet
  facet normal 0 0 -1
    outer loop
      vertex -23.25 17 -1.5
      vertex 80 53 -1.5
      vertex 23.25 17 -1.5
    endloop
  endfacet
  facet normal 0 0 -1
    outer loop
      vertex -80 53 -1.5
      vertex -23.25 17 -1.5
      vertex -26.75 17 -1.5
    endloop
  endfacet
  facet normal 0 0 -1
    outer loop
      vertex -53.25 17 -1.5
      vertex -26.75 17 -1.5
      vertex -53.25 -17 -1.5
    endloop
  endfacet
  facet normal 0 0 -1
    outer loop
      vertex -76.3327 44.3317 -1.5
      vertex -26.75 17 -1.5
      vertex -53.25 17 -1.5
    endloop
  endfacet
  facet normal 0 0 -1
    outer loop
      vertex -76.3 44 -1.5
      vertex -53.25 17 -1.5
      vertex -56.75 17 -1.5
    endloop
  endfacet
  facet normal -0 0 -1
    outer loop
      vertex -53.25 -17 -1.5
      vertex -76.3327 -43.6683 -1.5
      vertex -56.75 -17 -1.5
    endloop
  endfacet
  facet normal 0 0 -1
    outer loop
      vertex -53.25 17 -1.5
      vertex -76.3 44 -1.5
      vertex -76.3082 44.1666 -1.5
    endloop
  endfacet
  facet normal 0 0 -1
    outer loop
      vertex -53.25 17 -1.5
      vertex -76.3082 44.1666 -1.5
      vertex -76.3327 44.3317 -1.5
    endloop
  endfacet
  facet normal 0 0 -1
    outer loop
      vertex -26.75 17 -1.5
      vertex -76.3327 44.3317 -1.5
      vertex -76.3732 44.4935 -1.5
    endloop
  endfacet
  facet normal 0 0 -1
    outer loop
      vertex -26.75 17 -1.5
      vertex -76.3732 44.4935 -1.5
      vertex -76.4294 44.6506 -1.5
    endloop
  endfacet
  facet normal 0 0 -1
    outer loop
      vertex -26.75 17 -1.5
      vertex -76.4294 44.6506 -1.5
      vertex -76.5007 44.8014 -1.5
    endloop
  endfacet
  facet normal 0 0 -1
    outer loop
      vertex -26.75 17 -1.5
      vertex -76.5007 44.8014 -1.5
      vertex -80 53 -1.5
    endloop
  endfacet
  facet normal 0 0 -1
    outer loop
      vertex -80 53 -1.5
      vertex -76.5007 44.8014 -1.5
      vertex -76.5865 44.9445 -1.5
    endloop
  endfacet
  facet normal 0 0 -1
    outer loop
      vertex -80 53 -1.5
      vertex -76.5865 44.9445 -1.5
      vertex -76.6859 45.0785 -1.5
    endloop
  endfacet
  facet normal 0 0 -1
    outer loop
      vertex -80 53 -1.5
      vertex -76.6859 45.0785 -1.5
      vertex -76.7979 45.2021 -1.5
    endloop
  endfacet
  facet normal 0 0 -1
    outer loop
      vertex -80 53 -1.5
      vertex -76.7979 45.2021 -1.5
      vertex -76.9215 45.3141 -1.5
    endloop
  endfacet
  facet normal 0 0 -1
    outer loop
      vertex -80 53 -1.5
      vertex -76.9215 45.3141 -1.5
      vertex -77.0555 45.4135 -1.5
    endloop
  endfacet
  facet normal 0 0 -1
    outer loop
      vertex -80 53 -1.5
      vertex -77.0555 45.4135 -1.5
      vertex -77.1986 45.4993 -1.5
    endloop
  endfacet
  facet normal 0 0 -1
    outer loop
      vertex -80 53 -1.5
      vertex -77.1986 45.4993 -1.5
      vertex -77.3494 45.5706 -1.5
    endloop
  endfacet
  facet normal 0 0 -1
    outer loop
      vertex -80 53 -1.5
      vertex -77.3494 45.5706 -1.5
      vertex -77.5065 45.6268 -1.5
    endloop
  endfacet
  facet normal 0 0 -1
    outer loop
      vertex -80 53 -1.5
      vertex -77.5065 45.6268 -1.5
      vertex -77.6684 45.6673 -1.5
    endloop
  endfacet
  facet normal 0 0 -1
    outer loop
      vertex -80 53 -1.5
      vertex -77.6684 45.6673 -1.5
      vertex -77.8334 45.6918 -1.5
    endloop
  endfacet
  facet normal 0 0 -1
    outer loop
      vertex -80 53 -1.5
      vertex -77.8334 45.6918 -1.5
      vertex -78 45.7 -1.5
    endloop
  endfacet
  facet normal 0 0 -1
    outer loop
      vertex -23.25 17 -1.5
      vertex -80 53 -1.5
      vertex 80 53 -1.5
    endloop
  endfacet
  facet normal 0 0 -1
    outer loop
      vertex -78.1666 45.6918 -1.5
      vertex -80 53 -1.5
      vertex -78 45.7 -1.5
    endloop
  endfacet
  facet normal 0 0 -1
    outer loop
      vertex -78.3316 45.6673 -1.5
      vertex -80 53 -1.5
      vertex -78.1666 45.6918 -1.5
    endloop
  endfacet
  facet normal 0 0 -1
    outer loop
      vertex -78.4935 45.6268 -1.5
      vertex -80 53 -1.5
      vertex -78.3316 45.6673 -1.5
    endloop
  endfacet
  facet normal 0 0 -1
    outer loop
      vertex -78.6506 45.5706 -1.5
      vertex -80 53 -1.5
      vertex -78.4935 45.6268 -1.5
    endloop
  endfacet
  facet normal 0 0 -1
    outer loop
      vertex -80.6861 52.9663 -1.5
      vertex -78.6506 45.5706 -1.5
      vertex -78.8014 45.4993 -1.5
    endloop
  endfacet
  facet normal 0 0 -1
    outer loop
      vertex -82.032 52.6986 -1.5
      vertex -78.8014 45.4993 -1.5
      vertex -78.9445 45.4135 -1.5
    endloop
  endfacet
  facet normal 0 0 -1
    outer loop
      vertex -83.2998 52.1734 -1.5
      vertex -78.9445 45.4135 -1.5
      vertex -79.0785 45.3141 -1.5
    endloop
  endfacet
  facet normal 0 0 -1
    outer loop
      vertex -84.4408 51.4111 -1.5
      vertex -79.0785 45.3141 -1.5
      vertex -79.2021 45.2021 -1.5
    endloop
  endfacet
  facet normal 0 0 -1
    outer loop
      vertex -85.4111 50.4408 -1.5
      vertex -79.2021 45.2021 -1.5
      vertex -79.3141 45.0785 -1.5
    endloop
  endfacet
  facet normal 0 0 -1
    outer loop
      vertex -86.1734 49.2998 -1.5
      vertex -79.3141 45.0785 -1.5
      vertex -79.4135 44.9445 -1.5
    endloop
  endfacet
  facet normal 0 0 -1
    outer loop
      vertex -86.6986 48.032 -1.5
      vertex -79.4135 44.9445 -1.5
      vertex -79.4993 44.8014 -1.5
    endloop
  endfacet
  facet normal 0 0 -1
    outer loop
      vertex -86.9663 46.6861 -1.5
      vertex -79.4993 44.8014 -1.5
      vertex -79.5706 44.6506 -1.5
    endloop
  endfacet
  facet normal 0 0 -1
    outer loop
      vertex -87 46 -1.5
      vertex -79.5706 44.6506 -1.5
      vertex -79.6268 44.4935 -1.5
    endloop
  endfacet
  facet normal 0 0 -1
    outer loop
      vertex -87 46 -1.5
      vertex -79.6268 44.4935 -1.5
      vertex -79.6673 44.3317 -1.5
    endloop
  endfacet
  facet normal 0 0 -1
    outer loop
      vertex -87 46 -1.5
      vertex -79.6673 44.3317 -1.5
      vertex -79.6918 44.1666 -1.5
    endloop
  endfacet
  facet normal 0 0 -1
    outer loop
      vertex -87 46 -1.5
      vertex -79.6918 44.1666 -1.5
      vertex -79.7 44 -1.5
    endloop
  endfacet
  facet normal 0 0 -1
    outer loop
      vertex -79.6673 43.6683 -1.5
      vertex -87 46 -1.5
      vertex -79.6918 43.8334 -1.5
    endloop
  endfacet
  facet normal -0 0 -1
    outer loop
      vertex -79.2021 -45.2021 -1.5
      vertex -85.4111 -50.4408 -1.5
      vertex -79.3141 -45.0785 -1.5
    endloop
  endfacet
  facet normal 0 0 -1
    outer loop
      vertex -79.6918 43.8334 -1.5
      vertex -87 46 -1.5
      vertex -79.7 44 -1.5
    endloop
  endfacet
  facet normal 0 0 -1
    outer loop
      vertex -85.8203 -49.889 -1.5
      vertex -79.3141 -45.0785 -1.5
      vertex -85.4111 -50.4408 -1.5
    endloop
  endfacet
  facet normal 0 0 -1
    outer loop
      vertex -79.5706 44.6506 -1.5
      vertex -87 46 -1.5
      vertex -86.9663 46.6861 -1.5
    endloop
  endfacet
  facet normal 0 0 -1
    outer loop
      vertex -86.1734 -49.2998 -1.5
      vertex -79.3141 -45.0785 -1.5
      vertex -85.8203 -49.889 -1.5
    endloop
  endfacet
  facet normal 0 0 -1
    outer loop
      vertex -78.6506 45.5706 -1.5
      vertex -80.6861 52.9663 -1.5
      vertex -80 53 -1.5
    endloop
  endfacet
  facet normal -0 0 -1
    outer loop
      vertex -79.3141 -45.0785 -1.5
      vertex -86.1734 -49.2998 -1.5
      vertex -79.4135 -44.9445 -1.5
    endloop
  endfacet
  facet normal 0 0 -1
    outer loop
      vertex -78.8014 45.4993 -1.5
      vertex -81.3656 52.8655 -1.5
      vertex -80.6861 52.9663 -1.5
    endloop
  endfacet
  facet normal 0 0 -1
    outer loop
      vertex -86.4671 -48.6788 -1.5
      vertex -79.4135 -44.9445 -1.5
      vertex -86.1734 -49.2998 -1.5
    endloop
  endfacet
  facet normal 0 0 -1
    outer loop
      vertex -78.8014 45.4993 -1.5
      vertex -82.032 52.6986 -1.5
      vertex -81.3656 52.8655 -1.5
    endloop
  endfacet
  facet normal 0 0 -1
    outer loop
      vertex -86.6986 -48.032 -1.5
      vertex -79.4135 -44.9445 -1.5
      vertex -86.4671 -48.6788 -1.5
    endloop
  endfacet
  facet normal 0 0 -1
    outer loop
      vertex -78.9445 45.4135 -1.5
      vertex -82.6788 52.4671 -1.5
      vertex -82.032 52.6986 -1.5
    endloop
  endfacet
  facet normal -0 0 -1
    outer loop
      vertex -79.4135 -44.9445 -1.5
      vertex -86.6986 -48.032 -1.5
      vertex -79.4993 -44.8014 -1.5
    endloop
  endfacet
  facet normal 0 0 -1
    outer loop
      vertex -78.9445 45.4135 -1.5
      vertex -83.2998 52.1734 -1.5
      vertex -82.6788 52.4671 -1.5
    endloop
  endfacet
  facet normal 0 0 -1
    outer loop
      vertex -86.8655 -47.3656 -1.5
      vertex -79.4993 -44.8014 -1.5
      vertex -86.6986 -48.032 -1.5
    endloop
  endfacet
  facet normal 0 0 -1
    outer loop
      vertex -79.0785 45.3141 -1.5
      vertex -83.889 51.8203 -1.5
      vertex -83.2998 52.1734 -1.5
    endloop
  endfacet
  facet normal 0 0 -1
    outer loop
      vertex -86.9663 -46.6861 -1.5
      vertex -79.4993 -44.8014 -1.5
      vertex -86.8655 -47.3656 -1.5
    endloop
  endfacet
  facet normal 0 0 -1
    outer loop
      vertex -79.0785 45.3141 -1.5
      vertex -84.4408 51.4111 -1.5
      vertex -83.889 51.8203 -1.5
    endloop
  endfacet
  facet normal -0 0 -1
    outer loop
      vertex -79.4993 -44.8014 -1.5
      vertex -86.9663 -46.6861 -1.5
      vertex -79.5706 -44.6506 -1.5
    endloop
  endfacet
  facet normal 0 0 -1
    outer loop
      vertex -79.2021 45.2021 -1.5
      vertex -84.9497 50.9497 -1.5
      vertex -84.4408 51.4111 -1.5
    endloop
  endfacet
  facet normal 0 0 -1
    outer loop
      vertex -87 -46 -1.5
      vertex -79.5706 -44.6506 -1.5
      vertex -86.9663 -46.6861 -1.5
    endloop
  endfacet
  facet normal 0 0 -1
    outer loop
      vertex -79.2021 45.2021 -1.5
      vertex -85.4111 50.4408 -1.5
      vertex -84.9497 50.9497 -1.5
    endloop
  endfacet
  facet normal -0 0 -1
    outer loop
      vertex -79.5706 -44.6506 -1.5
      vertex -87 -46 -1.5
      vertex -79.6268 -44.4935 -1.5
    endloop
  endfacet
  facet normal 0 0 -1
    outer loop
      vertex -79.3141 45.0785 -1.5
      vertex -85.8203 49.889 -1.5
      vertex -85.4111 50.4408 -1.5
    endloop
  endfacet
  facet normal -0 0 -1
    outer loop
      vertex -79.6268 -44.4935 -1.5
      vertex -87 -46 -1.5
      vertex -79.6673 -44.3317 -1.5
    endloop
  endfacet
  facet normal 0 0 -1
    outer loop
      vertex -79.3141 45.0785 -1.5
      vertex -86.1734 49.2998 -1.5
      vertex -85.8203 49.889 -1.5
    endloop
  endfacet
  facet normal -0 0 -1
    outer loop
      vertex -79.6673 -44.3317 -1.5
      vertex -87 -46 -1.5
      vertex -79.6918 -44.1666 -1.5
    endloop
  endfacet
  facet normal 0 0 -1
    outer loop
      vertex -79.4135 44.9445 -1.5
      vertex -86.4671 48.6788 -1.5
      vertex -86.1734 49.2998 -1.5
    endloop
  endfacet
  facet normal -0 0 -1
    outer loop
      vertex -79.6918 -44.1666 -1.5
      vertex -87 -46 -1.5
      vertex -79.7 -44 -1.5
    endloop
  endfacet
  facet normal 0 0 -1
    outer loop
      vertex -79.4135 44.9445 -1.5
      vertex -86.6986 48.032 -1.5
      vertex -86.4671 48.6788 -1.5
    endloop
  endfacet
  facet normal 0 0 -1
    outer loop
      vertex -79.4993 44.8014 -1.5
      vertex -86.8655 47.3656 -1.5
      vertex -86.6986 48.032 -1.5
    endloop
  endfacet
  facet normal 0 0 -1
    outer loop
      vertex -79.4993 44.8014 -1.5
      vertex -86.9663 46.6861 -1.5
      vertex -86.8655 47.3656 -1.5
    endloop
  endfacet
  facet normal 0 -1 0
    outer loop
      vertex -80 -53 -1.5
      vertex 80 -53 1.5
      vertex -80 -53 1.5
    endloop
  endfacet
  facet normal 0 -1 -0
    outer loop
      vertex 80 -53 1.5
      vertex -80 -53 -1.5
      vertex 80 -53 -1.5
    endloop
  endfacet
  facet normal -0 0 1
    outer loop
      vertex -76.3732 43.5065 1.5
      vertex -56.75 17 1.5
      vertex -76.3327 43.6683 1.5
    endloop
  endfacet
  facet normal 0 0 1
    outer loop
      vertex -56.75 -17 1.5
      vertex -76.3082 -43.8334 1.5
      vertex -76.3 -44 1.5
    endloop
  endfacet
  facet normal -0 0 1
    outer loop
      vertex -76.4294 43.3494 1.5
      vertex -56.75 17 1.5
      vertex -76.3732 43.5065 1.5
    endloop
  endfacet
  facet normal 0 0 1
    outer loop
      vertex -56.75 -17 1.5
      vertex -76.3327 -43.6683 1.5
      vertex -76.3082 -43.8334 1.5
    endloop
  endfacet
  facet normal -0 0 1
    outer loop
      vertex -76.5007 43.1986 1.5
      vertex -56.75 17 1.5
      vertex -76.4294 43.3494 1.5
    endloop
  endfacet
  facet normal 0 0 1
    outer loop
      vertex -56.75 -17 1.5
      vertex -76.3732 -43.5065 1.5
      vertex -76.3327 -43.6683 1.5
    endloop
  endfacet
  facet normal -0 0 1
    outer loop
      vertex -76.5865 43.0555 1.5
      vertex -56.75 17 1.5
      vertex -76.5007 43.1986 1.5
    endloop
  endfacet
  facet normal 0 0 1
    outer loop
      vertex -56.75 -17 1.5
      vertex -76.4294 -43.3494 1.5
      vertex -76.3732 -43.5065 1.5
    endloop
  endfacet
  facet normal -0 0 1
    outer loop
      vertex -76.6859 42.9215 1.5
      vertex -56.75 17 1.5
      vertex -76.5865 43.0555 1.5
    endloop
  endfacet
  facet normal 0 0 1
    outer loop
      vertex -56.75 -17 1.5
      vertex -76.5007 -43.1986 1.5
      vertex -76.4294 -43.3494 1.5
    endloop
  endfacet
  facet normal -0 0 1
    outer loop
      vertex -76.7979 42.7979 1.5
      vertex -56.75 17 1.5
      vertex -76.6859 42.9215 1.5
    endloop
  endfacet
  facet normal 0 0 1
    outer loop
      vertex -56.75 -17 1.5
      vertex -76.5865 -43.0555 1.5
      vertex -76.5007 -43.1986 1.5
    endloop
  endfacet
  facet normal -0 0 1
    outer loop
      vertex -76.9215 42.6859 1.5
      vertex -56.75 17 1.5
      vertex -76.7979 42.7979 1.5
    endloop
  endfacet
  facet normal 0 0 1
    outer loop
      vertex -56.75 -17 1.5
      vertex -76.6859 -42.9215 1.5
      vertex -76.5865 -43.0555 1.5
    endloop
  endfacet
  facet normal -0 0 1
    outer loop
      vertex -77.0555 42.5865 1.5
      vertex -56.75 17 1.5
      vertex -76.9215 42.6859 1.5
    endloop
  endfacet
  facet normal 0 0 1
    outer loop
      vertex -56.75 -17 1.5
      vertex -76.7979 -42.7979 1.5
      vertex -76.6859 -42.9215 1.5
    endloop
  endfacet
  facet normal -0 0 1
    outer loop
      vertex -77.1986 42.5007 1.5
      vertex -56.75 17 1.5
      vertex -77.0555 42.5865 1.5
    endloop
  endfacet
  facet normal 0 0 1
    outer loop
      vertex -56.75 -17 1.5
      vertex -76.9215 -42.6859 1.5
      vertex -76.7979 -42.7979 1.5
    endloop
  endfacet
  facet normal -0 0 1
    outer loop
      vertex -77.3494 42.4294 1.5
      vertex -56.75 17 1.5
      vertex -77.1986 42.5007 1.5
    endloop
  endfacet
  facet normal 0 0 1
    outer loop
      vertex -56.75 -17 1.5
      vertex -77.0555 -42.5865 1.5
      vertex -76.9215 -42.6859 1.5
    endloop
  endfacet
  facet normal -0 0 1
    outer loop
      vertex -77.5065 42.3732 1.5
      vertex -56.75 17 1.5
      vertex -77.3494 42.4294 1.5
    endloop
  endfacet
  facet normal 0 0 1
    outer loop
      vertex -56.75 -17 1.5
      vertex -77.1986 -42.5007 1.5
      vertex -77.0555 -42.5865 1.5
    endloop
  endfacet
  facet normal -0 0 1
    outer loop
      vertex -77.6684 42.3327 1.5
      vertex -56.75 17 1.5
      vertex -77.5065 42.3732 1.5
    endloop
  endfacet
  facet normal 0 0 1
    outer loop
      vertex -56.75 -17 1.5
      vertex -77.3494 -42.4294 1.5
      vertex -77.1986 -42.5007 1.5
    endloop
  endfacet
  facet normal -0 0 1
    outer loop
      vertex -77.8334 42.3082 1.5
      vertex -56.75 17 1.5
      vertex -77.6684 42.3327 1.5
    endloop
  endfacet
  facet normal 0 0 1
    outer loop
      vertex -56.75 -17 1.5
      vertex -77.5065 -42.3732 1.5
      vertex -77.3494 -42.4294 1.5
    endloop
  endfacet
  facet normal -0 0 1
    outer loop
      vertex -78 42.3 1.5
      vertex -56.75 17 1.5
      vertex -77.8334 42.3082 1.5
    endloop
  endfacet
  facet normal 0 0 1
    outer loop
      vertex -56.75 -17 1.5
      vertex -77.6684 -42.3327 1.5
      vertex -77.5065 -42.3732 1.5
    endloop
  endfacet
  facet normal 0 0 1
    outer loop
      vertex -78.1666 42.3082 1.5
      vertex -56.75 17 1.5
      vertex -78 42.3 1.5
    endloop
  endfacet
  facet normal 0 0 1
    outer loop
      vertex -56.75 -17 1.5
      vertex -77.8334 -42.3082 1.5
      vertex -77.6684 -42.3327 1.5
    endloop
  endfacet
  facet normal 0 0 1
    outer loop
      vertex -78.3316 42.3327 1.5
      vertex -56.75 17 1.5
      vertex -78.1666 42.3082 1.5
    endloop
  endfacet
  facet normal 0 0 1
    outer loop
      vertex -56.75 -17 1.5
      vertex -78 -42.3 1.5
      vertex -77.8334 -42.3082 1.5
    endloop
  endfacet
  facet normal 0 0 1
    outer loop
      vertex -78.4935 42.3732 1.5
      vertex -56.75 17 1.5
      vertex -78.3316 42.3327 1.5
    endloop
  endfacet
  facet normal 0 0 1
    outer loop
      vertex -56.75 -17 1.5
      vertex -78.1666 -42.3082 1.5
      vertex -78 -42.3 1.5
    endloop
  endfacet
  facet normal 0 0 1
    outer loop
      vertex -78.6506 42.4294 1.5
      vertex -56.75 17 1.5
      vertex -78.4935 42.3732 1.5
    endloop
  endfacet
  facet normal 0 0 1
    outer loop
      vertex -56.75 -17 1.5
      vertex -78.3316 -42.3327 1.5
      vertex -78.1666 -42.3082 1.5
    endloop
  endfacet
  facet normal 0 0 1
    outer loop
      vertex -78.8014 42.5007 1.5
      vertex -56.75 17 1.5
      vertex -78.6506 42.4294 1.5
    endloop
  endfacet
  facet normal 0 0 1
    outer loop
      vertex -56.75 -17 1.5
      vertex -78.4935 -42.3732 1.5
      vertex -78.3316 -42.3327 1.5
    endloop
  endfacet
  facet normal 0 0 1
    outer loop
      vertex -56.75 17 1.5
      vertex -78.8014 42.5007 1.5
      vertex -56.75 -17 1.5
    endloop
  endfacet
  facet normal 0 0 1
    outer loop
      vertex -56.75 -17 1.5
      vertex -78.6506 -42.4294 1.5
      vertex -78.4935 -42.3732 1.5
    endloop
  endfacet
  facet normal 0 0 1
    outer loop
      vertex -78.8014 -42.5007 1.5
      vertex -56.75 -17 1.5
      vertex -78.8014 42.5007 1.5
    endloop
  endfacet
  facet normal 0 0 1
    outer loop
      vertex -56.75 -17 1.5
      vertex -78.8014 -42.5007 1.5
      vertex -78.6506 -42.4294 1.5
    endloop
  endfacet
  facet normal 0 0 1
    outer loop
      vertex -87 46 1.5
      vertex -78.8014 42.5007 1.5
      vertex -78.9445 42.5865 1.5
    endloop
  endfacet
  facet normal 0 0 1
    outer loop
      vertex -78.8014 42.5007 1.5
      vertex -87 46 1.5
      vertex -78.8014 -42.5007 1.5
    endloop
  endfacet
  facet normal 0 0 1
    outer loop
      vertex -87 46 1.5
      vertex -78.9445 42.5865 1.5
      vertex -79.0785 42.6859 1.5
    endloop
  endfacet
  facet normal 0 0 1
    outer loop
      vertex -87 -46 1.5
      vertex -78.8014 -42.5007 1.5
      vertex -87 46 1.5
    endloop
  endfacet
  facet normal 0 0 1
    outer loop
      vertex -87 46 1.5
      vertex -79.0785 42.6859 1.5
      vertex -79.2021 42.7979 1.5
    endloop
  endfacet
  facet normal 0 0 1
    outer loop
      vertex -78.8014 -42.5007 1.5
      vertex -87 -46 1.5
      vertex -78.9445 -42.5865 1.5
    endloop
  endfacet
  facet normal 0 0 1
    outer loop
      vertex -87 46 1.5
      vertex -79.2021 42.7979 1.5
      vertex -79.3141 42.9215 1.5
    endloop
  endfacet
  facet normal 0 0 1
    outer loop
      vertex -78.9445 -42.5865 1.5
      vertex -87 -46 1.5
      vertex -79.0785 -42.6859 1.5
    endloop
  endfacet
  facet normal 0 0 1
    outer loop
      vertex -87 46 1.5
      vertex -79.3141 42.9215 1.5
      vertex -79.4135 43.0555 1.5
    endloop
  endfacet
  facet normal 0 0 1
    outer loop
      vertex -79.0785 -42.6859 1.5
      vertex -87 -46 1.5
      vertex -79.2021 -42.7979 1.5
    endloop
  endfacet
  facet normal 0 0 1
    outer loop
      vertex -87 46 1.5
      vertex -79.4135 43.0555 1.5
      vertex -79.4993 43.1986 1.5
    endloop
  endfacet
  facet normal 0 0 1
    outer loop
      vertex -79.2021 -42.7979 1.5
      vertex -87 -46 1.5
      vertex -79.3141 -42.9215 1.5
    endloop
  endfacet
  facet normal 0 0 1
    outer loop
      vertex -87 46 1.5
      vertex -79.4993 43.1986 1.5
      vertex -79.5706 43.3494 1.5
    endloop
  endfacet
  facet normal 0 0 1
    outer loop
      vertex -79.3141 -42.9215 1.5
      vertex -87 -46 1.5
      vertex -79.4135 -43.0555 1.5
    endloop
  endfacet
  facet normal 0 0 1
    outer loop
      vertex -87 46 1.5
      vertex -79.5706 43.3494 1.5
      vertex -79.6268 43.5065 1.5
    endloop
  endfacet
  facet normal 0 0 1
    outer loop
      vertex -79.4135 -43.0555 1.5
      vertex -87 -46 1.5
      vertex -79.4993 -43.1986 1.5
    endloop
  endfacet
  facet normal 0 0 1
    outer loop
      vertex -87 46 1.5
      vertex -79.6268 43.5065 1.5
      vertex -79.6673 43.6683 1.5
    endloop
  endfacet
  facet normal 0 0 1
    outer loop
      vertex -79.4993 -43.1986 1.5
      vertex -87 -46 1.5
      vertex -79.5706 -43.3494 1.5
    endloop
  endfacet
  facet normal 0 0 1
    outer loop
      vertex -87 46 1.5
      vertex -79.6673 43.6683 1.5
      vertex -79.6918 43.8334 1.5
    endloop
  endfacet
  facet normal 0 0 1
    outer loop
      vertex -79.5706 -43.3494 1.5
      vertex -87 -46 1.5
      vertex -79.6268 -43.5065 1.5
    endloop
  endfacet
  facet normal 0 0 1
    outer loop
      vertex -87 46 1.5
      vertex -79.6918 43.8334 1.5
      vertex -79.7 44 1.5
    endloop
  endfacet
  facet normal 0 0 1
    outer loop
      vertex -79.6268 -43.5065 1.5
      vertex -87 -46 1.5
      vertex -79.6673 -43.6683 1.5
    endloop
  endfacet
  facet normal 0 0 1
    outer loop
      vertex 79.6268 43.5065 1.5
      vertex 87 46 1.5
      vertex 79.6673 43.6683 1.5
    endloop
  endfacet
  facet normal 0 0 1
    outer loop
      vertex 87 -46 1.5
      vertex 79.6918 -43.8334 1.5
      vertex 79.7 -44 1.5
    endloop
  endfacet
  facet normal 0 0 1
    outer loop
      vertex 79.5706 43.3494 1.5
      vertex 87 46 1.5
      vertex 79.6268 43.5065 1.5
    endloop
  endfacet
  facet normal 0 0 1
    outer loop
      vertex 87 -46 1.5
      vertex 79.6673 -43.6683 1.5
      vertex 79.6918 -43.8334 1.5
    endloop
  endfacet
  facet normal 0 0 1
    outer loop
      vertex 79.4993 43.1986 1.5
      vertex 87 46 1.5
      vertex 79.5706 43.3494 1.5
    endloop
  endfacet
  facet normal 0 0 1
    outer loop
      vertex 87 -46 1.5
      vertex 79.6268 -43.5065 1.5
      vertex 79.6673 -43.6683 1.5
    endloop
  endfacet
  facet normal 0 0 1
    outer loop
      vertex 79.4135 43.0555 1.5
      vertex 87 46 1.5
      vertex 79.4993 43.1986 1.5
    endloop
  endfacet
  facet normal 0 0 1
    outer loop
      vertex 87 -46 1.5
      vertex 79.5706 -43.3494 1.5
      vertex 79.6268 -43.5065 1.5
    endloop
  endfacet
  facet normal 0 0 1
    outer loop
      vertex 79.3141 42.9215 1.5
      vertex 87 46 1.5
      vertex 79.4135 43.0555 1.5
    endloop
  endfacet
  facet normal 0 0 1
    outer loop
      vertex 87 -46 1.5
      vertex 79.4993 -43.1986 1.5
      vertex 79.5706 -43.3494 1.5
    endloop
  endfacet
  facet normal 0 0 1
    outer loop
      vertex 79.2021 42.7979 1.5
      vertex 87 46 1.5
      vertex 79.3141 42.9215 1.5
    endloop
  endfacet
  facet normal 0 0 1
    outer loop
      vertex 87 -46 1.5
      vertex 79.4135 -43.0555 1.5
      vertex 79.4993 -43.1986 1.5
    endloop
  endfacet
  facet normal 0 0 1
    outer loop
      vertex 79.0785 42.6859 1.5
      vertex 87 46 1.5
      vertex 79.2021 42.7979 1.5
    endloop
  endfacet
  facet normal 0 0 1
    outer loop
      vertex 87 -46 1.5
      vertex 79.3141 -42.9215 1.5
      vertex 79.4135 -43.0555 1.5
    endloop
  endfacet
  facet normal 0 0 1
    outer loop
      vertex 78.9445 42.5865 1.5
      vertex 87 46 1.5
      vertex 79.0785 42.6859 1.5
    endloop
  endfacet
  facet normal 0 0 1
    outer loop
      vertex 87 -46 1.5
      vertex 79.2021 -42.7979 1.5
      vertex 79.3141 -42.9215 1.5
    endloop
  endfacet
  facet normal 0 0 1
    outer loop
      vertex 78.8014 42.5007 1.5
      vertex 87 46 1.5
      vertex 78.9445 42.5865 1.5
    endloop
  endfacet
  facet normal 0 0 1
    outer loop
      vertex 87 -46 1.5
      vertex 79.0785 -42.6859 1.5
      vertex 79.2021 -42.7979 1.5
    endloop
  endfacet
  facet normal 0 0 1
    outer loop
      vertex 87 46 1.5
      vertex 78.8014 42.5007 1.5
      vertex 87 -46 1.5
    endloop
  endfacet
  facet normal 0 0 1
    outer loop
      vertex 87 -46 1.5
      vertex 78.9445 -42.5865 1.5
      vertex 79.0785 -42.6859 1.5
    endloop
  endfacet
  facet normal -0 0 1
    outer loop
      vertex 78.8014 -42.5007 1.5
      vertex 87 -46 1.5
      vertex 78.8014 42.5007 1.5
    endloop
  endfacet
  facet normal 0 0 1
    outer loop
      vertex 87 -46 1.5
      vertex 78.8014 -42.5007 1.5
      vertex 78.9445 -42.5865 1.5
    endloop
  endfacet
  facet normal 0 0 1
    outer loop
      vertex 56.75 17 1.5
      vertex 78.8014 42.5007 1.5
      vertex 78.6506 42.4294 1.5
    endloop
  endfacet
  facet normal 0 0 1
    outer loop
      vertex 78.8014 42.5007 1.5
      vertex 56.75 17 1.5
      vertex 78.8014 -42.5007 1.5
    endloop
  endfacet
  facet normal 0 0 1
    outer loop
      vertex 56.75 17 1.5
      vertex 78.6506 42.4294 1.5
      vertex 78.4935 42.3732 1.5
    endloop
  endfacet
  facet normal -0 0 1
    outer loop
      vertex 56.75 -17 1.5
      vertex 78.8014 -42.5007 1.5
      vertex 56.75 17 1.5
    endloop
  endfacet
  facet normal 0 0 1
    outer loop
      vertex 56.75 17 1.5
      vertex 78.4935 42.3732 1.5
      vertex 78.3316 42.3327 1.5
    endloop
  endfacet
  facet normal 0 0 1
    outer loop
      vertex 78.8014 -42.5007 1.5
      vertex 56.75 -17 1.5
      vertex 78.6506 -42.4294 1.5
    endloop
  endfacet
  facet normal 0 0 1
    outer loop
      vertex 56.75 17 1.5
      vertex 78.3316 42.3327 1.5
      vertex 78.1666 42.3082 1.5
    endloop
  endfacet
  facet normal 0 0 1
    outer loop
      vertex 78.6506 -42.4294 1.5
      vertex 56.75 -17 1.5
      vertex 78.4935 -42.3732 1.5
    endloop
  endfacet
  facet normal 0 0 1
    outer loop
      vertex 56.75 17 1.5
      vertex 78.1666 42.3082 1.5
      vertex 78 42.3 1.5
    endloop
  endfacet
  facet normal 0 0 1
    outer loop
      vertex 78.4935 -42.3732 1.5
      vertex 56.75 -17 1.5
      vertex 78.3316 -42.3327 1.5
    endloop
  endfacet
  facet normal 0 0 1
    outer loop
      vertex 56.75 17 1.5
      vertex 78 42.3 1.5
      vertex 77.8334 42.3082 1.5
    endloop
  endfacet
  facet normal 0 0 1
    outer loop
      vertex 78.3316 -42.3327 1.5
      vertex 56.75 -17 1.5
      vertex 78.1666 -42.3082 1.5
    endloop
  endfacet
  facet normal 0 0 1
    outer loop
      vertex 56.75 17 1.5
      vertex 77.8334 42.3082 1.5
      vertex 77.6684 42.3327 1.5
    endloop
  endfacet
  facet normal 0 0 1
    outer loop
      vertex 78.1666 -42.3082 1.5
      vertex 56.75 -17 1.5
      vertex 78 -42.3 1.5
    endloop
  endfacet
  facet normal 0 0 1
    outer loop
      vertex 56.75 17 1.5
      vertex 77.6684 42.3327 1.5
      vertex 77.5065 42.3732 1.5
    endloop
  endfacet
  facet normal 0 0 1
    outer loop
      vertex 78 -42.3 1.5
      vertex 56.75 -17 1.5
      vertex 77.8334 -42.3082 1.5
    endloop
  endfacet
  facet normal 0 0 1
    outer loop
      vertex 56.75 17 1.5
      vertex 77.5065 42.3732 1.5
      vertex 77.3494 42.4294 1.5
    endloop
  endfacet
  facet normal 0 0 1
    outer loop
      vertex 77.8334 -42.3082 1.5
      vertex 56.75 -17 1.5
      vertex 77.6684 -42.3327 1.5
    endloop
  endfacet
  facet normal 0 0 1
    outer loop
      vertex 56.75 17 1.5
      vertex 77.3494 42.4294 1.5
      vertex 77.1986 42.5007 1.5
    endloop
  endfacet
  facet normal 0 0 1
    outer loop
      vertex 77.6684 -42.3327 1.5
      vertex 56.75 -17 1.5
      vertex 77.5065 -42.3732 1.5
    endloop
  endfacet
  facet normal 0 0 1
    outer loop
      vertex 56.75 17 1.5
      vertex 77.1986 42.5007 1.5
      vertex 77.0555 42.5865 1.5
    endloop
  endfacet
  facet normal 0 0 1
    outer loop
      vertex 77.5065 -42.3732 1.5
      vertex 56.75 -17 1.5
      vertex 77.3494 -42.4294 1.5
    endloop
  endfacet
  facet normal 0 0 1
    outer loop
      vertex 56.75 17 1.5
      vertex 77.0555 42.5865 1.5
      vertex 76.9215 42.6859 1.5
    endloop
  endfacet
  facet normal 0 0 1
    outer loop
      vertex 77.3494 -42.4294 1.5
      vertex 56.75 -17 1.5
      vertex 77.1986 -42.5007 1.5
    endloop
  endfacet
  facet normal 0 0 1
    outer loop
      vertex 56.75 17 1.5
      vertex 76.9215 42.6859 1.5
      vertex 76.7979 42.7979 1.5
    endloop
  endfacet
  facet normal 0 0 1
    outer loop
      vertex 77.1986 -42.5007 1.5
      vertex 56.75 -17 1.5
      vertex 77.0555 -42.5865 1.5
    endloop
  endfacet
  facet normal 0 0 1
    outer loop
      vertex 56.75 17 1.5
      vertex 76.7979 42.7979 1.5
      vertex 76.6859 42.9215 1.5
    endloop
  endfacet
  facet normal 0 0 1
    outer loop
      vertex 77.0555 -42.5865 1.5
      vertex 56.75 -17 1.5
      vertex 76.9215 -42.6859 1.5
    endloop
  endfacet
  facet normal 0 0 1
    outer loop
      vertex 56.75 17 1.5
      vertex 76.6859 42.9215 1.5
      vertex 76.5865 43.0555 1.5
    endloop
  endfacet
  facet normal 0 0 1
    outer loop
      vertex 76.9215 -42.6859 1.5
      vertex 56.75 -17 1.5
      vertex 76.7979 -42.7979 1.5
    endloop
  endfacet
  facet normal 0 0 1
    outer loop
      vertex 56.75 17 1.5
      vertex 76.5865 43.0555 1.5
      vertex 76.5007 43.1986 1.5
    endloop
  endfacet
  facet normal 0 0 1
    outer loop
      vertex 76.7979 -42.7979 1.5
      vertex 56.75 -17 1.5
      vertex 76.6859 -42.9215 1.5
    endloop
  endfacet
  facet normal 0 0 1
    outer loop
      vertex 56.75 17 1.5
      vertex 76.5007 43.1986 1.5
      vertex 76.4294 43.3494 1.5
    endloop
  endfacet
  facet normal 0 0 1
    outer loop
      vertex 76.6859 -42.9215 1.5
      vertex 56.75 -17 1.5
      vertex 76.5865 -43.0555 1.5
    endloop
  endfacet
  facet normal 0 0 1
    outer loop
      vertex 56.75 17 1.5
      vertex 76.4294 43.3494 1.5
      vertex 76.3732 43.5065 1.5
    endloop
  endfacet
  facet normal 0 0 1
    outer loop
      vertex 76.5865 -43.0555 1.5
      vertex 56.75 -17 1.5
      vertex 76.5007 -43.1986 1.5
    endloop
  endfacet
  facet normal 0 0 1
    outer loop
      vertex 56.75 17 1.5
      vertex 76.3732 43.5065 1.5
      vertex 76.3327 43.6683 1.5
    endloop
  endfacet
  facet normal 0 0 1
    outer loop
      vertex 76.5007 -43.1986 1.5
      vertex 56.75 -17 1.5
      vertex 76.4294 -43.3494 1.5
    endloop
  endfacet
  facet normal 0 0 1
    outer loop
      vertex 53.25 17 1.5
      vertex 76.3327 43.6683 1.5
      vertex 76.3082 43.8334 1.5
    endloop
  endfacet
  facet normal 0 0 1
    outer loop
      vertex 76.4294 -43.3494 1.5
      vertex 56.75 -17 1.5
      vertex 76.3732 -43.5065 1.5
    endloop
  endfacet
  facet normal 0 0 1
    outer loop
      vertex 53.25 17 1.5
      vertex 76.3082 43.8334 1.5
      vertex 76.3 44 1.5
    endloop
  endfacet
  facet normal 0 0 1
    outer loop
      vertex 76.3732 -43.5065 1.5
      vertex 56.75 -17 1.5
      vertex 76.3327 -43.6683 1.5
    endloop
  endfacet
  facet normal 0 0 1
    outer loop
      vertex 79.5706 44.6506 1.5
      vertex 87 46 1.5
      vertex 86.9663 46.6861 1.5
    endloop
  endfacet
  facet normal 0 0 1
    outer loop
      vertex 79.6918 43.8334 1.5
      vertex 87 46 1.5
      vertex 79.7 44 1.5
    endloop
  endfacet
  facet normal 0 0 1
    outer loop
      vertex 79.4993 44.8014 1.5
      vertex 86.9663 46.6861 1.5
      vertex 86.8655 47.3656 1.5
    endloop
  endfacet
  facet normal 0 0 1
    outer loop
      vertex 79.6673 43.6683 1.5
      vertex 87 46 1.5
      vertex 79.6918 43.8334 1.5
    endloop
  endfacet
  facet normal 0 0 1
    outer loop
      vertex 79.4993 44.8014 1.5
      vertex 86.8655 47.3656 1.5
      vertex 86.6986 48.032 1.5
    endloop
  endfacet
  facet normal -0 0 1
    outer loop
      vertex 79.6918 -44.1666 1.5
      vertex 87 -46 1.5
      vertex 79.7 -44 1.5
    endloop
  endfacet
  facet normal 0 0 1
    outer loop
      vertex 79.4135 44.9445 1.5
      vertex 86.6986 48.032 1.5
      vertex 86.4671 48.6788 1.5
    endloop
  endfacet
  facet normal -0 0 1
    outer loop
      vertex 79.6673 -44.3317 1.5
      vertex 87 -46 1.5
      vertex 79.6918 -44.1666 1.5
    endloop
  endfacet
  facet normal 0 0 1
    outer loop
      vertex 79.4135 44.9445 1.5
      vertex 86.4671 48.6788 1.5
      vertex 86.1734 49.2998 1.5
    endloop
  endfacet
  facet normal -0 0 1
    outer loop
      vertex 79.6268 -44.4935 1.5
      vertex 87 -46 1.5
      vertex 79.6673 -44.3317 1.5
    endloop
  endfacet
  facet normal 0 0 1
    outer loop
      vertex 79.3141 45.0785 1.5
      vertex 86.1734 49.2998 1.5
      vertex 85.8203 49.889 1.5
    endloop
  endfacet
  facet normal -0 0 1
    outer loop
      vertex 79.5706 -44.6506 1.5
      vertex 87 -46 1.5
      vertex 79.6268 -44.4935 1.5
    endloop
  endfacet
  facet normal 0 0 1
    outer loop
      vertex 79.3141 45.0785 1.5
      vertex 85.8203 49.889 1.5
      vertex 85.4111 50.4408 1.5
    endloop
  endfacet
  facet normal 0 0 1
    outer loop
      vertex 87 -46 1.5
      vertex 79.5706 -44.6506 1.5
      vertex 86.9663 -46.6861 1.5
    endloop
  endfacet
  facet normal 0 0 1
    outer loop
      vertex 79.2021 45.2021 1.5
      vertex 85.4111 50.4408 1.5
      vertex 84.9497 50.9497 1.5
    endloop
  endfacet
  facet normal -0 0 1
    outer loop
      vertex 79.4993 -44.8014 1.5
      vertex 86.9663 -46.6861 1.5
      vertex 79.5706 -44.6506 1.5
    endloop
  endfacet
  facet normal 0 0 1
    outer loop
      vertex 79.2021 45.2021 1.5
      vertex 84.9497 50.9497 1.5
      vertex 84.4408 51.4111 1.5
    endloop
  endfacet
  facet normal 0 0 1
    outer loop
      vertex 86.9663 -46.6861 1.5
      vertex 79.4993 -44.8014 1.5
      vertex 86.8655 -47.3656 1.5
    endloop
  endfacet
  facet normal 0 0 1
    outer loop
      vertex 79.0785 45.3141 1.5
      vertex 84.4408 51.4111 1.5
      vertex 83.889 51.8203 1.5
    endloop
  endfacet
  facet normal 0 0 1
    outer loop
      vertex 86.8655 -47.3656 1.5
      vertex 79.4993 -44.8014 1.5
      vertex 86.6986 -48.032 1.5
    endloop
  endfacet
  facet normal 0 0 1
    outer loop
      vertex 79.0785 45.3141 1.5
      vertex 83.889 51.8203 1.5
      vertex 83.2998 52.1734 1.5
    endloop
  endfacet
  facet normal -0 0 1
    outer loop
      vertex 79.4135 -44.9445 1.5
      vertex 86.6986 -48.032 1.5
      vertex 79.4993 -44.8014 1.5
    endloop
  endfacet
  facet normal 0 0 1
    outer loop
      vertex 78.9445 45.4135 1.5
      vertex 83.2998 52.1734 1.5
      vertex 82.6788 52.4671 1.5
    endloop
  endfacet
  facet normal 0 0 1
    outer loop
      vertex 86.6986 -48.032 1.5
      vertex 79.4135 -44.9445 1.5
      vertex 86.4671 -48.6788 1.5
    endloop
  endfacet
  facet normal 0 0 1
    outer loop
      vertex 78.9445 45.4135 1.5
      vertex 82.6788 52.4671 1.5
      vertex 82.032 52.6986 1.5
    endloop
  endfacet
  facet normal 0 0 1
    outer loop
      vertex 86.4671 -48.6788 1.5
      vertex 79.4135 -44.9445 1.5
      vertex 86.1734 -49.2998 1.5
    endloop
  endfacet
  facet normal 0 0 1
    outer loop
      vertex 78.8014 45.4993 1.5
      vertex 82.032 52.6986 1.5
      vertex 81.3656 52.8655 1.5
    endloop
  endfacet
  facet normal -0 0 1
    outer loop
      vertex 79.3141 -45.0785 1.5
      vertex 86.1734 -49.2998 1.5
      vertex 79.4135 -44.9445 1.5
    endloop
  endfacet
  facet normal 0 0 1
    outer loop
      vertex 78.8014 45.4993 1.5
      vertex 81.3656 52.8655 1.5
      vertex 80.6861 52.9663 1.5
    endloop
  endfacet
  facet normal 0 0 1
    outer loop
      vertex 86.1734 -49.2998 1.5
      vertex 79.3141 -45.0785 1.5
      vertex 85.8203 -49.889 1.5
    endloop
  endfacet
  facet normal 0 0 1
    outer loop
      vertex 78.6506 45.5706 1.5
      vertex 80.6861 52.9663 1.5
      vertex 80 53 1.5
    endloop
  endfacet
  facet normal 0 0 1
    outer loop
      vertex 85.8203 -49.889 1.5
      vertex 79.3141 -45.0785 1.5
      vertex 85.4111 -50.4408 1.5
    endloop
  endfacet
  facet normal -0 0 1
    outer loop
      vertex 79.2021 -45.2021 1.5
      vertex 85.4111 -50.4408 1.5
      vertex 79.3141 -45.0785 1.5
    endloop
  endfacet
  facet normal 0 0 1
    outer loop
      vertex 87 46 1.5
      vertex 79.6918 44.1666 1.5
      vertex 79.7 44 1.5
    endloop
  endfacet
  facet normal 0 0 1
    outer loop
      vertex 87 46 1.5
      vertex 79.6673 44.3317 1.5
      vertex 79.6918 44.1666 1.5
    endloop
  endfacet
  facet normal 0 0 1
    outer loop
      vertex 87 46 1.5
      vertex 79.6268 44.4935 1.5
      vertex 79.6673 44.3317 1.5
    endloop
  endfacet
  facet normal 0 0 1
    outer loop
      vertex 87 46 1.5
      vertex 79.5706 44.6506 1.5
      vertex 79.6268 44.4935 1.5
    endloop
  endfacet
  facet normal 0 0 1
    outer loop
      vertex 86.9663 46.6861 1.5
      vertex 79.4993 44.8014 1.5
      vertex 79.5706 44.6506 1.5
    endloop
  endfacet
  facet normal 0 0 1
    outer loop
      vertex 86.6986 48.032 1.5
      vertex 79.4135 44.9445 1.5
      vertex 79.4993 44.8014 1.5
    endloop
  endfacet
  facet normal 0 0 1
    outer loop
      vertex 86.1734 49.2998 1.5
      vertex 79.3141 45.0785 1.5
      vertex 79.4135 44.9445 1.5
    endloop
  endfacet
  facet normal 0 0 1
    outer loop
      vertex 85.4111 50.4408 1.5
      vertex 79.2021 45.2021 1.5
      vertex 79.3141 45.0785 1.5
    endloop
  endfacet
  facet normal 0 0 1
    outer loop
      vertex 84.4408 51.4111 1.5
      vertex 79.0785 45.3141 1.5
      vertex 79.2021 45.2021 1.5
    endloop
  endfacet
  facet normal 0 0 1
    outer loop
      vertex 83.2998 52.1734 1.5
      vertex 78.9445 45.4135 1.5
      vertex 79.0785 45.3141 1.5
    endloop
  endfacet
  facet normal 0 0 1
    outer loop
      vertex 82.032 52.6986 1.5
      vertex 78.8014 45.4993 1.5
      vertex 78.9445 45.4135 1.5
    endloop
  endfacet
  facet normal 0 0 1
    outer loop
      vertex 80.6861 52.9663 1.5
      vertex 78.6506 45.5706 1.5
      vertex 78.8014 45.4993 1.5
    endloop
  endfacet
  facet normal 0 0 1
    outer loop
      vertex 80 53 1.5
      vertex 78.4935 45.6268 1.5
      vertex 78.6506 45.5706 1.5
    endloop
  endfacet
  facet normal 0 0 1
    outer loop
      vertex 80 53 1.5
      vertex 78.3316 45.6673 1.5
      vertex 78.4935 45.6268 1.5
    endloop
  endfacet
  facet normal 0 0 1
    outer loop
      vertex 80 53 1.5
      vertex 78.1666 45.6918 1.5
      vertex 78.3316 45.6673 1.5
    endloop
  endfacet
  facet normal 0 0 1
    outer loop
      vertex 80 53 1.5
      vertex 78 45.7 1.5
      vertex 78.1666 45.6918 1.5
    endloop
  endfacet
  facet normal 0 0 1
    outer loop
      vertex 80 53 1.5
      vertex 77.8334 45.6918 1.5
      vertex 78 45.7 1.5
    endloop
  endfacet
  facet normal 0 0 1
    outer loop
      vertex 80 53 1.5
      vertex 77.6684 45.6673 1.5
      vertex 77.8334 45.6918 1.5
    endloop
  endfacet
  facet normal 0 0 1
    outer loop
      vertex 80 53 1.5
      vertex 77.5065 45.6268 1.5
      vertex 77.6684 45.6673 1.5
    endloop
  endfacet
  facet normal 0 0 1
    outer loop
      vertex 80 53 1.5
      vertex 77.3494 45.5706 1.5
      vertex 77.5065 45.6268 1.5
    endloop
  endfacet
  facet normal 0 0 1
    outer loop
      vertex 80 53 1.5
      vertex 77.1986 45.4993 1.5
      vertex 77.3494 45.5706 1.5
    endloop
  endfacet
  facet normal 0 0 1
    outer loop
      vertex 80 53 1.5
      vertex 77.0555 45.4135 1.5
      vertex 77.1986 45.4993 1.5
    endloop
  endfacet
  facet normal 0 0 1
    outer loop
      vertex 80 53 1.5
      vertex 76.9215 45.3141 1.5
      vertex 77.0555 45.4135 1.5
    endloop
  endfacet
  facet normal 0 0 1
    outer loop
      vertex 80 53 1.5
      vertex 76.7979 45.2021 1.5
      vertex 76.9215 45.3141 1.5
    endloop
  endfacet
  facet normal 0 0 1
    outer loop
      vertex 80 53 1.5
      vertex 76.6859 45.0785 1.5
      vertex 76.7979 45.2021 1.5
    endloop
  endfacet
  facet normal 0 0 1
    outer loop
      vertex 80 53 1.5
      vertex 76.5865 44.9445 1.5
      vertex 76.6859 45.0785 1.5
    endloop
  endfacet
  facet normal 0 0 1
    outer loop
      vertex 80 53 1.5
      vertex 76.5007 44.8014 1.5
      vertex 76.5865 44.9445 1.5
    endloop
  endfacet
  facet normal 0 0 1
    outer loop
      vertex 26.75 17 1.5
      vertex 76.5007 44.8014 1.5
      vertex 80 53 1.5
    endloop
  endfacet
  facet normal -0 0 1
    outer loop
      vertex 53.25 -17 1.5
      vertex 76.3327 -43.6683 1.5
      vertex 56.75 -17 1.5
    endloop
  endfacet
  facet normal 0 0 1
    outer loop
      vertex 53.25 17 1.5
      vertex 76.3 44 1.5
      vertex 76.3082 44.1666 1.5
    endloop
  endfacet
  facet normal 0 0 1
    outer loop
      vertex 53.25 17 1.5
      vertex 76.3082 44.1666 1.5
      vertex 76.3327 44.3317 1.5
    endloop
  endfacet
  facet normal 0 0 1
    outer loop
      vertex 26.75 17 1.5
      vertex 76.3327 44.3317 1.5
      vertex 76.3732 44.4935 1.5
    endloop
  endfacet
  facet normal 0 0 1
    outer loop
      vertex 26.75 17 1.5
      vertex 76.3732 44.4935 1.5
      vertex 76.4294 44.6506 1.5
    endloop
  endfacet
  facet normal 0 0 1
    outer loop
      vertex 76.5007 44.8014 1.5
      vertex 26.75 17 1.5
      vertex 76.4294 44.6506 1.5
    endloop
  endfacet
  facet normal 0 0 1
    outer loop
      vertex 76.3327 43.6683 1.5
      vertex 53.25 17 1.5
      vertex 56.75 17 1.5
    endloop
  endfacet
  facet normal 0 0 1
    outer loop
      vertex 53.25 17 1.5
      vertex 26.75 17 1.5
      vertex 53.25 -17 1.5
    endloop
  endfacet
  facet normal 0 0 1
    outer loop
      vertex 76.3327 44.3317 1.5
      vertex 26.75 17 1.5
      vertex 53.25 17 1.5
    endloop
  endfacet
  facet normal 0 0 1
    outer loop
      vertex 80 53 1.5
      vertex 23.25 17 1.5
      vertex 26.75 17 1.5
    endloop
  endfacet
  facet normal 0 0 1
    outer loop
      vertex 23.25 17 1.5
      vertex -23.25 17 1.5
      vertex 23.25 -17 1.5
    endloop
  endfacet
  facet normal 0 0 1
    outer loop
      vertex 80 53 1.5
      vertex -23.25 17 1.5
      vertex 23.25 17 1.5
    endloop
  endfacet
  facet normal -0 0 1
    outer loop
      vertex -80 53 1.5
      vertex -23.25 17 1.5
      vertex 80 53 1.5
    endloop
  endfacet
  facet normal 0 0 1
    outer loop
      vertex -26.75 17 1.5
      vertex -53.25 17 1.5
      vertex -26.75 -17 1.5
    endloop
  endfacet
  facet normal 0 0 1
    outer loop
      vertex -23.25 17 1.5
      vertex -80 53 1.5
      vertex -26.75 17 1.5
    endloop
  endfacet
  facet normal -0 -0 1
    outer loop
      vertex -76.5007 44.8014 1.5
      vertex -26.75 17 1.5
      vertex -80 53 1.5
    endloop
  endfacet
  facet normal -0 0 1
    outer loop
      vertex -76.3327 43.6683 1.5
      vertex -53.25 17 1.5
      vertex -76.3082 43.8334 1.5
    endloop
  endfacet
  facet normal -0 -0 1
    outer loop
      vertex -76.3327 44.3317 1.5
      vertex -26.75 17 1.5
      vertex -76.3732 44.4935 1.5
    endloop
  endfacet
  facet normal -0 0 1
    outer loop
      vertex -76.3082 43.8334 1.5
      vertex -53.25 17 1.5
      vertex -76.3 44 1.5
    endloop
  endfacet
  facet normal -0 -0 1
    outer loop
      vertex -76.3 44 1.5
      vertex -53.25 17 1.5
      vertex -76.3082 44.1666 1.5
    endloop
  endfacet
  facet normal -0 -0 1
    outer loop
      vertex -76.3082 44.1666 1.5
      vertex -53.25 17 1.5
      vertex -76.3327 44.3317 1.5
    endloop
  endfacet
  facet normal 0 0 1
    outer loop
      vertex -26.75 17 1.5
      vertex -76.3327 44.3317 1.5
      vertex -53.25 17 1.5
    endloop
  endfacet
  facet normal -0 -0 1
    outer loop
      vertex -76.3732 44.4935 1.5
      vertex -26.75 17 1.5
      vertex -76.4294 44.6506 1.5
    endloop
  endfacet
  facet normal -0 -0 1
    outer loop
      vertex -76.4294 44.6506 1.5
      vertex -26.75 17 1.5
      vertex -76.5007 44.8014 1.5
    endloop
  endfacet
  facet normal 0 0 1
    outer loop
      vertex -76.5007 44.8014 1.5
      vertex -80 53 1.5
      vertex -76.5865 44.9445 1.5
    endloop
  endfacet
  facet normal 0 0 1
    outer loop
      vertex -76.5865 44.9445 1.5
      vertex -80 53 1.5
      vertex -76.6859 45.0785 1.5
    endloop
  endfacet
  facet normal 0 0 1
    outer loop
      vertex -76.6859 45.0785 1.5
      vertex -80 53 1.5
      vertex -76.7979 45.2021 1.5
    endloop
  endfacet
  facet normal 0 0 1
    outer loop
      vertex -76.7979 45.2021 1.5
      vertex -80 53 1.5
      vertex -76.9215 45.3141 1.5
    endloop
  endfacet
  facet normal 0 0 1
    outer loop
      vertex -76.9215 45.3141 1.5
      vertex -80 53 1.5
      vertex -77.0555 45.4135 1.5
    endloop
  endfacet
  facet normal 0 0 1
    outer loop
      vertex -77.0555 45.4135 1.5
      vertex -80 53 1.5
      vertex -77.1986 45.4993 1.5
    endloop
  endfacet
  facet normal 0 0 1
    outer loop
      vertex -77.1986 45.4993 1.5
      vertex -80 53 1.5
      vertex -77.3494 45.5706 1.5
    endloop
  endfacet
  facet normal 0 0 1
    outer loop
      vertex -77.3494 45.5706 1.5
      vertex -80 53 1.5
      vertex -77.5065 45.6268 1.5
    endloop
  endfacet
  facet normal 0 0 1
    outer loop
      vertex -77.5065 45.6268 1.5
      vertex -80 53 1.5
      vertex -77.6684 45.6673 1.5
    endloop
  endfacet
  facet normal 0 0 1
    outer loop
      vertex -77.6684 45.6673 1.5
      vertex -80 53 1.5
      vertex -77.8334 45.6918 1.5
    endloop
  endfacet
  facet normal -0 0 1
    outer loop
      vertex -85.4111 50.4408 1.5
      vertex -79.2021 45.2021 1.5
      vertex -84.9497 50.9497 1.5
    endloop
  endfacet
  facet normal -0 0 1
    outer loop
      vertex -84.9497 50.9497 1.5
      vertex -79.2021 45.2021 1.5
      vertex -84.4408 51.4111 1.5
    endloop
  endfacet
  facet normal 0 0 1
    outer loop
      vertex -79.0785 45.3141 1.5
      vertex -84.4408 51.4111 1.5
      vertex -79.2021 45.2021 1.5
    endloop
  endfacet
  facet normal -0 0 1
    outer loop
      vertex -84.4408 51.4111 1.5
      vertex -79.0785 45.3141 1.5
      vertex -83.889 51.8203 1.5
    endloop
  endfacet
  facet normal -0 0 1
    outer loop
      vertex -83.889 51.8203 1.5
      vertex -79.0785 45.3141 1.5
      vertex -83.2998 52.1734 1.5
    endloop
  endfacet
  facet normal 0 0 1
    outer loop
      vertex -78.9445 45.4135 1.5
      vertex -83.2998 52.1734 1.5
      vertex -79.0785 45.3141 1.5
    endloop
  endfacet
  facet normal -0 0 1
    outer loop
      vertex -83.2998 52.1734 1.5
      vertex -78.9445 45.4135 1.5
      vertex -82.6788 52.4671 1.5
    endloop
  endfacet
  facet normal -0 0 1
    outer loop
      vertex -82.6788 52.4671 1.5
      vertex -78.9445 45.4135 1.5
      vertex -82.032 52.6986 1.5
    endloop
  endfacet
  facet normal 0 0 1
    outer loop
      vertex -78.8014 45.4993 1.5
      vertex -82.032 52.6986 1.5
      vertex -78.9445 45.4135 1.5
    endloop
  endfacet
  facet normal -0 0 1
    outer loop
      vertex -82.032 52.6986 1.5
      vertex -78.8014 45.4993 1.5
      vertex -81.3656 52.8655 1.5
    endloop
  endfacet
  facet normal -0 0 1
    outer loop
      vertex -81.3656 52.8655 1.5
      vertex -78.8014 45.4993 1.5
      vertex -80.6861 52.9663 1.5
    endloop
  endfacet
  facet normal 0 0 1
    outer loop
      vertex -78.6506 45.5706 1.5
      vertex -80.6861 52.9663 1.5
      vertex -78.8014 45.4993 1.5
    endloop
  endfacet
  facet normal -0 0 1
    outer loop
      vertex -80.6861 52.9663 1.5
      vertex -78.6506 45.5706 1.5
      vertex -80 53 1.5
    endloop
  endfacet
  facet normal 0 0 1
    outer loop
      vertex -78.4935 45.6268 1.5
      vertex -80 53 1.5
      vertex -78.6506 45.5706 1.5
    endloop
  endfacet
  facet normal 0 0 1
    outer loop
      vertex -78.3316 45.6673 1.5
      vertex -80 53 1.5
      vertex -78.4935 45.6268 1.5
    endloop
  endfacet
  facet normal 0 0 1
    outer loop
      vertex -78.1666 45.6918 1.5
      vertex -80 53 1.5
      vertex -78.3316 45.6673 1.5
    endloop
  endfacet
  facet normal 0 0 1
    outer loop
      vertex -78 45.7 1.5
      vertex -80 53 1.5
      vertex -78.1666 45.6918 1.5
    endloop
  endfacet
  facet normal 0 0 1
    outer loop
      vertex -77.8334 45.6918 1.5
      vertex -80 53 1.5
      vertex -78 45.7 1.5
    endloop
  endfacet
  facet normal 0 0 1
    outer loop
      vertex 85.4111 -50.4408 1.5
      vertex 79.2021 -45.2021 1.5
      vertex 84.9497 -50.9497 1.5
    endloop
  endfacet
  facet normal 0 0 1
    outer loop
      vertex 84.9497 -50.9497 1.5
      vertex 79.2021 -45.2021 1.5
      vertex 84.4408 -51.4111 1.5
    endloop
  endfacet
  facet normal -0 0 1
    outer loop
      vertex 79.0785 -45.3141 1.5
      vertex 84.4408 -51.4111 1.5
      vertex 79.2021 -45.2021 1.5
    endloop
  endfacet
  facet normal 0 0 1
    outer loop
      vertex 84.4408 -51.4111 1.5
      vertex 79.0785 -45.3141 1.5
      vertex 83.889 -51.8203 1.5
    endloop
  endfacet
  facet normal 0 0 1
    outer loop
      vertex 83.889 -51.8203 1.5
      vertex 79.0785 -45.3141 1.5
      vertex 83.2998 -52.1734 1.5
    endloop
  endfacet
  facet normal -0 0 1
    outer loop
      vertex 78.9445 -45.4135 1.5
      vertex 83.2998 -52.1734 1.5
      vertex 79.0785 -45.3141 1.5
    endloop
  endfacet
  facet normal 0 0 1
    outer loop
      vertex 83.2998 -52.1734 1.5
      vertex 78.9445 -45.4135 1.5
      vertex 82.6788 -52.4671 1.5
    endloop
  endfacet
  facet normal 0 0 1
    outer loop
      vertex 82.6788 -52.4671 1.5
      vertex 78.9445 -45.4135 1.5
      vertex 82.032 -52.6986 1.5
    endloop
  endfacet
  facet normal -0 0 1
    outer loop
      vertex 78.8014 -45.4993 1.5
      vertex 82.032 -52.6986 1.5
      vertex 78.9445 -45.4135 1.5
    endloop
  endfacet
  facet normal 0 0 1
    outer loop
      vertex 82.032 -52.6986 1.5
      vertex 78.8014 -45.4993 1.5
      vertex 81.3656 -52.8655 1.5
    endloop
  endfacet
  facet normal 0 0 1
    outer loop
      vertex 81.3656 -52.8655 1.5
      vertex 78.8014 -45.4993 1.5
      vertex 80.6861 -52.9663 1.5
    endloop
  endfacet
  facet normal -0 0 1
    outer loop
      vertex 78.6506 -45.5706 1.5
      vertex 80.6861 -52.9663 1.5
      vertex 78.8014 -45.4993 1.5
    endloop
  endfacet
  facet normal 0 0 1
    outer loop
      vertex 80.6861 -52.9663 1.5
      vertex 78.6506 -45.5706 1.5
      vertex 80 -53 1.5
    endloop
  endfacet
  facet normal -0 0 1
    outer loop
      vertex 78.4935 -45.6268 1.5
      vertex 80 -53 1.5
      vertex 78.6506 -45.5706 1.5
    endloop
  endfacet
  facet normal -0 0 1
    outer loop
      vertex 78.3316 -45.6673 1.5
      vertex 80 -53 1.5
      vertex 78.4935 -45.6268 1.5
    endloop
  endfacet
  facet normal -0 0 1
    outer loop
      vertex 78.1666 -45.6918 1.5
      vertex 80 -53 1.5
      vertex 78.3316 -45.6673 1.5
    endloop
  endfacet
  facet normal -0 0 1
    outer loop
      vertex 78 -45.7 1.5
      vertex 80 -53 1.5
      vertex 78.1666 -45.6918 1.5
    endloop
  endfacet
  facet normal 0 0 1
    outer loop
      vertex 77.8334 -45.6918 1.5
      vertex 80 -53 1.5
      vertex 78 -45.7 1.5
    endloop
  endfacet
  facet normal 0 0 1
    outer loop
      vertex 77.6684 -45.6673 1.5
      vertex 80 -53 1.5
      vertex 77.8334 -45.6918 1.5
    endloop
  endfacet
  facet normal 0 0 1
    outer loop
      vertex 77.5065 -45.6268 1.5
      vertex 80 -53 1.5
      vertex 77.6684 -45.6673 1.5
    endloop
  endfacet
  facet normal 0 0 1
    outer loop
      vertex 77.3494 -45.5706 1.5
      vertex 80 -53 1.5
      vertex 77.5065 -45.6268 1.5
    endloop
  endfacet
  facet normal 0 0 1
    outer loop
      vertex 77.1986 -45.4993 1.5
      vertex 80 -53 1.5
      vertex 77.3494 -45.5706 1.5
    endloop
  endfacet
  facet normal 0 0 1
    outer loop
      vertex 77.0555 -45.4135 1.5
      vertex 80 -53 1.5
      vertex 77.1986 -45.4993 1.5
    endloop
  endfacet
  facet normal 0 0 1
    outer loop
      vertex 76.9215 -45.3141 1.5
      vertex 80 -53 1.5
      vertex 77.0555 -45.4135 1.5
    endloop
  endfacet
  facet normal 0 0 1
    outer loop
      vertex 76.7979 -45.2021 1.5
      vertex 80 -53 1.5
      vertex 76.9215 -45.3141 1.5
    endloop
  endfacet
  facet normal 0 0 1
    outer loop
      vertex 76.6859 -45.0785 1.5
      vertex 80 -53 1.5
      vertex 76.7979 -45.2021 1.5
    endloop
  endfacet
  facet normal 0 0 1
    outer loop
      vertex 76.5865 -44.9445 1.5
      vertex 80 -53 1.5
      vertex 76.6859 -45.0785 1.5
    endloop
  endfacet
  facet normal 0 0 1
    outer loop
      vertex 76.5007 -44.8014 1.5
      vertex 80 -53 1.5
      vertex 76.5865 -44.9445 1.5
    endloop
  endfacet
  facet normal 0 0 1
    outer loop
      vertex 26.75 -17 1.5
      vertex 76.5007 -44.8014 1.5
      vertex 76.4294 -44.6506 1.5
    endloop
  endfacet
  facet normal 0 0 1
    outer loop
      vertex 76.3327 -43.6683 1.5
      vertex 53.25 -17 1.5
      vertex 76.3082 -43.8334 1.5
    endloop
  endfacet
  facet normal 0 0 1
    outer loop
      vertex 76.3082 -43.8334 1.5
      vertex 53.25 -17 1.5
      vertex 76.3 -44 1.5
    endloop
  endfacet
  facet normal 0 0 1
    outer loop
      vertex 76.3 -44 1.5
      vertex 53.25 -17 1.5
      vertex 76.3082 -44.1666 1.5
    endloop
  endfacet
  facet normal 0 0 1
    outer loop
      vertex 76.3082 -44.1666 1.5
      vertex 53.25 -17 1.5
      vertex 76.3327 -44.3317 1.5
    endloop
  endfacet
  facet normal -0 0 1
    outer loop
      vertex 26.75 -17 1.5
      vertex 76.3327 -44.3317 1.5
      vertex 53.25 -17 1.5
    endloop
  endfacet
  facet normal 0 0 1
    outer loop
      vertex 76.3327 -44.3317 1.5
      vertex 26.75 -17 1.5
      vertex 76.3732 -44.4935 1.5
    endloop
  endfacet
  facet normal 0 0 1
    outer loop
      vertex 76.3732 -44.4935 1.5
      vertex 26.75 -17 1.5
      vertex 76.4294 -44.6506 1.5
    endloop
  endfacet
  facet normal 0 0 1
    outer loop
      vertex 26.75 -17 1.5
      vertex 53.25 -17 1.5
      vertex 26.75 17 1.5
    endloop
  endfacet
  facet normal 0 0 1
    outer loop
      vertex 76.5007 -44.8014 1.5
      vertex 26.75 -17 1.5
      vertex 80 -53 1.5
    endloop
  endfacet
  facet normal -0 0 1
    outer loop
      vertex 23.25 -17 1.5
      vertex 80 -53 1.5
      vertex 26.75 -17 1.5
    endloop
  endfacet
  facet normal 0 0 1
    outer loop
      vertex -23.25 -17 1.5
      vertex 23.25 -17 1.5
      vertex -23.25 17 1.5
    endloop
  endfacet
  facet normal -0 0 1
    outer loop
      vertex -23.25 -17 1.5
      vertex 80 -53 1.5
      vertex 23.25 -17 1.5
    endloop
  endfacet
  facet normal 0 0 1
    outer loop
      vertex -80 -53 1.5
      vertex -23.25 -17 1.5
      vertex -26.75 -17 1.5
    endloop
  endfacet
  facet normal 0 0 1
    outer loop
      vertex -53.25 -17 1.5
      vertex -26.75 -17 1.5
      vertex -53.25 17 1.5
    endloop
  endfacet
  facet normal 0 0 1
    outer loop
      vertex -76.3327 -44.3317 1.5
      vertex -26.75 -17 1.5
      vertex -53.25 -17 1.5
    endloop
  endfacet
  facet normal 0 0 1
    outer loop
      vertex -76.3 -44 1.5
      vertex -53.25 -17 1.5
      vertex -56.75 -17 1.5
    endloop
  endfacet
  facet normal 0 0 1
    outer loop
      vertex -53.25 17 1.5
      vertex -76.3327 43.6683 1.5
      vertex -56.75 17 1.5
    endloop
  endfacet
  facet normal 0 0 1
    outer loop
      vertex -53.25 -17 1.5
      vertex -76.3 -44 1.5
      vertex -76.3082 -44.1666 1.5
    endloop
  endfacet
  facet normal 0 0 1
    outer loop
      vertex -53.25 -17 1.5
      vertex -76.3082 -44.1666 1.5
      vertex -76.3327 -44.3317 1.5
    endloop
  endfacet
  facet normal 0 0 1
    outer loop
      vertex -26.75 -17 1.5
      vertex -76.3327 -44.3317 1.5
      vertex -76.3732 -44.4935 1.5
    endloop
  endfacet
  facet normal 0 0 1
    outer loop
      vertex -26.75 -17 1.5
      vertex -76.3732 -44.4935 1.5
      vertex -76.4294 -44.6506 1.5
    endloop
  endfacet
  facet normal 0 0 1
    outer loop
      vertex -26.75 -17 1.5
      vertex -76.4294 -44.6506 1.5
      vertex -76.5007 -44.8014 1.5
    endloop
  endfacet
  facet normal 0 0 1
    outer loop
      vertex -26.75 -17 1.5
      vertex -76.5007 -44.8014 1.5
      vertex -80 -53 1.5
    endloop
  endfacet
  facet normal 0 0 1
    outer loop
      vertex -80 -53 1.5
      vertex -76.5007 -44.8014 1.5
      vertex -76.5865 -44.9445 1.5
    endloop
  endfacet
  facet normal 0 0 1
    outer loop
      vertex -80 -53 1.5
      vertex -76.5865 -44.9445 1.5
      vertex -76.6859 -45.0785 1.5
    endloop
  endfacet
  facet normal 0 0 1
    outer loop
      vertex -80 -53 1.5
      vertex -76.6859 -45.0785 1.5
      vertex -76.7979 -45.2021 1.5
    endloop
  endfacet
  facet normal 0 0 1
    outer loop
      vertex -80 -53 1.5
      vertex -76.7979 -45.2021 1.5
      vertex -76.9215 -45.3141 1.5
    endloop
  endfacet
  facet normal 0 0 1
    outer loop
      vertex -80 -53 1.5
      vertex -76.9215 -45.3141 1.5
      vertex -77.0555 -45.4135 1.5
    endloop
  endfacet
  facet normal 0 0 1
    outer loop
      vertex -80 -53 1.5
      vertex -77.0555 -45.4135 1.5
      vertex -77.1986 -45.4993 1.5
    endloop
  endfacet
  facet normal 0 0 1
    outer loop
      vertex -80 -53 1.5
      vertex -77.1986 -45.4993 1.5
      vertex -77.3494 -45.5706 1.5
    endloop
  endfacet
  facet normal 0 0 1
    outer loop
      vertex -80 -53 1.5
      vertex -77.3494 -45.5706 1.5
      vertex -77.5065 -45.6268 1.5
    endloop
  endfacet
  facet normal 0 0 1
    outer loop
      vertex -80 -53 1.5
      vertex -77.5065 -45.6268 1.5
      vertex -77.6684 -45.6673 1.5
    endloop
  endfacet
  facet normal 0 0 1
    outer loop
      vertex -80 -53 1.5
      vertex -77.6684 -45.6673 1.5
      vertex -77.8334 -45.6918 1.5
    endloop
  endfacet
  facet normal 0 0 1
    outer loop
      vertex -80 -53 1.5
      vertex -77.8334 -45.6918 1.5
      vertex -78 -45.7 1.5
    endloop
  endfacet
  facet normal 0 0 1
    outer loop
      vertex -23.25 -17 1.5
      vertex -80 -53 1.5
      vertex 80 -53 1.5
    endloop
  endfacet
  facet normal 0 0 1
    outer loop
      vertex -78.1666 -45.6918 1.5
      vertex -80 -53 1.5
      vertex -78 -45.7 1.5
    endloop
  endfacet
  facet normal 0 0 1
    outer loop
      vertex -78.3316 -45.6673 1.5
      vertex -80 -53 1.5
      vertex -78.1666 -45.6918 1.5
    endloop
  endfacet
  facet normal 0 0 1
    outer loop
      vertex -78.4935 -45.6268 1.5
      vertex -80 -53 1.5
      vertex -78.3316 -45.6673 1.5
    endloop
  endfacet
  facet normal 0 0 1
    outer loop
      vertex -78.6506 -45.5706 1.5
      vertex -80 -53 1.5
      vertex -78.4935 -45.6268 1.5
    endloop
  endfacet
  facet normal 0 0 1
    outer loop
      vertex -80.6861 -52.9663 1.5
      vertex -78.6506 -45.5706 1.5
      vertex -78.8014 -45.4993 1.5
    endloop
  endfacet
  facet normal 0 0 1
    outer loop
      vertex -82.032 -52.6986 1.5
      vertex -78.8014 -45.4993 1.5
      vertex -78.9445 -45.4135 1.5
    endloop
  endfacet
  facet normal 0 0 1
    outer loop
      vertex -83.2998 -52.1734 1.5
      vertex -78.9445 -45.4135 1.5
      vertex -79.0785 -45.3141 1.5
    endloop
  endfacet
  facet normal 0 0 1
    outer loop
      vertex -84.4408 -51.4111 1.5
      vertex -79.0785 -45.3141 1.5
      vertex -79.2021 -45.2021 1.5
    endloop
  endfacet
  facet normal 0 0 1
    outer loop
      vertex -85.4111 -50.4408 1.5
      vertex -79.2021 -45.2021 1.5
      vertex -79.3141 -45.0785 1.5
    endloop
  endfacet
  facet normal 0 0 1
    outer loop
      vertex -86.1734 -49.2998 1.5
      vertex -79.3141 -45.0785 1.5
      vertex -79.4135 -44.9445 1.5
    endloop
  endfacet
  facet normal 0 0 1
    outer loop
      vertex -86.6986 -48.032 1.5
      vertex -79.4135 -44.9445 1.5
      vertex -79.4993 -44.8014 1.5
    endloop
  endfacet
  facet normal 0 0 1
    outer loop
      vertex -86.9663 -46.6861 1.5
      vertex -79.4993 -44.8014 1.5
      vertex -79.5706 -44.6506 1.5
    endloop
  endfacet
  facet normal 0 0 1
    outer loop
      vertex -87 -46 1.5
      vertex -79.5706 -44.6506 1.5
      vertex -79.6268 -44.4935 1.5
    endloop
  endfacet
  facet normal 0 0 1
    outer loop
      vertex -87 -46 1.5
      vertex -79.6268 -44.4935 1.5
      vertex -79.6673 -44.3317 1.5
    endloop
  endfacet
  facet normal 0 0 1
    outer loop
      vertex -87 -46 1.5
      vertex -79.6673 -44.3317 1.5
      vertex -79.6918 -44.1666 1.5
    endloop
  endfacet
  facet normal 0 0 1
    outer loop
      vertex -87 -46 1.5
      vertex -79.6918 -44.1666 1.5
      vertex -79.7 -44 1.5
    endloop
  endfacet
  facet normal 0 0 1
    outer loop
      vertex -79.6673 -43.6683 1.5
      vertex -87 -46 1.5
      vertex -79.6918 -43.8334 1.5
    endloop
  endfacet
  facet normal 0 0 1
    outer loop
      vertex -79.2021 45.2021 1.5
      vertex -85.4111 50.4408 1.5
      vertex -79.3141 45.0785 1.5
    endloop
  endfacet
  facet normal 0 0 1
    outer loop
      vertex -79.6918 -43.8334 1.5
      vertex -87 -46 1.5
      vertex -79.7 -44 1.5
    endloop
  endfacet
  facet normal -0 0 1
    outer loop
      vertex -85.8203 49.889 1.5
      vertex -79.3141 45.0785 1.5
      vertex -85.4111 50.4408 1.5
    endloop
  endfacet
  facet normal 0 0 1
    outer loop
      vertex -79.5706 -44.6506 1.5
      vertex -87 -46 1.5
      vertex -86.9663 -46.6861 1.5
    endloop
  endfacet
  facet normal -0 0 1
    outer loop
      vertex -86.1734 49.2998 1.5
      vertex -79.3141 45.0785 1.5
      vertex -85.8203 49.889 1.5
    endloop
  endfacet
  facet normal 0 0 1
    outer loop
      vertex -78.6506 -45.5706 1.5
      vertex -80.6861 -52.9663 1.5
      vertex -80 -53 1.5
    endloop
  endfacet
  facet normal 0 0 1
    outer loop
      vertex -79.3141 45.0785 1.5
      vertex -86.1734 49.2998 1.5
      vertex -79.4135 44.9445 1.5
    endloop
  endfacet
  facet normal 0 0 1
    outer loop
      vertex -78.8014 -45.4993 1.5
      vertex -81.3656 -52.8655 1.5
      vertex -80.6861 -52.9663 1.5
    endloop
  endfacet
  facet normal -0 0 1
    outer loop
      vertex -86.4671 48.6788 1.5
      vertex -79.4135 44.9445 1.5
      vertex -86.1734 49.2998 1.5
    endloop
  endfacet
  facet normal 0 0 1
    outer loop
      vertex -78.8014 -45.4993 1.5
      vertex -82.032 -52.6986 1.5
      vertex -81.3656 -52.8655 1.5
    endloop
  endfacet
  facet normal -0 0 1
    outer loop
      vertex -86.6986 48.032 1.5
      vertex -79.4135 44.9445 1.5
      vertex -86.4671 48.6788 1.5
    endloop
  endfacet
  facet normal 0 0 1
    outer loop
      vertex -78.9445 -45.4135 1.5
      vertex -82.6788 -52.4671 1.5
      vertex -82.032 -52.6986 1.5
    endloop
  endfacet
  facet normal 0 0 1
    outer loop
      vertex -79.4135 44.9445 1.5
      vertex -86.6986 48.032 1.5
      vertex -79.4993 44.8014 1.5
    endloop
  endfacet
  facet normal 0 0 1
    outer loop
      vertex -78.9445 -45.4135 1.5
      vertex -83.2998 -52.1734 1.5
      vertex -82.6788 -52.4671 1.5
    endloop
  endfacet
  facet normal -0 0 1
    outer loop
      vertex -86.8655 47.3656 1.5
      vertex -79.4993 44.8014 1.5
      vertex -86.6986 48.032 1.5
    endloop
  endfacet
  facet normal 0 0 1
    outer loop
      vertex -79.0785 -45.3141 1.5
      vertex -83.889 -51.8203 1.5
      vertex -83.2998 -52.1734 1.5
    endloop
  endfacet
  facet normal -0 0 1
    outer loop
      vertex -86.9663 46.6861 1.5
      vertex -79.4993 44.8014 1.5
      vertex -86.8655 47.3656 1.5
    endloop
  endfacet
  facet normal 0 0 1
    outer loop
      vertex -79.0785 -45.3141 1.5
      vertex -84.4408 -51.4111 1.5
      vertex -83.889 -51.8203 1.5
    endloop
  endfacet
  facet normal 0 0 1
    outer loop
      vertex -79.4993 44.8014 1.5
      vertex -86.9663 46.6861 1.5
      vertex -79.5706 44.6506 1.5
    endloop
  endfacet
  facet normal 0 0 1
    outer loop
      vertex -79.2021 -45.2021 1.5
      vertex -84.9497 -50.9497 1.5
      vertex -84.4408 -51.4111 1.5
    endloop
  endfacet
  facet normal -0 0 1
    outer loop
      vertex -87 46 1.5
      vertex -79.5706 44.6506 1.5
      vertex -86.9663 46.6861 1.5
    endloop
  endfacet
  facet normal 0 0 1
    outer loop
      vertex -79.2021 -45.2021 1.5
      vertex -85.4111 -50.4408 1.5
      vertex -84.9497 -50.9497 1.5
    endloop
  endfacet
  facet normal 0 0 1
    outer loop
      vertex -79.5706 44.6506 1.5
      vertex -87 46 1.5
      vertex -79.6268 44.4935 1.5
    endloop
  endfacet
  facet normal 0 0 1
    outer loop
      vertex -79.3141 -45.0785 1.5
      vertex -85.8203 -49.889 1.5
      vertex -85.4111 -50.4408 1.5
    endloop
  endfacet
  facet normal 0 0 1
    outer loop
      vertex -79.6268 44.4935 1.5
      vertex -87 46 1.5
      vertex -79.6673 44.3317 1.5
    endloop
  endfacet
  facet normal 0 0 1
    outer loop
      vertex -79.3141 -45.0785 1.5
      vertex -86.1734 -49.2998 1.5
      vertex -85.8203 -49.889 1.5
    endloop
  endfacet
  facet normal 0 0 1
    outer loop
      vertex -79.6673 44.3317 1.5
      vertex -87 46 1.5
      vertex -79.6918 44.1666 1.5
    endloop
  endfacet
  facet normal 0 0 1
    outer loop
      vertex -79.4135 -44.9445 1.5
      vertex -86.4671 -48.6788 1.5
      vertex -86.1734 -49.2998 1.5
    endloop
  endfacet
  facet normal 0 0 1
    outer loop
      vertex -79.6918 44.1666 1.5
      vertex -87 46 1.5
      vertex -79.7 44 1.5
    endloop
  endfacet
  facet normal 0 0 1
    outer loop
      vertex -79.4135 -44.9445 1.5
      vertex -86.6986 -48.032 1.5
      vertex -86.4671 -48.6788 1.5
    endloop
  endfacet
  facet normal 0 0 1
    outer loop
      vertex -79.4993 -44.8014 1.5
      vertex -86.8655 -47.3656 1.5
      vertex -86.6986 -48.032 1.5
    endloop
  endfacet
  facet normal 0 0 1
    outer loop
      vertex -79.4993 -44.8014 1.5
      vertex -86.9663 -46.6861 1.5
      vertex -86.8655 -47.3656 1.5
    endloop
  endfacet
  facet normal -0.998796 0.0490591 0
    outer loop
      vertex -87 46 -1.5
      vertex -86.9663 46.6861 1.5
      vertex -86.9663 46.6861 -1.5
    endloop
  endfacet
  facet normal -0.998796 0.0490591 0
    outer loop
      vertex -86.9663 46.6861 1.5
      vertex -87 46 -1.5
      vertex -87 46 1.5
    endloop
  endfacet
  facet normal 1 -0 0
    outer loop
      vertex 87 -46 1.5
      vertex 87 46 -1.5
      vertex 87 46 1.5
    endloop
  endfacet
  facet normal 1 0 0
    outer loop
      vertex 87 46 -1.5
      vertex 87 -46 1.5
      vertex 87 -46 -1.5
    endloop
  endfacet
  facet normal 0.0490591 -0.998796 0
    outer loop
      vertex 80 -53 -1.5
      vertex 80.6861 -52.9663 1.5
      vertex 80 -53 1.5
    endloop
  endfacet
  facet normal 0.0490591 -0.998796 0
    outer loop
      vertex 80.6861 -52.9663 1.5
      vertex 80 -53 -1.5
      vertex 80.6861 -52.9663 -1.5
    endloop
  endfacet
  facet normal -0.998796 -0.0490591 0
    outer loop
      vertex -86.9663 -46.6861 -1.5
      vertex -87 -46 1.5
      vertex -87 -46 -1.5
    endloop
  endfacet
  facet normal -0.998796 -0.0490591 0
    outer loop
      vertex -87 -46 1.5
      vertex -86.9663 -46.6861 -1.5
      vertex -86.9663 -46.6861 1.5
    endloop
  endfacet
  facet normal -1 0 0
    outer loop
      vertex -87 -46 -1.5
      vertex -87 46 1.5
      vertex -87 46 -1.5
    endloop
  endfacet
  facet normal -1 -0 0
    outer loop
      vertex -87 46 1.5
      vertex -87 -46 -1.5
      vertex -87 -46 1.5
    endloop
  endfacet
  facet normal 0 1 -0
    outer loop
      vertex 80 53 -1.5
      vertex -80 53 1.5
      vertex 80 53 1.5
    endloop
  endfacet
  facet normal 0 1 0
    outer loop
      vertex -80 53 1.5
      vertex 80 53 -1.5
      vertex -80 53 -1.5
    endloop
  endfacet
  facet normal 0.989175 0.146739 0
    outer loop
      vertex 86.9663 46.6861 1.5
      vertex 86.8655 47.3656 -1.5
      vertex 86.8655 47.3656 1.5
    endloop
  endfacet
  facet normal 0.989175 0.146739 0
    outer loop
      vertex 86.8655 47.3656 -1.5
      vertex 86.9663 46.6861 1.5
      vertex 86.9663 46.6861 -1.5
    endloop
  endfacet
  facet normal -0.857763 0.514046 0
    outer loop
      vertex -86.1734 49.2998 -1.5
      vertex -85.8203 49.889 1.5
      vertex -85.8203 49.889 -1.5
    endloop
  endfacet
  facet normal -0.857763 0.514046 0
    outer loop
      vertex -85.8203 49.889 1.5
      vertex -86.1734 49.2998 -1.5
      vertex -86.1734 49.2998 1.5
    endloop
  endfacet
  facet normal 0.671687 0.740835 -0
    outer loop
      vertex 84.9497 50.9497 -1.5
      vertex 84.4408 51.4111 1.5
      vertex 84.9497 50.9497 1.5
    endloop
  endfacet
  facet normal 0.671687 0.740835 0
    outer loop
      vertex 84.4408 51.4111 1.5
      vertex 84.9497 50.9497 -1.5
      vertex 84.4408 51.4111 -1.5
    endloop
  endfacet
  facet normal 0.0490591 0.998796 -0
    outer loop
      vertex 80.6861 52.9663 -1.5
      vertex 80 53 1.5
      vertex 80.6861 52.9663 1.5
    endloop
  endfacet
  facet normal 0.0490591 0.998796 0
    outer loop
      vertex 80 53 1.5
      vertex 80.6861 52.9663 -1.5
      vertex 80 53 -1.5
    endloop
  endfacet
  facet normal 0.998796 0.0490591 0
    outer loop
      vertex 87 46 1.5
      vertex 86.9663 46.6861 -1.5
      vertex 86.9663 46.6861 1.5
    endloop
  endfacet
  facet normal 0.998796 0.0490591 0
    outer loop
      vertex 86.9663 46.6861 -1.5
      vertex 87 46 1.5
      vertex 87 46 -1.5
    endloop
  endfacet
  facet normal -0.427542 -0.903996 0
    outer loop
      vertex -83.2998 -52.1734 -1.5
      vertex -82.6788 -52.4671 1.5
      vertex -83.2998 -52.1734 1.5
    endloop
  endfacet
  facet normal -0.427542 -0.903996 -0
    outer loop
      vertex -82.6788 -52.4671 1.5
      vertex -83.2998 -52.1734 -1.5
      vertex -82.6788 -52.4671 -1.5
    endloop
  endfacet
  facet normal -0.595659 -0.803237 0
    outer loop
      vertex -84.4408 -51.4111 -1.5
      vertex -83.889 -51.8203 1.5
      vertex -84.4408 -51.4111 1.5
    endloop
  endfacet
  facet normal -0.595659 -0.803237 -0
    outer loop
      vertex -83.889 -51.8203 1.5
      vertex -84.4408 -51.4111 -1.5
      vertex -83.889 -51.8203 -1.5
    endloop
  endfacet
  facet normal 0.740835 -0.671687 0
    outer loop
      vertex 84.9497 -50.9497 1.5
      vertex 85.4111 -50.4408 -1.5
      vertex 85.4111 -50.4408 1.5
    endloop
  endfacet
  facet normal 0.740835 -0.671687 0
    outer loop
      vertex 85.4111 -50.4408 -1.5
      vertex 84.9497 -50.9497 1.5
      vertex 84.9497 -50.9497 -1.5
    endloop
  endfacet
  facet normal 0.242947 -0.97004 0
    outer loop
      vertex 81.3656 -52.8655 -1.5
      vertex 82.032 -52.6986 1.5
      vertex 81.3656 -52.8655 1.5
    endloop
  endfacet
  facet normal 0.242947 -0.97004 0
    outer loop
      vertex 82.032 -52.6986 1.5
      vertex 81.3656 -52.8655 -1.5
      vertex 82.032 -52.6986 -1.5
    endloop
  endfacet
  facet normal -0.941511 -0.336982 0
    outer loop
      vertex -86.4671 -48.6788 -1.5
      vertex -86.6986 -48.032 1.5
      vertex -86.6986 -48.032 -1.5
    endloop
  endfacet
  facet normal -0.941511 -0.336982 0
    outer loop
      vertex -86.6986 -48.032 1.5
      vertex -86.4671 -48.6788 -1.5
      vertex -86.4671 -48.6788 1.5
    endloop
  endfacet
  facet normal -0.903996 -0.427542 0
    outer loop
      vertex -86.1734 -49.2998 -1.5
      vertex -86.4671 -48.6788 1.5
      vertex -86.4671 -48.6788 -1.5
    endloop
  endfacet
  facet normal -0.903996 -0.427542 0
    outer loop
      vertex -86.4671 -48.6788 1.5
      vertex -86.1734 -49.2998 -1.5
      vertex -86.1734 -49.2998 1.5
    endloop
  endfacet
  facet normal -0.671687 0.740835 0
    outer loop
      vertex -84.4408 51.4111 -1.5
      vertex -84.9497 50.9497 1.5
      vertex -84.4408 51.4111 1.5
    endloop
  endfacet
  facet normal -0.671687 0.740835 0
    outer loop
      vertex -84.9497 50.9497 1.5
      vertex -84.4408 51.4111 -1.5
      vertex -84.9497 50.9497 -1.5
    endloop
  endfacet
  facet normal -0.989175 0.146739 0
    outer loop
      vertex -86.9663 46.6861 -1.5
      vertex -86.8655 47.3656 1.5
      vertex -86.8655 47.3656 -1.5
    endloop
  endfacet
  facet normal -0.989175 0.146739 0
    outer loop
      vertex -86.8655 47.3656 1.5
      vertex -86.9663 46.6861 -1.5
      vertex -86.9663 46.6861 1.5
    endloop
  endfacet
  facet normal -0.97004 0.242947 0
    outer loop
      vertex -86.8655 47.3656 -1.5
      vertex -86.6986 48.032 1.5
      vertex -86.6986 48.032 -1.5
    endloop
  endfacet
  facet normal -0.97004 0.242947 0
    outer loop
      vertex -86.6986 48.032 1.5
      vertex -86.8655 47.3656 -1.5
      vertex -86.8655 47.3656 1.5
    endloop
  endfacet
  facet normal -0.740835 0.671687 0
    outer loop
      vertex -85.4111 50.4408 -1.5
      vertex -84.9497 50.9497 1.5
      vertex -84.9497 50.9497 -1.5
    endloop
  endfacet
  facet normal -0.740835 0.671687 0
    outer loop
      vertex -84.9497 50.9497 1.5
      vertex -85.4111 50.4408 -1.5
      vertex -85.4111 50.4408 1.5
    endloop
  endfacet
  facet normal 0.903996 0.427542 0
    outer loop
      vertex 86.4671 48.6788 1.5
      vertex 86.1734 49.2998 -1.5
      vertex 86.1734 49.2998 1.5
    endloop
  endfacet
  facet normal 0.903996 0.427542 0
    outer loop
      vertex 86.1734 49.2998 -1.5
      vertex 86.4671 48.6788 1.5
      vertex 86.4671 48.6788 -1.5
    endloop
  endfacet
  facet normal 0.97004 0.242947 0
    outer loop
      vertex 86.8655 47.3656 1.5
      vertex 86.6986 48.032 -1.5
      vertex 86.6986 48.032 1.5
    endloop
  endfacet
  facet normal 0.97004 0.242947 0
    outer loop
      vertex 86.6986 48.032 -1.5
      vertex 86.8655 47.3656 1.5
      vertex 86.8655 47.3656 -1.5
    endloop
  endfacet
  facet normal 0.336982 0.941511 -0
    outer loop
      vertex 82.6788 52.4671 -1.5
      vertex 82.032 52.6986 1.5
      vertex 82.6788 52.4671 1.5
    endloop
  endfacet
  facet normal 0.336982 0.941511 0
    outer loop
      vertex 82.032 52.6986 1.5
      vertex 82.6788 52.4671 -1.5
      vertex 82.032 52.6986 -1.5
    endloop
  endfacet
  facet normal 0.242947 0.97004 -0
    outer loop
      vertex 82.032 52.6986 -1.5
      vertex 81.3656 52.8655 1.5
      vertex 82.032 52.6986 1.5
    endloop
  endfacet
  facet normal 0.242947 0.97004 0
    outer loop
      vertex 81.3656 52.8655 1.5
      vertex 82.032 52.6986 -1.5
      vertex 81.3656 52.8655 -1.5
    endloop
  endfacet
  facet normal -0.146739 0.989175 0
    outer loop
      vertex -80.6861 52.9663 -1.5
      vertex -81.3656 52.8655 1.5
      vertex -80.6861 52.9663 1.5
    endloop
  endfacet
  facet normal -0.146739 0.989175 0
    outer loop
      vertex -81.3656 52.8655 1.5
      vertex -80.6861 52.9663 -1.5
      vertex -81.3656 52.8655 -1.5
    endloop
  endfacet
  facet normal -0.0490591 0.998796 0
    outer loop
      vertex -80 53 -1.5
      vertex -80.6861 52.9663 1.5
      vertex -80 53 1.5
    endloop
  endfacet
  facet normal -0.0490591 0.998796 0
    outer loop
      vertex -80.6861 52.9663 1.5
      vertex -80 53 -1.5
      vertex -80.6861 52.9663 -1.5
    endloop
  endfacet
  facet normal -0.242947 0.97004 0
    outer loop
      vertex -81.3656 52.8655 -1.5
      vertex -82.032 52.6986 1.5
      vertex -81.3656 52.8655 1.5
    endloop
  endfacet
  facet normal -0.242947 0.97004 0
    outer loop
      vertex -82.032 52.6986 1.5
      vertex -81.3656 52.8655 -1.5
      vertex -82.032 52.6986 -1.5
    endloop
  endfacet
  facet normal -0.427542 0.903996 0
    outer loop
      vertex -82.6788 52.4671 -1.5
      vertex -83.2998 52.1734 1.5
      vertex -82.6788 52.4671 1.5
    endloop
  endfacet
  facet normal -0.427542 0.903996 0
    outer loop
      vertex -83.2998 52.1734 1.5
      vertex -82.6788 52.4671 -1.5
      vertex -83.2998 52.1734 -1.5
    endloop
  endfacet
  facet normal 0.989175 -0.146739 0
    outer loop
      vertex 86.8655 -47.3656 1.5
      vertex 86.9663 -46.6861 -1.5
      vertex 86.9663 -46.6861 1.5
    endloop
  endfacet
  facet normal 0.989175 -0.146739 0
    outer loop
      vertex 86.9663 -46.6861 -1.5
      vertex 86.8655 -47.3656 1.5
      vertex 86.8655 -47.3656 -1.5
    endloop
  endfacet
  facet normal -0.0490591 -0.998796 0
    outer loop
      vertex -80.6861 -52.9663 -1.5
      vertex -80 -53 1.5
      vertex -80.6861 -52.9663 1.5
    endloop
  endfacet
  facet normal -0.0490591 -0.998796 -0
    outer loop
      vertex -80 -53 1.5
      vertex -80.6861 -52.9663 -1.5
      vertex -80 -53 -1.5
    endloop
  endfacet
  facet normal -0.242947 -0.97004 0
    outer loop
      vertex -82.032 -52.6986 -1.5
      vertex -81.3656 -52.8655 1.5
      vertex -82.032 -52.6986 1.5
    endloop
  endfacet
  facet normal -0.242947 -0.97004 -0
    outer loop
      vertex -81.3656 -52.8655 1.5
      vertex -82.032 -52.6986 -1.5
      vertex -81.3656 -52.8655 -1.5
    endloop
  endfacet
  facet normal -0.146739 -0.989175 0
    outer loop
      vertex -81.3656 -52.8655 -1.5
      vertex -80.6861 -52.9663 1.5
      vertex -81.3656 -52.8655 1.5
    endloop
  endfacet
  facet normal -0.146739 -0.989175 -0
    outer loop
      vertex -80.6861 -52.9663 1.5
      vertex -81.3656 -52.8655 -1.5
      vertex -80.6861 -52.9663 -1.5
    endloop
  endfacet
  facet normal 0.97004 -0.242947 0
    outer loop
      vertex 86.6986 -48.032 1.5
      vertex 86.8655 -47.3656 -1.5
      vertex 86.8655 -47.3656 1.5
    endloop
  endfacet
  facet normal 0.97004 -0.242947 0
    outer loop
      vertex 86.8655 -47.3656 -1.5
      vertex 86.6986 -48.032 1.5
      vertex 86.6986 -48.032 -1.5
    endloop
  endfacet
  facet normal 0.671687 -0.740835 0
    outer loop
      vertex 84.4408 -51.4111 -1.5
      vertex 84.9497 -50.9497 1.5
      vertex 84.4408 -51.4111 1.5
    endloop
  endfacet
  facet normal 0.671687 -0.740835 0
    outer loop
      vertex 84.9497 -50.9497 1.5
      vertex 84.4408 -51.4111 -1.5
      vertex 84.9497 -50.9497 -1.5
    endloop
  endfacet
  facet normal -0.941511 0.336982 0
    outer loop
      vertex -86.6986 48.032 -1.5
      vertex -86.4671 48.6788 1.5
      vertex -86.4671 48.6788 -1.5
    endloop
  endfacet
  facet normal -0.941511 0.336982 0
    outer loop
      vertex -86.4671 48.6788 1.5
      vertex -86.6986 48.032 -1.5
      vertex -86.6986 48.032 1.5
    endloop
  endfacet
  facet normal -0.903996 0.427542 0
    outer loop
      vertex -86.4671 48.6788 -1.5
      vertex -86.1734 49.2998 1.5
      vertex -86.1734 49.2998 -1.5
    endloop
  endfacet
  facet normal -0.903996 0.427542 0
    outer loop
      vertex -86.1734 49.2998 1.5
      vertex -86.4671 48.6788 -1.5
      vertex -86.4671 48.6788 1.5
    endloop
  endfacet
  facet normal -0.595659 0.803237 0
    outer loop
      vertex -83.889 51.8203 -1.5
      vertex -84.4408 51.4111 1.5
      vertex -83.889 51.8203 1.5
    endloop
  endfacet
  facet normal -0.595659 0.803237 0
    outer loop
      vertex -84.4408 51.4111 1.5
      vertex -83.889 51.8203 -1.5
      vertex -84.4408 51.4111 -1.5
    endloop
  endfacet
  facet normal -0.514046 0.857763 0
    outer loop
      vertex -83.2998 52.1734 -1.5
      vertex -83.889 51.8203 1.5
      vertex -83.2998 52.1734 1.5
    endloop
  endfacet
  facet normal -0.514046 0.857763 0
    outer loop
      vertex -83.889 51.8203 1.5
      vertex -83.2998 52.1734 -1.5
      vertex -83.889 51.8203 -1.5
    endloop
  endfacet
  facet normal -0.803237 0.595659 0
    outer loop
      vertex -85.8203 49.889 -1.5
      vertex -85.4111 50.4408 1.5
      vertex -85.4111 50.4408 -1.5
    endloop
  endfacet
  facet normal -0.803237 0.595659 0
    outer loop
      vertex -85.4111 50.4408 1.5
      vertex -85.8203 49.889 -1.5
      vertex -85.8203 49.889 1.5
    endloop
  endfacet
  facet normal 0.941511 0.336982 0
    outer loop
      vertex 86.6986 48.032 1.5
      vertex 86.4671 48.6788 -1.5
      vertex 86.4671 48.6788 1.5
    endloop
  endfacet
  facet normal 0.941511 0.336982 0
    outer loop
      vertex 86.4671 48.6788 -1.5
      vertex 86.6986 48.032 1.5
      vertex 86.6986 48.032 -1.5
    endloop
  endfacet
  facet normal 0.740835 0.671687 0
    outer loop
      vertex 85.4111 50.4408 1.5
      vertex 84.9497 50.9497 -1.5
      vertex 84.9497 50.9497 1.5
    endloop
  endfacet
  facet normal 0.740835 0.671687 0
    outer loop
      vertex 84.9497 50.9497 -1.5
      vertex 85.4111 50.4408 1.5
      vertex 85.4111 50.4408 -1.5
    endloop
  endfacet
  facet normal 0.803237 0.595659 0
    outer loop
      vertex 85.8203 49.889 1.5
      vertex 85.4111 50.4408 -1.5
      vertex 85.4111 50.4408 1.5
    endloop
  endfacet
  facet normal 0.803237 0.595659 0
    outer loop
      vertex 85.4111 50.4408 -1.5
      vertex 85.8203 49.889 1.5
      vertex 85.8203 49.889 -1.5
    endloop
  endfacet
  facet normal 0.857763 0.514046 0
    outer loop
      vertex 86.1734 49.2998 1.5
      vertex 85.8203 49.889 -1.5
      vertex 85.8203 49.889 1.5
    endloop
  endfacet
  facet normal 0.857763 0.514046 0
    outer loop
      vertex 85.8203 49.889 -1.5
      vertex 86.1734 49.2998 1.5
      vertex 86.1734 49.2998 -1.5
    endloop
  endfacet
  facet normal 0.427542 0.903996 -0
    outer loop
      vertex 83.2998 52.1734 -1.5
      vertex 82.6788 52.4671 1.5
      vertex 83.2998 52.1734 1.5
    endloop
  endfacet
  facet normal 0.427542 0.903996 0
    outer loop
      vertex 82.6788 52.4671 1.5
      vertex 83.2998 52.1734 -1.5
      vertex 82.6788 52.4671 -1.5
    endloop
  endfacet
  facet normal 0.514046 0.857763 -0
    outer loop
      vertex 83.889 51.8203 -1.5
      vertex 83.2998 52.1734 1.5
      vertex 83.889 51.8203 1.5
    endloop
  endfacet
  facet normal 0.514046 0.857763 0
    outer loop
      vertex 83.2998 52.1734 1.5
      vertex 83.889 51.8203 -1.5
      vertex 83.2998 52.1734 -1.5
    endloop
  endfacet
  facet normal 0.595659 0.803237 -0
    outer loop
      vertex 84.4408 51.4111 -1.5
      vertex 83.889 51.8203 1.5
      vertex 84.4408 51.4111 1.5
    endloop
  endfacet
  facet normal 0.595659 0.803237 0
    outer loop
      vertex 83.889 51.8203 1.5
      vertex 84.4408 51.4111 -1.5
      vertex 83.889 51.8203 -1.5
    endloop
  endfacet
  facet normal 0.146739 0.989175 -0
    outer loop
      vertex 81.3656 52.8655 -1.5
      vertex 80.6861 52.9663 1.5
      vertex 81.3656 52.8655 1.5
    endloop
  endfacet
  facet normal 0.146739 0.989175 0
    outer loop
      vertex 80.6861 52.9663 1.5
      vertex 81.3656 52.8655 -1.5
      vertex 80.6861 52.9663 -1.5
    endloop
  endfacet
  facet normal -0.336982 0.941511 0
    outer loop
      vertex -82.032 52.6986 -1.5
      vertex -82.6788 52.4671 1.5
      vertex -82.032 52.6986 1.5
    endloop
  endfacet
  facet normal -0.336982 0.941511 0
    outer loop
      vertex -82.6788 52.4671 1.5
      vertex -82.032 52.6986 -1.5
      vertex -82.6788 52.4671 -1.5
    endloop
  endfacet
  facet normal -0.671687 -0.740835 0
    outer loop
      vertex -84.9497 -50.9497 -1.5
      vertex -84.4408 -51.4111 1.5
      vertex -84.9497 -50.9497 1.5
    endloop
  endfacet
  facet normal -0.671687 -0.740835 -0
    outer loop
      vertex -84.4408 -51.4111 1.5
      vertex -84.9497 -50.9497 -1.5
      vertex -84.4408 -51.4111 -1.5
    endloop
  endfacet
  facet normal -0.336982 -0.941511 0
    outer loop
      vertex -82.6788 -52.4671 -1.5
      vertex -82.032 -52.6986 1.5
      vertex -82.6788 -52.4671 1.5
    endloop
  endfacet
  facet normal -0.336982 -0.941511 -0
    outer loop
      vertex -82.032 -52.6986 1.5
      vertex -82.6788 -52.4671 -1.5
      vertex -82.032 -52.6986 -1.5
    endloop
  endfacet
  facet normal 0.903996 -0.427542 0
    outer loop
      vertex 86.1734 -49.2998 1.5
      vertex 86.4671 -48.6788 -1.5
      vertex 86.4671 -48.6788 1.5
    endloop
  endfacet
  facet normal 0.903996 -0.427542 0
    outer loop
      vertex 86.4671 -48.6788 -1.5
      vertex 86.1734 -49.2998 1.5
      vertex 86.1734 -49.2998 -1.5
    endloop
  endfacet
  facet normal 0.998796 -0.0490591 0
    outer loop
      vertex 86.9663 -46.6861 1.5
      vertex 87 -46 -1.5
      vertex 87 -46 1.5
    endloop
  endfacet
  facet normal 0.998796 -0.0490591 0
    outer loop
      vertex 87 -46 -1.5
      vertex 86.9663 -46.6861 1.5
      vertex 86.9663 -46.6861 -1.5
    endloop
  endfacet
  facet normal 0.941511 -0.336982 0
    outer loop
      vertex 86.4671 -48.6788 1.5
      vertex 86.6986 -48.032 -1.5
      vertex 86.6986 -48.032 1.5
    endloop
  endfacet
  facet normal 0.941511 -0.336982 0
    outer loop
      vertex 86.6986 -48.032 -1.5
      vertex 86.4671 -48.6788 1.5
      vertex 86.4671 -48.6788 -1.5
    endloop
  endfacet
  facet normal 0.514046 -0.857763 0
    outer loop
      vertex 83.2998 -52.1734 -1.5
      vertex 83.889 -51.8203 1.5
      vertex 83.2998 -52.1734 1.5
    endloop
  endfacet
  facet normal 0.514046 -0.857763 0
    outer loop
      vertex 83.889 -51.8203 1.5
      vertex 83.2998 -52.1734 -1.5
      vertex 83.889 -51.8203 -1.5
    endloop
  endfacet
  facet normal 0.427542 -0.903996 0
    outer loop
      vertex 82.6788 -52.4671 -1.5
      vertex 83.2998 -52.1734 1.5
      vertex 82.6788 -52.4671 1.5
    endloop
  endfacet
  facet normal 0.427542 -0.903996 0
    outer loop
      vertex 83.2998 -52.1734 1.5
      vertex 82.6788 -52.4671 -1.5
      vertex 83.2998 -52.1734 -1.5
    endloop
  endfacet
  facet normal 0.336982 -0.941511 0
    outer loop
      vertex 82.032 -52.6986 -1.5
      vertex 82.6788 -52.4671 1.5
      vertex 82.032 -52.6986 1.5
    endloop
  endfacet
  facet normal 0.336982 -0.941511 0
    outer loop
      vertex 82.6788 -52.4671 1.5
      vertex 82.032 -52.6986 -1.5
      vertex 82.6788 -52.4671 -1.5
    endloop
  endfacet
  facet normal 0.146739 -0.989175 0
    outer loop
      vertex 80.6861 -52.9663 -1.5
      vertex 81.3656 -52.8655 1.5
      vertex 80.6861 -52.9663 1.5
    endloop
  endfacet
  facet normal 0.146739 -0.989175 0
    outer loop
      vertex 81.3656 -52.8655 1.5
      vertex 80.6861 -52.9663 -1.5
      vertex 81.3656 -52.8655 -1.5
    endloop
  endfacet
  facet normal -0.857763 -0.514046 0
    outer loop
      vertex -85.8203 -49.889 -1.5
      vertex -86.1734 -49.2998 1.5
      vertex -86.1734 -49.2998 -1.5
    endloop
  endfacet
  facet normal -0.857763 -0.514046 0
    outer loop
      vertex -86.1734 -49.2998 1.5
      vertex -85.8203 -49.889 -1.5
      vertex -85.8203 -49.889 1.5
    endloop
  endfacet
  facet normal -0.740835 -0.671687 0
    outer loop
      vertex -84.9497 -50.9497 -1.5
      vertex -85.4111 -50.4408 1.5
      vertex -85.4111 -50.4408 -1.5
    endloop
  endfacet
  facet normal -0.740835 -0.671687 0
    outer loop
      vertex -85.4111 -50.4408 1.5
      vertex -84.9497 -50.9497 -1.5
      vertex -84.9497 -50.9497 1.5
    endloop
  endfacet
  facet normal -0.803237 -0.595659 0
    outer loop
      vertex -85.4111 -50.4408 -1.5
      vertex -85.8203 -49.889 1.5
      vertex -85.8203 -49.889 -1.5
    endloop
  endfacet
  facet normal -0.803237 -0.595659 0
    outer loop
      vertex -85.8203 -49.889 1.5
      vertex -85.4111 -50.4408 -1.5
      vertex -85.4111 -50.4408 1.5
    endloop
  endfacet
  facet normal -0.514046 -0.857763 0
    outer loop
      vertex -83.889 -51.8203 -1.5
      vertex -83.2998 -52.1734 1.5
      vertex -83.889 -51.8203 1.5
    endloop
  endfacet
  facet normal -0.514046 -0.857763 -0
    outer loop
      vertex -83.2998 -52.1734 1.5
      vertex -83.889 -51.8203 -1.5
      vertex -83.2998 -52.1734 -1.5
    endloop
  endfacet
  facet normal 0.803237 -0.595659 0
    outer loop
      vertex 85.4111 -50.4408 1.5
      vertex 85.8203 -49.889 -1.5
      vertex 85.8203 -49.889 1.5
    endloop
  endfacet
  facet normal 0.803237 -0.595659 0
    outer loop
      vertex 85.8203 -49.889 -1.5
      vertex 85.4111 -50.4408 1.5
      vertex 85.4111 -50.4408 -1.5
    endloop
  endfacet
  facet normal 0.857763 -0.514046 0
    outer loop
      vertex 85.8203 -49.889 1.5
      vertex 86.1734 -49.2998 -1.5
      vertex 86.1734 -49.2998 1.5
    endloop
  endfacet
  facet normal 0.857763 -0.514046 0
    outer loop
      vertex 86.1734 -49.2998 -1.5
      vertex 85.8203 -49.889 1.5
      vertex 85.8203 -49.889 -1.5
    endloop
  endfacet
  facet normal 0.595659 -0.803237 0
    outer loop
      vertex 83.889 -51.8203 -1.5
      vertex 84.4408 -51.4111 1.5
      vertex 83.889 -51.8203 1.5
    endloop
  endfacet
  facet normal 0.595659 -0.803237 0
    outer loop
      vertex 84.4408 -51.4111 1.5
      vertex 83.889 -51.8203 -1.5
      vertex 84.4408 -51.4111 -1.5
    endloop
  endfacet
endsolid OpenSCAD_Model
