solid OpenSCAD_Model
  facet normal -0.995197 -0.0978934 0
    outer loop
      vertex 11.6 10 0
      vertex 11.5693 10.3121 2
      vertex 11.5693 10.3121 0
    endloop
  endfacet
  facet normal -0.995197 -0.0978934 0
    outer loop
      vertex 11.5693 10.3121 2
      vertex 11.6 10 0
      vertex 11.6 10 2
    endloop
  endfacet
  facet normal 0.0978779 -0.995198 0
    outer loop
      vertex 9.68785 11.5693 0
      vertex 10 11.6 2
      vertex 9.68785 11.5693 2
    endloop
  endfacet
  facet normal 0.0978779 -0.995198 0
    outer loop
      vertex 10 11.6 2
      vertex 9.68785 11.5693 0
      vertex 10 11.6 0
    endloop
  endfacet
  facet normal -0.634365 -0.773033 0
    outer loop
      vertex 10.8889 11.3304 0
      vertex 11.1314 11.1314 2
      vertex 10.8889 11.3304 2
    endloop
  endfacet
  facet normal -0.634365 -0.773033 -0
    outer loop
      vertex 11.1314 11.1314 2
      vertex 10.8889 11.3304 0
      vertex 11.1314 11.1314 0
    endloop
  endfacet
  facet normal 0.773065 -0.634327 0
    outer loop
      vertex 8.66965 10.8889 2
      vertex 8.86863 11.1314 0
      vertex 8.86863 11.1314 2
    endloop
  endfacet
  facet normal 0.773065 -0.634327 0
    outer loop
      vertex 8.86863 11.1314 0
      vertex 8.66965 10.8889 2
      vertex 8.66965 10.8889 0
    endloop
  endfacet
  facet normal 0.471257 -0.881996 0
    outer loop
      vertex 9.11109 11.3304 0
      vertex 9.38771 11.4782 2
      vertex 9.11109 11.3304 2
    endloop
  endfacet
  facet normal 0.471257 -0.881996 0
    outer loop
      vertex 9.38771 11.4782 2
      vertex 9.11109 11.3304 0
      vertex 9.38771 11.4782 0
    endloop
  endfacet
  facet normal -0.881982 -0.471283 0
    outer loop
      vertex 11.4782 10.6123 0
      vertex 11.3304 10.8889 2
      vertex 11.3304 10.8889 0
    endloop
  endfacet
  facet normal -0.881982 -0.471283 0
    outer loop
      vertex 11.3304 10.8889 2
      vertex 11.4782 10.6123 0
      vertex 11.4782 10.6123 2
    endloop
  endfacet
  facet normal -0.956909 -0.290388 0
    outer loop
      vertex 11.5693 10.3121 0
      vertex 11.4782 10.6123 2
      vertex 11.4782 10.6123 0
    endloop
  endfacet
  facet normal -0.956909 -0.290388 0
    outer loop
      vertex 11.4782 10.6123 2
      vertex 11.5693 10.3121 0
      vertex 11.5693 10.3121 2
    endloop
  endfacet
  facet normal -0.773033 -0.634365 0
    outer loop
      vertex 11.3304 10.8889 0
      vertex 11.1314 11.1314 2
      vertex 11.1314 11.1314 0
    endloop
  endfacet
  facet normal -0.773033 -0.634365 0
    outer loop
      vertex 11.1314 11.1314 2
      vertex 11.3304 10.8889 0
      vertex 11.3304 10.8889 2
    endloop
  endfacet
  facet normal -0.290388 -0.956909 0
    outer loop
      vertex 10.3121 11.5693 0
      vertex 10.6123 11.4782 2
      vertex 10.3121 11.5693 2
    endloop
  endfacet
  facet normal -0.290388 -0.956909 -0
    outer loop
      vertex 10.6123 11.4782 2
      vertex 10.3121 11.5693 0
      vertex 10.6123 11.4782 0
    endloop
  endfacet
  facet normal -0.0978934 -0.995197 0
    outer loop
      vertex 10 11.6 0
      vertex 10.3121 11.5693 2
      vertex 10 11.6 2
    endloop
  endfacet
  facet normal -0.0978934 -0.995197 -0
    outer loop
      vertex 10.3121 11.5693 2
      vertex 10 11.6 0
      vertex 10.3121 11.5693 0
    endloop
  endfacet
  facet normal -0.471283 -0.881982 0
    outer loop
      vertex 10.6123 11.4782 0
      vertex 10.8889 11.3304 2
      vertex 10.6123 11.4782 2
    endloop
  endfacet
  facet normal -0.471283 -0.881982 -0
    outer loop
      vertex 10.8889 11.3304 2
      vertex 10.6123 11.4782 0
      vertex 10.8889 11.3304 0
    endloop
  endfacet
  facet normal 0.956953 -0.290242 0
    outer loop
      vertex 8.43074 10.3121 2
      vertex 8.52179 10.6123 0
      vertex 8.52179 10.6123 2
    endloop
  endfacet
  facet normal 0.956953 -0.290242 0
    outer loop
      vertex 8.52179 10.6123 0
      vertex 8.43074 10.3121 2
      vertex 8.43074 10.3121 0
    endloop
  endfacet
  facet normal 0.881902 -0.471432 0
    outer loop
      vertex 8.52179 10.6123 2
      vertex 8.66965 10.8889 0
      vertex 8.66965 10.8889 2
    endloop
  endfacet
  facet normal 0.881902 -0.471432 0
    outer loop
      vertex 8.66965 10.8889 0
      vertex 8.52179 10.6123 2
      vertex 8.52179 10.6123 0
    endloop
  endfacet
  facet normal 0.995184 -0.0980198 0
    outer loop
      vertex 8.4 10 2
      vertex 8.43074 10.3121 0
      vertex 8.43074 10.3121 2
    endloop
  endfacet
  facet normal 0.995184 -0.0980198 0
    outer loop
      vertex 8.43074 10.3121 0
      vertex 8.4 10 2
      vertex 8.4 10 0
    endloop
  endfacet
  facet normal 0.634428 -0.772982 0
    outer loop
      vertex 8.86863 11.1314 0
      vertex 9.11109 11.3304 2
      vertex 8.86863 11.1314 2
    endloop
  endfacet
  facet normal 0.634428 -0.772982 0
    outer loop
      vertex 9.11109 11.3304 2
      vertex 8.86863 11.1314 0
      vertex 9.11109 11.3304 0
    endloop
  endfacet
  facet normal 0.290441 -0.956893 0
    outer loop
      vertex 9.38771 11.4782 0
      vertex 9.68785 11.5693 2
      vertex 9.38771 11.4782 2
    endloop
  endfacet
  facet normal 0.290441 -0.956893 0
    outer loop
      vertex 9.68785 11.5693 2
      vertex 9.38771 11.4782 0
      vertex 9.68785 11.5693 0
    endloop
  endfacet
  facet normal -0.995198 0.0978779 0
    outer loop
      vertex 11.5693 9.68785 0
      vertex 11.6 10 2
      vertex 11.6 10 0
    endloop
  endfacet
  facet normal -0.995198 0.0978779 0
    outer loop
      vertex 11.6 10 2
      vertex 11.5693 9.68785 0
      vertex 11.5693 9.68785 2
    endloop
  endfacet
  facet normal -0.290242 0.956953 0
    outer loop
      vertex 10.6123 8.52179 0
      vertex 10.3121 8.43074 2
      vertex 10.6123 8.52179 2
    endloop
  endfacet
  facet normal -0.290242 0.956953 0
    outer loop
      vertex 10.3121 8.43074 2
      vertex 10.6123 8.52179 0
      vertex 10.3121 8.43074 0
    endloop
  endfacet
  facet normal -0.634327 0.773065 0
    outer loop
      vertex 11.1314 8.86863 0
      vertex 10.8889 8.66965 2
      vertex 11.1314 8.86863 2
    endloop
  endfacet
  facet normal -0.634327 0.773065 0
    outer loop
      vertex 10.8889 8.66965 2
      vertex 11.1314 8.86863 0
      vertex 10.8889 8.66965 0
    endloop
  endfacet
  facet normal 0.471405 0.881917 -0
    outer loop
      vertex 9.38771 8.52179 0
      vertex 9.11109 8.66965 2
      vertex 9.38771 8.52179 2
    endloop
  endfacet
  facet normal 0.471405 0.881917 0
    outer loop
      vertex 9.11109 8.66965 2
      vertex 9.38771 8.52179 0
      vertex 9.11109 8.66965 0
    endloop
  endfacet
  facet normal 0.0980042 0.995186 -0
    outer loop
      vertex 10 8.4 0
      vertex 9.68785 8.43074 2
      vertex 10 8.4 2
    endloop
  endfacet
  facet normal 0.0980042 0.995186 0
    outer loop
      vertex 9.68785 8.43074 2
      vertex 10 8.4 0
      vertex 9.68785 8.43074 0
    endloop
  endfacet
  facet normal 0.773013 0.63439 0
    outer loop
      vertex 8.86863 8.86863 2
      vertex 8.66965 9.11109 0
      vertex 8.66965 9.11109 2
    endloop
  endfacet
  facet normal 0.773013 0.63439 0
    outer loop
      vertex 8.66965 9.11109 0
      vertex 8.86863 8.86863 2
      vertex 8.86863 8.86863 0
    endloop
  endfacet
  facet normal 0.956937 0.290295 0
    outer loop
      vertex 8.52179 9.38771 2
      vertex 8.43074 9.68785 0
      vertex 8.43074 9.68785 2
    endloop
  endfacet
  facet normal 0.956937 0.290295 0
    outer loop
      vertex 8.43074 9.68785 0
      vertex 8.52179 9.38771 2
      vertex 8.52179 9.38771 0
    endloop
  endfacet
  facet normal 0.995186 0.0980042 0
    outer loop
      vertex 8.43074 9.68785 2
      vertex 8.4 10 0
      vertex 8.4 10 2
    endloop
  endfacet
  facet normal 0.995186 0.0980042 0
    outer loop
      vertex 8.4 10 0
      vertex 8.43074 9.68785 2
      vertex 8.43074 9.68785 0
    endloop
  endfacet
  facet normal -0.471432 0.881902 0
    outer loop
      vertex 10.8889 8.66965 0
      vertex 10.6123 8.52179 2
      vertex 10.8889 8.66965 2
    endloop
  endfacet
  facet normal -0.471432 0.881902 0
    outer loop
      vertex 10.6123 8.52179 2
      vertex 10.8889 8.66965 0
      vertex 10.6123 8.52179 0
    endloop
  endfacet
  facet normal -0.772982 0.634428 0
    outer loop
      vertex 11.1314 8.86863 0
      vertex 11.3304 9.11109 2
      vertex 11.3304 9.11109 0
    endloop
  endfacet
  facet normal -0.772982 0.634428 0
    outer loop
      vertex 11.3304 9.11109 2
      vertex 11.1314 8.86863 0
      vertex 11.1314 8.86863 2
    endloop
  endfacet
  facet normal -0.956893 0.290441 0
    outer loop
      vertex 11.4782 9.38771 0
      vertex 11.5693 9.68785 2
      vertex 11.5693 9.68785 0
    endloop
  endfacet
  facet normal -0.956893 0.290441 0
    outer loop
      vertex 11.5693 9.68785 2
      vertex 11.4782 9.38771 0
      vertex 11.4782 9.38771 2
    endloop
  endfacet
  facet normal -0.881996 0.471257 0
    outer loop
      vertex 11.3304 9.11109 0
      vertex 11.4782 9.38771 2
      vertex 11.4782 9.38771 0
    endloop
  endfacet
  facet normal -0.881996 0.471257 0
    outer loop
      vertex 11.4782 9.38771 2
      vertex 11.3304 9.11109 0
      vertex 11.3304 9.11109 2
    endloop
  endfacet
  facet normal 0.290295 0.956937 -0
    outer loop
      vertex 9.68785 8.43074 0
      vertex 9.38771 8.52179 2
      vertex 9.68785 8.43074 2
    endloop
  endfacet
  facet normal 0.290295 0.956937 0
    outer loop
      vertex 9.38771 8.52179 2
      vertex 9.68785 8.43074 0
      vertex 9.38771 8.52179 0
    endloop
  endfacet
  facet normal -0.0980198 0.995184 0
    outer loop
      vertex 10.3121 8.43074 0
      vertex 10 8.4 2
      vertex 10.3121 8.43074 2
    endloop
  endfacet
  facet normal -0.0980198 0.995184 0
    outer loop
      vertex 10 8.4 2
      vertex 10.3121 8.43074 0
      vertex 10 8.4 0
    endloop
  endfacet
  facet normal 0.63439 0.773013 -0
    outer loop
      vertex 9.11109 8.66965 0
      vertex 8.86863 8.86863 2
      vertex 9.11109 8.66965 2
    endloop
  endfacet
  facet normal 0.63439 0.773013 0
    outer loop
      vertex 8.86863 8.86863 2
      vertex 9.11109 8.66965 0
      vertex 8.86863 8.86863 0
    endloop
  endfacet
  facet normal 0.881917 0.471405 0
    outer loop
      vertex 8.66965 9.11109 2
      vertex 8.52179 9.38771 0
      vertex 8.52179 9.38771 2
    endloop
  endfacet
  facet normal 0.881917 0.471405 0
    outer loop
      vertex 8.52179 9.38771 0
      vertex 8.66965 9.11109 2
      vertex 8.66965 9.11109 0
    endloop
  endfacet
  facet normal -0.995197 -0.0978934 0
    outer loop
      vertex 21.6 10 0
      vertex 21.5693 10.3121 2
      vertex 21.5693 10.3121 0
    endloop
  endfacet
  facet normal -0.995197 -0.0978934 0
    outer loop
      vertex 21.5693 10.3121 2
      vertex 21.6 10 0
      vertex 21.6 10 2
    endloop
  endfacet
  facet normal 0.0978934 -0.995197 0
    outer loop
      vertex 19.6879 11.5693 0
      vertex 20 11.6 2
      vertex 19.6879 11.5693 2
    endloop
  endfacet
  facet normal 0.0978934 -0.995197 0
    outer loop
      vertex 20 11.6 2
      vertex 19.6879 11.5693 0
      vertex 20 11.6 0
    endloop
  endfacet
  facet normal -0.634365 -0.773033 0
    outer loop
      vertex 20.8889 11.3304 0
      vertex 21.1314 11.1314 2
      vertex 20.8889 11.3304 2
    endloop
  endfacet
  facet normal -0.634365 -0.773033 -0
    outer loop
      vertex 21.1314 11.1314 2
      vertex 20.8889 11.3304 0
      vertex 21.1314 11.1314 0
    endloop
  endfacet
  facet normal 0.773033 -0.634365 0
    outer loop
      vertex 18.6696 10.8889 2
      vertex 18.8686 11.1314 0
      vertex 18.8686 11.1314 2
    endloop
  endfacet
  facet normal 0.773033 -0.634365 0
    outer loop
      vertex 18.8686 11.1314 0
      vertex 18.6696 10.8889 2
      vertex 18.6696 10.8889 0
    endloop
  endfacet
  facet normal 0.471283 -0.881982 0
    outer loop
      vertex 19.1111 11.3304 0
      vertex 19.3877 11.4782 2
      vertex 19.1111 11.3304 2
    endloop
  endfacet
  facet normal 0.471283 -0.881982 0
    outer loop
      vertex 19.3877 11.4782 2
      vertex 19.1111 11.3304 0
      vertex 19.3877 11.4782 0
    endloop
  endfacet
  facet normal -0.772982 0.634428 0
    outer loop
      vertex 21.1314 8.86863 0
      vertex 21.3304 9.11109 2
      vertex 21.3304 9.11109 0
    endloop
  endfacet
  facet normal -0.772982 0.634428 0
    outer loop
      vertex 21.3304 9.11109 2
      vertex 21.1314 8.86863 0
      vertex 21.1314 8.86863 2
    endloop
  endfacet
  facet normal 0.634327 0.773065 -0
    outer loop
      vertex 19.1111 8.66965 0
      vertex 18.8686 8.86863 2
      vertex 19.1111 8.66965 2
    endloop
  endfacet
  facet normal 0.634327 0.773065 0
    outer loop
      vertex 18.8686 8.86863 2
      vertex 19.1111 8.66965 0
      vertex 18.8686 8.86863 0
    endloop
  endfacet
  facet normal -0.881982 -0.471283 0
    outer loop
      vertex 21.4782 10.6123 0
      vertex 21.3304 10.8889 2
      vertex 21.3304 10.8889 0
    endloop
  endfacet
  facet normal -0.881982 -0.471283 0
    outer loop
      vertex 21.3304 10.8889 2
      vertex 21.4782 10.6123 0
      vertex 21.4782 10.6123 2
    endloop
  endfacet
  facet normal -0.956909 -0.290388 0
    outer loop
      vertex 21.5693 10.3121 0
      vertex 21.4782 10.6123 2
      vertex 21.4782 10.6123 0
    endloop
  endfacet
  facet normal -0.956909 -0.290388 0
    outer loop
      vertex 21.4782 10.6123 2
      vertex 21.5693 10.3121 0
      vertex 21.5693 10.3121 2
    endloop
  endfacet
  facet normal -0.773033 -0.634365 0
    outer loop
      vertex 21.3304 10.8889 0
      vertex 21.1314 11.1314 2
      vertex 21.1314 11.1314 0
    endloop
  endfacet
  facet normal -0.773033 -0.634365 0
    outer loop
      vertex 21.1314 11.1314 2
      vertex 21.3304 10.8889 0
      vertex 21.3304 10.8889 2
    endloop
  endfacet
  facet normal -0.290388 -0.956909 0
    outer loop
      vertex 20.3121 11.5693 0
      vertex 20.6123 11.4782 2
      vertex 20.3121 11.5693 2
    endloop
  endfacet
  facet normal -0.290388 -0.956909 -0
    outer loop
      vertex 20.6123 11.4782 2
      vertex 20.3121 11.5693 0
      vertex 20.6123 11.4782 0
    endloop
  endfacet
  facet normal -0.0978934 -0.995197 0
    outer loop
      vertex 20 11.6 0
      vertex 20.3121 11.5693 2
      vertex 20 11.6 2
    endloop
  endfacet
  facet normal -0.0978934 -0.995197 -0
    outer loop
      vertex 20.3121 11.5693 2
      vertex 20 11.6 0
      vertex 20.3121 11.5693 0
    endloop
  endfacet
  facet normal -0.471283 -0.881982 0
    outer loop
      vertex 20.6123 11.4782 0
      vertex 20.8889 11.3304 2
      vertex 20.6123 11.4782 2
    endloop
  endfacet
  facet normal -0.471283 -0.881982 -0
    outer loop
      vertex 20.8889 11.3304 2
      vertex 20.6123 11.4782 0
      vertex 20.8889 11.3304 0
    endloop
  endfacet
  facet normal 0.956909 -0.290388 0
    outer loop
      vertex 18.4307 10.3121 2
      vertex 18.5218 10.6123 0
      vertex 18.5218 10.6123 2
    endloop
  endfacet
  facet normal 0.956909 -0.290388 0
    outer loop
      vertex 18.5218 10.6123 0
      vertex 18.4307 10.3121 2
      vertex 18.4307 10.3121 0
    endloop
  endfacet
  facet normal 0.881982 -0.471283 0
    outer loop
      vertex 18.5218 10.6123 2
      vertex 18.6696 10.8889 0
      vertex 18.6696 10.8889 2
    endloop
  endfacet
  facet normal 0.881982 -0.471283 0
    outer loop
      vertex 18.6696 10.8889 0
      vertex 18.5218 10.6123 2
      vertex 18.5218 10.6123 0
    endloop
  endfacet
  facet normal 0.995197 -0.0978934 0
    outer loop
      vertex 18.4 10 2
      vertex 18.4307 10.3121 0
      vertex 18.4307 10.3121 2
    endloop
  endfacet
  facet normal 0.995197 -0.0978934 0
    outer loop
      vertex 18.4307 10.3121 0
      vertex 18.4 10 2
      vertex 18.4 10 0
    endloop
  endfacet
  facet normal 0.634365 -0.773033 0
    outer loop
      vertex 18.8686 11.1314 0
      vertex 19.1111 11.3304 2
      vertex 18.8686 11.1314 2
    endloop
  endfacet
  facet normal 0.634365 -0.773033 0
    outer loop
      vertex 19.1111 11.3304 2
      vertex 18.8686 11.1314 0
      vertex 19.1111 11.3304 0
    endloop
  endfacet
  facet normal 0.290388 -0.956909 0
    outer loop
      vertex 19.3877 11.4782 0
      vertex 19.6879 11.5693 2
      vertex 19.3877 11.4782 2
    endloop
  endfacet
  facet normal 0.290388 -0.956909 0
    outer loop
      vertex 19.6879 11.5693 2
      vertex 19.3877 11.4782 0
      vertex 19.6879 11.5693 0
    endloop
  endfacet
  facet normal -0.290242 0.956953 0
    outer loop
      vertex 20.6123 8.52179 0
      vertex 20.3121 8.43074 2
      vertex 20.6123 8.52179 2
    endloop
  endfacet
  facet normal -0.290242 0.956953 0
    outer loop
      vertex 20.3121 8.43074 2
      vertex 20.6123 8.52179 0
      vertex 20.3121 8.43074 0
    endloop
  endfacet
  facet normal -0.634327 0.773065 0
    outer loop
      vertex 21.1314 8.86863 0
      vertex 20.8889 8.66965 2
      vertex 21.1314 8.86863 2
    endloop
  endfacet
  facet normal -0.634327 0.773065 0
    outer loop
      vertex 20.8889 8.66965 2
      vertex 21.1314 8.86863 0
      vertex 20.8889 8.66965 0
    endloop
  endfacet
  facet normal 0.471432 0.881902 -0
    outer loop
      vertex 19.3877 8.52179 0
      vertex 19.1111 8.66965 2
      vertex 19.3877 8.52179 2
    endloop
  endfacet
  facet normal 0.471432 0.881902 0
    outer loop
      vertex 19.1111 8.66965 2
      vertex 19.3877 8.52179 0
      vertex 19.1111 8.66965 0
    endloop
  endfacet
  facet normal 0.0980198 0.995184 -0
    outer loop
      vertex 20 8.4 0
      vertex 19.6879 8.43074 2
      vertex 20 8.4 2
    endloop
  endfacet
  facet normal 0.0980198 0.995184 0
    outer loop
      vertex 19.6879 8.43074 2
      vertex 20 8.4 0
      vertex 19.6879 8.43074 0
    endloop
  endfacet
  facet normal 0.956893 0.290441 0
    outer loop
      vertex 18.5218 9.38771 2
      vertex 18.4307 9.68785 0
      vertex 18.4307 9.68785 2
    endloop
  endfacet
  facet normal 0.956893 0.290441 0
    outer loop
      vertex 18.4307 9.68785 0
      vertex 18.5218 9.38771 2
      vertex 18.5218 9.38771 0
    endloop
  endfacet
  facet normal 0.772982 0.634428 0
    outer loop
      vertex 18.8686 8.86863 2
      vertex 18.6696 9.11109 0
      vertex 18.6696 9.11109 2
    endloop
  endfacet
  facet normal 0.772982 0.634428 0
    outer loop
      vertex 18.6696 9.11109 0
      vertex 18.8686 8.86863 2
      vertex 18.8686 8.86863 0
    endloop
  endfacet
  facet normal 0.995198 0.0978779 0
    outer loop
      vertex 18.4307 9.68785 2
      vertex 18.4 10 0
      vertex 18.4 10 2
    endloop
  endfacet
  facet normal 0.995198 0.0978779 0
    outer loop
      vertex 18.4 10 0
      vertex 18.4307 9.68785 2
      vertex 18.4307 9.68785 0
    endloop
  endfacet
  facet normal -0.471432 0.881902 0
    outer loop
      vertex 20.8889 8.66965 0
      vertex 20.6123 8.52179 2
      vertex 20.8889 8.66965 2
    endloop
  endfacet
  facet normal -0.471432 0.881902 0
    outer loop
      vertex 20.6123 8.52179 2
      vertex 20.8889 8.66965 0
      vertex 20.6123 8.52179 0
    endloop
  endfacet
  facet normal -0.956893 0.290441 0
    outer loop
      vertex 21.4782 9.38771 0
      vertex 21.5693 9.68785 2
      vertex 21.5693 9.68785 0
    endloop
  endfacet
  facet normal -0.956893 0.290441 0
    outer loop
      vertex 21.5693 9.68785 2
      vertex 21.4782 9.38771 0
      vertex 21.4782 9.38771 2
    endloop
  endfacet
  facet normal -0.881996 0.471257 0
    outer loop
      vertex 21.3304 9.11109 0
      vertex 21.4782 9.38771 2
      vertex 21.4782 9.38771 0
    endloop
  endfacet
  facet normal -0.881996 0.471257 0
    outer loop
      vertex 21.4782 9.38771 2
      vertex 21.3304 9.11109 0
      vertex 21.3304 9.11109 2
    endloop
  endfacet
  facet normal -0.995198 0.0978779 0
    outer loop
      vertex 21.5693 9.68785 0
      vertex 21.6 10 2
      vertex 21.6 10 0
    endloop
  endfacet
  facet normal -0.995198 0.0978779 0
    outer loop
      vertex 21.6 10 2
      vertex 21.5693 9.68785 0
      vertex 21.5693 9.68785 2
    endloop
  endfacet
  facet normal 0.290242 0.956953 -0
    outer loop
      vertex 19.6879 8.43074 0
      vertex 19.3877 8.52179 2
      vertex 19.6879 8.43074 2
    endloop
  endfacet
  facet normal 0.290242 0.956953 0
    outer loop
      vertex 19.3877 8.52179 2
      vertex 19.6879 8.43074 0
      vertex 19.3877 8.52179 0
    endloop
  endfacet
  facet normal -0.0980198 0.995184 0
    outer loop
      vertex 20.3121 8.43074 0
      vertex 20 8.4 2
      vertex 20.3121 8.43074 2
    endloop
  endfacet
  facet normal -0.0980198 0.995184 0
    outer loop
      vertex 20 8.4 2
      vertex 20.3121 8.43074 0
      vertex 20 8.4 0
    endloop
  endfacet
  facet normal 0.881996 0.471257 0
    outer loop
      vertex 18.6696 9.11109 2
      vertex 18.5218 9.38771 0
      vertex 18.5218 9.38771 2
    endloop
  endfacet
  facet normal 0.881996 0.471257 0
    outer loop
      vertex 18.5218 9.38771 0
      vertex 18.6696 9.11109 2
      vertex 18.6696 9.11109 0
    endloop
  endfacet
  facet normal -0.995197 -0.0978934 0
    outer loop
      vertex 31.6 10 0
      vertex 31.5693 10.3121 2
      vertex 31.5693 10.3121 0
    endloop
  endfacet
  facet normal -0.995197 -0.0978934 0
    outer loop
      vertex 31.5693 10.3121 2
      vertex 31.6 10 0
      vertex 31.6 10 2
    endloop
  endfacet
  facet normal 0.0978934 -0.995197 0
    outer loop
      vertex 29.6879 11.5693 0
      vertex 30 11.6 2
      vertex 29.6879 11.5693 2
    endloop
  endfacet
  facet normal 0.0978934 -0.995197 0
    outer loop
      vertex 30 11.6 2
      vertex 29.6879 11.5693 0
      vertex 30 11.6 0
    endloop
  endfacet
  facet normal -0.0980198 0.995184 0
    outer loop
      vertex 30.3121 8.43074 0
      vertex 30 8.4 2
      vertex 30.3121 8.43074 2
    endloop
  endfacet
  facet normal -0.0980198 0.995184 0
    outer loop
      vertex 30 8.4 2
      vertex 30.3121 8.43074 0
      vertex 30 8.4 0
    endloop
  endfacet
  facet normal -0.634365 -0.773033 0
    outer loop
      vertex 30.8889 11.3304 0
      vertex 31.1314 11.1314 2
      vertex 30.8889 11.3304 2
    endloop
  endfacet
  facet normal -0.634365 -0.773033 -0
    outer loop
      vertex 31.1314 11.1314 2
      vertex 30.8889 11.3304 0
      vertex 31.1314 11.1314 0
    endloop
  endfacet
  facet normal 0.773033 -0.634365 0
    outer loop
      vertex 28.6696 10.8889 2
      vertex 28.8686 11.1314 0
      vertex 28.8686 11.1314 2
    endloop
  endfacet
  facet normal 0.773033 -0.634365 0
    outer loop
      vertex 28.8686 11.1314 0
      vertex 28.6696 10.8889 2
      vertex 28.6696 10.8889 0
    endloop
  endfacet
  facet normal 0.471283 -0.881982 0
    outer loop
      vertex 29.1111 11.3304 0
      vertex 29.3877 11.4782 2
      vertex 29.1111 11.3304 2
    endloop
  endfacet
  facet normal 0.471283 -0.881982 0
    outer loop
      vertex 29.3877 11.4782 2
      vertex 29.1111 11.3304 0
      vertex 29.3877 11.4782 0
    endloop
  endfacet
  facet normal -0.881982 -0.471283 0
    outer loop
      vertex 31.4782 10.6123 0
      vertex 31.3304 10.8889 2
      vertex 31.3304 10.8889 0
    endloop
  endfacet
  facet normal -0.881982 -0.471283 0
    outer loop
      vertex 31.3304 10.8889 2
      vertex 31.4782 10.6123 0
      vertex 31.4782 10.6123 2
    endloop
  endfacet
  facet normal -0.956909 -0.290388 0
    outer loop
      vertex 31.5693 10.3121 0
      vertex 31.4782 10.6123 2
      vertex 31.4782 10.6123 0
    endloop
  endfacet
  facet normal -0.956909 -0.290388 0
    outer loop
      vertex 31.4782 10.6123 2
      vertex 31.5693 10.3121 0
      vertex 31.5693 10.3121 2
    endloop
  endfacet
  facet normal -0.773033 -0.634365 0
    outer loop
      vertex 31.3304 10.8889 0
      vertex 31.1314 11.1314 2
      vertex 31.1314 11.1314 0
    endloop
  endfacet
  facet normal -0.773033 -0.634365 0
    outer loop
      vertex 31.1314 11.1314 2
      vertex 31.3304 10.8889 0
      vertex 31.3304 10.8889 2
    endloop
  endfacet
  facet normal -0.290388 -0.956909 0
    outer loop
      vertex 30.3121 11.5693 0
      vertex 30.6123 11.4782 2
      vertex 30.3121 11.5693 2
    endloop
  endfacet
  facet normal -0.290388 -0.956909 -0
    outer loop
      vertex 30.6123 11.4782 2
      vertex 30.3121 11.5693 0
      vertex 30.6123 11.4782 0
    endloop
  endfacet
  facet normal -0.0978934 -0.995197 0
    outer loop
      vertex 30 11.6 0
      vertex 30.3121 11.5693 2
      vertex 30 11.6 2
    endloop
  endfacet
  facet normal -0.0978934 -0.995197 -0
    outer loop
      vertex 30.3121 11.5693 2
      vertex 30 11.6 0
      vertex 30.3121 11.5693 0
    endloop
  endfacet
  facet normal -0.471283 -0.881982 0
    outer loop
      vertex 30.6123 11.4782 0
      vertex 30.8889 11.3304 2
      vertex 30.6123 11.4782 2
    endloop
  endfacet
  facet normal -0.471283 -0.881982 -0
    outer loop
      vertex 30.8889 11.3304 2
      vertex 30.6123 11.4782 0
      vertex 30.8889 11.3304 0
    endloop
  endfacet
  facet normal 0.956909 -0.290388 0
    outer loop
      vertex 28.4307 10.3121 2
      vertex 28.5218 10.6123 0
      vertex 28.5218 10.6123 2
    endloop
  endfacet
  facet normal 0.956909 -0.290388 0
    outer loop
      vertex 28.5218 10.6123 0
      vertex 28.4307 10.3121 2
      vertex 28.4307 10.3121 0
    endloop
  endfacet
  facet normal 0.881982 -0.471283 0
    outer loop
      vertex 28.5218 10.6123 2
      vertex 28.6696 10.8889 0
      vertex 28.6696 10.8889 2
    endloop
  endfacet
  facet normal 0.881982 -0.471283 0
    outer loop
      vertex 28.6696 10.8889 0
      vertex 28.5218 10.6123 2
      vertex 28.5218 10.6123 0
    endloop
  endfacet
  facet normal 0.995197 -0.0978934 0
    outer loop
      vertex 28.4 10 2
      vertex 28.4307 10.3121 0
      vertex 28.4307 10.3121 2
    endloop
  endfacet
  facet normal 0.995197 -0.0978934 0
    outer loop
      vertex 28.4307 10.3121 0
      vertex 28.4 10 2
      vertex 28.4 10 0
    endloop
  endfacet
  facet normal 0.634365 -0.773033 0
    outer loop
      vertex 28.8686 11.1314 0
      vertex 29.1111 11.3304 2
      vertex 28.8686 11.1314 2
    endloop
  endfacet
  facet normal 0.634365 -0.773033 0
    outer loop
      vertex 29.1111 11.3304 2
      vertex 28.8686 11.1314 0
      vertex 29.1111 11.3304 0
    endloop
  endfacet
  facet normal 0.290388 -0.956909 0
    outer loop
      vertex 29.3877 11.4782 0
      vertex 29.6879 11.5693 2
      vertex 29.3877 11.4782 2
    endloop
  endfacet
  facet normal 0.290388 -0.956909 0
    outer loop
      vertex 29.6879 11.5693 2
      vertex 29.3877 11.4782 0
      vertex 29.6879 11.5693 0
    endloop
  endfacet
  facet normal -0.995198 0.0978779 0
    outer loop
      vertex 31.5693 9.68785 0
      vertex 31.6 10 2
      vertex 31.6 10 0
    endloop
  endfacet
  facet normal -0.995198 0.0978779 0
    outer loop
      vertex 31.6 10 2
      vertex 31.5693 9.68785 0
      vertex 31.5693 9.68785 2
    endloop
  endfacet
  facet normal -0.290242 0.956953 0
    outer loop
      vertex 30.6123 8.52179 0
      vertex 30.3121 8.43074 2
      vertex 30.6123 8.52179 2
    endloop
  endfacet
  facet normal -0.290242 0.956953 0
    outer loop
      vertex 30.3121 8.43074 2
      vertex 30.6123 8.52179 0
      vertex 30.3121 8.43074 0
    endloop
  endfacet
  facet normal -0.634327 0.773065 0
    outer loop
      vertex 31.1314 8.86863 0
      vertex 30.8889 8.66965 2
      vertex 31.1314 8.86863 2
    endloop
  endfacet
  facet normal -0.634327 0.773065 0
    outer loop
      vertex 30.8889 8.66965 2
      vertex 31.1314 8.86863 0
      vertex 30.8889 8.66965 0
    endloop
  endfacet
  facet normal 0.471432 0.881902 -0
    outer loop
      vertex 29.3877 8.52179 0
      vertex 29.1111 8.66965 2
      vertex 29.3877 8.52179 2
    endloop
  endfacet
  facet normal 0.471432 0.881902 0
    outer loop
      vertex 29.1111 8.66965 2
      vertex 29.3877 8.52179 0
      vertex 29.1111 8.66965 0
    endloop
  endfacet
  facet normal 0.0980198 0.995184 -0
    outer loop
      vertex 30 8.4 0
      vertex 29.6879 8.43074 2
      vertex 30 8.4 2
    endloop
  endfacet
  facet normal 0.0980198 0.995184 0
    outer loop
      vertex 29.6879 8.43074 2
      vertex 30 8.4 0
      vertex 29.6879 8.43074 0
    endloop
  endfacet
  facet normal 0.772982 0.634428 0
    outer loop
      vertex 28.8686 8.86863 2
      vertex 28.6696 9.11109 0
      vertex 28.6696 9.11109 2
    endloop
  endfacet
  facet normal 0.772982 0.634428 0
    outer loop
      vertex 28.6696 9.11109 0
      vertex 28.8686 8.86863 2
      vertex 28.8686 8.86863 0
    endloop
  endfacet
  facet normal 0.634327 0.773065 -0
    outer loop
      vertex 29.1111 8.66965 0
      vertex 28.8686 8.86863 2
      vertex 29.1111 8.66965 2
    endloop
  endfacet
  facet normal 0.634327 0.773065 0
    outer loop
      vertex 28.8686 8.86863 2
      vertex 29.1111 8.66965 0
      vertex 28.8686 8.86863 0
    endloop
  endfacet
  facet normal 0.956893 0.290441 0
    outer loop
      vertex 28.5218 9.38771 2
      vertex 28.4307 9.68785 0
      vertex 28.4307 9.68785 2
    endloop
  endfacet
  facet normal 0.956893 0.290441 0
    outer loop
      vertex 28.4307 9.68785 0
      vertex 28.5218 9.38771 2
      vertex 28.5218 9.38771 0
    endloop
  endfacet
  facet normal 0.995198 0.0978779 0
    outer loop
      vertex 28.4307 9.68785 2
      vertex 28.4 10 0
      vertex 28.4 10 2
    endloop
  endfacet
  facet normal 0.995198 0.0978779 0
    outer loop
      vertex 28.4 10 0
      vertex 28.4307 9.68785 2
      vertex 28.4307 9.68785 0
    endloop
  endfacet
  facet normal -0.471432 0.881902 0
    outer loop
      vertex 30.8889 8.66965 0
      vertex 30.6123 8.52179 2
      vertex 30.8889 8.66965 2
    endloop
  endfacet
  facet normal -0.471432 0.881902 0
    outer loop
      vertex 30.6123 8.52179 2
      vertex 30.8889 8.66965 0
      vertex 30.6123 8.52179 0
    endloop
  endfacet
  facet normal -0.772982 0.634428 0
    outer loop
      vertex 31.1314 8.86863 0
      vertex 31.3304 9.11109 2
      vertex 31.3304 9.11109 0
    endloop
  endfacet
  facet normal -0.772982 0.634428 0
    outer loop
      vertex 31.3304 9.11109 2
      vertex 31.1314 8.86863 0
      vertex 31.1314 8.86863 2
    endloop
  endfacet
  facet normal -0.956893 0.290441 0
    outer loop
      vertex 31.4782 9.38771 0
      vertex 31.5693 9.68785 2
      vertex 31.5693 9.68785 0
    endloop
  endfacet
  facet normal -0.956893 0.290441 0
    outer loop
      vertex 31.5693 9.68785 2
      vertex 31.4782 9.38771 0
      vertex 31.4782 9.38771 2
    endloop
  endfacet
  facet normal -0.881996 0.471257 0
    outer loop
      vertex 31.3304 9.11109 0
      vertex 31.4782 9.38771 2
      vertex 31.4782 9.38771 0
    endloop
  endfacet
  facet normal -0.881996 0.471257 0
    outer loop
      vertex 31.4782 9.38771 2
      vertex 31.3304 9.11109 0
      vertex 31.3304 9.11109 2
    endloop
  endfacet
  facet normal 0.290242 0.956953 -0
    outer loop
      vertex 29.6879 8.43074 0
      vertex 29.3877 8.52179 2
      vertex 29.6879 8.43074 2
    endloop
  endfacet
  facet normal 0.290242 0.956953 0
    outer loop
      vertex 29.3877 8.52179 2
      vertex 29.6879 8.43074 0
      vertex 29.3877 8.52179 0
    endloop
  endfacet
  facet normal 0.881996 0.471257 0
    outer loop
      vertex 28.6696 9.11109 2
      vertex 28.5218 9.38771 0
      vertex 28.5218 9.38771 2
    endloop
  endfacet
  facet normal 0.881996 0.471257 0
    outer loop
      vertex 28.5218 9.38771 0
      vertex 28.6696 9.11109 2
      vertex 28.6696 9.11109 0
    endloop
  endfacet
  facet normal -0.471283 -0.881982 0
    outer loop
      vertex 40.6123 11.4782 0
      vertex 40.8889 11.3304 2
      vertex 40.6123 11.4782 2
    endloop
  endfacet
  facet normal -0.471283 -0.881982 -0
    outer loop
      vertex 40.8889 11.3304 2
      vertex 40.6123 11.4782 0
      vertex 40.8889 11.3304 0
    endloop
  endfacet
  facet normal 0.995197 -0.0978934 0
    outer loop
      vertex 38.4 10 2
      vertex 38.4307 10.3121 0
      vertex 38.4307 10.3121 2
    endloop
  endfacet
  facet normal 0.995197 -0.0978934 0
    outer loop
      vertex 38.4307 10.3121 0
      vertex 38.4 10 2
      vertex 38.4 10 0
    endloop
  endfacet
  facet normal -0.995198 0.0978779 0
    outer loop
      vertex 41.5693 9.68785 0
      vertex 41.6 10 2
      vertex 41.6 10 0
    endloop
  endfacet
  facet normal -0.995198 0.0978779 0
    outer loop
      vertex 41.6 10 2
      vertex 41.5693 9.68785 0
      vertex 41.5693 9.68785 2
    endloop
  endfacet
  facet normal 0.0980198 0.995184 -0
    outer loop
      vertex 40 8.4 0
      vertex 39.6879 8.43074 2
      vertex 40 8.4 2
    endloop
  endfacet
  facet normal 0.0980198 0.995184 0
    outer loop
      vertex 39.6879 8.43074 2
      vertex 40 8.4 0
      vertex 39.6879 8.43074 0
    endloop
  endfacet
  facet normal 0.471283 -0.881982 0
    outer loop
      vertex 39.1111 11.3304 0
      vertex 39.3877 11.4782 2
      vertex 39.1111 11.3304 2
    endloop
  endfacet
  facet normal 0.471283 -0.881982 0
    outer loop
      vertex 39.3877 11.4782 2
      vertex 39.1111 11.3304 0
      vertex 39.3877 11.4782 0
    endloop
  endfacet
  facet normal 0.956909 -0.290388 0
    outer loop
      vertex 38.4307 10.3121 2
      vertex 38.5218 10.6123 0
      vertex 38.5218 10.6123 2
    endloop
  endfacet
  facet normal 0.956909 -0.290388 0
    outer loop
      vertex 38.5218 10.6123 0
      vertex 38.4307 10.3121 2
      vertex 38.4307 10.3121 0
    endloop
  endfacet
  facet normal -0.881982 -0.471283 0
    outer loop
      vertex 41.4782 10.6123 0
      vertex 41.3304 10.8889 2
      vertex 41.3304 10.8889 0
    endloop
  endfacet
  facet normal -0.881982 -0.471283 0
    outer loop
      vertex 41.3304 10.8889 2
      vertex 41.4782 10.6123 0
      vertex 41.4782 10.6123 2
    endloop
  endfacet
  facet normal -0.773033 -0.634365 0
    outer loop
      vertex 41.3304 10.8889 0
      vertex 41.1314 11.1314 2
      vertex 41.1314 11.1314 0
    endloop
  endfacet
  facet normal -0.773033 -0.634365 0
    outer loop
      vertex 41.1314 11.1314 2
      vertex 41.3304 10.8889 0
      vertex 41.3304 10.8889 2
    endloop
  endfacet
  facet normal -0.634365 -0.773033 0
    outer loop
      vertex 40.8889 11.3304 0
      vertex 41.1314 11.1314 2
      vertex 40.8889 11.3304 2
    endloop
  endfacet
  facet normal -0.634365 -0.773033 -0
    outer loop
      vertex 41.1314 11.1314 2
      vertex 40.8889 11.3304 0
      vertex 41.1314 11.1314 0
    endloop
  endfacet
  facet normal -0.290388 -0.956909 0
    outer loop
      vertex 40.3121 11.5693 0
      vertex 40.6123 11.4782 2
      vertex 40.3121 11.5693 2
    endloop
  endfacet
  facet normal -0.290388 -0.956909 -0
    outer loop
      vertex 40.6123 11.4782 2
      vertex 40.3121 11.5693 0
      vertex 40.6123 11.4782 0
    endloop
  endfacet
  facet normal 0.0978934 -0.995197 0
    outer loop
      vertex 39.6879 11.5693 0
      vertex 40 11.6 2
      vertex 39.6879 11.5693 2
    endloop
  endfacet
  facet normal 0.0978934 -0.995197 0
    outer loop
      vertex 40 11.6 2
      vertex 39.6879 11.5693 0
      vertex 40 11.6 0
    endloop
  endfacet
  facet normal -0.0978934 -0.995197 0
    outer loop
      vertex 40 11.6 0
      vertex 40.3121 11.5693 2
      vertex 40 11.6 2
    endloop
  endfacet
  facet normal -0.0978934 -0.995197 -0
    outer loop
      vertex 40.3121 11.5693 2
      vertex 40 11.6 0
      vertex 40.3121 11.5693 0
    endloop
  endfacet
  facet normal 0.995198 0.0978779 0
    outer loop
      vertex 38.4307 9.68785 2
      vertex 38.4 10 0
      vertex 38.4 10 2
    endloop
  endfacet
  facet normal 0.995198 0.0978779 0
    outer loop
      vertex 38.4 10 0
      vertex 38.4307 9.68785 2
      vertex 38.4307 9.68785 0
    endloop
  endfacet
  facet normal 0.881982 -0.471283 0
    outer loop
      vertex 38.5218 10.6123 2
      vertex 38.6696 10.8889 0
      vertex 38.6696 10.8889 2
    endloop
  endfacet
  facet normal 0.881982 -0.471283 0
    outer loop
      vertex 38.6696 10.8889 0
      vertex 38.5218 10.6123 2
      vertex 38.5218 10.6123 0
    endloop
  endfacet
  facet normal 0.634365 -0.773033 0
    outer loop
      vertex 38.8686 11.1314 0
      vertex 39.1111 11.3304 2
      vertex 38.8686 11.1314 2
    endloop
  endfacet
  facet normal 0.634365 -0.773033 0
    outer loop
      vertex 39.1111 11.3304 2
      vertex 38.8686 11.1314 0
      vertex 39.1111 11.3304 0
    endloop
  endfacet
  facet normal 0.290388 -0.956909 0
    outer loop
      vertex 39.3877 11.4782 0
      vertex 39.6879 11.5693 2
      vertex 39.3877 11.4782 2
    endloop
  endfacet
  facet normal 0.290388 -0.956909 0
    outer loop
      vertex 39.6879 11.5693 2
      vertex 39.3877 11.4782 0
      vertex 39.6879 11.5693 0
    endloop
  endfacet
  facet normal 0.773033 -0.634365 0
    outer loop
      vertex 38.6696 10.8889 2
      vertex 38.8686 11.1314 0
      vertex 38.8686 11.1314 2
    endloop
  endfacet
  facet normal 0.773033 -0.634365 0
    outer loop
      vertex 38.8686 11.1314 0
      vertex 38.6696 10.8889 2
      vertex 38.6696 10.8889 0
    endloop
  endfacet
  facet normal -0.995197 -0.0978934 0
    outer loop
      vertex 41.6 10 0
      vertex 41.5693 10.3121 2
      vertex 41.5693 10.3121 0
    endloop
  endfacet
  facet normal -0.995197 -0.0978934 0
    outer loop
      vertex 41.5693 10.3121 2
      vertex 41.6 10 0
      vertex 41.6 10 2
    endloop
  endfacet
  facet normal -0.290242 0.956953 0
    outer loop
      vertex 40.6123 8.52179 0
      vertex 40.3121 8.43074 2
      vertex 40.6123 8.52179 2
    endloop
  endfacet
  facet normal -0.290242 0.956953 0
    outer loop
      vertex 40.3121 8.43074 2
      vertex 40.6123 8.52179 0
      vertex 40.3121 8.43074 0
    endloop
  endfacet
  facet normal -0.471432 0.881902 0
    outer loop
      vertex 40.8889 8.66965 0
      vertex 40.6123 8.52179 2
      vertex 40.8889 8.66965 2
    endloop
  endfacet
  facet normal -0.471432 0.881902 0
    outer loop
      vertex 40.6123 8.52179 2
      vertex 40.8889 8.66965 0
      vertex 40.6123 8.52179 0
    endloop
  endfacet
  facet normal -0.634327 0.773065 0
    outer loop
      vertex 41.1314 8.86863 0
      vertex 40.8889 8.66965 2
      vertex 41.1314 8.86863 2
    endloop
  endfacet
  facet normal -0.634327 0.773065 0
    outer loop
      vertex 40.8889 8.66965 2
      vertex 41.1314 8.86863 0
      vertex 40.8889 8.66965 0
    endloop
  endfacet
  facet normal -0.881996 0.471257 0
    outer loop
      vertex 41.3304 9.11109 0
      vertex 41.4782 9.38771 2
      vertex 41.4782 9.38771 0
    endloop
  endfacet
  facet normal -0.881996 0.471257 0
    outer loop
      vertex 41.4782 9.38771 2
      vertex 41.3304 9.11109 0
      vertex 41.3304 9.11109 2
    endloop
  endfacet
  facet normal -0.0980198 0.995184 0
    outer loop
      vertex 40.3121 8.43074 0
      vertex 40 8.4 2
      vertex 40.3121 8.43074 2
    endloop
  endfacet
  facet normal -0.0980198 0.995184 0
    outer loop
      vertex 40 8.4 2
      vertex 40.3121 8.43074 0
      vertex 40 8.4 0
    endloop
  endfacet
  facet normal 0.471432 0.881902 -0
    outer loop
      vertex 39.3877 8.52179 0
      vertex 39.1111 8.66965 2
      vertex 39.3877 8.52179 2
    endloop
  endfacet
  facet normal 0.471432 0.881902 0
    outer loop
      vertex 39.1111 8.66965 2
      vertex 39.3877 8.52179 0
      vertex 39.1111 8.66965 0
    endloop
  endfacet
  facet normal 0.772982 0.634428 0
    outer loop
      vertex 38.8686 8.86863 2
      vertex 38.6696 9.11109 0
      vertex 38.6696 9.11109 2
    endloop
  endfacet
  facet normal 0.772982 0.634428 0
    outer loop
      vertex 38.6696 9.11109 0
      vertex 38.8686 8.86863 2
      vertex 38.8686 8.86863 0
    endloop
  endfacet
  facet normal 0.956893 0.290441 0
    outer loop
      vertex 38.5218 9.38771 2
      vertex 38.4307 9.68785 0
      vertex 38.4307 9.68785 2
    endloop
  endfacet
  facet normal 0.956893 0.290441 0
    outer loop
      vertex 38.4307 9.68785 0
      vertex 38.5218 9.38771 2
      vertex 38.5218 9.38771 0
    endloop
  endfacet
  facet normal 0.634327 0.773065 -0
    outer loop
      vertex 39.1111 8.66965 0
      vertex 38.8686 8.86863 2
      vertex 39.1111 8.66965 2
    endloop
  endfacet
  facet normal 0.634327 0.773065 0
    outer loop
      vertex 38.8686 8.86863 2
      vertex 39.1111 8.66965 0
      vertex 38.8686 8.86863 0
    endloop
  endfacet
  facet normal -0.956909 -0.290388 0
    outer loop
      vertex 41.5693 10.3121 0
      vertex 41.4782 10.6123 2
      vertex 41.4782 10.6123 0
    endloop
  endfacet
  facet normal -0.956909 -0.290388 0
    outer loop
      vertex 41.4782 10.6123 2
      vertex 41.5693 10.3121 0
      vertex 41.5693 10.3121 2
    endloop
  endfacet
  facet normal -0.772982 0.634428 0
    outer loop
      vertex 41.1314 8.86863 0
      vertex 41.3304 9.11109 2
      vertex 41.3304 9.11109 0
    endloop
  endfacet
  facet normal -0.772982 0.634428 0
    outer loop
      vertex 41.3304 9.11109 2
      vertex 41.1314 8.86863 0
      vertex 41.1314 8.86863 2
    endloop
  endfacet
  facet normal -0.956893 0.290441 0
    outer loop
      vertex 41.4782 9.38771 0
      vertex 41.5693 9.68785 2
      vertex 41.5693 9.68785 0
    endloop
  endfacet
  facet normal -0.956893 0.290441 0
    outer loop
      vertex 41.5693 9.68785 2
      vertex 41.4782 9.38771 0
      vertex 41.4782 9.38771 2
    endloop
  endfacet
  facet normal 0.290242 0.956953 -0
    outer loop
      vertex 39.6879 8.43074 0
      vertex 39.3877 8.52179 2
      vertex 39.6879 8.43074 2
    endloop
  endfacet
  facet normal 0.290242 0.956953 0
    outer loop
      vertex 39.3877 8.52179 2
      vertex 39.6879 8.43074 0
      vertex 39.3877 8.52179 0
    endloop
  endfacet
  facet normal 0.881996 0.471257 0
    outer loop
      vertex 38.6696 9.11109 2
      vertex 38.5218 9.38771 0
      vertex 38.5218 9.38771 2
    endloop
  endfacet
  facet normal 0.881996 0.471257 0
    outer loop
      vertex 38.5218 9.38771 0
      vertex 38.6696 9.11109 2
      vertex 38.6696 9.11109 0
    endloop
  endfacet
  facet normal -0.995197 -0.0978934 0
    outer loop
      vertex 51.6 10 0
      vertex 51.5693 10.3121 2
      vertex 51.5693 10.3121 0
    endloop
  endfacet
  facet normal -0.995197 -0.0978934 0
    outer loop
      vertex 51.5693 10.3121 2
      vertex 51.6 10 0
      vertex 51.6 10 2
    endloop
  endfacet
  facet normal 0.0978934 -0.995197 0
    outer loop
      vertex 49.6879 11.5693 0
      vertex 50 11.6 2
      vertex 49.6879 11.5693 2
    endloop
  endfacet
  facet normal 0.0978934 -0.995197 0
    outer loop
      vertex 50 11.6 2
      vertex 49.6879 11.5693 0
      vertex 50 11.6 0
    endloop
  endfacet
  facet normal -0.0980198 0.995184 0
    outer loop
      vertex 50.3121 8.43074 0
      vertex 50 8.4 2
      vertex 50.3121 8.43074 2
    endloop
  endfacet
  facet normal -0.0980198 0.995184 0
    outer loop
      vertex 50 8.4 2
      vertex 50.3121 8.43074 0
      vertex 50 8.4 0
    endloop
  endfacet
  facet normal -0.634365 -0.773033 0
    outer loop
      vertex 50.8889 11.3304 0
      vertex 51.1314 11.1314 2
      vertex 50.8889 11.3304 2
    endloop
  endfacet
  facet normal -0.634365 -0.773033 -0
    outer loop
      vertex 51.1314 11.1314 2
      vertex 50.8889 11.3304 0
      vertex 51.1314 11.1314 0
    endloop
  endfacet
  facet normal 0.773033 -0.634365 0
    outer loop
      vertex 48.6696 10.8889 2
      vertex 48.8686 11.1314 0
      vertex 48.8686 11.1314 2
    endloop
  endfacet
  facet normal 0.773033 -0.634365 0
    outer loop
      vertex 48.8686 11.1314 0
      vertex 48.6696 10.8889 2
      vertex 48.6696 10.8889 0
    endloop
  endfacet
  facet normal 0.471283 -0.881982 0
    outer loop
      vertex 49.1111 11.3304 0
      vertex 49.3877 11.4782 2
      vertex 49.1111 11.3304 2
    endloop
  endfacet
  facet normal 0.471283 -0.881982 0
    outer loop
      vertex 49.3877 11.4782 2
      vertex 49.1111 11.3304 0
      vertex 49.3877 11.4782 0
    endloop
  endfacet
  facet normal -0.881982 -0.471283 0
    outer loop
      vertex 51.4782 10.6123 0
      vertex 51.3304 10.8889 2
      vertex 51.3304 10.8889 0
    endloop
  endfacet
  facet normal -0.881982 -0.471283 0
    outer loop
      vertex 51.3304 10.8889 2
      vertex 51.4782 10.6123 0
      vertex 51.4782 10.6123 2
    endloop
  endfacet
  facet normal -0.956909 -0.290388 0
    outer loop
      vertex 51.5693 10.3121 0
      vertex 51.4782 10.6123 2
      vertex 51.4782 10.6123 0
    endloop
  endfacet
  facet normal -0.956909 -0.290388 0
    outer loop
      vertex 51.4782 10.6123 2
      vertex 51.5693 10.3121 0
      vertex 51.5693 10.3121 2
    endloop
  endfacet
  facet normal -0.773033 -0.634365 0
    outer loop
      vertex 51.3304 10.8889 0
      vertex 51.1314 11.1314 2
      vertex 51.1314 11.1314 0
    endloop
  endfacet
  facet normal -0.773033 -0.634365 0
    outer loop
      vertex 51.1314 11.1314 2
      vertex 51.3304 10.8889 0
      vertex 51.3304 10.8889 2
    endloop
  endfacet
  facet normal -0.290388 -0.956909 0
    outer loop
      vertex 50.3121 11.5693 0
      vertex 50.6123 11.4782 2
      vertex 50.3121 11.5693 2
    endloop
  endfacet
  facet normal -0.290388 -0.956909 -0
    outer loop
      vertex 50.6123 11.4782 2
      vertex 50.3121 11.5693 0
      vertex 50.6123 11.4782 0
    endloop
  endfacet
  facet normal -0.0978934 -0.995197 0
    outer loop
      vertex 50 11.6 0
      vertex 50.3121 11.5693 2
      vertex 50 11.6 2
    endloop
  endfacet
  facet normal -0.0978934 -0.995197 -0
    outer loop
      vertex 50.3121 11.5693 2
      vertex 50 11.6 0
      vertex 50.3121 11.5693 0
    endloop
  endfacet
  facet normal -0.471283 -0.881982 0
    outer loop
      vertex 50.6123 11.4782 0
      vertex 50.8889 11.3304 2
      vertex 50.6123 11.4782 2
    endloop
  endfacet
  facet normal -0.471283 -0.881982 -0
    outer loop
      vertex 50.8889 11.3304 2
      vertex 50.6123 11.4782 0
      vertex 50.8889 11.3304 0
    endloop
  endfacet
  facet normal 0.956909 -0.290388 0
    outer loop
      vertex 48.4307 10.3121 2
      vertex 48.5218 10.6123 0
      vertex 48.5218 10.6123 2
    endloop
  endfacet
  facet normal 0.956909 -0.290388 0
    outer loop
      vertex 48.5218 10.6123 0
      vertex 48.4307 10.3121 2
      vertex 48.4307 10.3121 0
    endloop
  endfacet
  facet normal 0.881982 -0.471283 0
    outer loop
      vertex 48.5218 10.6123 2
      vertex 48.6696 10.8889 0
      vertex 48.6696 10.8889 2
    endloop
  endfacet
  facet normal 0.881982 -0.471283 0
    outer loop
      vertex 48.6696 10.8889 0
      vertex 48.5218 10.6123 2
      vertex 48.5218 10.6123 0
    endloop
  endfacet
  facet normal 0.995197 -0.0978934 0
    outer loop
      vertex 48.4 10 2
      vertex 48.4307 10.3121 0
      vertex 48.4307 10.3121 2
    endloop
  endfacet
  facet normal 0.995197 -0.0978934 0
    outer loop
      vertex 48.4307 10.3121 0
      vertex 48.4 10 2
      vertex 48.4 10 0
    endloop
  endfacet
  facet normal 0.634365 -0.773033 0
    outer loop
      vertex 48.8686 11.1314 0
      vertex 49.1111 11.3304 2
      vertex 48.8686 11.1314 2
    endloop
  endfacet
  facet normal 0.634365 -0.773033 0
    outer loop
      vertex 49.1111 11.3304 2
      vertex 48.8686 11.1314 0
      vertex 49.1111 11.3304 0
    endloop
  endfacet
  facet normal 0.290388 -0.956909 0
    outer loop
      vertex 49.3877 11.4782 0
      vertex 49.6879 11.5693 2
      vertex 49.3877 11.4782 2
    endloop
  endfacet
  facet normal 0.290388 -0.956909 0
    outer loop
      vertex 49.6879 11.5693 2
      vertex 49.3877 11.4782 0
      vertex 49.6879 11.5693 0
    endloop
  endfacet
  facet normal -0.290242 0.956953 0
    outer loop
      vertex 50.6123 8.52179 0
      vertex 50.3121 8.43074 2
      vertex 50.6123 8.52179 2
    endloop
  endfacet
  facet normal -0.290242 0.956953 0
    outer loop
      vertex 50.3121 8.43074 2
      vertex 50.6123 8.52179 0
      vertex 50.3121 8.43074 0
    endloop
  endfacet
  facet normal -0.634327 0.773065 0
    outer loop
      vertex 51.1314 8.86863 0
      vertex 50.8889 8.66965 2
      vertex 51.1314 8.86863 2
    endloop
  endfacet
  facet normal -0.634327 0.773065 0
    outer loop
      vertex 50.8889 8.66965 2
      vertex 51.1314 8.86863 0
      vertex 50.8889 8.66965 0
    endloop
  endfacet
  facet normal 0.471432 0.881902 -0
    outer loop
      vertex 49.3877 8.52179 0
      vertex 49.1111 8.66965 2
      vertex 49.3877 8.52179 2
    endloop
  endfacet
  facet normal 0.471432 0.881902 0
    outer loop
      vertex 49.1111 8.66965 2
      vertex 49.3877 8.52179 0
      vertex 49.1111 8.66965 0
    endloop
  endfacet
  facet normal 0.0980198 0.995184 -0
    outer loop
      vertex 50 8.4 0
      vertex 49.6879 8.43074 2
      vertex 50 8.4 2
    endloop
  endfacet
  facet normal 0.0980198 0.995184 0
    outer loop
      vertex 49.6879 8.43074 2
      vertex 50 8.4 0
      vertex 49.6879 8.43074 0
    endloop
  endfacet
  facet normal 0.772982 0.634428 0
    outer loop
      vertex 48.8686 8.86863 2
      vertex 48.6696 9.11109 0
      vertex 48.6696 9.11109 2
    endloop
  endfacet
  facet normal 0.772982 0.634428 0
    outer loop
      vertex 48.6696 9.11109 0
      vertex 48.8686 8.86863 2
      vertex 48.8686 8.86863 0
    endloop
  endfacet
  facet normal 0.956893 0.290441 0
    outer loop
      vertex 48.5218 9.38771 2
      vertex 48.4307 9.68785 0
      vertex 48.4307 9.68785 2
    endloop
  endfacet
  facet normal 0.956893 0.290441 0
    outer loop
      vertex 48.4307 9.68785 0
      vertex 48.5218 9.38771 2
      vertex 48.5218 9.38771 0
    endloop
  endfacet
  facet normal 0.995198 0.0978779 0
    outer loop
      vertex 48.4307 9.68785 2
      vertex 48.4 10 0
      vertex 48.4 10 2
    endloop
  endfacet
  facet normal 0.995198 0.0978779 0
    outer loop
      vertex 48.4 10 0
      vertex 48.4307 9.68785 2
      vertex 48.4307 9.68785 0
    endloop
  endfacet
  facet normal -0.471432 0.881902 0
    outer loop
      vertex 50.8889 8.66965 0
      vertex 50.6123 8.52179 2
      vertex 50.8889 8.66965 2
    endloop
  endfacet
  facet normal -0.471432 0.881902 0
    outer loop
      vertex 50.6123 8.52179 2
      vertex 50.8889 8.66965 0
      vertex 50.6123 8.52179 0
    endloop
  endfacet
  facet normal -0.772982 0.634428 0
    outer loop
      vertex 51.1314 8.86863 0
      vertex 51.3304 9.11109 2
      vertex 51.3304 9.11109 0
    endloop
  endfacet
  facet normal -0.772982 0.634428 0
    outer loop
      vertex 51.3304 9.11109 2
      vertex 51.1314 8.86863 0
      vertex 51.1314 8.86863 2
    endloop
  endfacet
  facet normal -0.956893 0.290441 0
    outer loop
      vertex 51.4782 9.38771 0
      vertex 51.5693 9.68785 2
      vertex 51.5693 9.68785 0
    endloop
  endfacet
  facet normal -0.956893 0.290441 0
    outer loop
      vertex 51.5693 9.68785 2
      vertex 51.4782 9.38771 0
      vertex 51.4782 9.38771 2
    endloop
  endfacet
  facet normal -0.881996 0.471257 0
    outer loop
      vertex 51.3304 9.11109 0
      vertex 51.4782 9.38771 2
      vertex 51.4782 9.38771 0
    endloop
  endfacet
  facet normal -0.881996 0.471257 0
    outer loop
      vertex 51.4782 9.38771 2
      vertex 51.3304 9.11109 0
      vertex 51.3304 9.11109 2
    endloop
  endfacet
  facet normal -0.995198 0.0978779 0
    outer loop
      vertex 51.5693 9.68785 0
      vertex 51.6 10 2
      vertex 51.6 10 0
    endloop
  endfacet
  facet normal -0.995198 0.0978779 0
    outer loop
      vertex 51.6 10 2
      vertex 51.5693 9.68785 0
      vertex 51.5693 9.68785 2
    endloop
  endfacet
  facet normal 0.290242 0.956953 -0
    outer loop
      vertex 49.6879 8.43074 0
      vertex 49.3877 8.52179 2
      vertex 49.6879 8.43074 2
    endloop
  endfacet
  facet normal 0.290242 0.956953 0
    outer loop
      vertex 49.3877 8.52179 2
      vertex 49.6879 8.43074 0
      vertex 49.3877 8.52179 0
    endloop
  endfacet
  facet normal 0.634327 0.773065 -0
    outer loop
      vertex 49.1111 8.66965 0
      vertex 48.8686 8.86863 2
      vertex 49.1111 8.66965 2
    endloop
  endfacet
  facet normal 0.634327 0.773065 0
    outer loop
      vertex 48.8686 8.86863 2
      vertex 49.1111 8.66965 0
      vertex 48.8686 8.86863 0
    endloop
  endfacet
  facet normal 0.881996 0.471257 0
    outer loop
      vertex 48.6696 9.11109 2
      vertex 48.5218 9.38771 0
      vertex 48.5218 9.38771 2
    endloop
  endfacet
  facet normal 0.881996 0.471257 0
    outer loop
      vertex 48.5218 9.38771 0
      vertex 48.6696 9.11109 2
      vertex 48.6696 9.11109 0
    endloop
  endfacet
  facet normal -0.471283 -0.881982 0
    outer loop
      vertex 60.6123 11.4782 0
      vertex 60.8889 11.3304 2
      vertex 60.6123 11.4782 2
    endloop
  endfacet
  facet normal -0.471283 -0.881982 -0
    outer loop
      vertex 60.8889 11.3304 2
      vertex 60.6123 11.4782 0
      vertex 60.8889 11.3304 0
    endloop
  endfacet
  facet normal 0.995197 -0.0978934 0
    outer loop
      vertex 58.4 10 2
      vertex 58.4307 10.3121 0
      vertex 58.4307 10.3121 2
    endloop
  endfacet
  facet normal 0.995197 -0.0978934 0
    outer loop
      vertex 58.4307 10.3121 0
      vertex 58.4 10 2
      vertex 58.4 10 0
    endloop
  endfacet
  facet normal -0.995198 0.0978779 0
    outer loop
      vertex 61.5693 9.68785 0
      vertex 61.6 10 2
      vertex 61.6 10 0
    endloop
  endfacet
  facet normal -0.995198 0.0978779 0
    outer loop
      vertex 61.6 10 2
      vertex 61.5693 9.68785 0
      vertex 61.5693 9.68785 2
    endloop
  endfacet
  facet normal 0.0980198 0.995184 -0
    outer loop
      vertex 60 8.4 0
      vertex 59.6879 8.43074 2
      vertex 60 8.4 2
    endloop
  endfacet
  facet normal 0.0980198 0.995184 0
    outer loop
      vertex 59.6879 8.43074 2
      vertex 60 8.4 0
      vertex 59.6879 8.43074 0
    endloop
  endfacet
  facet normal 0.471283 -0.881982 0
    outer loop
      vertex 59.1111 11.3304 0
      vertex 59.3877 11.4782 2
      vertex 59.1111 11.3304 2
    endloop
  endfacet
  facet normal 0.471283 -0.881982 0
    outer loop
      vertex 59.3877 11.4782 2
      vertex 59.1111 11.3304 0
      vertex 59.3877 11.4782 0
    endloop
  endfacet
  facet normal 0.956909 -0.290388 0
    outer loop
      vertex 58.4307 10.3121 2
      vertex 58.5218 10.6123 0
      vertex 58.5218 10.6123 2
    endloop
  endfacet
  facet normal 0.956909 -0.290388 0
    outer loop
      vertex 58.5218 10.6123 0
      vertex 58.4307 10.3121 2
      vertex 58.4307 10.3121 0
    endloop
  endfacet
  facet normal -0.956909 -0.290388 0
    outer loop
      vertex 61.5693 10.3121 0
      vertex 61.4782 10.6123 2
      vertex 61.4782 10.6123 0
    endloop
  endfacet
  facet normal -0.956909 -0.290388 0
    outer loop
      vertex 61.4782 10.6123 2
      vertex 61.5693 10.3121 0
      vertex 61.5693 10.3121 2
    endloop
  endfacet
  facet normal -0.881982 -0.471283 0
    outer loop
      vertex 61.4782 10.6123 0
      vertex 61.3304 10.8889 2
      vertex 61.3304 10.8889 0
    endloop
  endfacet
  facet normal -0.881982 -0.471283 0
    outer loop
      vertex 61.3304 10.8889 2
      vertex 61.4782 10.6123 0
      vertex 61.4782 10.6123 2
    endloop
  endfacet
  facet normal -0.773033 -0.634365 0
    outer loop
      vertex 61.3304 10.8889 0
      vertex 61.1314 11.1314 2
      vertex 61.1314 11.1314 0
    endloop
  endfacet
  facet normal -0.773033 -0.634365 0
    outer loop
      vertex 61.1314 11.1314 2
      vertex 61.3304 10.8889 0
      vertex 61.3304 10.8889 2
    endloop
  endfacet
  facet normal -0.634365 -0.773033 0
    outer loop
      vertex 60.8889 11.3304 0
      vertex 61.1314 11.1314 2
      vertex 60.8889 11.3304 2
    endloop
  endfacet
  facet normal -0.634365 -0.773033 -0
    outer loop
      vertex 61.1314 11.1314 2
      vertex 60.8889 11.3304 0
      vertex 61.1314 11.1314 0
    endloop
  endfacet
  facet normal -0.290388 -0.956909 0
    outer loop
      vertex 60.3121 11.5693 0
      vertex 60.6123 11.4782 2
      vertex 60.3121 11.5693 2
    endloop
  endfacet
  facet normal -0.290388 -0.956909 -0
    outer loop
      vertex 60.6123 11.4782 2
      vertex 60.3121 11.5693 0
      vertex 60.6123 11.4782 0
    endloop
  endfacet
  facet normal 0.0978934 -0.995197 0
    outer loop
      vertex 59.6879 11.5693 0
      vertex 60 11.6 2
      vertex 59.6879 11.5693 2
    endloop
  endfacet
  facet normal 0.0978934 -0.995197 0
    outer loop
      vertex 60 11.6 2
      vertex 59.6879 11.5693 0
      vertex 60 11.6 0
    endloop
  endfacet
  facet normal -0.0978934 -0.995197 0
    outer loop
      vertex 60 11.6 0
      vertex 60.3121 11.5693 2
      vertex 60 11.6 2
    endloop
  endfacet
  facet normal -0.0978934 -0.995197 -0
    outer loop
      vertex 60.3121 11.5693 2
      vertex 60 11.6 0
      vertex 60.3121 11.5693 0
    endloop
  endfacet
  facet normal 0.995198 0.0978779 0
    outer loop
      vertex 58.4307 9.68785 2
      vertex 58.4 10 0
      vertex 58.4 10 2
    endloop
  endfacet
  facet normal 0.995198 0.0978779 0
    outer loop
      vertex 58.4 10 0
      vertex 58.4307 9.68785 2
      vertex 58.4307 9.68785 0
    endloop
  endfacet
  facet normal 0.881982 -0.471283 0
    outer loop
      vertex 58.5218 10.6123 2
      vertex 58.6696 10.8889 0
      vertex 58.6696 10.8889 2
    endloop
  endfacet
  facet normal 0.881982 -0.471283 0
    outer loop
      vertex 58.6696 10.8889 0
      vertex 58.5218 10.6123 2
      vertex 58.5218 10.6123 0
    endloop
  endfacet
  facet normal 0.634365 -0.773033 0
    outer loop
      vertex 58.8686 11.1314 0
      vertex 59.1111 11.3304 2
      vertex 58.8686 11.1314 2
    endloop
  endfacet
  facet normal 0.634365 -0.773033 0
    outer loop
      vertex 59.1111 11.3304 2
      vertex 58.8686 11.1314 0
      vertex 59.1111 11.3304 0
    endloop
  endfacet
  facet normal 0.290388 -0.956909 0
    outer loop
      vertex 59.3877 11.4782 0
      vertex 59.6879 11.5693 2
      vertex 59.3877 11.4782 2
    endloop
  endfacet
  facet normal 0.290388 -0.956909 0
    outer loop
      vertex 59.6879 11.5693 2
      vertex 59.3877 11.4782 0
      vertex 59.6879 11.5693 0
    endloop
  endfacet
  facet normal 0.773033 -0.634365 0
    outer loop
      vertex 58.6696 10.8889 2
      vertex 58.8686 11.1314 0
      vertex 58.8686 11.1314 2
    endloop
  endfacet
  facet normal 0.773033 -0.634365 0
    outer loop
      vertex 58.8686 11.1314 0
      vertex 58.6696 10.8889 2
      vertex 58.6696 10.8889 0
    endloop
  endfacet
  facet normal -0.995197 -0.0978934 0
    outer loop
      vertex 61.6 10 0
      vertex 61.5693 10.3121 2
      vertex 61.5693 10.3121 0
    endloop
  endfacet
  facet normal -0.995197 -0.0978934 0
    outer loop
      vertex 61.5693 10.3121 2
      vertex 61.6 10 0
      vertex 61.6 10 2
    endloop
  endfacet
  facet normal -0.290242 0.956953 0
    outer loop
      vertex 60.6123 8.52179 0
      vertex 60.3121 8.43074 2
      vertex 60.6123 8.52179 2
    endloop
  endfacet
  facet normal -0.290242 0.956953 0
    outer loop
      vertex 60.3121 8.43074 2
      vertex 60.6123 8.52179 0
      vertex 60.3121 8.43074 0
    endloop
  endfacet
  facet normal -0.471432 0.881902 0
    outer loop
      vertex 60.8889 8.66965 0
      vertex 60.6123 8.52179 2
      vertex 60.8889 8.66965 2
    endloop
  endfacet
  facet normal -0.471432 0.881902 0
    outer loop
      vertex 60.6123 8.52179 2
      vertex 60.8889 8.66965 0
      vertex 60.6123 8.52179 0
    endloop
  endfacet
  facet normal -0.634327 0.773065 0
    outer loop
      vertex 61.1314 8.86863 0
      vertex 60.8889 8.66965 2
      vertex 61.1314 8.86863 2
    endloop
  endfacet
  facet normal -0.634327 0.773065 0
    outer loop
      vertex 60.8889 8.66965 2
      vertex 61.1314 8.86863 0
      vertex 60.8889 8.66965 0
    endloop
  endfacet
  facet normal -0.881996 0.471257 0
    outer loop
      vertex 61.3304 9.11109 0
      vertex 61.4782 9.38771 2
      vertex 61.4782 9.38771 0
    endloop
  endfacet
  facet normal -0.881996 0.471257 0
    outer loop
      vertex 61.4782 9.38771 2
      vertex 61.3304 9.11109 0
      vertex 61.3304 9.11109 2
    endloop
  endfacet
  facet normal -0.0980198 0.995184 0
    outer loop
      vertex 60.3121 8.43074 0
      vertex 60 8.4 2
      vertex 60.3121 8.43074 2
    endloop
  endfacet
  facet normal -0.0980198 0.995184 0
    outer loop
      vertex 60 8.4 2
      vertex 60.3121 8.43074 0
      vertex 60 8.4 0
    endloop
  endfacet
  facet normal 0.471432 0.881902 -0
    outer loop
      vertex 59.3877 8.52179 0
      vertex 59.1111 8.66965 2
      vertex 59.3877 8.52179 2
    endloop
  endfacet
  facet normal 0.471432 0.881902 0
    outer loop
      vertex 59.1111 8.66965 2
      vertex 59.3877 8.52179 0
      vertex 59.1111 8.66965 0
    endloop
  endfacet
  facet normal 0.772982 0.634428 0
    outer loop
      vertex 58.8686 8.86863 2
      vertex 58.6696 9.11109 0
      vertex 58.6696 9.11109 2
    endloop
  endfacet
  facet normal 0.772982 0.634428 0
    outer loop
      vertex 58.6696 9.11109 0
      vertex 58.8686 8.86863 2
      vertex 58.8686 8.86863 0
    endloop
  endfacet
  facet normal 0.956893 0.290441 0
    outer loop
      vertex 58.5218 9.38771 2
      vertex 58.4307 9.68785 0
      vertex 58.4307 9.68785 2
    endloop
  endfacet
  facet normal 0.956893 0.290441 0
    outer loop
      vertex 58.4307 9.68785 0
      vertex 58.5218 9.38771 2
      vertex 58.5218 9.38771 0
    endloop
  endfacet
  facet normal -0.772982 0.634428 0
    outer loop
      vertex 61.1314 8.86863 0
      vertex 61.3304 9.11109 2
      vertex 61.3304 9.11109 0
    endloop
  endfacet
  facet normal -0.772982 0.634428 0
    outer loop
      vertex 61.3304 9.11109 2
      vertex 61.1314 8.86863 0
      vertex 61.1314 8.86863 2
    endloop
  endfacet
  facet normal -0.956893 0.290441 0
    outer loop
      vertex 61.4782 9.38771 0
      vertex 61.5693 9.68785 2
      vertex 61.5693 9.68785 0
    endloop
  endfacet
  facet normal -0.956893 0.290441 0
    outer loop
      vertex 61.5693 9.68785 2
      vertex 61.4782 9.38771 0
      vertex 61.4782 9.38771 2
    endloop
  endfacet
  facet normal 0.290242 0.956953 -0
    outer loop
      vertex 59.6879 8.43074 0
      vertex 59.3877 8.52179 2
      vertex 59.6879 8.43074 2
    endloop
  endfacet
  facet normal 0.290242 0.956953 0
    outer loop
      vertex 59.3877 8.52179 2
      vertex 59.6879 8.43074 0
      vertex 59.3877 8.52179 0
    endloop
  endfacet
  facet normal 0.881996 0.471257 0
    outer loop
      vertex 58.6696 9.11109 2
      vertex 58.5218 9.38771 0
      vertex 58.5218 9.38771 2
    endloop
  endfacet
  facet normal 0.881996 0.471257 0
    outer loop
      vertex 58.5218 9.38771 0
      vertex 58.6696 9.11109 2
      vertex 58.6696 9.11109 0
    endloop
  endfacet
  facet normal 0.634327 0.773065 -0
    outer loop
      vertex 59.1111 8.66965 0
      vertex 58.8686 8.86863 2
      vertex 59.1111 8.66965 2
    endloop
  endfacet
  facet normal 0.634327 0.773065 0
    outer loop
      vertex 58.8686 8.86863 2
      vertex 59.1111 8.66965 0
      vertex 58.8686 8.86863 0
    endloop
  endfacet
  facet normal -0.471283 -0.881982 0
    outer loop
      vertex 70.6123 11.4782 0
      vertex 70.8889 11.3304 2
      vertex 70.6123 11.4782 2
    endloop
  endfacet
  facet normal -0.471283 -0.881982 -0
    outer loop
      vertex 70.8889 11.3304 2
      vertex 70.6123 11.4782 0
      vertex 70.8889 11.3304 0
    endloop
  endfacet
  facet normal -0.995198 0.0978779 0
    outer loop
      vertex 71.5693 9.68785 0
      vertex 71.6 10 2
      vertex 71.6 10 0
    endloop
  endfacet
  facet normal -0.995198 0.0978779 0
    outer loop
      vertex 71.6 10 2
      vertex 71.5693 9.68785 0
      vertex 71.5693 9.68785 2
    endloop
  endfacet
  facet normal 0.0980198 0.995184 -0
    outer loop
      vertex 70 8.4 0
      vertex 69.6879 8.43074 2
      vertex 70 8.4 2
    endloop
  endfacet
  facet normal 0.0980198 0.995184 0
    outer loop
      vertex 69.6879 8.43074 2
      vertex 70 8.4 0
      vertex 69.6879 8.43074 0
    endloop
  endfacet
  facet normal 0.471283 -0.881982 0
    outer loop
      vertex 69.1111 11.3304 0
      vertex 69.3877 11.4782 2
      vertex 69.1111 11.3304 2
    endloop
  endfacet
  facet normal 0.471283 -0.881982 0
    outer loop
      vertex 69.3877 11.4782 2
      vertex 69.1111 11.3304 0
      vertex 69.3877 11.4782 0
    endloop
  endfacet
  facet normal 0.956909 -0.290388 0
    outer loop
      vertex 68.4307 10.3121 2
      vertex 68.5218 10.6123 0
      vertex 68.5218 10.6123 2
    endloop
  endfacet
  facet normal 0.956909 -0.290388 0
    outer loop
      vertex 68.5218 10.6123 0
      vertex 68.4307 10.3121 2
      vertex 68.4307 10.3121 0
    endloop
  endfacet
  facet normal -0.956909 -0.290388 0
    outer loop
      vertex 71.5693 10.3121 0
      vertex 71.4782 10.6123 2
      vertex 71.4782 10.6123 0
    endloop
  endfacet
  facet normal -0.956909 -0.290388 0
    outer loop
      vertex 71.4782 10.6123 2
      vertex 71.5693 10.3121 0
      vertex 71.5693 10.3121 2
    endloop
  endfacet
  facet normal -0.881982 -0.471283 0
    outer loop
      vertex 71.4782 10.6123 0
      vertex 71.3304 10.8889 2
      vertex 71.3304 10.8889 0
    endloop
  endfacet
  facet normal -0.881982 -0.471283 0
    outer loop
      vertex 71.3304 10.8889 2
      vertex 71.4782 10.6123 0
      vertex 71.4782 10.6123 2
    endloop
  endfacet
  facet normal -0.773033 -0.634365 0
    outer loop
      vertex 71.3304 10.8889 0
      vertex 71.1314 11.1314 2
      vertex 71.1314 11.1314 0
    endloop
  endfacet
  facet normal -0.773033 -0.634365 0
    outer loop
      vertex 71.1314 11.1314 2
      vertex 71.3304 10.8889 0
      vertex 71.3304 10.8889 2
    endloop
  endfacet
  facet normal -0.634365 -0.773033 0
    outer loop
      vertex 70.8889 11.3304 0
      vertex 71.1314 11.1314 2
      vertex 70.8889 11.3304 2
    endloop
  endfacet
  facet normal -0.634365 -0.773033 -0
    outer loop
      vertex 71.1314 11.1314 2
      vertex 70.8889 11.3304 0
      vertex 71.1314 11.1314 0
    endloop
  endfacet
  facet normal -0.290388 -0.956909 0
    outer loop
      vertex 70.3121 11.5693 0
      vertex 70.6123 11.4782 2
      vertex 70.3121 11.5693 2
    endloop
  endfacet
  facet normal -0.290388 -0.956909 -0
    outer loop
      vertex 70.6123 11.4782 2
      vertex 70.3121 11.5693 0
      vertex 70.6123 11.4782 0
    endloop
  endfacet
  facet normal 0.0978934 -0.995197 0
    outer loop
      vertex 69.6879 11.5693 0
      vertex 70 11.6 2
      vertex 69.6879 11.5693 2
    endloop
  endfacet
  facet normal 0.0978934 -0.995197 0
    outer loop
      vertex 70 11.6 2
      vertex 69.6879 11.5693 0
      vertex 70 11.6 0
    endloop
  endfacet
  facet normal 0.995198 0.0978779 0
    outer loop
      vertex 68.4307 9.68785 2
      vertex 68.4 10 0
      vertex 68.4 10 2
    endloop
  endfacet
  facet normal 0.995198 0.0978779 0
    outer loop
      vertex 68.4 10 0
      vertex 68.4307 9.68785 2
      vertex 68.4307 9.68785 0
    endloop
  endfacet
  facet normal 0.881982 -0.471283 0
    outer loop
      vertex 68.5218 10.6123 2
      vertex 68.6696 10.8889 0
      vertex 68.6696 10.8889 2
    endloop
  endfacet
  facet normal 0.881982 -0.471283 0
    outer loop
      vertex 68.6696 10.8889 0
      vertex 68.5218 10.6123 2
      vertex 68.5218 10.6123 0
    endloop
  endfacet
  facet normal 0.634365 -0.773033 0
    outer loop
      vertex 68.8686 11.1314 0
      vertex 69.1111 11.3304 2
      vertex 68.8686 11.1314 2
    endloop
  endfacet
  facet normal 0.634365 -0.773033 0
    outer loop
      vertex 69.1111 11.3304 2
      vertex 68.8686 11.1314 0
      vertex 69.1111 11.3304 0
    endloop
  endfacet
  facet normal 0.290388 -0.956909 0
    outer loop
      vertex 69.3877 11.4782 0
      vertex 69.6879 11.5693 2
      vertex 69.3877 11.4782 2
    endloop
  endfacet
  facet normal 0.290388 -0.956909 0
    outer loop
      vertex 69.6879 11.5693 2
      vertex 69.3877 11.4782 0
      vertex 69.6879 11.5693 0
    endloop
  endfacet
  facet normal 0.773033 -0.634365 0
    outer loop
      vertex 68.6696 10.8889 2
      vertex 68.8686 11.1314 0
      vertex 68.8686 11.1314 2
    endloop
  endfacet
  facet normal 0.773033 -0.634365 0
    outer loop
      vertex 68.8686 11.1314 0
      vertex 68.6696 10.8889 2
      vertex 68.6696 10.8889 0
    endloop
  endfacet
  facet normal -0.995197 -0.0978934 0
    outer loop
      vertex 71.6 10 0
      vertex 71.5693 10.3121 2
      vertex 71.5693 10.3121 0
    endloop
  endfacet
  facet normal -0.995197 -0.0978934 0
    outer loop
      vertex 71.5693 10.3121 2
      vertex 71.6 10 0
      vertex 71.6 10 2
    endloop
  endfacet
  facet normal -0.290242 0.956953 0
    outer loop
      vertex 70.6123 8.52179 0
      vertex 70.3121 8.43074 2
      vertex 70.6123 8.52179 2
    endloop
  endfacet
  facet normal -0.290242 0.956953 0
    outer loop
      vertex 70.3121 8.43074 2
      vertex 70.6123 8.52179 0
      vertex 70.3121 8.43074 0
    endloop
  endfacet
  facet normal -0.471432 0.881902 0
    outer loop
      vertex 70.8889 8.66965 0
      vertex 70.6123 8.52179 2
      vertex 70.8889 8.66965 2
    endloop
  endfacet
  facet normal -0.471432 0.881902 0
    outer loop
      vertex 70.6123 8.52179 2
      vertex 70.8889 8.66965 0
      vertex 70.6123 8.52179 0
    endloop
  endfacet
  facet normal -0.634327 0.773065 0
    outer loop
      vertex 71.1314 8.86863 0
      vertex 70.8889 8.66965 2
      vertex 71.1314 8.86863 2
    endloop
  endfacet
  facet normal -0.634327 0.773065 0
    outer loop
      vertex 70.8889 8.66965 2
      vertex 71.1314 8.86863 0
      vertex 70.8889 8.66965 0
    endloop
  endfacet
  facet normal -0.881996 0.471257 0
    outer loop
      vertex 71.3304 9.11109 0
      vertex 71.4782 9.38771 2
      vertex 71.4782 9.38771 0
    endloop
  endfacet
  facet normal -0.881996 0.471257 0
    outer loop
      vertex 71.4782 9.38771 2
      vertex 71.3304 9.11109 0
      vertex 71.3304 9.11109 2
    endloop
  endfacet
  facet normal -0.0980198 0.995184 0
    outer loop
      vertex 70.3121 8.43074 0
      vertex 70 8.4 2
      vertex 70.3121 8.43074 2
    endloop
  endfacet
  facet normal -0.0980198 0.995184 0
    outer loop
      vertex 70 8.4 2
      vertex 70.3121 8.43074 0
      vertex 70 8.4 0
    endloop
  endfacet
  facet normal 0.471432 0.881902 -0
    outer loop
      vertex 69.3877 8.52179 0
      vertex 69.1111 8.66965 2
      vertex 69.3877 8.52179 2
    endloop
  endfacet
  facet normal 0.471432 0.881902 0
    outer loop
      vertex 69.1111 8.66965 2
      vertex 69.3877 8.52179 0
      vertex 69.1111 8.66965 0
    endloop
  endfacet
  facet normal 0.772982 0.634428 0
    outer loop
      vertex 68.8686 8.86863 2
      vertex 68.6696 9.11109 0
      vertex 68.6696 9.11109 2
    endloop
  endfacet
  facet normal 0.772982 0.634428 0
    outer loop
      vertex 68.6696 9.11109 0
      vertex 68.8686 8.86863 2
      vertex 68.8686 8.86863 0
    endloop
  endfacet
  facet normal 0.956893 0.290441 0
    outer loop
      vertex 68.5218 9.38771 2
      vertex 68.4307 9.68785 0
      vertex 68.4307 9.68785 2
    endloop
  endfacet
  facet normal 0.956893 0.290441 0
    outer loop
      vertex 68.4307 9.68785 0
      vertex 68.5218 9.38771 2
      vertex 68.5218 9.38771 0
    endloop
  endfacet
  facet normal -0.0978934 -0.995197 0
    outer loop
      vertex 70 11.6 0
      vertex 70.3121 11.5693 2
      vertex 70 11.6 2
    endloop
  endfacet
  facet normal -0.0978934 -0.995197 -0
    outer loop
      vertex 70.3121 11.5693 2
      vertex 70 11.6 0
      vertex 70.3121 11.5693 0
    endloop
  endfacet
  facet normal 0.995197 -0.0978934 0
    outer loop
      vertex 68.4 10 2
      vertex 68.4307 10.3121 0
      vertex 68.4307 10.3121 2
    endloop
  endfacet
  facet normal 0.995197 -0.0978934 0
    outer loop
      vertex 68.4307 10.3121 0
      vertex 68.4 10 2
      vertex 68.4 10 0
    endloop
  endfacet
  facet normal -0.772982 0.634428 0
    outer loop
      vertex 71.1314 8.86863 0
      vertex 71.3304 9.11109 2
      vertex 71.3304 9.11109 0
    endloop
  endfacet
  facet normal -0.772982 0.634428 0
    outer loop
      vertex 71.3304 9.11109 2
      vertex 71.1314 8.86863 0
      vertex 71.1314 8.86863 2
    endloop
  endfacet
  facet normal -0.956893 0.290441 0
    outer loop
      vertex 71.4782 9.38771 0
      vertex 71.5693 9.68785 2
      vertex 71.5693 9.68785 0
    endloop
  endfacet
  facet normal -0.956893 0.290441 0
    outer loop
      vertex 71.5693 9.68785 2
      vertex 71.4782 9.38771 0
      vertex 71.4782 9.38771 2
    endloop
  endfacet
  facet normal 0.290242 0.956953 -0
    outer loop
      vertex 69.6879 8.43074 0
      vertex 69.3877 8.52179 2
      vertex 69.6879 8.43074 2
    endloop
  endfacet
  facet normal 0.290242 0.956953 0
    outer loop
      vertex 69.3877 8.52179 2
      vertex 69.6879 8.43074 0
      vertex 69.3877 8.52179 0
    endloop
  endfacet
  facet normal 0.881996 0.471257 0
    outer loop
      vertex 68.6696 9.11109 2
      vertex 68.5218 9.38771 0
      vertex 68.5218 9.38771 2
    endloop
  endfacet
  facet normal 0.881996 0.471257 0
    outer loop
      vertex 68.5218 9.38771 0
      vertex 68.6696 9.11109 2
      vertex 68.6696 9.11109 0
    endloop
  endfacet
  facet normal 0.634327 0.773065 -0
    outer loop
      vertex 69.1111 8.66965 0
      vertex 68.8686 8.86863 2
      vertex 69.1111 8.66965 2
    endloop
  endfacet
  facet normal 0.634327 0.773065 0
    outer loop
      vertex 68.8686 8.86863 2
      vertex 69.1111 8.66965 0
      vertex 68.8686 8.86863 0
    endloop
  endfacet
  facet normal -1 0 0
    outer loop
      vertex 0 0 0
      vertex 0 20 2
      vertex 0 20 0
    endloop
  endfacet
  facet normal -1 -0 0
    outer loop
      vertex 0 20 2
      vertex 0 0 0
      vertex 0 0 2
    endloop
  endfacet
  facet normal 0 0 1
    outer loop
      vertex 80 20 2
      vertex 71.6 10 2
      vertex 80 0 2
    endloop
  endfacet
  facet normal 0 0 1
    outer loop
      vertex 80 20 2
      vertex 71.5693 10.3121 2
      vertex 71.6 10 2
    endloop
  endfacet
  facet normal 0 0 1
    outer loop
      vertex 80 20 2
      vertex 71.4782 10.6123 2
      vertex 71.5693 10.3121 2
    endloop
  endfacet
  facet normal 0 0 1
    outer loop
      vertex 80 20 2
      vertex 71.3304 10.8889 2
      vertex 71.4782 10.6123 2
    endloop
  endfacet
  facet normal 0 0 1
    outer loop
      vertex 80 20 2
      vertex 71.1314 11.1314 2
      vertex 71.3304 10.8889 2
    endloop
  endfacet
  facet normal 0 0 1
    outer loop
      vertex 80 20 2
      vertex 70.8889 11.3304 2
      vertex 71.1314 11.1314 2
    endloop
  endfacet
  facet normal 0 0 1
    outer loop
      vertex 80 20 2
      vertex 70.6123 11.4782 2
      vertex 70.8889 11.3304 2
    endloop
  endfacet
  facet normal 0 0 1
    outer loop
      vertex 80 20 2
      vertex 70.3121 11.5693 2
      vertex 70.6123 11.4782 2
    endloop
  endfacet
  facet normal 0 0 1
    outer loop
      vertex 80 20 2
      vertex 70 11.6 2
      vertex 70.3121 11.5693 2
    endloop
  endfacet
  facet normal 0 0 1
    outer loop
      vertex 80 20 2
      vertex 69.6879 11.5693 2
      vertex 70 11.6 2
    endloop
  endfacet
  facet normal 0 0 1
    outer loop
      vertex 60.3121 11.5693 2
      vertex 69.6879 11.5693 2
      vertex 80 20 2
    endloop
  endfacet
  facet normal 0 0 1
    outer loop
      vertex 69.6879 11.5693 2
      vertex 60.3121 11.5693 2
      vertex 69.3877 11.4782 2
    endloop
  endfacet
  facet normal 0 0 1
    outer loop
      vertex 68.4307 10.3121 2
      vertex 61.6 10 2
      vertex 68.4 10 2
    endloop
  endfacet
  facet normal 0 0 1
    outer loop
      vertex 61.5693 10.3121 2
      vertex 68.4307 10.3121 2
      vertex 68.5218 10.6123 2
    endloop
  endfacet
  facet normal 0 0 1
    outer loop
      vertex 61.4782 10.6123 2
      vertex 68.5218 10.6123 2
      vertex 68.6696 10.8889 2
    endloop
  endfacet
  facet normal 0 0 1
    outer loop
      vertex 61.3304 10.8889 2
      vertex 68.6696 10.8889 2
      vertex 68.8686 11.1314 2
    endloop
  endfacet
  facet normal 0 0 1
    outer loop
      vertex 61.1314 11.1314 2
      vertex 68.8686 11.1314 2
      vertex 69.1111 11.3304 2
    endloop
  endfacet
  facet normal 0 0 1
    outer loop
      vertex 69.3877 11.4782 2
      vertex 60.6123 11.4782 2
      vertex 69.1111 11.3304 2
    endloop
  endfacet
  facet normal 0 0 1
    outer loop
      vertex 68.4307 10.3121 2
      vertex 61.5693 10.3121 2
      vertex 61.6 10 2
    endloop
  endfacet
  facet normal 0 0 1
    outer loop
      vertex 68.5218 10.6123 2
      vertex 61.4782 10.6123 2
      vertex 61.5693 10.3121 2
    endloop
  endfacet
  facet normal 0 0 1
    outer loop
      vertex 68.6696 10.8889 2
      vertex 61.3304 10.8889 2
      vertex 61.4782 10.6123 2
    endloop
  endfacet
  facet normal 0 0 1
    outer loop
      vertex 68.8686 11.1314 2
      vertex 61.1314 11.1314 2
      vertex 61.3304 10.8889 2
    endloop
  endfacet
  facet normal 0 0 1
    outer loop
      vertex 69.1111 11.3304 2
      vertex 60.8889 11.3304 2
      vertex 61.1314 11.1314 2
    endloop
  endfacet
  facet normal 0 0 1
    outer loop
      vertex 69.1111 11.3304 2
      vertex 60.6123 11.4782 2
      vertex 60.8889 11.3304 2
    endloop
  endfacet
  facet normal 0 0 1
    outer loop
      vertex 69.3877 11.4782 2
      vertex 60.3121 11.5693 2
      vertex 60.6123 11.4782 2
    endloop
  endfacet
  facet normal 0 0 1
    outer loop
      vertex 80 20 2
      vertex 60 11.6 2
      vertex 60.3121 11.5693 2
    endloop
  endfacet
  facet normal 0 0 1
    outer loop
      vertex 80 20 2
      vertex 59.6879 11.5693 2
      vertex 60 11.6 2
    endloop
  endfacet
  facet normal 0 0 1
    outer loop
      vertex 50.3121 11.5693 2
      vertex 59.6879 11.5693 2
      vertex 80 20 2
    endloop
  endfacet
  facet normal 0 0 1
    outer loop
      vertex 58.4307 10.3121 2
      vertex 51.6 10 2
      vertex 58.4 10 2
    endloop
  endfacet
  facet normal 0 0 1
    outer loop
      vertex 51.5693 10.3121 2
      vertex 58.4307 10.3121 2
      vertex 58.5218 10.6123 2
    endloop
  endfacet
  facet normal 0 0 1
    outer loop
      vertex 51.4782 10.6123 2
      vertex 58.5218 10.6123 2
      vertex 58.6696 10.8889 2
    endloop
  endfacet
  facet normal 0 0 1
    outer loop
      vertex 51.3304 10.8889 2
      vertex 58.6696 10.8889 2
      vertex 58.8686 11.1314 2
    endloop
  endfacet
  facet normal 0 0 1
    outer loop
      vertex 51.1314 11.1314 2
      vertex 58.8686 11.1314 2
      vertex 59.1111 11.3304 2
    endloop
  endfacet
  facet normal 0 0 1
    outer loop
      vertex 50.8889 11.3304 2
      vertex 59.1111 11.3304 2
      vertex 59.3877 11.4782 2
    endloop
  endfacet
  facet normal 0 0 1
    outer loop
      vertex 59.6879 11.5693 2
      vertex 50.3121 11.5693 2
      vertex 59.3877 11.4782 2
    endloop
  endfacet
  facet normal 0 0 1
    outer loop
      vertex 58.4307 10.3121 2
      vertex 51.5693 10.3121 2
      vertex 51.6 10 2
    endloop
  endfacet
  facet normal 0 0 1
    outer loop
      vertex 58.5218 10.6123 2
      vertex 51.4782 10.6123 2
      vertex 51.5693 10.3121 2
    endloop
  endfacet
  facet normal 0 0 1
    outer loop
      vertex 58.6696 10.8889 2
      vertex 51.3304 10.8889 2
      vertex 51.4782 10.6123 2
    endloop
  endfacet
  facet normal 0 0 1
    outer loop
      vertex 58.8686 11.1314 2
      vertex 51.1314 11.1314 2
      vertex 51.3304 10.8889 2
    endloop
  endfacet
  facet normal 0 0 1
    outer loop
      vertex 59.1111 11.3304 2
      vertex 50.8889 11.3304 2
      vertex 51.1314 11.1314 2
    endloop
  endfacet
  facet normal 0 0 1
    outer loop
      vertex 59.3877 11.4782 2
      vertex 50.6123 11.4782 2
      vertex 50.8889 11.3304 2
    endloop
  endfacet
  facet normal 0 0 1
    outer loop
      vertex 59.3877 11.4782 2
      vertex 50.3121 11.5693 2
      vertex 50.6123 11.4782 2
    endloop
  endfacet
  facet normal 0 0 1
    outer loop
      vertex 80 20 2
      vertex 50 11.6 2
      vertex 50.3121 11.5693 2
    endloop
  endfacet
  facet normal 0 0 1
    outer loop
      vertex 40 11.6 2
      vertex 50 11.6 2
      vertex 80 20 2
    endloop
  endfacet
  facet normal 0 0 1
    outer loop
      vertex 48.4307 10.3121 2
      vertex 41.6 10 2
      vertex 48.4 10 2
    endloop
  endfacet
  facet normal 0 0 1
    outer loop
      vertex 41.5693 10.3121 2
      vertex 48.4307 10.3121 2
      vertex 48.5218 10.6123 2
    endloop
  endfacet
  facet normal 0 0 1
    outer loop
      vertex 41.4782 10.6123 2
      vertex 48.5218 10.6123 2
      vertex 48.6696 10.8889 2
    endloop
  endfacet
  facet normal 0 0 1
    outer loop
      vertex 41.3304 10.8889 2
      vertex 48.6696 10.8889 2
      vertex 48.8686 11.1314 2
    endloop
  endfacet
  facet normal 0 0 1
    outer loop
      vertex 41.1314 11.1314 2
      vertex 48.8686 11.1314 2
      vertex 49.1111 11.3304 2
    endloop
  endfacet
  facet normal 0 0 1
    outer loop
      vertex 40.8889 11.3304 2
      vertex 49.1111 11.3304 2
      vertex 49.3877 11.4782 2
    endloop
  endfacet
  facet normal 0 0 1
    outer loop
      vertex 40.6123 11.4782 2
      vertex 49.3877 11.4782 2
      vertex 49.6879 11.5693 2
    endloop
  endfacet
  facet normal 0 0 1
    outer loop
      vertex 50 11.6 2
      vertex 40 11.6 2
      vertex 49.6879 11.5693 2
    endloop
  endfacet
  facet normal 0 0 1
    outer loop
      vertex 48.4307 10.3121 2
      vertex 41.5693 10.3121 2
      vertex 41.6 10 2
    endloop
  endfacet
  facet normal 0 0 1
    outer loop
      vertex 48.5218 10.6123 2
      vertex 41.4782 10.6123 2
      vertex 41.5693 10.3121 2
    endloop
  endfacet
  facet normal 0 0 1
    outer loop
      vertex 48.6696 10.8889 2
      vertex 41.3304 10.8889 2
      vertex 41.4782 10.6123 2
    endloop
  endfacet
  facet normal 0 0 1
    outer loop
      vertex 48.8686 11.1314 2
      vertex 41.1314 11.1314 2
      vertex 41.3304 10.8889 2
    endloop
  endfacet
  facet normal 0 0 1
    outer loop
      vertex 49.1111 11.3304 2
      vertex 40.8889 11.3304 2
      vertex 41.1314 11.1314 2
    endloop
  endfacet
  facet normal 0 0 1
    outer loop
      vertex 49.3877 11.4782 2
      vertex 40.6123 11.4782 2
      vertex 40.8889 11.3304 2
    endloop
  endfacet
  facet normal 0 0 1
    outer loop
      vertex 49.6879 11.5693 2
      vertex 40.3121 11.5693 2
      vertex 40.6123 11.4782 2
    endloop
  endfacet
  facet normal 0 0 1
    outer loop
      vertex 49.6879 11.5693 2
      vertex 40 11.6 2
      vertex 40.3121 11.5693 2
    endloop
  endfacet
  facet normal -0 0 1
    outer loop
      vertex 0 20 2
      vertex 40 11.6 2
      vertex 80 20 2
    endloop
  endfacet
  facet normal 0 0 1
    outer loop
      vertex 38.4307 10.3121 2
      vertex 31.6 10 2
      vertex 38.4 10 2
    endloop
  endfacet
  facet normal 0 0 1
    outer loop
      vertex 31.5693 10.3121 2
      vertex 38.4307 10.3121 2
      vertex 38.5218 10.6123 2
    endloop
  endfacet
  facet normal 0 0 1
    outer loop
      vertex 31.4782 10.6123 2
      vertex 38.5218 10.6123 2
      vertex 38.6696 10.8889 2
    endloop
  endfacet
  facet normal 0 0 1
    outer loop
      vertex 31.3304 10.8889 2
      vertex 38.6696 10.8889 2
      vertex 38.8686 11.1314 2
    endloop
  endfacet
  facet normal 0 0 1
    outer loop
      vertex 31.1314 11.1314 2
      vertex 38.8686 11.1314 2
      vertex 39.1111 11.3304 2
    endloop
  endfacet
  facet normal 0 0 1
    outer loop
      vertex 30.8889 11.3304 2
      vertex 39.1111 11.3304 2
      vertex 39.3877 11.4782 2
    endloop
  endfacet
  facet normal 0 0 1
    outer loop
      vertex 30.6123 11.4782 2
      vertex 39.3877 11.4782 2
      vertex 39.6879 11.5693 2
    endloop
  endfacet
  facet normal 0 -0 1
    outer loop
      vertex 30 11.6 2
      vertex 40 11.6 2
      vertex 0 20 2
    endloop
  endfacet
  facet normal 0 0 1
    outer loop
      vertex 38.4307 10.3121 2
      vertex 31.5693 10.3121 2
      vertex 31.6 10 2
    endloop
  endfacet
  facet normal 0 0 1
    outer loop
      vertex 38.5218 10.6123 2
      vertex 31.4782 10.6123 2
      vertex 31.5693 10.3121 2
    endloop
  endfacet
  facet normal 0 0 1
    outer loop
      vertex 38.6696 10.8889 2
      vertex 31.3304 10.8889 2
      vertex 31.4782 10.6123 2
    endloop
  endfacet
  facet normal 0 0 1
    outer loop
      vertex 38.8686 11.1314 2
      vertex 31.1314 11.1314 2
      vertex 31.3304 10.8889 2
    endloop
  endfacet
  facet normal 0 0 1
    outer loop
      vertex 39.1111 11.3304 2
      vertex 30.8889 11.3304 2
      vertex 31.1314 11.1314 2
    endloop
  endfacet
  facet normal 0 0 1
    outer loop
      vertex 39.3877 11.4782 2
      vertex 30.6123 11.4782 2
      vertex 30.8889 11.3304 2
    endloop
  endfacet
  facet normal 0 0 1
    outer loop
      vertex 39.6879 11.5693 2
      vertex 30.3121 11.5693 2
      vertex 30.6123 11.4782 2
    endloop
  endfacet
  facet normal 0 0 1
    outer loop
      vertex 39.6879 11.5693 2
      vertex 30 11.6 2
      vertex 30.3121 11.5693 2
    endloop
  endfacet
  facet normal 0 0 1
    outer loop
      vertex 40 11.6 2
      vertex 30 11.6 2
      vertex 39.6879 11.5693 2
    endloop
  endfacet
  facet normal 0 0 1
    outer loop
      vertex 28.4307 10.3121 2
      vertex 21.6 10 2
      vertex 28.4 10 2
    endloop
  endfacet
  facet normal 0 0 1
    outer loop
      vertex 21.5693 10.3121 2
      vertex 28.4307 10.3121 2
      vertex 28.5218 10.6123 2
    endloop
  endfacet
  facet normal 0 0 1
    outer loop
      vertex 21.4782 10.6123 2
      vertex 28.5218 10.6123 2
      vertex 28.6696 10.8889 2
    endloop
  endfacet
  facet normal 0 0 1
    outer loop
      vertex 21.3304 10.8889 2
      vertex 28.6696 10.8889 2
      vertex 28.8686 11.1314 2
    endloop
  endfacet
  facet normal 0 0 1
    outer loop
      vertex 21.1314 11.1314 2
      vertex 28.8686 11.1314 2
      vertex 29.1111 11.3304 2
    endloop
  endfacet
  facet normal 0 0 1
    outer loop
      vertex 20.8889 11.3304 2
      vertex 29.1111 11.3304 2
      vertex 29.3877 11.4782 2
    endloop
  endfacet
  facet normal 0 0 1
    outer loop
      vertex 20.6123 11.4782 2
      vertex 29.3877 11.4782 2
      vertex 29.6879 11.5693 2
    endloop
  endfacet
  facet normal 0 0 1
    outer loop
      vertex 28.4307 10.3121 2
      vertex 21.5693 10.3121 2
      vertex 21.6 10 2
    endloop
  endfacet
  facet normal 0 0 1
    outer loop
      vertex 30 11.6 2
      vertex 0 20 2
      vertex 29.6879 11.5693 2
    endloop
  endfacet
  facet normal 0 0 1
    outer loop
      vertex 28.5218 10.6123 2
      vertex 21.4782 10.6123 2
      vertex 21.5693 10.3121 2
    endloop
  endfacet
  facet normal 0 0 1
    outer loop
      vertex 28.6696 10.8889 2
      vertex 21.3304 10.8889 2
      vertex 21.4782 10.6123 2
    endloop
  endfacet
  facet normal 0 0 1
    outer loop
      vertex 28.8686 11.1314 2
      vertex 21.1314 11.1314 2
      vertex 21.3304 10.8889 2
    endloop
  endfacet
  facet normal 0 0 1
    outer loop
      vertex 29.1111 11.3304 2
      vertex 20.8889 11.3304 2
      vertex 21.1314 11.1314 2
    endloop
  endfacet
  facet normal 0 0 1
    outer loop
      vertex 29.3877 11.4782 2
      vertex 20.6123 11.4782 2
      vertex 20.8889 11.3304 2
    endloop
  endfacet
  facet normal 0 0 1
    outer loop
      vertex 29.6879 11.5693 2
      vertex 20.3121 11.5693 2
      vertex 20.6123 11.4782 2
    endloop
  endfacet
  facet normal 0 0 1
    outer loop
      vertex 29.6879 11.5693 2
      vertex 0 20 2
      vertex 20.3121 11.5693 2
    endloop
  endfacet
  facet normal 0 0 1
    outer loop
      vertex 20.3121 11.5693 2
      vertex 0 20 2
      vertex 20 11.6 2
    endloop
  endfacet
  facet normal 0 0 1
    outer loop
      vertex 18.4307 10.3121 2
      vertex 11.6 10 2
      vertex 18.4 10 2
    endloop
  endfacet
  facet normal 0 0 1
    outer loop
      vertex 11.5693 10.3121 2
      vertex 18.4307 10.3121 2
      vertex 18.5218 10.6123 2
    endloop
  endfacet
  facet normal 0 0 1
    outer loop
      vertex 11.4782 10.6123 2
      vertex 18.5218 10.6123 2
      vertex 18.6696 10.8889 2
    endloop
  endfacet
  facet normal 0 0 1
    outer loop
      vertex 11.3304 10.8889 2
      vertex 18.6696 10.8889 2
      vertex 18.8686 11.1314 2
    endloop
  endfacet
  facet normal 0 0 1
    outer loop
      vertex 11.1314 11.1314 2
      vertex 18.8686 11.1314 2
      vertex 19.1111 11.3304 2
    endloop
  endfacet
  facet normal 0 0 1
    outer loop
      vertex 10.8889 11.3304 2
      vertex 19.1111 11.3304 2
      vertex 19.3877 11.4782 2
    endloop
  endfacet
  facet normal 0 0 1
    outer loop
      vertex 10.6123 11.4782 2
      vertex 19.3877 11.4782 2
      vertex 19.6879 11.5693 2
    endloop
  endfacet
  facet normal 0 0 1
    outer loop
      vertex 18.4307 10.3121 2
      vertex 11.5693 10.3121 2
      vertex 11.6 10 2
    endloop
  endfacet
  facet normal 0 0 1
    outer loop
      vertex 18.5218 10.6123 2
      vertex 11.4782 10.6123 2
      vertex 11.5693 10.3121 2
    endloop
  endfacet
  facet normal 0 0 1
    outer loop
      vertex 20 11.6 2
      vertex 0 20 2
      vertex 19.6879 11.5693 2
    endloop
  endfacet
  facet normal 0 0 1
    outer loop
      vertex 18.6696 10.8889 2
      vertex 11.3304 10.8889 2
      vertex 11.4782 10.6123 2
    endloop
  endfacet
  facet normal 0 0 1
    outer loop
      vertex 18.8686 11.1314 2
      vertex 11.1314 11.1314 2
      vertex 11.3304 10.8889 2
    endloop
  endfacet
  facet normal 0 0 1
    outer loop
      vertex 19.1111 11.3304 2
      vertex 10.8889 11.3304 2
      vertex 11.1314 11.1314 2
    endloop
  endfacet
  facet normal 0 -0 1
    outer loop
      vertex 10.3121 11.5693 2
      vertex 19.6879 11.5693 2
      vertex 0 20 2
    endloop
  endfacet
  facet normal 0 0 1
    outer loop
      vertex 19.3877 11.4782 2
      vertex 10.6123 11.4782 2
      vertex 10.8889 11.3304 2
    endloop
  endfacet
  facet normal 0 0 1
    outer loop
      vertex 19.6879 11.5693 2
      vertex 10.3121 11.5693 2
      vertex 10.6123 11.4782 2
    endloop
  endfacet
  facet normal 0 0 1
    outer loop
      vertex 10.3121 11.5693 2
      vertex 0 20 2
      vertex 10 11.6 2
    endloop
  endfacet
  facet normal 0 0 1
    outer loop
      vertex 8.43074 10.3121 2
      vertex 0 20 2
      vertex 8.4 10 2
    endloop
  endfacet
  facet normal 0 0 1
    outer loop
      vertex 8.52179 10.6123 2
      vertex 0 20 2
      vertex 8.43074 10.3121 2
    endloop
  endfacet
  facet normal 0 0 1
    outer loop
      vertex 8.66965 10.8889 2
      vertex 0 20 2
      vertex 8.52179 10.6123 2
    endloop
  endfacet
  facet normal 0 0 1
    outer loop
      vertex 8.86863 11.1314 2
      vertex 0 20 2
      vertex 8.66965 10.8889 2
    endloop
  endfacet
  facet normal 0 0 1
    outer loop
      vertex 9.11109 11.3304 2
      vertex 0 20 2
      vertex 8.86863 11.1314 2
    endloop
  endfacet
  facet normal 0 0 1
    outer loop
      vertex 9.38771 11.4782 2
      vertex 0 20 2
      vertex 9.11109 11.3304 2
    endloop
  endfacet
  facet normal 0 0 1
    outer loop
      vertex 9.68785 11.5693 2
      vertex 0 20 2
      vertex 9.38771 11.4782 2
    endloop
  endfacet
  facet normal 0 0 1
    outer loop
      vertex 10 11.6 2
      vertex 0 20 2
      vertex 9.68785 11.5693 2
    endloop
  endfacet
  facet normal -0 0 1
    outer loop
      vertex 71.5693 9.68785 2
      vertex 80 0 2
      vertex 71.6 10 2
    endloop
  endfacet
  facet normal -0 0 1
    outer loop
      vertex 71.4782 9.38771 2
      vertex 80 0 2
      vertex 71.5693 9.68785 2
    endloop
  endfacet
  facet normal -0 0 1
    outer loop
      vertex 71.3304 9.11109 2
      vertex 80 0 2
      vertex 71.4782 9.38771 2
    endloop
  endfacet
  facet normal -0 0 1
    outer loop
      vertex 71.1314 8.86863 2
      vertex 80 0 2
      vertex 71.3304 9.11109 2
    endloop
  endfacet
  facet normal -0 0 1
    outer loop
      vertex 70.8889 8.66965 2
      vertex 80 0 2
      vertex 71.1314 8.86863 2
    endloop
  endfacet
  facet normal -0 0 1
    outer loop
      vertex 70.6123 8.52179 2
      vertex 80 0 2
      vertex 70.8889 8.66965 2
    endloop
  endfacet
  facet normal -0 0 1
    outer loop
      vertex 70.3121 8.43074 2
      vertex 80 0 2
      vertex 70.6123 8.52179 2
    endloop
  endfacet
  facet normal -0 0 1
    outer loop
      vertex 70 8.4 2
      vertex 80 0 2
      vertex 70.3121 8.43074 2
    endloop
  endfacet
  facet normal 0 0 1
    outer loop
      vertex 69.6879 8.43074 2
      vertex 80 0 2
      vertex 70 8.4 2
    endloop
  endfacet
  facet normal 0 0 1
    outer loop
      vertex 60.3121 8.43074 2
      vertex 69.6879 8.43074 2
      vertex 69.3877 8.52179 2
    endloop
  endfacet
  facet normal 0 0 1
    outer loop
      vertex 60.6123 8.52179 2
      vertex 69.3877 8.52179 2
      vertex 69.1111 8.66965 2
    endloop
  endfacet
  facet normal -0 0 1
    outer loop
      vertex 61.6 10 2
      vertex 68.4307 9.68785 2
      vertex 68.4 10 2
    endloop
  endfacet
  facet normal 0 0 1
    outer loop
      vertex 61.5693 9.68785 2
      vertex 68.4307 9.68785 2
      vertex 61.6 10 2
    endloop
  endfacet
  facet normal 0 0 1
    outer loop
      vertex 68.4307 9.68785 2
      vertex 61.5693 9.68785 2
      vertex 68.5218 9.38771 2
    endloop
  endfacet
  facet normal 0 0 1
    outer loop
      vertex 61.4782 9.38771 2
      vertex 68.5218 9.38771 2
      vertex 61.5693 9.68785 2
    endloop
  endfacet
  facet normal 0 0 1
    outer loop
      vertex 68.5218 9.38771 2
      vertex 61.4782 9.38771 2
      vertex 68.6696 9.11109 2
    endloop
  endfacet
  facet normal 0 0 1
    outer loop
      vertex 61.3304 9.11109 2
      vertex 68.6696 9.11109 2
      vertex 61.4782 9.38771 2
    endloop
  endfacet
  facet normal 0 0 1
    outer loop
      vertex 68.6696 9.11109 2
      vertex 61.3304 9.11109 2
      vertex 68.8686 8.86863 2
    endloop
  endfacet
  facet normal 0 0 1
    outer loop
      vertex 61.1314 8.86863 2
      vertex 68.8686 8.86863 2
      vertex 61.3304 9.11109 2
    endloop
  endfacet
  facet normal 0 0 1
    outer loop
      vertex 68.8686 8.86863 2
      vertex 61.1314 8.86863 2
      vertex 69.1111 8.66965 2
    endloop
  endfacet
  facet normal 0 0 1
    outer loop
      vertex 60.8889 8.66965 2
      vertex 69.1111 8.66965 2
      vertex 61.1314 8.86863 2
    endloop
  endfacet
  facet normal 0 0 1
    outer loop
      vertex 60.6123 8.52179 2
      vertex 69.1111 8.66965 2
      vertex 60.8889 8.66965 2
    endloop
  endfacet
  facet normal 0 0 1
    outer loop
      vertex 60.3121 8.43074 2
      vertex 69.3877 8.52179 2
      vertex 60.6123 8.52179 2
    endloop
  endfacet
  facet normal 0 0 1
    outer loop
      vertex 69.6879 8.43074 2
      vertex 60.3121 8.43074 2
      vertex 80 0 2
    endloop
  endfacet
  facet normal -0 0 1
    outer loop
      vertex 60 8.4 2
      vertex 80 0 2
      vertex 60.3121 8.43074 2
    endloop
  endfacet
  facet normal 0 0 1
    outer loop
      vertex 59.6879 8.43074 2
      vertex 80 0 2
      vertex 60 8.4 2
    endloop
  endfacet
  facet normal 0 0 1
    outer loop
      vertex 50.3121 8.43074 2
      vertex 59.6879 8.43074 2
      vertex 59.3877 8.52179 2
    endloop
  endfacet
  facet normal -0 0 1
    outer loop
      vertex 51.6 10 2
      vertex 58.4307 9.68785 2
      vertex 58.4 10 2
    endloop
  endfacet
  facet normal 0 0 1
    outer loop
      vertex 51.5693 9.68785 2
      vertex 58.4307 9.68785 2
      vertex 51.6 10 2
    endloop
  endfacet
  facet normal 0 0 1
    outer loop
      vertex 58.4307 9.68785 2
      vertex 51.5693 9.68785 2
      vertex 58.5218 9.38771 2
    endloop
  endfacet
  facet normal 0 0 1
    outer loop
      vertex 51.4782 9.38771 2
      vertex 58.5218 9.38771 2
      vertex 51.5693 9.68785 2
    endloop
  endfacet
  facet normal 0 0 1
    outer loop
      vertex 58.5218 9.38771 2
      vertex 51.4782 9.38771 2
      vertex 58.6696 9.11109 2
    endloop
  endfacet
  facet normal 0 0 1
    outer loop
      vertex 51.3304 9.11109 2
      vertex 58.6696 9.11109 2
      vertex 51.4782 9.38771 2
    endloop
  endfacet
  facet normal 0 0 1
    outer loop
      vertex 58.6696 9.11109 2
      vertex 51.3304 9.11109 2
      vertex 58.8686 8.86863 2
    endloop
  endfacet
  facet normal 0 0 1
    outer loop
      vertex 51.1314 8.86863 2
      vertex 58.8686 8.86863 2
      vertex 51.3304 9.11109 2
    endloop
  endfacet
  facet normal 0 0 1
    outer loop
      vertex 58.8686 8.86863 2
      vertex 51.1314 8.86863 2
      vertex 59.1111 8.66965 2
    endloop
  endfacet
  facet normal 0 0 1
    outer loop
      vertex 50.8889 8.66965 2
      vertex 59.1111 8.66965 2
      vertex 51.1314 8.86863 2
    endloop
  endfacet
  facet normal 0 0 1
    outer loop
      vertex 59.1111 8.66965 2
      vertex 50.8889 8.66965 2
      vertex 59.3877 8.52179 2
    endloop
  endfacet
  facet normal 0 0 1
    outer loop
      vertex 50.6123 8.52179 2
      vertex 59.3877 8.52179 2
      vertex 50.8889 8.66965 2
    endloop
  endfacet
  facet normal 0 0 1
    outer loop
      vertex 50.3121 8.43074 2
      vertex 59.3877 8.52179 2
      vertex 50.6123 8.52179 2
    endloop
  endfacet
  facet normal 0 0 1
    outer loop
      vertex 59.6879 8.43074 2
      vertex 50.3121 8.43074 2
      vertex 80 0 2
    endloop
  endfacet
  facet normal -0 0 1
    outer loop
      vertex 50 8.4 2
      vertex 80 0 2
      vertex 50.3121 8.43074 2
    endloop
  endfacet
  facet normal 0 0 1
    outer loop
      vertex 40 8.4 2
      vertex 50 8.4 2
      vertex 49.6879 8.43074 2
    endloop
  endfacet
  facet normal -0 0 1
    outer loop
      vertex 41.6 10 2
      vertex 48.4307 9.68785 2
      vertex 48.4 10 2
    endloop
  endfacet
  facet normal 0 0 1
    outer loop
      vertex 41.5693 9.68785 2
      vertex 48.4307 9.68785 2
      vertex 41.6 10 2
    endloop
  endfacet
  facet normal 0 0 1
    outer loop
      vertex 48.4307 9.68785 2
      vertex 41.5693 9.68785 2
      vertex 48.5218 9.38771 2
    endloop
  endfacet
  facet normal 0 0 1
    outer loop
      vertex 41.4782 9.38771 2
      vertex 48.5218 9.38771 2
      vertex 41.5693 9.68785 2
    endloop
  endfacet
  facet normal 0 0 1
    outer loop
      vertex 48.5218 9.38771 2
      vertex 41.4782 9.38771 2
      vertex 48.6696 9.11109 2
    endloop
  endfacet
  facet normal 0 0 1
    outer loop
      vertex 41.3304 9.11109 2
      vertex 48.6696 9.11109 2
      vertex 41.4782 9.38771 2
    endloop
  endfacet
  facet normal 0 0 1
    outer loop
      vertex 48.6696 9.11109 2
      vertex 41.3304 9.11109 2
      vertex 48.8686 8.86863 2
    endloop
  endfacet
  facet normal 0 0 1
    outer loop
      vertex 41.1314 8.86863 2
      vertex 48.8686 8.86863 2
      vertex 41.3304 9.11109 2
    endloop
  endfacet
  facet normal 0 0 1
    outer loop
      vertex 48.8686 8.86863 2
      vertex 41.1314 8.86863 2
      vertex 49.1111 8.66965 2
    endloop
  endfacet
  facet normal 0 0 1
    outer loop
      vertex 40.8889 8.66965 2
      vertex 49.1111 8.66965 2
      vertex 41.1314 8.86863 2
    endloop
  endfacet
  facet normal 0 0 1
    outer loop
      vertex 49.1111 8.66965 2
      vertex 40.8889 8.66965 2
      vertex 49.3877 8.52179 2
    endloop
  endfacet
  facet normal 0 0 1
    outer loop
      vertex 40.6123 8.52179 2
      vertex 49.3877 8.52179 2
      vertex 40.8889 8.66965 2
    endloop
  endfacet
  facet normal 0 0 1
    outer loop
      vertex 49.3877 8.52179 2
      vertex 40.6123 8.52179 2
      vertex 49.6879 8.43074 2
    endloop
  endfacet
  facet normal 0 0 1
    outer loop
      vertex 40.3121 8.43074 2
      vertex 49.6879 8.43074 2
      vertex 40.6123 8.52179 2
    endloop
  endfacet
  facet normal 0 0 1
    outer loop
      vertex 40 8.4 2
      vertex 49.6879 8.43074 2
      vertex 40.3121 8.43074 2
    endloop
  endfacet
  facet normal 0 0 1
    outer loop
      vertex 50 8.4 2
      vertex 40 8.4 2
      vertex 80 0 2
    endloop
  endfacet
  facet normal 0 0 1
    outer loop
      vertex 30 8.4 2
      vertex 40 8.4 2
      vertex 39.6879 8.43074 2
    endloop
  endfacet
  facet normal -0 0 1
    outer loop
      vertex 31.6 10 2
      vertex 38.4307 9.68785 2
      vertex 38.4 10 2
    endloop
  endfacet
  facet normal 0 0 1
    outer loop
      vertex 31.5693 9.68785 2
      vertex 38.4307 9.68785 2
      vertex 31.6 10 2
    endloop
  endfacet
  facet normal 0 0 1
    outer loop
      vertex 38.4307 9.68785 2
      vertex 31.5693 9.68785 2
      vertex 38.5218 9.38771 2
    endloop
  endfacet
  facet normal 0 0 1
    outer loop
      vertex 31.4782 9.38771 2
      vertex 38.5218 9.38771 2
      vertex 31.5693 9.68785 2
    endloop
  endfacet
  facet normal 0 0 1
    outer loop
      vertex 38.5218 9.38771 2
      vertex 31.4782 9.38771 2
      vertex 38.6696 9.11109 2
    endloop
  endfacet
  facet normal 0 0 1
    outer loop
      vertex 31.3304 9.11109 2
      vertex 38.6696 9.11109 2
      vertex 31.4782 9.38771 2
    endloop
  endfacet
  facet normal 0 0 1
    outer loop
      vertex 38.6696 9.11109 2
      vertex 31.3304 9.11109 2
      vertex 38.8686 8.86863 2
    endloop
  endfacet
  facet normal 0 0 1
    outer loop
      vertex 31.1314 8.86863 2
      vertex 38.8686 8.86863 2
      vertex 31.3304 9.11109 2
    endloop
  endfacet
  facet normal 0 0 1
    outer loop
      vertex 38.8686 8.86863 2
      vertex 31.1314 8.86863 2
      vertex 39.1111 8.66965 2
    endloop
  endfacet
  facet normal 0 0 1
    outer loop
      vertex 30.8889 8.66965 2
      vertex 39.1111 8.66965 2
      vertex 31.1314 8.86863 2
    endloop
  endfacet
  facet normal 0 0 1
    outer loop
      vertex 39.1111 8.66965 2
      vertex 30.8889 8.66965 2
      vertex 39.3877 8.52179 2
    endloop
  endfacet
  facet normal 0 0 1
    outer loop
      vertex 30.6123 8.52179 2
      vertex 39.3877 8.52179 2
      vertex 30.8889 8.66965 2
    endloop
  endfacet
  facet normal 0 0 1
    outer loop
      vertex 39.3877 8.52179 2
      vertex 30.6123 8.52179 2
      vertex 39.6879 8.43074 2
    endloop
  endfacet
  facet normal 0 0 1
    outer loop
      vertex 30.3121 8.43074 2
      vertex 39.6879 8.43074 2
      vertex 30.6123 8.52179 2
    endloop
  endfacet
  facet normal 0 0 1
    outer loop
      vertex 30 8.4 2
      vertex 39.6879 8.43074 2
      vertex 30.3121 8.43074 2
    endloop
  endfacet
  facet normal 0 0 1
    outer loop
      vertex 40 8.4 2
      vertex 30 8.4 2
      vertex 0 0 2
    endloop
  endfacet
  facet normal 0 0 1
    outer loop
      vertex 0 0 2
      vertex 30 8.4 2
      vertex 29.6879 8.43074 2
    endloop
  endfacet
  facet normal -0 0 1
    outer loop
      vertex 21.6 10 2
      vertex 28.4307 9.68785 2
      vertex 28.4 10 2
    endloop
  endfacet
  facet normal 0 0 1
    outer loop
      vertex 21.5693 9.68785 2
      vertex 28.4307 9.68785 2
      vertex 21.6 10 2
    endloop
  endfacet
  facet normal 0 0 1
    outer loop
      vertex 28.4307 9.68785 2
      vertex 21.5693 9.68785 2
      vertex 28.5218 9.38771 2
    endloop
  endfacet
  facet normal 0 0 1
    outer loop
      vertex 21.4782 9.38771 2
      vertex 28.5218 9.38771 2
      vertex 21.5693 9.68785 2
    endloop
  endfacet
  facet normal 0 0 1
    outer loop
      vertex 28.5218 9.38771 2
      vertex 21.4782 9.38771 2
      vertex 28.6696 9.11109 2
    endloop
  endfacet
  facet normal 0 0 1
    outer loop
      vertex 21.3304 9.11109 2
      vertex 28.6696 9.11109 2
      vertex 21.4782 9.38771 2
    endloop
  endfacet
  facet normal 0 0 1
    outer loop
      vertex 28.6696 9.11109 2
      vertex 21.3304 9.11109 2
      vertex 28.8686 8.86863 2
    endloop
  endfacet
  facet normal 0 0 1
    outer loop
      vertex 21.1314 8.86863 2
      vertex 28.8686 8.86863 2
      vertex 21.3304 9.11109 2
    endloop
  endfacet
  facet normal 0 0 1
    outer loop
      vertex 28.8686 8.86863 2
      vertex 21.1314 8.86863 2
      vertex 29.1111 8.66965 2
    endloop
  endfacet
  facet normal 0 0 1
    outer loop
      vertex 20.8889 8.66965 2
      vertex 29.1111 8.66965 2
      vertex 21.1314 8.86863 2
    endloop
  endfacet
  facet normal 0 0 1
    outer loop
      vertex 29.1111 8.66965 2
      vertex 20.8889 8.66965 2
      vertex 29.3877 8.52179 2
    endloop
  endfacet
  facet normal 0 0 1
    outer loop
      vertex 20.6123 8.52179 2
      vertex 29.3877 8.52179 2
      vertex 20.8889 8.66965 2
    endloop
  endfacet
  facet normal 0 0 1
    outer loop
      vertex 29.3877 8.52179 2
      vertex 20.6123 8.52179 2
      vertex 29.6879 8.43074 2
    endloop
  endfacet
  facet normal 0 0 1
    outer loop
      vertex 20.3121 8.43074 2
      vertex 29.6879 8.43074 2
      vertex 20.6123 8.52179 2
    endloop
  endfacet
  facet normal 0 0 1
    outer loop
      vertex 0 0 2
      vertex 29.6879 8.43074 2
      vertex 20.3121 8.43074 2
    endloop
  endfacet
  facet normal 0 0 1
    outer loop
      vertex 0 0 2
      vertex 20.3121 8.43074 2
      vertex 20 8.4 2
    endloop
  endfacet
  facet normal 0 0 1
    outer loop
      vertex 0 0 2
      vertex 20 8.4 2
      vertex 19.6879 8.43074 2
    endloop
  endfacet
  facet normal -0 0 1
    outer loop
      vertex 11.6 10 2
      vertex 18.4307 9.68785 2
      vertex 18.4 10 2
    endloop
  endfacet
  facet normal 0 0 1
    outer loop
      vertex 11.5693 9.68785 2
      vertex 18.4307 9.68785 2
      vertex 11.6 10 2
    endloop
  endfacet
  facet normal 0 0 1
    outer loop
      vertex 18.4307 9.68785 2
      vertex 11.5693 9.68785 2
      vertex 18.5218 9.38771 2
    endloop
  endfacet
  facet normal 0 0 1
    outer loop
      vertex 11.4782 9.38771 2
      vertex 18.5218 9.38771 2
      vertex 11.5693 9.68785 2
    endloop
  endfacet
  facet normal 0 0 1
    outer loop
      vertex 18.5218 9.38771 2
      vertex 11.4782 9.38771 2
      vertex 18.6696 9.11109 2
    endloop
  endfacet
  facet normal 0 0 1
    outer loop
      vertex 11.3304 9.11109 2
      vertex 18.6696 9.11109 2
      vertex 11.4782 9.38771 2
    endloop
  endfacet
  facet normal 0 0 1
    outer loop
      vertex 18.6696 9.11109 2
      vertex 11.3304 9.11109 2
      vertex 18.8686 8.86863 2
    endloop
  endfacet
  facet normal 0 0 1
    outer loop
      vertex 11.1314 8.86863 2
      vertex 18.8686 8.86863 2
      vertex 11.3304 9.11109 2
    endloop
  endfacet
  facet normal 0 0 1
    outer loop
      vertex 18.8686 8.86863 2
      vertex 11.1314 8.86863 2
      vertex 19.1111 8.66965 2
    endloop
  endfacet
  facet normal 0 0 1
    outer loop
      vertex 10.8889 8.66965 2
      vertex 19.1111 8.66965 2
      vertex 11.1314 8.86863 2
    endloop
  endfacet
  facet normal 0 0 1
    outer loop
      vertex 19.1111 8.66965 2
      vertex 10.8889 8.66965 2
      vertex 19.3877 8.52179 2
    endloop
  endfacet
  facet normal 0 0 1
    outer loop
      vertex 10.6123 8.52179 2
      vertex 19.3877 8.52179 2
      vertex 10.8889 8.66965 2
    endloop
  endfacet
  facet normal 0 0 1
    outer loop
      vertex 19.3877 8.52179 2
      vertex 10.6123 8.52179 2
      vertex 19.6879 8.43074 2
    endloop
  endfacet
  facet normal 0 0 1
    outer loop
      vertex 10.3121 8.43074 2
      vertex 19.6879 8.43074 2
      vertex 10.6123 8.52179 2
    endloop
  endfacet
  facet normal 0 0 1
    outer loop
      vertex 19.6879 8.43074 2
      vertex 10.3121 8.43074 2
      vertex 0 0 2
    endloop
  endfacet
  facet normal 0 0 1
    outer loop
      vertex 0 0 2
      vertex 10.3121 8.43074 2
      vertex 10 8.4 2
    endloop
  endfacet
  facet normal 0 0 1
    outer loop
      vertex 0 0 2
      vertex 10 8.4 2
      vertex 9.68785 8.43074 2
    endloop
  endfacet
  facet normal 0 0 1
    outer loop
      vertex 0 0 2
      vertex 8.4 10 2
      vertex 0 20 2
    endloop
  endfacet
  facet normal 0 0 1
    outer loop
      vertex 8.4 10 2
      vertex 0 0 2
      vertex 8.43074 9.68785 2
    endloop
  endfacet
  facet normal 0 0 1
    outer loop
      vertex 8.43074 9.68785 2
      vertex 0 0 2
      vertex 8.52179 9.38771 2
    endloop
  endfacet
  facet normal 0 0 1
    outer loop
      vertex 40 8.4 2
      vertex 0 0 2
      vertex 80 0 2
    endloop
  endfacet
  facet normal 0 0 1
    outer loop
      vertex 9.38771 8.52179 2
      vertex 0 0 2
      vertex 9.68785 8.43074 2
    endloop
  endfacet
  facet normal 0 0 1
    outer loop
      vertex 9.11109 8.66965 2
      vertex 0 0 2
      vertex 9.38771 8.52179 2
    endloop
  endfacet
  facet normal 0 0 1
    outer loop
      vertex 8.86863 8.86863 2
      vertex 0 0 2
      vertex 9.11109 8.66965 2
    endloop
  endfacet
  facet normal 0 0 1
    outer loop
      vertex 8.66965 9.11109 2
      vertex 0 0 2
      vertex 8.86863 8.86863 2
    endloop
  endfacet
  facet normal 0 0 1
    outer loop
      vertex 8.52179 9.38771 2
      vertex 0 0 2
      vertex 8.66965 9.11109 2
    endloop
  endfacet
  facet normal 1 -0 0
    outer loop
      vertex 80 0 2
      vertex 80 20 0
      vertex 80 20 2
    endloop
  endfacet
  facet normal 1 0 0
    outer loop
      vertex 80 20 0
      vertex 80 0 2
      vertex 80 0 0
    endloop
  endfacet
  facet normal 0 0 -1
    outer loop
      vertex 80 0 0
      vertex 71.6 10 0
      vertex 80 20 0
    endloop
  endfacet
  facet normal 0 0 -1
    outer loop
      vertex 80 0 0
      vertex 71.5693 9.68785 0
      vertex 71.6 10 0
    endloop
  endfacet
  facet normal 0 0 -1
    outer loop
      vertex 80 0 0
      vertex 71.4782 9.38771 0
      vertex 71.5693 9.68785 0
    endloop
  endfacet
  facet normal 0 0 -1
    outer loop
      vertex 80 0 0
      vertex 71.3304 9.11109 0
      vertex 71.4782 9.38771 0
    endloop
  endfacet
  facet normal 0 0 -1
    outer loop
      vertex 80 0 0
      vertex 71.1314 8.86863 0
      vertex 71.3304 9.11109 0
    endloop
  endfacet
  facet normal 0 0 -1
    outer loop
      vertex 80 0 0
      vertex 70.8889 8.66965 0
      vertex 71.1314 8.86863 0
    endloop
  endfacet
  facet normal 0 0 -1
    outer loop
      vertex 80 0 0
      vertex 70.6123 8.52179 0
      vertex 70.8889 8.66965 0
    endloop
  endfacet
  facet normal 0 0 -1
    outer loop
      vertex 80 0 0
      vertex 70.3121 8.43074 0
      vertex 70.6123 8.52179 0
    endloop
  endfacet
  facet normal 0 0 -1
    outer loop
      vertex 80 0 0
      vertex 70 8.4 0
      vertex 70.3121 8.43074 0
    endloop
  endfacet
  facet normal 0 0 -1
    outer loop
      vertex 80 0 0
      vertex 69.6879 8.43074 0
      vertex 70 8.4 0
    endloop
  endfacet
  facet normal 0 0 -1
    outer loop
      vertex 60.3121 8.43074 0
      vertex 69.6879 8.43074 0
      vertex 80 0 0
    endloop
  endfacet
  facet normal 0 0 -1
    outer loop
      vertex 69.6879 8.43074 0
      vertex 60.3121 8.43074 0
      vertex 69.3877 8.52179 0
    endloop
  endfacet
  facet normal 0 0 -1
    outer loop
      vertex 68.4307 9.68785 0
      vertex 61.6 10 0
      vertex 68.4 10 0
    endloop
  endfacet
  facet normal 0 0 -1
    outer loop
      vertex 61.5693 9.68785 0
      vertex 68.4307 9.68785 0
      vertex 68.5218 9.38771 0
    endloop
  endfacet
  facet normal 0 0 -1
    outer loop
      vertex 61.4782 9.38771 0
      vertex 68.5218 9.38771 0
      vertex 68.6696 9.11109 0
    endloop
  endfacet
  facet normal 0 0 -1
    outer loop
      vertex 61.3304 9.11109 0
      vertex 68.6696 9.11109 0
      vertex 68.8686 8.86863 0
    endloop
  endfacet
  facet normal 0 0 -1
    outer loop
      vertex 61.1314 8.86863 0
      vertex 68.8686 8.86863 0
      vertex 69.1111 8.66965 0
    endloop
  endfacet
  facet normal 0 0 -1
    outer loop
      vertex 69.3877 8.52179 0
      vertex 60.6123 8.52179 0
      vertex 69.1111 8.66965 0
    endloop
  endfacet
  facet normal 0 0 -1
    outer loop
      vertex 68.4307 9.68785 0
      vertex 61.5693 9.68785 0
      vertex 61.6 10 0
    endloop
  endfacet
  facet normal 0 0 -1
    outer loop
      vertex 68.5218 9.38771 0
      vertex 61.4782 9.38771 0
      vertex 61.5693 9.68785 0
    endloop
  endfacet
  facet normal 0 0 -1
    outer loop
      vertex 68.6696 9.11109 0
      vertex 61.3304 9.11109 0
      vertex 61.4782 9.38771 0
    endloop
  endfacet
  facet normal 0 0 -1
    outer loop
      vertex 68.8686 8.86863 0
      vertex 61.1314 8.86863 0
      vertex 61.3304 9.11109 0
    endloop
  endfacet
  facet normal 0 0 -1
    outer loop
      vertex 69.1111 8.66965 0
      vertex 60.8889 8.66965 0
      vertex 61.1314 8.86863 0
    endloop
  endfacet
  facet normal -0 0 -1
    outer loop
      vertex 69.1111 8.66965 0
      vertex 60.6123 8.52179 0
      vertex 60.8889 8.66965 0
    endloop
  endfacet
  facet normal -0 0 -1
    outer loop
      vertex 69.3877 8.52179 0
      vertex 60.3121 8.43074 0
      vertex 60.6123 8.52179 0
    endloop
  endfacet
  facet normal 0 0 -1
    outer loop
      vertex 80 0 0
      vertex 60 8.4 0
      vertex 60.3121 8.43074 0
    endloop
  endfacet
  facet normal 0 0 -1
    outer loop
      vertex 80 0 0
      vertex 59.6879 8.43074 0
      vertex 60 8.4 0
    endloop
  endfacet
  facet normal 0 0 -1
    outer loop
      vertex 50.3121 8.43074 0
      vertex 59.6879 8.43074 0
      vertex 80 0 0
    endloop
  endfacet
  facet normal 0 0 -1
    outer loop
      vertex 58.4307 9.68785 0
      vertex 51.6 10 0
      vertex 58.4 10 0
    endloop
  endfacet
  facet normal 0 0 -1
    outer loop
      vertex 51.5693 9.68785 0
      vertex 58.4307 9.68785 0
      vertex 58.5218 9.38771 0
    endloop
  endfacet
  facet normal 0 0 -1
    outer loop
      vertex 51.4782 9.38771 0
      vertex 58.5218 9.38771 0
      vertex 58.6696 9.11109 0
    endloop
  endfacet
  facet normal 0 0 -1
    outer loop
      vertex 51.3304 9.11109 0
      vertex 58.6696 9.11109 0
      vertex 58.8686 8.86863 0
    endloop
  endfacet
  facet normal 0 0 -1
    outer loop
      vertex 51.1314 8.86863 0
      vertex 58.8686 8.86863 0
      vertex 59.1111 8.66965 0
    endloop
  endfacet
  facet normal 0 0 -1
    outer loop
      vertex 50.8889 8.66965 0
      vertex 59.1111 8.66965 0
      vertex 59.3877 8.52179 0
    endloop
  endfacet
  facet normal 0 0 -1
    outer loop
      vertex 59.6879 8.43074 0
      vertex 50.3121 8.43074 0
      vertex 59.3877 8.52179 0
    endloop
  endfacet
  facet normal 0 0 -1
    outer loop
      vertex 58.4307 9.68785 0
      vertex 51.5693 9.68785 0
      vertex 51.6 10 0
    endloop
  endfacet
  facet normal 0 0 -1
    outer loop
      vertex 58.5218 9.38771 0
      vertex 51.4782 9.38771 0
      vertex 51.5693 9.68785 0
    endloop
  endfacet
  facet normal 0 0 -1
    outer loop
      vertex 58.6696 9.11109 0
      vertex 51.3304 9.11109 0
      vertex 51.4782 9.38771 0
    endloop
  endfacet
  facet normal 0 0 -1
    outer loop
      vertex 58.8686 8.86863 0
      vertex 51.1314 8.86863 0
      vertex 51.3304 9.11109 0
    endloop
  endfacet
  facet normal 0 0 -1
    outer loop
      vertex 59.1111 8.66965 0
      vertex 50.8889 8.66965 0
      vertex 51.1314 8.86863 0
    endloop
  endfacet
  facet normal 0 0 -1
    outer loop
      vertex 59.3877 8.52179 0
      vertex 50.6123 8.52179 0
      vertex 50.8889 8.66965 0
    endloop
  endfacet
  facet normal -0 0 -1
    outer loop
      vertex 59.3877 8.52179 0
      vertex 50.3121 8.43074 0
      vertex 50.6123 8.52179 0
    endloop
  endfacet
  facet normal 0 0 -1
    outer loop
      vertex 80 0 0
      vertex 50 8.4 0
      vertex 50.3121 8.43074 0
    endloop
  endfacet
  facet normal 0 0 -1
    outer loop
      vertex 40 8.4 0
      vertex 50 8.4 0
      vertex 80 0 0
    endloop
  endfacet
  facet normal 0 0 -1
    outer loop
      vertex 48.4307 9.68785 0
      vertex 41.6 10 0
      vertex 48.4 10 0
    endloop
  endfacet
  facet normal 0 0 -1
    outer loop
      vertex 41.5693 9.68785 0
      vertex 48.4307 9.68785 0
      vertex 48.5218 9.38771 0
    endloop
  endfacet
  facet normal 0 0 -1
    outer loop
      vertex 41.4782 9.38771 0
      vertex 48.5218 9.38771 0
      vertex 48.6696 9.11109 0
    endloop
  endfacet
  facet normal 0 0 -1
    outer loop
      vertex 41.3304 9.11109 0
      vertex 48.6696 9.11109 0
      vertex 48.8686 8.86863 0
    endloop
  endfacet
  facet normal 0 0 -1
    outer loop
      vertex 41.1314 8.86863 0
      vertex 48.8686 8.86863 0
      vertex 49.1111 8.66965 0
    endloop
  endfacet
  facet normal 0 0 -1
    outer loop
      vertex 40.8889 8.66965 0
      vertex 49.1111 8.66965 0
      vertex 49.3877 8.52179 0
    endloop
  endfacet
  facet normal 0 0 -1
    outer loop
      vertex 40.6123 8.52179 0
      vertex 49.3877 8.52179 0
      vertex 49.6879 8.43074 0
    endloop
  endfacet
  facet normal 0 0 -1
    outer loop
      vertex 50 8.4 0
      vertex 40 8.4 0
      vertex 49.6879 8.43074 0
    endloop
  endfacet
  facet normal 0 0 -1
    outer loop
      vertex 48.4307 9.68785 0
      vertex 41.5693 9.68785 0
      vertex 41.6 10 0
    endloop
  endfacet
  facet normal 0 0 -1
    outer loop
      vertex 48.5218 9.38771 0
      vertex 41.4782 9.38771 0
      vertex 41.5693 9.68785 0
    endloop
  endfacet
  facet normal 0 0 -1
    outer loop
      vertex 48.6696 9.11109 0
      vertex 41.3304 9.11109 0
      vertex 41.4782 9.38771 0
    endloop
  endfacet
  facet normal 0 0 -1
    outer loop
      vertex 48.8686 8.86863 0
      vertex 41.1314 8.86863 0
      vertex 41.3304 9.11109 0
    endloop
  endfacet
  facet normal 0 0 -1
    outer loop
      vertex 49.1111 8.66965 0
      vertex 40.8889 8.66965 0
      vertex 41.1314 8.86863 0
    endloop
  endfacet
  facet normal 0 0 -1
    outer loop
      vertex 49.3877 8.52179 0
      vertex 40.6123 8.52179 0
      vertex 40.8889 8.66965 0
    endloop
  endfacet
  facet normal 0 0 -1
    outer loop
      vertex 49.6879 8.43074 0
      vertex 40.3121 8.43074 0
      vertex 40.6123 8.52179 0
    endloop
  endfacet
  facet normal -0 0 -1
    outer loop
      vertex 49.6879 8.43074 0
      vertex 40 8.4 0
      vertex 40.3121 8.43074 0
    endloop
  endfacet
  facet normal 0 0 -1
    outer loop
      vertex 0 0 0
      vertex 40 8.4 0
      vertex 80 0 0
    endloop
  endfacet
  facet normal 0 0 -1
    outer loop
      vertex 38.4307 9.68785 0
      vertex 31.6 10 0
      vertex 38.4 10 0
    endloop
  endfacet
  facet normal 0 0 -1
    outer loop
      vertex 31.5693 9.68785 0
      vertex 38.4307 9.68785 0
      vertex 38.5218 9.38771 0
    endloop
  endfacet
  facet normal 0 0 -1
    outer loop
      vertex 31.4782 9.38771 0
      vertex 38.5218 9.38771 0
      vertex 38.6696 9.11109 0
    endloop
  endfacet
  facet normal 0 0 -1
    outer loop
      vertex 31.3304 9.11109 0
      vertex 38.6696 9.11109 0
      vertex 38.8686 8.86863 0
    endloop
  endfacet
  facet normal 0 0 -1
    outer loop
      vertex 31.1314 8.86863 0
      vertex 38.8686 8.86863 0
      vertex 39.1111 8.66965 0
    endloop
  endfacet
  facet normal 0 0 -1
    outer loop
      vertex 30.8889 8.66965 0
      vertex 39.1111 8.66965 0
      vertex 39.3877 8.52179 0
    endloop
  endfacet
  facet normal 0 0 -1
    outer loop
      vertex 30.6123 8.52179 0
      vertex 39.3877 8.52179 0
      vertex 39.6879 8.43074 0
    endloop
  endfacet
  facet normal 0 -0 -1
    outer loop
      vertex 30 8.4 0
      vertex 40 8.4 0
      vertex 0 0 0
    endloop
  endfacet
  facet normal 0 0 -1
    outer loop
      vertex 38.4307 9.68785 0
      vertex 31.5693 9.68785 0
      vertex 31.6 10 0
    endloop
  endfacet
  facet normal 0 0 -1
    outer loop
      vertex 38.5218 9.38771 0
      vertex 31.4782 9.38771 0
      vertex 31.5693 9.68785 0
    endloop
  endfacet
  facet normal 0 0 -1
    outer loop
      vertex 38.6696 9.11109 0
      vertex 31.3304 9.11109 0
      vertex 31.4782 9.38771 0
    endloop
  endfacet
  facet normal 0 0 -1
    outer loop
      vertex 38.8686 8.86863 0
      vertex 31.1314 8.86863 0
      vertex 31.3304 9.11109 0
    endloop
  endfacet
  facet normal 0 0 -1
    outer loop
      vertex 39.1111 8.66965 0
      vertex 30.8889 8.66965 0
      vertex 31.1314 8.86863 0
    endloop
  endfacet
  facet normal 0 0 -1
    outer loop
      vertex 39.3877 8.52179 0
      vertex 30.6123 8.52179 0
      vertex 30.8889 8.66965 0
    endloop
  endfacet
  facet normal 0 0 -1
    outer loop
      vertex 39.6879 8.43074 0
      vertex 30.3121 8.43074 0
      vertex 30.6123 8.52179 0
    endloop
  endfacet
  facet normal -0 0 -1
    outer loop
      vertex 39.6879 8.43074 0
      vertex 30 8.4 0
      vertex 30.3121 8.43074 0
    endloop
  endfacet
  facet normal 0 0 -1
    outer loop
      vertex 40 8.4 0
      vertex 30 8.4 0
      vertex 39.6879 8.43074 0
    endloop
  endfacet
  facet normal 0 0 -1
    outer loop
      vertex 28.4307 9.68785 0
      vertex 21.6 10 0
      vertex 28.4 10 0
    endloop
  endfacet
  facet normal 0 0 -1
    outer loop
      vertex 21.5693 9.68785 0
      vertex 28.4307 9.68785 0
      vertex 28.5218 9.38771 0
    endloop
  endfacet
  facet normal 0 0 -1
    outer loop
      vertex 21.4782 9.38771 0
      vertex 28.5218 9.38771 0
      vertex 28.6696 9.11109 0
    endloop
  endfacet
  facet normal 0 0 -1
    outer loop
      vertex 21.3304 9.11109 0
      vertex 28.6696 9.11109 0
      vertex 28.8686 8.86863 0
    endloop
  endfacet
  facet normal 0 0 -1
    outer loop
      vertex 21.1314 8.86863 0
      vertex 28.8686 8.86863 0
      vertex 29.1111 8.66965 0
    endloop
  endfacet
  facet normal 0 0 -1
    outer loop
      vertex 20.8889 8.66965 0
      vertex 29.1111 8.66965 0
      vertex 29.3877 8.52179 0
    endloop
  endfacet
  facet normal 0 0 -1
    outer loop
      vertex 20.6123 8.52179 0
      vertex 29.3877 8.52179 0
      vertex 29.6879 8.43074 0
    endloop
  endfacet
  facet normal 0 0 -1
    outer loop
      vertex 28.4307 9.68785 0
      vertex 21.5693 9.68785 0
      vertex 21.6 10 0
    endloop
  endfacet
  facet normal -0 0 -1
    outer loop
      vertex 30 8.4 0
      vertex 0 0 0
      vertex 29.6879 8.43074 0
    endloop
  endfacet
  facet normal 0 0 -1
    outer loop
      vertex 28.5218 9.38771 0
      vertex 21.4782 9.38771 0
      vertex 21.5693 9.68785 0
    endloop
  endfacet
  facet normal 0 0 -1
    outer loop
      vertex 28.6696 9.11109 0
      vertex 21.3304 9.11109 0
      vertex 21.4782 9.38771 0
    endloop
  endfacet
  facet normal 0 0 -1
    outer loop
      vertex 28.8686 8.86863 0
      vertex 21.1314 8.86863 0
      vertex 21.3304 9.11109 0
    endloop
  endfacet
  facet normal 0 0 -1
    outer loop
      vertex 29.1111 8.66965 0
      vertex 20.8889 8.66965 0
      vertex 21.1314 8.86863 0
    endloop
  endfacet
  facet normal 0 0 -1
    outer loop
      vertex 29.3877 8.52179 0
      vertex 20.6123 8.52179 0
      vertex 20.8889 8.66965 0
    endloop
  endfacet
  facet normal 0 0 -1
    outer loop
      vertex 29.6879 8.43074 0
      vertex 20.3121 8.43074 0
      vertex 20.6123 8.52179 0
    endloop
  endfacet
  facet normal -0 0 -1
    outer loop
      vertex 29.6879 8.43074 0
      vertex 0 0 0
      vertex 20.3121 8.43074 0
    endloop
  endfacet
  facet normal 0 0 -1
    outer loop
      vertex 20.3121 8.43074 0
      vertex 0 0 0
      vertex 20 8.4 0
    endloop
  endfacet
  facet normal 0 0 -1
    outer loop
      vertex 18.4307 9.68785 0
      vertex 11.6 10 0
      vertex 18.4 10 0
    endloop
  endfacet
  facet normal 0 0 -1
    outer loop
      vertex 11.5693 9.68785 0
      vertex 18.4307 9.68785 0
      vertex 18.5218 9.38771 0
    endloop
  endfacet
  facet normal 0 0 -1
    outer loop
      vertex 11.4782 9.38771 0
      vertex 18.5218 9.38771 0
      vertex 18.6696 9.11109 0
    endloop
  endfacet
  facet normal 0 0 -1
    outer loop
      vertex 11.3304 9.11109 0
      vertex 18.6696 9.11109 0
      vertex 18.8686 8.86863 0
    endloop
  endfacet
  facet normal 0 0 -1
    outer loop
      vertex 11.1314 8.86863 0
      vertex 18.8686 8.86863 0
      vertex 19.1111 8.66965 0
    endloop
  endfacet
  facet normal 0 0 -1
    outer loop
      vertex 10.8889 8.66965 0
      vertex 19.1111 8.66965 0
      vertex 19.3877 8.52179 0
    endloop
  endfacet
  facet normal 0 0 -1
    outer loop
      vertex 10.6123 8.52179 0
      vertex 19.3877 8.52179 0
      vertex 19.6879 8.43074 0
    endloop
  endfacet
  facet normal 0 0 -1
    outer loop
      vertex 18.4307 9.68785 0
      vertex 11.5693 9.68785 0
      vertex 11.6 10 0
    endloop
  endfacet
  facet normal 0 0 -1
    outer loop
      vertex 18.5218 9.38771 0
      vertex 11.4782 9.38771 0
      vertex 11.5693 9.68785 0
    endloop
  endfacet
  facet normal -0 0 -1
    outer loop
      vertex 20 8.4 0
      vertex 0 0 0
      vertex 19.6879 8.43074 0
    endloop
  endfacet
  facet normal 0 0 -1
    outer loop
      vertex 18.6696 9.11109 0
      vertex 11.3304 9.11109 0
      vertex 11.4782 9.38771 0
    endloop
  endfacet
  facet normal 0 0 -1
    outer loop
      vertex 18.8686 8.86863 0
      vertex 11.1314 8.86863 0
      vertex 11.3304 9.11109 0
    endloop
  endfacet
  facet normal 0 0 -1
    outer loop
      vertex 19.1111 8.66965 0
      vertex 10.8889 8.66965 0
      vertex 11.1314 8.86863 0
    endloop
  endfacet
  facet normal 0 -0 -1
    outer loop
      vertex 10.3121 8.43074 0
      vertex 19.6879 8.43074 0
      vertex 0 0 0
    endloop
  endfacet
  facet normal 0 0 -1
    outer loop
      vertex 19.3877 8.52179 0
      vertex 10.6123 8.52179 0
      vertex 10.8889 8.66965 0
    endloop
  endfacet
  facet normal 0 0 -1
    outer loop
      vertex 19.6879 8.43074 0
      vertex 10.3121 8.43074 0
      vertex 10.6123 8.52179 0
    endloop
  endfacet
  facet normal 0 0 -1
    outer loop
      vertex 10.3121 8.43074 0
      vertex 0 0 0
      vertex 10 8.4 0
    endloop
  endfacet
  facet normal -0 0 -1
    outer loop
      vertex 8.43074 9.68785 0
      vertex 0 0 0
      vertex 8.4 10 0
    endloop
  endfacet
  facet normal -0 0 -1
    outer loop
      vertex 8.52179 9.38771 0
      vertex 0 0 0
      vertex 8.43074 9.68785 0
    endloop
  endfacet
  facet normal -0 0 -1
    outer loop
      vertex 8.66965 9.11109 0
      vertex 0 0 0
      vertex 8.52179 9.38771 0
    endloop
  endfacet
  facet normal -0 0 -1
    outer loop
      vertex 8.86863 8.86863 0
      vertex 0 0 0
      vertex 8.66965 9.11109 0
    endloop
  endfacet
  facet normal -0 0 -1
    outer loop
      vertex 9.11109 8.66965 0
      vertex 0 0 0
      vertex 8.86863 8.86863 0
    endloop
  endfacet
  facet normal -0 0 -1
    outer loop
      vertex 9.38771 8.52179 0
      vertex 0 0 0
      vertex 9.11109 8.66965 0
    endloop
  endfacet
  facet normal -0 0 -1
    outer loop
      vertex 9.68785 8.43074 0
      vertex 0 0 0
      vertex 9.38771 8.52179 0
    endloop
  endfacet
  facet normal -0 0 -1
    outer loop
      vertex 10 8.4 0
      vertex 0 0 0
      vertex 9.68785 8.43074 0
    endloop
  endfacet
  facet normal 0 0 -1
    outer loop
      vertex 71.5693 10.3121 0
      vertex 80 20 0
      vertex 71.6 10 0
    endloop
  endfacet
  facet normal 0 0 -1
    outer loop
      vertex 71.4782 10.6123 0
      vertex 80 20 0
      vertex 71.5693 10.3121 0
    endloop
  endfacet
  facet normal 0 0 -1
    outer loop
      vertex 71.3304 10.8889 0
      vertex 80 20 0
      vertex 71.4782 10.6123 0
    endloop
  endfacet
  facet normal 0 0 -1
    outer loop
      vertex 71.1314 11.1314 0
      vertex 80 20 0
      vertex 71.3304 10.8889 0
    endloop
  endfacet
  facet normal 0 0 -1
    outer loop
      vertex 70.8889 11.3304 0
      vertex 80 20 0
      vertex 71.1314 11.1314 0
    endloop
  endfacet
  facet normal 0 0 -1
    outer loop
      vertex 70.6123 11.4782 0
      vertex 80 20 0
      vertex 70.8889 11.3304 0
    endloop
  endfacet
  facet normal 0 0 -1
    outer loop
      vertex 70.3121 11.5693 0
      vertex 80 20 0
      vertex 70.6123 11.4782 0
    endloop
  endfacet
  facet normal 0 0 -1
    outer loop
      vertex 70 11.6 0
      vertex 80 20 0
      vertex 70.3121 11.5693 0
    endloop
  endfacet
  facet normal 0 0 -1
    outer loop
      vertex 69.6879 11.5693 0
      vertex 80 20 0
      vertex 70 11.6 0
    endloop
  endfacet
  facet normal 0 0 -1
    outer loop
      vertex 60.3121 11.5693 0
      vertex 69.6879 11.5693 0
      vertex 69.3877 11.4782 0
    endloop
  endfacet
  facet normal 0 0 -1
    outer loop
      vertex 60.6123 11.4782 0
      vertex 69.3877 11.4782 0
      vertex 69.1111 11.3304 0
    endloop
  endfacet
  facet normal 0 0 -1
    outer loop
      vertex 61.6 10 0
      vertex 68.4307 10.3121 0
      vertex 68.4 10 0
    endloop
  endfacet
  facet normal 0 0 -1
    outer loop
      vertex 61.5693 10.3121 0
      vertex 68.4307 10.3121 0
      vertex 61.6 10 0
    endloop
  endfacet
  facet normal 0 0 -1
    outer loop
      vertex 68.4307 10.3121 0
      vertex 61.5693 10.3121 0
      vertex 68.5218 10.6123 0
    endloop
  endfacet
  facet normal 0 0 -1
    outer loop
      vertex 61.4782 10.6123 0
      vertex 68.5218 10.6123 0
      vertex 61.5693 10.3121 0
    endloop
  endfacet
  facet normal 0 0 -1
    outer loop
      vertex 68.5218 10.6123 0
      vertex 61.4782 10.6123 0
      vertex 68.6696 10.8889 0
    endloop
  endfacet
  facet normal 0 0 -1
    outer loop
      vertex 61.3304 10.8889 0
      vertex 68.6696 10.8889 0
      vertex 61.4782 10.6123 0
    endloop
  endfacet
  facet normal 0 0 -1
    outer loop
      vertex 68.6696 10.8889 0
      vertex 61.3304 10.8889 0
      vertex 68.8686 11.1314 0
    endloop
  endfacet
  facet normal 0 0 -1
    outer loop
      vertex 61.1314 11.1314 0
      vertex 68.8686 11.1314 0
      vertex 61.3304 10.8889 0
    endloop
  endfacet
  facet normal 0 0 -1
    outer loop
      vertex 68.8686 11.1314 0
      vertex 61.1314 11.1314 0
      vertex 69.1111 11.3304 0
    endloop
  endfacet
  facet normal 0 0 -1
    outer loop
      vertex 60.8889 11.3304 0
      vertex 69.1111 11.3304 0
      vertex 61.1314 11.1314 0
    endloop
  endfacet
  facet normal 0 0 -1
    outer loop
      vertex 60.6123 11.4782 0
      vertex 69.1111 11.3304 0
      vertex 60.8889 11.3304 0
    endloop
  endfacet
  facet normal 0 0 -1
    outer loop
      vertex 60.3121 11.5693 0
      vertex 69.3877 11.4782 0
      vertex 60.6123 11.4782 0
    endloop
  endfacet
  facet normal 0 0 -1
    outer loop
      vertex 69.6879 11.5693 0
      vertex 60.3121 11.5693 0
      vertex 80 20 0
    endloop
  endfacet
  facet normal 0 0 -1
    outer loop
      vertex 60 11.6 0
      vertex 80 20 0
      vertex 60.3121 11.5693 0
    endloop
  endfacet
  facet normal 0 0 -1
    outer loop
      vertex 59.6879 11.5693 0
      vertex 80 20 0
      vertex 60 11.6 0
    endloop
  endfacet
  facet normal 0 0 -1
    outer loop
      vertex 50.3121 11.5693 0
      vertex 59.6879 11.5693 0
      vertex 59.3877 11.4782 0
    endloop
  endfacet
  facet normal 0 0 -1
    outer loop
      vertex 51.6 10 0
      vertex 58.4307 10.3121 0
      vertex 58.4 10 0
    endloop
  endfacet
  facet normal 0 0 -1
    outer loop
      vertex 51.5693 10.3121 0
      vertex 58.4307 10.3121 0
      vertex 51.6 10 0
    endloop
  endfacet
  facet normal 0 0 -1
    outer loop
      vertex 58.4307 10.3121 0
      vertex 51.5693 10.3121 0
      vertex 58.5218 10.6123 0
    endloop
  endfacet
  facet normal 0 0 -1
    outer loop
      vertex 51.4782 10.6123 0
      vertex 58.5218 10.6123 0
      vertex 51.5693 10.3121 0
    endloop
  endfacet
  facet normal 0 0 -1
    outer loop
      vertex 58.5218 10.6123 0
      vertex 51.4782 10.6123 0
      vertex 58.6696 10.8889 0
    endloop
  endfacet
  facet normal 0 0 -1
    outer loop
      vertex 51.3304 10.8889 0
      vertex 58.6696 10.8889 0
      vertex 51.4782 10.6123 0
    endloop
  endfacet
  facet normal 0 0 -1
    outer loop
      vertex 58.6696 10.8889 0
      vertex 51.3304 10.8889 0
      vertex 58.8686 11.1314 0
    endloop
  endfacet
  facet normal 0 0 -1
    outer loop
      vertex 51.1314 11.1314 0
      vertex 58.8686 11.1314 0
      vertex 51.3304 10.8889 0
    endloop
  endfacet
  facet normal 0 0 -1
    outer loop
      vertex 58.8686 11.1314 0
      vertex 51.1314 11.1314 0
      vertex 59.1111 11.3304 0
    endloop
  endfacet
  facet normal 0 0 -1
    outer loop
      vertex 50.8889 11.3304 0
      vertex 59.1111 11.3304 0
      vertex 51.1314 11.1314 0
    endloop
  endfacet
  facet normal 0 0 -1
    outer loop
      vertex 59.1111 11.3304 0
      vertex 50.8889 11.3304 0
      vertex 59.3877 11.4782 0
    endloop
  endfacet
  facet normal 0 0 -1
    outer loop
      vertex 50.6123 11.4782 0
      vertex 59.3877 11.4782 0
      vertex 50.8889 11.3304 0
    endloop
  endfacet
  facet normal 0 0 -1
    outer loop
      vertex 50.3121 11.5693 0
      vertex 59.3877 11.4782 0
      vertex 50.6123 11.4782 0
    endloop
  endfacet
  facet normal 0 0 -1
    outer loop
      vertex 59.6879 11.5693 0
      vertex 50.3121 11.5693 0
      vertex 80 20 0
    endloop
  endfacet
  facet normal 0 0 -1
    outer loop
      vertex 50 11.6 0
      vertex 80 20 0
      vertex 50.3121 11.5693 0
    endloop
  endfacet
  facet normal 0 0 -1
    outer loop
      vertex 40 11.6 0
      vertex 50 11.6 0
      vertex 49.6879 11.5693 0
    endloop
  endfacet
  facet normal 0 0 -1
    outer loop
      vertex 41.6 10 0
      vertex 48.4307 10.3121 0
      vertex 48.4 10 0
    endloop
  endfacet
  facet normal 0 0 -1
    outer loop
      vertex 41.5693 10.3121 0
      vertex 48.4307 10.3121 0
      vertex 41.6 10 0
    endloop
  endfacet
  facet normal 0 0 -1
    outer loop
      vertex 48.4307 10.3121 0
      vertex 41.5693 10.3121 0
      vertex 48.5218 10.6123 0
    endloop
  endfacet
  facet normal 0 0 -1
    outer loop
      vertex 41.4782 10.6123 0
      vertex 48.5218 10.6123 0
      vertex 41.5693 10.3121 0
    endloop
  endfacet
  facet normal 0 0 -1
    outer loop
      vertex 48.5218 10.6123 0
      vertex 41.4782 10.6123 0
      vertex 48.6696 10.8889 0
    endloop
  endfacet
  facet normal 0 0 -1
    outer loop
      vertex 41.3304 10.8889 0
      vertex 48.6696 10.8889 0
      vertex 41.4782 10.6123 0
    endloop
  endfacet
  facet normal 0 0 -1
    outer loop
      vertex 48.6696 10.8889 0
      vertex 41.3304 10.8889 0
      vertex 48.8686 11.1314 0
    endloop
  endfacet
  facet normal 0 0 -1
    outer loop
      vertex 41.1314 11.1314 0
      vertex 48.8686 11.1314 0
      vertex 41.3304 10.8889 0
    endloop
  endfacet
  facet normal 0 0 -1
    outer loop
      vertex 48.8686 11.1314 0
      vertex 41.1314 11.1314 0
      vertex 49.1111 11.3304 0
    endloop
  endfacet
  facet normal 0 0 -1
    outer loop
      vertex 40.8889 11.3304 0
      vertex 49.1111 11.3304 0
      vertex 41.1314 11.1314 0
    endloop
  endfacet
  facet normal 0 0 -1
    outer loop
      vertex 49.1111 11.3304 0
      vertex 40.8889 11.3304 0
      vertex 49.3877 11.4782 0
    endloop
  endfacet
  facet normal 0 0 -1
    outer loop
      vertex 40.6123 11.4782 0
      vertex 49.3877 11.4782 0
      vertex 40.8889 11.3304 0
    endloop
  endfacet
  facet normal 0 0 -1
    outer loop
      vertex 49.3877 11.4782 0
      vertex 40.6123 11.4782 0
      vertex 49.6879 11.5693 0
    endloop
  endfacet
  facet normal 0 0 -1
    outer loop
      vertex 40.3121 11.5693 0
      vertex 49.6879 11.5693 0
      vertex 40.6123 11.4782 0
    endloop
  endfacet
  facet normal 0 0 -1
    outer loop
      vertex 40 11.6 0
      vertex 49.6879 11.5693 0
      vertex 40.3121 11.5693 0
    endloop
  endfacet
  facet normal 0 0 -1
    outer loop
      vertex 50 11.6 0
      vertex 40 11.6 0
      vertex 80 20 0
    endloop
  endfacet
  facet normal 0 0 -1
    outer loop
      vertex 30 11.6 0
      vertex 40 11.6 0
      vertex 39.6879 11.5693 0
    endloop
  endfacet
  facet normal 0 0 -1
    outer loop
      vertex 31.6 10 0
      vertex 38.4307 10.3121 0
      vertex 38.4 10 0
    endloop
  endfacet
  facet normal 0 0 -1
    outer loop
      vertex 31.5693 10.3121 0
      vertex 38.4307 10.3121 0
      vertex 31.6 10 0
    endloop
  endfacet
  facet normal 0 0 -1
    outer loop
      vertex 38.4307 10.3121 0
      vertex 31.5693 10.3121 0
      vertex 38.5218 10.6123 0
    endloop
  endfacet
  facet normal 0 0 -1
    outer loop
      vertex 31.4782 10.6123 0
      vertex 38.5218 10.6123 0
      vertex 31.5693 10.3121 0
    endloop
  endfacet
  facet normal 0 0 -1
    outer loop
      vertex 38.5218 10.6123 0
      vertex 31.4782 10.6123 0
      vertex 38.6696 10.8889 0
    endloop
  endfacet
  facet normal 0 0 -1
    outer loop
      vertex 31.3304 10.8889 0
      vertex 38.6696 10.8889 0
      vertex 31.4782 10.6123 0
    endloop
  endfacet
  facet normal 0 0 -1
    outer loop
      vertex 38.6696 10.8889 0
      vertex 31.3304 10.8889 0
      vertex 38.8686 11.1314 0
    endloop
  endfacet
  facet normal 0 0 -1
    outer loop
      vertex 31.1314 11.1314 0
      vertex 38.8686 11.1314 0
      vertex 31.3304 10.8889 0
    endloop
  endfacet
  facet normal 0 0 -1
    outer loop
      vertex 38.8686 11.1314 0
      vertex 31.1314 11.1314 0
      vertex 39.1111 11.3304 0
    endloop
  endfacet
  facet normal 0 0 -1
    outer loop
      vertex 30.8889 11.3304 0
      vertex 39.1111 11.3304 0
      vertex 31.1314 11.1314 0
    endloop
  endfacet
  facet normal 0 0 -1
    outer loop
      vertex 39.1111 11.3304 0
      vertex 30.8889 11.3304 0
      vertex 39.3877 11.4782 0
    endloop
  endfacet
  facet normal 0 0 -1
    outer loop
      vertex 30.6123 11.4782 0
      vertex 39.3877 11.4782 0
      vertex 30.8889 11.3304 0
    endloop
  endfacet
  facet normal 0 0 -1
    outer loop
      vertex 39.3877 11.4782 0
      vertex 30.6123 11.4782 0
      vertex 39.6879 11.5693 0
    endloop
  endfacet
  facet normal 0 0 -1
    outer loop
      vertex 30.3121 11.5693 0
      vertex 39.6879 11.5693 0
      vertex 30.6123 11.4782 0
    endloop
  endfacet
  facet normal 0 0 -1
    outer loop
      vertex 30 11.6 0
      vertex 39.6879 11.5693 0
      vertex 30.3121 11.5693 0
    endloop
  endfacet
  facet normal 0 0 -1
    outer loop
      vertex 40 11.6 0
      vertex 30 11.6 0
      vertex 0 20 0
    endloop
  endfacet
  facet normal 0 0 -1
    outer loop
      vertex 0 20 0
      vertex 30 11.6 0
      vertex 29.6879 11.5693 0
    endloop
  endfacet
  facet normal 0 0 -1
    outer loop
      vertex 21.6 10 0
      vertex 28.4307 10.3121 0
      vertex 28.4 10 0
    endloop
  endfacet
  facet normal 0 0 -1
    outer loop
      vertex 21.5693 10.3121 0
      vertex 28.4307 10.3121 0
      vertex 21.6 10 0
    endloop
  endfacet
  facet normal 0 0 -1
    outer loop
      vertex 28.4307 10.3121 0
      vertex 21.5693 10.3121 0
      vertex 28.5218 10.6123 0
    endloop
  endfacet
  facet normal 0 0 -1
    outer loop
      vertex 21.4782 10.6123 0
      vertex 28.5218 10.6123 0
      vertex 21.5693 10.3121 0
    endloop
  endfacet
  facet normal 0 0 -1
    outer loop
      vertex 28.5218 10.6123 0
      vertex 21.4782 10.6123 0
      vertex 28.6696 10.8889 0
    endloop
  endfacet
  facet normal 0 0 -1
    outer loop
      vertex 21.3304 10.8889 0
      vertex 28.6696 10.8889 0
      vertex 21.4782 10.6123 0
    endloop
  endfacet
  facet normal 0 0 -1
    outer loop
      vertex 28.6696 10.8889 0
      vertex 21.3304 10.8889 0
      vertex 28.8686 11.1314 0
    endloop
  endfacet
  facet normal 0 0 -1
    outer loop
      vertex 21.1314 11.1314 0
      vertex 28.8686 11.1314 0
      vertex 21.3304 10.8889 0
    endloop
  endfacet
  facet normal 0 0 -1
    outer loop
      vertex 28.8686 11.1314 0
      vertex 21.1314 11.1314 0
      vertex 29.1111 11.3304 0
    endloop
  endfacet
  facet normal 0 0 -1
    outer loop
      vertex 20.8889 11.3304 0
      vertex 29.1111 11.3304 0
      vertex 21.1314 11.1314 0
    endloop
  endfacet
  facet normal 0 0 -1
    outer loop
      vertex 29.1111 11.3304 0
      vertex 20.8889 11.3304 0
      vertex 29.3877 11.4782 0
    endloop
  endfacet
  facet normal 0 0 -1
    outer loop
      vertex 20.6123 11.4782 0
      vertex 29.3877 11.4782 0
      vertex 20.8889 11.3304 0
    endloop
  endfacet
  facet normal 0 0 -1
    outer loop
      vertex 29.3877 11.4782 0
      vertex 20.6123 11.4782 0
      vertex 29.6879 11.5693 0
    endloop
  endfacet
  facet normal 0 0 -1
    outer loop
      vertex 20.3121 11.5693 0
      vertex 29.6879 11.5693 0
      vertex 20.6123 11.4782 0
    endloop
  endfacet
  facet normal 0 0 -1
    outer loop
      vertex 0 20 0
      vertex 29.6879 11.5693 0
      vertex 20.3121 11.5693 0
    endloop
  endfacet
  facet normal 0 0 -1
    outer loop
      vertex 0 20 0
      vertex 20.3121 11.5693 0
      vertex 20 11.6 0
    endloop
  endfacet
  facet normal 0 0 -1
    outer loop
      vertex 0 20 0
      vertex 20 11.6 0
      vertex 19.6879 11.5693 0
    endloop
  endfacet
  facet normal 0 0 -1
    outer loop
      vertex 11.6 10 0
      vertex 18.4307 10.3121 0
      vertex 18.4 10 0
    endloop
  endfacet
  facet normal 0 0 -1
    outer loop
      vertex 11.5693 10.3121 0
      vertex 18.4307 10.3121 0
      vertex 11.6 10 0
    endloop
  endfacet
  facet normal 0 0 -1
    outer loop
      vertex 18.4307 10.3121 0
      vertex 11.5693 10.3121 0
      vertex 18.5218 10.6123 0
    endloop
  endfacet
  facet normal 0 0 -1
    outer loop
      vertex 11.4782 10.6123 0
      vertex 18.5218 10.6123 0
      vertex 11.5693 10.3121 0
    endloop
  endfacet
  facet normal 0 0 -1
    outer loop
      vertex 18.5218 10.6123 0
      vertex 11.4782 10.6123 0
      vertex 18.6696 10.8889 0
    endloop
  endfacet
  facet normal 0 0 -1
    outer loop
      vertex 11.3304 10.8889 0
      vertex 18.6696 10.8889 0
      vertex 11.4782 10.6123 0
    endloop
  endfacet
  facet normal 0 0 -1
    outer loop
      vertex 18.6696 10.8889 0
      vertex 11.3304 10.8889 0
      vertex 18.8686 11.1314 0
    endloop
  endfacet
  facet normal 0 0 -1
    outer loop
      vertex 11.1314 11.1314 0
      vertex 18.8686 11.1314 0
      vertex 11.3304 10.8889 0
    endloop
  endfacet
  facet normal 0 0 -1
    outer loop
      vertex 18.8686 11.1314 0
      vertex 11.1314 11.1314 0
      vertex 19.1111 11.3304 0
    endloop
  endfacet
  facet normal 0 0 -1
    outer loop
      vertex 10.8889 11.3304 0
      vertex 19.1111 11.3304 0
      vertex 11.1314 11.1314 0
    endloop
  endfacet
  facet normal 0 0 -1
    outer loop
      vertex 19.1111 11.3304 0
      vertex 10.8889 11.3304 0
      vertex 19.3877 11.4782 0
    endloop
  endfacet
  facet normal 0 0 -1
    outer loop
      vertex 10.6123 11.4782 0
      vertex 19.3877 11.4782 0
      vertex 10.8889 11.3304 0
    endloop
  endfacet
  facet normal 0 0 -1
    outer loop
      vertex 19.3877 11.4782 0
      vertex 10.6123 11.4782 0
      vertex 19.6879 11.5693 0
    endloop
  endfacet
  facet normal 0 0 -1
    outer loop
      vertex 10.3121 11.5693 0
      vertex 19.6879 11.5693 0
      vertex 10.6123 11.4782 0
    endloop
  endfacet
  facet normal 0 0 -1
    outer loop
      vertex 19.6879 11.5693 0
      vertex 10.3121 11.5693 0
      vertex 0 20 0
    endloop
  endfacet
  facet normal 0 0 -1
    outer loop
      vertex 0 20 0
      vertex 10.3121 11.5693 0
      vertex 10 11.6 0
    endloop
  endfacet
  facet normal 0 0 -1
    outer loop
      vertex 0 20 0
      vertex 10 11.6 0
      vertex 9.68785 11.5693 0
    endloop
  endfacet
  facet normal 0 0 -1
    outer loop
      vertex 0 20 0
      vertex 8.4 10 0
      vertex 0 0 0
    endloop
  endfacet
  facet normal 0 0 -1
    outer loop
      vertex 8.4 10 0
      vertex 0 20 0
      vertex 8.43074 10.3121 0
    endloop
  endfacet
  facet normal 0 0 -1
    outer loop
      vertex 8.43074 10.3121 0
      vertex 0 20 0
      vertex 8.52179 10.6123 0
    endloop
  endfacet
  facet normal 0 0 -1
    outer loop
      vertex 40 11.6 0
      vertex 0 20 0
      vertex 80 20 0
    endloop
  endfacet
  facet normal 0 0 -1
    outer loop
      vertex 9.38771 11.4782 0
      vertex 0 20 0
      vertex 9.68785 11.5693 0
    endloop
  endfacet
  facet normal 0 0 -1
    outer loop
      vertex 9.11109 11.3304 0
      vertex 0 20 0
      vertex 9.38771 11.4782 0
    endloop
  endfacet
  facet normal 0 0 -1
    outer loop
      vertex 8.86863 11.1314 0
      vertex 0 20 0
      vertex 9.11109 11.3304 0
    endloop
  endfacet
  facet normal 0 0 -1
    outer loop
      vertex 8.66965 10.8889 0
      vertex 0 20 0
      vertex 8.86863 11.1314 0
    endloop
  endfacet
  facet normal 0 0 -1
    outer loop
      vertex 8.52179 10.6123 0
      vertex 0 20 0
      vertex 8.66965 10.8889 0
    endloop
  endfacet
  facet normal 0 -1 0
    outer loop
      vertex 0 0 0
      vertex 80 0 2
      vertex 0 0 2
    endloop
  endfacet
  facet normal 0 -1 -0
    outer loop
      vertex 80 0 2
      vertex 0 0 0
      vertex 80 0 0
    endloop
  endfacet
  facet normal 0 1 -0
    outer loop
      vertex 80 20 0
      vertex 0 20 2
      vertex 80 20 2
    endloop
  endfacet
  facet normal 0 1 0
    outer loop
      vertex 0 20 2
      vertex 80 20 0
      vertex 0 20 0
    endloop
  endfacet
endsolid OpenSCAD_Model
