solid OpenSCAD_Model
  facet normal -0.970083 -0.242775 0
    outer loop
      vertex -20.3327 -9.66835 -2.5
      vertex -20.3732 -9.50652 2.5
      vertex -20.3732 -9.50652 -2.5
    endloop
  endfacet
  facet normal -0.970083 -0.242775 0
    outer loop
      vertex -20.3732 -9.50652 2.5
      vertex -20.3327 -9.66835 -2.5
      vertex -20.3327 -9.66835 2.5
    endloop
  endfacet
  facet normal -0.998791 -0.0491513 0
    outer loop
      vertex -20.3 -10 -2.5
      vertex -20.3082 -9.83337 2.5
      vertex -20.3082 -9.83337 -2.5
    endloop
  endfacet
  facet normal -0.998791 -0.0491513 0
    outer loop
      vertex -20.3082 -9.83337 2.5
      vertex -20.3 -10 -2.5
      vertex -20.3 -10 2.5
    endloop
  endfacet
  facet normal 0.998791 -0.0491513 0
    outer loop
      vertex -23.7 -10 2.5
      vertex -23.6918 -9.83337 -2.5
      vertex -23.6918 -9.83337 2.5
    endloop
  endfacet
  facet normal 0.998791 -0.0491513 0
    outer loop
      vertex -23.6918 -9.83337 -2.5
      vertex -23.7 -10 2.5
      vertex -23.7 -10 -2.5
    endloop
  endfacet
  facet normal -0.0491004 -0.998794 0
    outer loop
      vertex -22 -8.3 -2.5
      vertex -21.8334 -8.30819 2.5
      vertex -22 -8.3 2.5
    endloop
  endfacet
  facet normal -0.0491004 -0.998794 -0
    outer loop
      vertex -21.8334 -8.30819 2.5
      vertex -22 -8.3 -2.5
      vertex -21.8334 -8.30819 -2.5
    endloop
  endfacet
  facet normal -0.67161 -0.740905 0
    outer loop
      vertex -20.9215 -8.68588 -2.5
      vertex -20.7979 -8.79792 2.5
      vertex -20.9215 -8.68588 2.5
    endloop
  endfacet
  facet normal -0.67161 -0.740905 -0
    outer loop
      vertex -20.7979 -8.79792 2.5
      vertex -20.9215 -8.68588 -2.5
      vertex -20.7979 -8.79792 -2.5
    endloop
  endfacet
  facet normal 0.67161 -0.740905 0
    outer loop
      vertex -23.2021 -8.79792 -2.5
      vertex -23.0785 -8.68588 2.5
      vertex -23.2021 -8.79792 2.5
    endloop
  endfacet
  facet normal 0.67161 -0.740905 0
    outer loop
      vertex -23.0785 -8.68588 2.5
      vertex -23.2021 -8.79792 -2.5
      vertex -23.0785 -8.68588 -2.5
    endloop
  endfacet
  facet normal 0.33683 -0.941566 0
    outer loop
      vertex -22.6506 -8.4294 -2.5
      vertex -22.4935 -8.3732 2.5
      vertex -22.6506 -8.4294 2.5
    endloop
  endfacet
  facet normal 0.33683 -0.941566 0
    outer loop
      vertex -22.4935 -8.3732 2.5
      vertex -22.6506 -8.4294 -2.5
      vertex -22.4935 -8.3732 -2.5
    endloop
  endfacet
  facet normal 0.803154 0.595772 0
    outer loop
      vertex -23.3141 -11.0785 2.5
      vertex -23.4135 -10.9445 -2.5
      vertex -23.4135 -10.9445 2.5
    endloop
  endfacet
  facet normal 0.803154 0.595772 0
    outer loop
      vertex -23.4135 -10.9445 -2.5
      vertex -23.3141 -11.0785 2.5
      vertex -23.3141 -11.0785 -2.5
    endloop
  endfacet
  facet normal -0.941552 -0.336868 0
    outer loop
      vertex -20.3732 -9.50652 -2.5
      vertex -20.4294 -9.34944 2.5
      vertex -20.4294 -9.34944 -2.5
    endloop
  endfacet
  facet normal -0.941552 -0.336868 0
    outer loop
      vertex -20.4294 -9.34944 2.5
      vertex -20.3732 -9.50652 -2.5
      vertex -20.3732 -9.50652 2.5
    endloop
  endfacet
  facet normal -0.427589 -0.903973 0
    outer loop
      vertex -21.3494 -8.4294 -2.5
      vertex -21.1986 -8.50073 2.5
      vertex -21.3494 -8.4294 2.5
    endloop
  endfacet
  facet normal -0.427589 -0.903973 -0
    outer loop
      vertex -21.1986 -8.50073 2.5
      vertex -21.3494 -8.4294 -2.5
      vertex -21.1986 -8.50073 -2.5
    endloop
  endfacet
  facet normal -0.595695 -0.803211 0
    outer loop
      vertex -21.0555 -8.5865 -2.5
      vertex -20.9215 -8.68588 2.5
      vertex -21.0555 -8.5865 2.5
    endloop
  endfacet
  facet normal -0.595695 -0.803211 -0
    outer loop
      vertex -20.9215 -8.68588 2.5
      vertex -21.0555 -8.5865 -2.5
      vertex -20.9215 -8.68588 -2.5
    endloop
  endfacet
  facet normal 0.857636 -0.514258 0
    outer loop
      vertex -23.4993 -9.19862 2.5
      vertex -23.4135 -9.05553 -2.5
      vertex -23.4135 -9.05553 2.5
    endloop
  endfacet
  facet normal 0.857636 -0.514258 0
    outer loop
      vertex -23.4135 -9.05553 -2.5
      vertex -23.4993 -9.19862 2.5
      vertex -23.4993 -9.19862 -2.5
    endloop
  endfacet
  facet normal 0.803154 -0.595772 0
    outer loop
      vertex -23.4135 -9.05553 2.5
      vertex -23.3141 -8.92153 -2.5
      vertex -23.3141 -8.92153 2.5
    endloop
  endfacet
  facet normal 0.803154 -0.595772 0
    outer loop
      vertex -23.3141 -8.92153 -2.5
      vertex -23.4135 -9.05553 2.5
      vertex -23.4135 -9.05553 -2.5
    endloop
  endfacet
  facet normal -0.904043 0.427442 0
    outer loop
      vertex -20.5007 -10.8014 -2.5
      vertex -20.4294 -10.6506 2.5
      vertex -20.4294 -10.6506 -2.5
    endloop
  endfacet
  facet normal -0.904043 0.427442 0
    outer loop
      vertex -20.4294 -10.6506 2.5
      vertex -20.5007 -10.8014 -2.5
      vertex -20.5007 -10.8014 2.5
    endloop
  endfacet
  facet normal -0.242818 0.970072 0
    outer loop
      vertex -21.5065 -11.6268 -2.5
      vertex -21.6683 -11.6673 2.5
      vertex -21.5065 -11.6268 2.5
    endloop
  endfacet
  facet normal -0.242818 0.970072 0
    outer loop
      vertex -21.6683 -11.6673 2.5
      vertex -21.5065 -11.6268 -2.5
      vertex -21.6683 -11.6673 -2.5
    endloop
  endfacet
  facet normal -0.741024 0.671478 0
    outer loop
      vertex -20.7979 -11.2021 -2.5
      vertex -20.6859 -11.0785 2.5
      vertex -20.6859 -11.0785 -2.5
    endloop
  endfacet
  facet normal -0.741024 0.671478 0
    outer loop
      vertex -20.6859 -11.0785 2.5
      vertex -20.7979 -11.2021 -2.5
      vertex -20.7979 -11.2021 2.5
    endloop
  endfacet
  facet normal -0.970072 0.242818 0
    outer loop
      vertex -20.3732 -10.4935 -2.5
      vertex -20.3327 -10.3317 2.5
      vertex -20.3327 -10.3317 -2.5
    endloop
  endfacet
  facet normal -0.970072 0.242818 0
    outer loop
      vertex -20.3327 -10.3317 2.5
      vertex -20.3732 -10.4935 -2.5
      vertex -20.3732 -10.4935 2.5
    endloop
  endfacet
  facet normal 0.33683 0.941566 -0
    outer loop
      vertex -22.4935 -11.6268 -2.5
      vertex -22.6506 -11.5706 2.5
      vertex -22.4935 -11.6268 2.5
    endloop
  endfacet
  facet normal 0.33683 0.941566 0
    outer loop
      vertex -22.6506 -11.5706 2.5
      vertex -22.4935 -11.6268 -2.5
      vertex -22.6506 -11.5706 -2.5
    endloop
  endfacet
  facet normal 0.514231 0.857652 -0
    outer loop
      vertex -22.8014 -11.4993 -2.5
      vertex -22.9445 -11.4135 2.5
      vertex -22.8014 -11.4993 2.5
    endloop
  endfacet
  facet normal 0.514231 0.857652 0
    outer loop
      vertex -22.9445 -11.4135 2.5
      vertex -22.8014 -11.4993 -2.5
      vertex -22.9445 -11.4135 -2.5
    endloop
  endfacet
  facet normal -0.904065 -0.427396 0
    outer loop
      vertex -20.4294 -9.34944 -2.5
      vertex -20.5007 -9.19862 2.5
      vertex -20.5007 -9.19862 -2.5
    endloop
  endfacet
  facet normal -0.904065 -0.427396 0
    outer loop
      vertex -20.5007 -9.19862 2.5
      vertex -20.4294 -9.34944 -2.5
      vertex -20.4294 -9.34944 2.5
    endloop
  endfacet
  facet normal -0.857636 -0.514258 0
    outer loop
      vertex -20.5007 -9.19862 -2.5
      vertex -20.5865 -9.05553 2.5
      vertex -20.5865 -9.05553 -2.5
    endloop
  endfacet
  facet normal -0.857636 -0.514258 0
    outer loop
      vertex -20.5865 -9.05553 2.5
      vertex -20.5007 -9.19862 -2.5
      vertex -20.5007 -9.19862 2.5
    endloop
  endfacet
  facet normal -0.803154 -0.595772 0
    outer loop
      vertex -20.5865 -9.05553 -2.5
      vertex -20.6859 -8.92153 2.5
      vertex -20.6859 -8.92153 -2.5
    endloop
  endfacet
  facet normal -0.803154 -0.595772 0
    outer loop
      vertex -20.6859 -8.92153 2.5
      vertex -20.5865 -9.05553 -2.5
      vertex -20.5865 -9.05553 2.5
    endloop
  endfacet
  facet normal -0.243043 -0.970015 0
    outer loop
      vertex -21.6683 -8.33266 -2.5
      vertex -21.5065 -8.3732 2.5
      vertex -21.6683 -8.33266 2.5
    endloop
  endfacet
  facet normal -0.243043 -0.970015 -0
    outer loop
      vertex -21.5065 -8.3732 2.5
      vertex -21.6683 -8.33266 -2.5
      vertex -21.5065 -8.3732 -2.5
    endloop
  endfacet
  facet normal -0.514099 -0.857731 0
    outer loop
      vertex -21.1986 -8.50073 -2.5
      vertex -21.0555 -8.5865 2.5
      vertex -21.1986 -8.50073 2.5
    endloop
  endfacet
  facet normal -0.514099 -0.857731 -0
    outer loop
      vertex -21.0555 -8.5865 2.5
      vertex -21.1986 -8.50073 -2.5
      vertex -21.0555 -8.5865 -2.5
    endloop
  endfacet
  facet normal 0.904065 -0.427396 0
    outer loop
      vertex -23.5706 -9.34944 2.5
      vertex -23.4993 -9.19862 -2.5
      vertex -23.4993 -9.19862 2.5
    endloop
  endfacet
  facet normal 0.904065 -0.427396 0
    outer loop
      vertex -23.4993 -9.19862 -2.5
      vertex -23.5706 -9.34944 2.5
      vertex -23.5706 -9.34944 -2.5
    endloop
  endfacet
  facet normal 0.970083 -0.242775 0
    outer loop
      vertex -23.6673 -9.66835 2.5
      vertex -23.6268 -9.50652 -2.5
      vertex -23.6268 -9.50652 2.5
    endloop
  endfacet
  facet normal 0.970083 -0.242775 0
    outer loop
      vertex -23.6268 -9.50652 -2.5
      vertex -23.6673 -9.66835 2.5
      vertex -23.6673 -9.66835 -2.5
    endloop
  endfacet
  facet normal 0.514099 -0.857731 0
    outer loop
      vertex -22.9445 -8.5865 -2.5
      vertex -22.8014 -8.50073 2.5
      vertex -22.9445 -8.5865 2.5
    endloop
  endfacet
  facet normal 0.514099 -0.857731 0
    outer loop
      vertex -22.8014 -8.50073 2.5
      vertex -22.9445 -8.5865 -2.5
      vertex -22.8014 -8.50073 -2.5
    endloop
  endfacet
  facet normal 0.0491004 -0.998794 0
    outer loop
      vertex -22.1666 -8.30819 -2.5
      vertex -22 -8.3 2.5
      vertex -22.1666 -8.30819 2.5
    endloop
  endfacet
  facet normal 0.0491004 -0.998794 0
    outer loop
      vertex -22 -8.3 2.5
      vertex -22.1666 -8.30819 -2.5
      vertex -22 -8.3 -2.5
    endloop
  endfacet
  facet normal 0.146612 -0.989194 0
    outer loop
      vertex -22.3317 -8.33266 -2.5
      vertex -22.1666 -8.30819 2.5
      vertex -22.3317 -8.33266 2.5
    endloop
  endfacet
  facet normal 0.146612 -0.989194 0
    outer loop
      vertex -22.1666 -8.30819 2.5
      vertex -22.3317 -8.33266 -2.5
      vertex -22.1666 -8.30819 -2.5
    endloop
  endfacet
  facet normal -0.0491602 0.998791 0
    outer loop
      vertex -21.8334 -11.6918 -2.5
      vertex -22 -11.7 2.5
      vertex -21.8334 -11.6918 2.5
    endloop
  endfacet
  facet normal -0.0491602 0.998791 0
    outer loop
      vertex -22 -11.7 2.5
      vertex -21.8334 -11.6918 -2.5
      vertex -22 -11.7 -2.5
    endloop
  endfacet
  facet normal -0.146788 0.989168 0
    outer loop
      vertex -21.6683 -11.6673 -2.5
      vertex -21.8334 -11.6918 2.5
      vertex -21.6683 -11.6673 2.5
    endloop
  endfacet
  facet normal -0.146788 0.989168 0
    outer loop
      vertex -21.8334 -11.6918 2.5
      vertex -21.6683 -11.6673 -2.5
      vertex -21.8334 -11.6918 -2.5
    endloop
  endfacet
  facet normal -0.514231 0.857652 0
    outer loop
      vertex -21.0555 -11.4135 -2.5
      vertex -21.1986 -11.4993 2.5
      vertex -21.0555 -11.4135 2.5
    endloop
  endfacet
  facet normal -0.514231 0.857652 0
    outer loop
      vertex -21.1986 -11.4993 2.5
      vertex -21.0555 -11.4135 -2.5
      vertex -21.1986 -11.4993 -2.5
    endloop
  endfacet
  facet normal -0.671478 0.741024 0
    outer loop
      vertex -20.7979 -11.2021 -2.5
      vertex -20.9215 -11.3141 2.5
      vertex -20.7979 -11.2021 2.5
    endloop
  endfacet
  facet normal -0.671478 0.741024 0
    outer loop
      vertex -20.9215 -11.3141 2.5
      vertex -20.7979 -11.2021 -2.5
      vertex -20.9215 -11.3141 -2.5
    endloop
  endfacet
  facet normal -0.595772 0.803154 0
    outer loop
      vertex -20.9215 -11.3141 -2.5
      vertex -21.0555 -11.4135 2.5
      vertex -20.9215 -11.3141 2.5
    endloop
  endfacet
  facet normal -0.595772 0.803154 0
    outer loop
      vertex -21.0555 -11.4135 2.5
      vertex -20.9215 -11.3141 -2.5
      vertex -21.0555 -11.4135 -2.5
    endloop
  endfacet
  facet normal -0.803154 0.595772 0
    outer loop
      vertex -20.6859 -11.0785 -2.5
      vertex -20.5865 -10.9445 2.5
      vertex -20.5865 -10.9445 -2.5
    endloop
  endfacet
  facet normal -0.803154 0.595772 0
    outer loop
      vertex -20.5865 -10.9445 2.5
      vertex -20.6859 -11.0785 -2.5
      vertex -20.6859 -11.0785 2.5
    endloop
  endfacet
  facet normal -0.857652 0.514231 0
    outer loop
      vertex -20.5865 -10.9445 -2.5
      vertex -20.5007 -10.8014 2.5
      vertex -20.5007 -10.8014 -2.5
    endloop
  endfacet
  facet normal -0.857652 0.514231 0
    outer loop
      vertex -20.5007 -10.8014 2.5
      vertex -20.5865 -10.9445 -2.5
      vertex -20.5865 -10.9445 2.5
    endloop
  endfacet
  facet normal 0.146788 0.989168 -0
    outer loop
      vertex -22.1666 -11.6918 -2.5
      vertex -22.3317 -11.6673 2.5
      vertex -22.1666 -11.6918 2.5
    endloop
  endfacet
  facet normal 0.146788 0.989168 0
    outer loop
      vertex -22.3317 -11.6673 2.5
      vertex -22.1666 -11.6918 -2.5
      vertex -22.3317 -11.6673 -2.5
    endloop
  endfacet
  facet normal 0.671478 0.741024 -0
    outer loop
      vertex -23.0785 -11.3141 -2.5
      vertex -23.2021 -11.2021 2.5
      vertex -23.0785 -11.3141 2.5
    endloop
  endfacet
  facet normal 0.671478 0.741024 0
    outer loop
      vertex -23.2021 -11.2021 2.5
      vertex -23.0785 -11.3141 -2.5
      vertex -23.2021 -11.2021 -2.5
    endloop
  endfacet
  facet normal 0.427442 0.904043 -0
    outer loop
      vertex -22.6506 -11.5706 -2.5
      vertex -22.8014 -11.4993 2.5
      vertex -22.6506 -11.5706 2.5
    endloop
  endfacet
  facet normal 0.427442 0.904043 0
    outer loop
      vertex -22.8014 -11.4993 2.5
      vertex -22.6506 -11.5706 -2.5
      vertex -22.8014 -11.4993 -2.5
    endloop
  endfacet
  facet normal 0.0491602 0.998791 -0
    outer loop
      vertex -22 -11.7 -2.5
      vertex -22.1666 -11.6918 2.5
      vertex -22 -11.7 2.5
    endloop
  endfacet
  facet normal 0.0491602 0.998791 0
    outer loop
      vertex -22.1666 -11.6918 2.5
      vertex -22 -11.7 -2.5
      vertex -22.1666 -11.6918 -2.5
    endloop
  endfacet
  facet normal 0.595772 0.803154 -0
    outer loop
      vertex -22.9445 -11.4135 -2.5
      vertex -23.0785 -11.3141 2.5
      vertex -22.9445 -11.4135 2.5
    endloop
  endfacet
  facet normal 0.595772 0.803154 0
    outer loop
      vertex -23.0785 -11.3141 2.5
      vertex -22.9445 -11.4135 -2.5
      vertex -23.0785 -11.3141 -2.5
    endloop
  endfacet
  facet normal 0.741024 0.671478 0
    outer loop
      vertex -23.2021 -11.2021 2.5
      vertex -23.3141 -11.0785 -2.5
      vertex -23.3141 -11.0785 2.5
    endloop
  endfacet
  facet normal 0.741024 0.671478 0
    outer loop
      vertex -23.3141 -11.0785 -2.5
      vertex -23.2021 -11.2021 2.5
      vertex -23.2021 -11.2021 -2.5
    endloop
  endfacet
  facet normal 0.904043 0.427442 0
    outer loop
      vertex -23.4993 -10.8014 2.5
      vertex -23.5706 -10.6506 -2.5
      vertex -23.5706 -10.6506 2.5
    endloop
  endfacet
  facet normal 0.904043 0.427442 0
    outer loop
      vertex -23.5706 -10.6506 -2.5
      vertex -23.4993 -10.8014 2.5
      vertex -23.4993 -10.8014 -2.5
    endloop
  endfacet
  facet normal 0.970072 0.242818 0
    outer loop
      vertex -23.6268 -10.4935 2.5
      vertex -23.6673 -10.3317 -2.5
      vertex -23.6673 -10.3317 2.5
    endloop
  endfacet
  facet normal 0.970072 0.242818 0
    outer loop
      vertex -23.6673 -10.3317 -2.5
      vertex -23.6268 -10.4935 2.5
      vertex -23.6268 -10.4935 -2.5
    endloop
  endfacet
  facet normal 0.998791 0.0491602 0
    outer loop
      vertex -23.6918 -10.1666 2.5
      vertex -23.7 -10 -2.5
      vertex -23.7 -10 2.5
    endloop
  endfacet
  facet normal 0.998791 0.0491602 0
    outer loop
      vertex -23.7 -10 -2.5
      vertex -23.6918 -10.1666 2.5
      vertex -23.6918 -10.1666 -2.5
    endloop
  endfacet
  facet normal 0.941566 0.33683 0
    outer loop
      vertex -23.5706 -10.6506 2.5
      vertex -23.6268 -10.4935 -2.5
      vertex -23.6268 -10.4935 2.5
    endloop
  endfacet
  facet normal 0.941566 0.33683 0
    outer loop
      vertex -23.6268 -10.4935 -2.5
      vertex -23.5706 -10.6506 2.5
      vertex -23.5706 -10.6506 -2.5
    endloop
  endfacet
  facet normal -0.989158 -0.146857 0
    outer loop
      vertex -20.3082 -9.83337 -2.5
      vertex -20.3327 -9.66835 2.5
      vertex -20.3327 -9.66835 -2.5
    endloop
  endfacet
  facet normal -0.989158 -0.146857 0
    outer loop
      vertex -20.3327 -9.66835 2.5
      vertex -20.3082 -9.83337 -2.5
      vertex -20.3082 -9.83337 2.5
    endloop
  endfacet
  facet normal -0.741051 -0.671448 0
    outer loop
      vertex -20.6859 -8.92153 -2.5
      vertex -20.7979 -8.79792 2.5
      vertex -20.7979 -8.79792 -2.5
    endloop
  endfacet
  facet normal -0.741051 -0.671448 0
    outer loop
      vertex -20.7979 -8.79792 2.5
      vertex -20.6859 -8.92153 -2.5
      vertex -20.6859 -8.92153 2.5
    endloop
  endfacet
  facet normal -0.146612 -0.989194 0
    outer loop
      vertex -21.8334 -8.30819 -2.5
      vertex -21.6683 -8.33266 2.5
      vertex -21.8334 -8.30819 2.5
    endloop
  endfacet
  facet normal -0.146612 -0.989194 -0
    outer loop
      vertex -21.6683 -8.33266 2.5
      vertex -21.8334 -8.30819 -2.5
      vertex -21.6683 -8.33266 -2.5
    endloop
  endfacet
  facet normal -0.33683 -0.941566 0
    outer loop
      vertex -21.5065 -8.3732 -2.5
      vertex -21.3494 -8.4294 2.5
      vertex -21.5065 -8.3732 2.5
    endloop
  endfacet
  facet normal -0.33683 -0.941566 -0
    outer loop
      vertex -21.3494 -8.4294 2.5
      vertex -21.5065 -8.3732 -2.5
      vertex -21.3494 -8.4294 -2.5
    endloop
  endfacet
  facet normal 0.741051 -0.671448 0
    outer loop
      vertex -23.3141 -8.92153 2.5
      vertex -23.2021 -8.79792 -2.5
      vertex -23.2021 -8.79792 2.5
    endloop
  endfacet
  facet normal 0.741051 -0.671448 0
    outer loop
      vertex -23.2021 -8.79792 -2.5
      vertex -23.3141 -8.92153 2.5
      vertex -23.3141 -8.92153 -2.5
    endloop
  endfacet
  facet normal 0.989158 -0.146857 0
    outer loop
      vertex -23.6918 -9.83337 2.5
      vertex -23.6673 -9.66835 -2.5
      vertex -23.6673 -9.66835 2.5
    endloop
  endfacet
  facet normal 0.989158 -0.146857 0
    outer loop
      vertex -23.6673 -9.66835 -2.5
      vertex -23.6918 -9.83337 2.5
      vertex -23.6918 -9.83337 -2.5
    endloop
  endfacet
  facet normal 0.941552 -0.336868 0
    outer loop
      vertex -23.6268 -9.50652 2.5
      vertex -23.5706 -9.34944 -2.5
      vertex -23.5706 -9.34944 2.5
    endloop
  endfacet
  facet normal 0.941552 -0.336868 0
    outer loop
      vertex -23.5706 -9.34944 -2.5
      vertex -23.6268 -9.50652 2.5
      vertex -23.6268 -9.50652 -2.5
    endloop
  endfacet
  facet normal 0.595695 -0.803211 0
    outer loop
      vertex -23.0785 -8.68588 -2.5
      vertex -22.9445 -8.5865 2.5
      vertex -23.0785 -8.68588 2.5
    endloop
  endfacet
  facet normal 0.595695 -0.803211 0
    outer loop
      vertex -22.9445 -8.5865 2.5
      vertex -23.0785 -8.68588 -2.5
      vertex -22.9445 -8.5865 -2.5
    endloop
  endfacet
  facet normal 0.427589 -0.903973 0
    outer loop
      vertex -22.8014 -8.50073 -2.5
      vertex -22.6506 -8.4294 2.5
      vertex -22.8014 -8.50073 2.5
    endloop
  endfacet
  facet normal 0.427589 -0.903973 0
    outer loop
      vertex -22.6506 -8.4294 2.5
      vertex -22.8014 -8.50073 -2.5
      vertex -22.6506 -8.4294 -2.5
    endloop
  endfacet
  facet normal 0.243043 -0.970015 0
    outer loop
      vertex -22.4935 -8.3732 -2.5
      vertex -22.3317 -8.33266 2.5
      vertex -22.4935 -8.3732 2.5
    endloop
  endfacet
  facet normal 0.243043 -0.970015 0
    outer loop
      vertex -22.3317 -8.33266 2.5
      vertex -22.4935 -8.3732 -2.5
      vertex -22.3317 -8.33266 -2.5
    endloop
  endfacet
  facet normal -0.427442 0.904043 0
    outer loop
      vertex -21.1986 -11.4993 -2.5
      vertex -21.3494 -11.5706 2.5
      vertex -21.1986 -11.4993 2.5
    endloop
  endfacet
  facet normal -0.427442 0.904043 0
    outer loop
      vertex -21.3494 -11.5706 2.5
      vertex -21.1986 -11.4993 -2.5
      vertex -21.3494 -11.5706 -2.5
    endloop
  endfacet
  facet normal -0.941566 0.33683 0
    outer loop
      vertex -20.4294 -10.6506 -2.5
      vertex -20.3732 -10.4935 2.5
      vertex -20.3732 -10.4935 -2.5
    endloop
  endfacet
  facet normal -0.941566 0.33683 0
    outer loop
      vertex -20.3732 -10.4935 2.5
      vertex -20.4294 -10.6506 -2.5
      vertex -20.4294 -10.6506 2.5
    endloop
  endfacet
  facet normal -0.989168 0.146788 0
    outer loop
      vertex -20.3327 -10.3317 -2.5
      vertex -20.3082 -10.1666 2.5
      vertex -20.3082 -10.1666 -2.5
    endloop
  endfacet
  facet normal -0.989168 0.146788 0
    outer loop
      vertex -20.3082 -10.1666 2.5
      vertex -20.3327 -10.3317 -2.5
      vertex -20.3327 -10.3317 2.5
    endloop
  endfacet
  facet normal -0.998791 0.0491602 0
    outer loop
      vertex -20.3082 -10.1666 -2.5
      vertex -20.3 -10 2.5
      vertex -20.3 -10 -2.5
    endloop
  endfacet
  facet normal -0.998791 0.0491602 0
    outer loop
      vertex -20.3 -10 2.5
      vertex -20.3082 -10.1666 -2.5
      vertex -20.3082 -10.1666 2.5
    endloop
  endfacet
  facet normal 0.242818 0.970072 -0
    outer loop
      vertex -22.3317 -11.6673 -2.5
      vertex -22.4935 -11.6268 2.5
      vertex -22.3317 -11.6673 2.5
    endloop
  endfacet
  facet normal 0.242818 0.970072 0
    outer loop
      vertex -22.4935 -11.6268 2.5
      vertex -22.3317 -11.6673 -2.5
      vertex -22.4935 -11.6268 -2.5
    endloop
  endfacet
  facet normal 0.857652 0.514231 0
    outer loop
      vertex -23.4135 -10.9445 2.5
      vertex -23.4993 -10.8014 -2.5
      vertex -23.4993 -10.8014 2.5
    endloop
  endfacet
  facet normal 0.857652 0.514231 0
    outer loop
      vertex -23.4993 -10.8014 -2.5
      vertex -23.4135 -10.9445 2.5
      vertex -23.4135 -10.9445 -2.5
    endloop
  endfacet
  facet normal 0.989168 0.146788 0
    outer loop
      vertex -23.6673 -10.3317 2.5
      vertex -23.6918 -10.1666 -2.5
      vertex -23.6918 -10.1666 2.5
    endloop
  endfacet
  facet normal 0.989168 0.146788 0
    outer loop
      vertex -23.6918 -10.1666 -2.5
      vertex -23.6673 -10.3317 2.5
      vertex -23.6673 -10.3317 -2.5
    endloop
  endfacet
  facet normal -0.33683 0.941566 0
    outer loop
      vertex -21.3494 -11.5706 -2.5
      vertex -21.5065 -11.6268 2.5
      vertex -21.3494 -11.5706 2.5
    endloop
  endfacet
  facet normal -0.33683 0.941566 0
    outer loop
      vertex -21.5065 -11.6268 2.5
      vertex -21.3494 -11.5706 -2.5
      vertex -21.5065 -11.6268 -2.5
    endloop
  endfacet
  facet normal -0.998791 -0.0491602 0
    outer loop
      vertex -20.3 10 -2.5
      vertex -20.3082 10.1666 2.5
      vertex -20.3082 10.1666 -2.5
    endloop
  endfacet
  facet normal -0.998791 -0.0491602 0
    outer loop
      vertex -20.3082 10.1666 2.5
      vertex -20.3 10 -2.5
      vertex -20.3 10 2.5
    endloop
  endfacet
  facet normal 0.0491602 -0.998791 0
    outer loop
      vertex -22.1666 11.6918 -2.5
      vertex -22 11.7 2.5
      vertex -22.1666 11.6918 2.5
    endloop
  endfacet
  facet normal 0.0491602 -0.998791 0
    outer loop
      vertex -22 11.7 2.5
      vertex -22.1666 11.6918 -2.5
      vertex -22 11.7 -2.5
    endloop
  endfacet
  facet normal -0.0491004 0.998794 0
    outer loop
      vertex -21.8334 8.30819 -2.5
      vertex -22 8.3 2.5
      vertex -21.8334 8.30819 2.5
    endloop
  endfacet
  facet normal -0.0491004 0.998794 0
    outer loop
      vertex -22 8.3 2.5
      vertex -21.8334 8.30819 -2.5
      vertex -22 8.3 -2.5
    endloop
  endfacet
  facet normal -0.671478 -0.741024 0
    outer loop
      vertex -20.9215 11.3141 -2.5
      vertex -20.7979 11.2021 2.5
      vertex -20.9215 11.3141 2.5
    endloop
  endfacet
  facet normal -0.671478 -0.741024 -0
    outer loop
      vertex -20.7979 11.2021 2.5
      vertex -20.9215 11.3141 -2.5
      vertex -20.7979 11.2021 -2.5
    endloop
  endfacet
  facet normal 0.741024 -0.671478 0
    outer loop
      vertex -23.3141 11.0785 2.5
      vertex -23.2021 11.2021 -2.5
      vertex -23.2021 11.2021 2.5
    endloop
  endfacet
  facet normal 0.741024 -0.671478 0
    outer loop
      vertex -23.2021 11.2021 -2.5
      vertex -23.3141 11.0785 2.5
      vertex -23.3141 11.0785 -2.5
    endloop
  endfacet
  facet normal 0.427442 -0.904043 0
    outer loop
      vertex -22.8014 11.4993 -2.5
      vertex -22.6506 11.5706 2.5
      vertex -22.8014 11.4993 2.5
    endloop
  endfacet
  facet normal 0.427442 -0.904043 0
    outer loop
      vertex -22.6506 11.5706 2.5
      vertex -22.8014 11.4993 -2.5
      vertex -22.6506 11.5706 -2.5
    endloop
  endfacet
  facet normal -0.857636 0.514258 0
    outer loop
      vertex -20.5865 9.05553 -2.5
      vertex -20.5007 9.19862 2.5
      vertex -20.5007 9.19862 -2.5
    endloop
  endfacet
  facet normal -0.857636 0.514258 0
    outer loop
      vertex -20.5007 9.19862 2.5
      vertex -20.5865 9.05553 -2.5
      vertex -20.5865 9.05553 2.5
    endloop
  endfacet
  facet normal -0.904043 -0.427442 0
    outer loop
      vertex -20.4294 10.6506 -2.5
      vertex -20.5007 10.8014 2.5
      vertex -20.5007 10.8014 -2.5
    endloop
  endfacet
  facet normal -0.904043 -0.427442 0
    outer loop
      vertex -20.5007 10.8014 2.5
      vertex -20.4294 10.6506 -2.5
      vertex -20.4294 10.6506 2.5
    endloop
  endfacet
  facet normal -0.33683 -0.941566 0
    outer loop
      vertex -21.5065 11.6268 -2.5
      vertex -21.3494 11.5706 2.5
      vertex -21.5065 11.6268 2.5
    endloop
  endfacet
  facet normal -0.33683 -0.941566 -0
    outer loop
      vertex -21.3494 11.5706 2.5
      vertex -21.5065 11.6268 -2.5
      vertex -21.3494 11.5706 -2.5
    endloop
  endfacet
  facet normal -0.514231 -0.857652 0
    outer loop
      vertex -21.1986 11.4993 -2.5
      vertex -21.0555 11.4135 2.5
      vertex -21.1986 11.4993 2.5
    endloop
  endfacet
  facet normal -0.514231 -0.857652 -0
    outer loop
      vertex -21.0555 11.4135 2.5
      vertex -21.1986 11.4993 -2.5
      vertex -21.0555 11.4135 -2.5
    endloop
  endfacet
  facet normal 0.941566 -0.33683 0
    outer loop
      vertex -23.6268 10.4935 2.5
      vertex -23.5706 10.6506 -2.5
      vertex -23.5706 10.6506 2.5
    endloop
  endfacet
  facet normal 0.941566 -0.33683 0
    outer loop
      vertex -23.5706 10.6506 -2.5
      vertex -23.6268 10.4935 2.5
      vertex -23.6268 10.4935 -2.5
    endloop
  endfacet
  facet normal 0.242818 -0.970072 0
    outer loop
      vertex -22.4935 11.6268 -2.5
      vertex -22.3317 11.6673 2.5
      vertex -22.4935 11.6268 2.5
    endloop
  endfacet
  facet normal 0.242818 -0.970072 0
    outer loop
      vertex -22.3317 11.6673 2.5
      vertex -22.4935 11.6268 -2.5
      vertex -22.3317 11.6673 -2.5
    endloop
  endfacet
  facet normal -0.146612 0.989194 0
    outer loop
      vertex -21.6683 8.33266 -2.5
      vertex -21.8334 8.30819 2.5
      vertex -21.6683 8.33266 2.5
    endloop
  endfacet
  facet normal -0.146612 0.989194 0
    outer loop
      vertex -21.8334 8.30819 2.5
      vertex -21.6683 8.33266 -2.5
      vertex -21.8334 8.30819 -2.5
    endloop
  endfacet
  facet normal -0.970072 -0.242818 0
    outer loop
      vertex -20.3327 10.3317 -2.5
      vertex -20.3732 10.4935 2.5
      vertex -20.3732 10.4935 -2.5
    endloop
  endfacet
  facet normal -0.970072 -0.242818 0
    outer loop
      vertex -20.3732 10.4935 2.5
      vertex -20.3327 10.3317 -2.5
      vertex -20.3327 10.3317 2.5
    endloop
  endfacet
  facet normal -0.989168 -0.146788 0
    outer loop
      vertex -20.3082 10.1666 -2.5
      vertex -20.3327 10.3317 2.5
      vertex -20.3327 10.3317 -2.5
    endloop
  endfacet
  facet normal -0.989168 -0.146788 0
    outer loop
      vertex -20.3327 10.3317 2.5
      vertex -20.3082 10.1666 -2.5
      vertex -20.3082 10.1666 2.5
    endloop
  endfacet
  facet normal -0.941566 -0.33683 0
    outer loop
      vertex -20.3732 10.4935 -2.5
      vertex -20.4294 10.6506 2.5
      vertex -20.4294 10.6506 -2.5
    endloop
  endfacet
  facet normal -0.941566 -0.33683 0
    outer loop
      vertex -20.4294 10.6506 2.5
      vertex -20.3732 10.4935 -2.5
      vertex -20.3732 10.4935 2.5
    endloop
  endfacet
  facet normal -0.803154 -0.595772 0
    outer loop
      vertex -20.5865 10.9445 -2.5
      vertex -20.6859 11.0785 2.5
      vertex -20.6859 11.0785 -2.5
    endloop
  endfacet
  facet normal -0.803154 -0.595772 0
    outer loop
      vertex -20.6859 11.0785 2.5
      vertex -20.5865 10.9445 -2.5
      vertex -20.5865 10.9445 2.5
    endloop
  endfacet
  facet normal -0.741024 -0.671478 0
    outer loop
      vertex -20.6859 11.0785 -2.5
      vertex -20.7979 11.2021 2.5
      vertex -20.7979 11.2021 -2.5
    endloop
  endfacet
  facet normal -0.741024 -0.671478 0
    outer loop
      vertex -20.7979 11.2021 2.5
      vertex -20.6859 11.0785 -2.5
      vertex -20.6859 11.0785 2.5
    endloop
  endfacet
  facet normal -0.857652 -0.514231 0
    outer loop
      vertex -20.5007 10.8014 -2.5
      vertex -20.5865 10.9445 2.5
      vertex -20.5865 10.9445 -2.5
    endloop
  endfacet
  facet normal -0.857652 -0.514231 0
    outer loop
      vertex -20.5865 10.9445 2.5
      vertex -20.5007 10.8014 -2.5
      vertex -20.5007 10.8014 2.5
    endloop
  endfacet
  facet normal -0.146788 -0.989168 0
    outer loop
      vertex -21.8334 11.6918 -2.5
      vertex -21.6683 11.6673 2.5
      vertex -21.8334 11.6918 2.5
    endloop
  endfacet
  facet normal -0.146788 -0.989168 -0
    outer loop
      vertex -21.6683 11.6673 2.5
      vertex -21.8334 11.6918 -2.5
      vertex -21.6683 11.6673 -2.5
    endloop
  endfacet
  facet normal -0.242818 -0.970072 0
    outer loop
      vertex -21.6683 11.6673 -2.5
      vertex -21.5065 11.6268 2.5
      vertex -21.6683 11.6673 2.5
    endloop
  endfacet
  facet normal -0.242818 -0.970072 -0
    outer loop
      vertex -21.5065 11.6268 2.5
      vertex -21.6683 11.6673 -2.5
      vertex -21.5065 11.6268 -2.5
    endloop
  endfacet
  facet normal -0.0491602 -0.998791 0
    outer loop
      vertex -22 11.7 -2.5
      vertex -21.8334 11.6918 2.5
      vertex -22 11.7 2.5
    endloop
  endfacet
  facet normal -0.0491602 -0.998791 -0
    outer loop
      vertex -21.8334 11.6918 2.5
      vertex -22 11.7 -2.5
      vertex -21.8334 11.6918 -2.5
    endloop
  endfacet
  facet normal -0.427442 -0.904043 0
    outer loop
      vertex -21.3494 11.5706 -2.5
      vertex -21.1986 11.4993 2.5
      vertex -21.3494 11.5706 2.5
    endloop
  endfacet
  facet normal -0.427442 -0.904043 -0
    outer loop
      vertex -21.1986 11.4993 2.5
      vertex -21.3494 11.5706 -2.5
      vertex -21.1986 11.4993 -2.5
    endloop
  endfacet
  facet normal -0.595772 -0.803154 0
    outer loop
      vertex -21.0555 11.4135 -2.5
      vertex -20.9215 11.3141 2.5
      vertex -21.0555 11.4135 2.5
    endloop
  endfacet
  facet normal -0.595772 -0.803154 -0
    outer loop
      vertex -20.9215 11.3141 2.5
      vertex -21.0555 11.4135 -2.5
      vertex -20.9215 11.3141 -2.5
    endloop
  endfacet
  facet normal 0.989168 -0.146788 0
    outer loop
      vertex -23.6918 10.1666 2.5
      vertex -23.6673 10.3317 -2.5
      vertex -23.6673 10.3317 2.5
    endloop
  endfacet
  facet normal 0.989168 -0.146788 0
    outer loop
      vertex -23.6673 10.3317 -2.5
      vertex -23.6918 10.1666 2.5
      vertex -23.6918 10.1666 -2.5
    endloop
  endfacet
  facet normal 0.857652 -0.514231 0
    outer loop
      vertex -23.4993 10.8014 2.5
      vertex -23.4135 10.9445 -2.5
      vertex -23.4135 10.9445 2.5
    endloop
  endfacet
  facet normal 0.857652 -0.514231 0
    outer loop
      vertex -23.4135 10.9445 -2.5
      vertex -23.4993 10.8014 2.5
      vertex -23.4993 10.8014 -2.5
    endloop
  endfacet
  facet normal 0.803154 -0.595772 0
    outer loop
      vertex -23.4135 10.9445 2.5
      vertex -23.3141 11.0785 -2.5
      vertex -23.3141 11.0785 2.5
    endloop
  endfacet
  facet normal 0.803154 -0.595772 0
    outer loop
      vertex -23.3141 11.0785 -2.5
      vertex -23.4135 10.9445 2.5
      vertex -23.4135 10.9445 -2.5
    endloop
  endfacet
  facet normal 0.904043 -0.427442 0
    outer loop
      vertex -23.5706 10.6506 2.5
      vertex -23.4993 10.8014 -2.5
      vertex -23.4993 10.8014 2.5
    endloop
  endfacet
  facet normal 0.904043 -0.427442 0
    outer loop
      vertex -23.4993 10.8014 -2.5
      vertex -23.5706 10.6506 2.5
      vertex -23.5706 10.6506 -2.5
    endloop
  endfacet
  facet normal 0.970072 -0.242818 0
    outer loop
      vertex -23.6673 10.3317 2.5
      vertex -23.6268 10.4935 -2.5
      vertex -23.6268 10.4935 2.5
    endloop
  endfacet
  facet normal 0.970072 -0.242818 0
    outer loop
      vertex -23.6268 10.4935 -2.5
      vertex -23.6673 10.3317 2.5
      vertex -23.6673 10.3317 -2.5
    endloop
  endfacet
  facet normal 0.998791 -0.0491602 0
    outer loop
      vertex -23.7 10 2.5
      vertex -23.6918 10.1666 -2.5
      vertex -23.6918 10.1666 2.5
    endloop
  endfacet
  facet normal 0.998791 -0.0491602 0
    outer loop
      vertex -23.6918 10.1666 -2.5
      vertex -23.7 10 2.5
      vertex -23.7 10 -2.5
    endloop
  endfacet
  facet normal 0.595772 -0.803154 0
    outer loop
      vertex -23.0785 11.3141 -2.5
      vertex -22.9445 11.4135 2.5
      vertex -23.0785 11.3141 2.5
    endloop
  endfacet
  facet normal 0.595772 -0.803154 0
    outer loop
      vertex -22.9445 11.4135 2.5
      vertex -23.0785 11.3141 -2.5
      vertex -22.9445 11.4135 -2.5
    endloop
  endfacet
  facet normal 0.514231 -0.857652 0
    outer loop
      vertex -22.9445 11.4135 -2.5
      vertex -22.8014 11.4993 2.5
      vertex -22.9445 11.4135 2.5
    endloop
  endfacet
  facet normal 0.514231 -0.857652 0
    outer loop
      vertex -22.8014 11.4993 2.5
      vertex -22.9445 11.4135 -2.5
      vertex -22.8014 11.4993 -2.5
    endloop
  endfacet
  facet normal 0.671478 -0.741024 0
    outer loop
      vertex -23.2021 11.2021 -2.5
      vertex -23.0785 11.3141 2.5
      vertex -23.2021 11.2021 2.5
    endloop
  endfacet
  facet normal 0.671478 -0.741024 0
    outer loop
      vertex -23.0785 11.3141 2.5
      vertex -23.2021 11.2021 -2.5
      vertex -23.0785 11.3141 -2.5
    endloop
  endfacet
  facet normal 0.33683 -0.941566 0
    outer loop
      vertex -22.6506 11.5706 -2.5
      vertex -22.4935 11.6268 2.5
      vertex -22.6506 11.5706 2.5
    endloop
  endfacet
  facet normal 0.33683 -0.941566 0
    outer loop
      vertex -22.4935 11.6268 2.5
      vertex -22.6506 11.5706 -2.5
      vertex -22.4935 11.6268 -2.5
    endloop
  endfacet
  facet normal 0.146788 -0.989168 0
    outer loop
      vertex -22.3317 11.6673 -2.5
      vertex -22.1666 11.6918 2.5
      vertex -22.3317 11.6673 2.5
    endloop
  endfacet
  facet normal 0.146788 -0.989168 0
    outer loop
      vertex -22.1666 11.6918 2.5
      vertex -22.3317 11.6673 -2.5
      vertex -22.1666 11.6918 -2.5
    endloop
  endfacet
  facet normal -0.998791 0.0491513 0
    outer loop
      vertex -20.3082 9.83337 -2.5
      vertex -20.3 10 2.5
      vertex -20.3 10 -2.5
    endloop
  endfacet
  facet normal -0.998791 0.0491513 0
    outer loop
      vertex -20.3 10 2.5
      vertex -20.3082 9.83337 -2.5
      vertex -20.3082 9.83337 2.5
    endloop
  endfacet
  facet normal -0.741051 0.671448 0
    outer loop
      vertex -20.7979 8.79792 -2.5
      vertex -20.6859 8.92153 2.5
      vertex -20.6859 8.92153 -2.5
    endloop
  endfacet
  facet normal -0.741051 0.671448 0
    outer loop
      vertex -20.6859 8.92153 2.5
      vertex -20.7979 8.79792 -2.5
      vertex -20.7979 8.79792 2.5
    endloop
  endfacet
  facet normal 0.595695 0.803211 -0
    outer loop
      vertex -22.9445 8.5865 -2.5
      vertex -23.0785 8.68588 2.5
      vertex -22.9445 8.5865 2.5
    endloop
  endfacet
  facet normal 0.595695 0.803211 0
    outer loop
      vertex -23.0785 8.68588 2.5
      vertex -22.9445 8.5865 -2.5
      vertex -23.0785 8.68588 -2.5
    endloop
  endfacet
  facet normal 0.857636 0.514258 0
    outer loop
      vertex -23.4135 9.05553 2.5
      vertex -23.4993 9.19862 -2.5
      vertex -23.4993 9.19862 2.5
    endloop
  endfacet
  facet normal 0.857636 0.514258 0
    outer loop
      vertex -23.4993 9.19862 -2.5
      vertex -23.4135 9.05553 2.5
      vertex -23.4135 9.05553 -2.5
    endloop
  endfacet
  facet normal 0.741051 0.671448 0
    outer loop
      vertex -23.2021 8.79792 2.5
      vertex -23.3141 8.92153 -2.5
      vertex -23.3141 8.92153 2.5
    endloop
  endfacet
  facet normal 0.741051 0.671448 0
    outer loop
      vertex -23.3141 8.92153 -2.5
      vertex -23.2021 8.79792 2.5
      vertex -23.2021 8.79792 -2.5
    endloop
  endfacet
  facet normal 0.998791 0.0491513 0
    outer loop
      vertex -23.6918 9.83337 2.5
      vertex -23.7 10 -2.5
      vertex -23.7 10 2.5
    endloop
  endfacet
  facet normal 0.998791 0.0491513 0
    outer loop
      vertex -23.7 10 -2.5
      vertex -23.6918 9.83337 2.5
      vertex -23.6918 9.83337 -2.5
    endloop
  endfacet
  facet normal -0.989158 0.146857 0
    outer loop
      vertex -20.3327 9.66835 -2.5
      vertex -20.3082 9.83337 2.5
      vertex -20.3082 9.83337 -2.5
    endloop
  endfacet
  facet normal -0.989158 0.146857 0
    outer loop
      vertex -20.3082 9.83337 2.5
      vertex -20.3327 9.66835 -2.5
      vertex -20.3327 9.66835 2.5
    endloop
  endfacet
  facet normal -0.970083 0.242775 0
    outer loop
      vertex -20.3732 9.50652 -2.5
      vertex -20.3327 9.66835 2.5
      vertex -20.3327 9.66835 -2.5
    endloop
  endfacet
  facet normal -0.970083 0.242775 0
    outer loop
      vertex -20.3327 9.66835 2.5
      vertex -20.3732 9.50652 -2.5
      vertex -20.3732 9.50652 2.5
    endloop
  endfacet
  facet normal -0.67161 0.740905 0
    outer loop
      vertex -20.7979 8.79792 -2.5
      vertex -20.9215 8.68588 2.5
      vertex -20.7979 8.79792 2.5
    endloop
  endfacet
  facet normal -0.67161 0.740905 0
    outer loop
      vertex -20.9215 8.68588 2.5
      vertex -20.7979 8.79792 -2.5
      vertex -20.9215 8.68588 -2.5
    endloop
  endfacet
  facet normal -0.904065 0.427396 0
    outer loop
      vertex -20.5007 9.19862 -2.5
      vertex -20.4294 9.34944 2.5
      vertex -20.4294 9.34944 -2.5
    endloop
  endfacet
  facet normal -0.904065 0.427396 0
    outer loop
      vertex -20.4294 9.34944 2.5
      vertex -20.5007 9.19862 -2.5
      vertex -20.5007 9.19862 2.5
    endloop
  endfacet
  facet normal -0.803154 0.595772 0
    outer loop
      vertex -20.6859 8.92153 -2.5
      vertex -20.5865 9.05553 2.5
      vertex -20.5865 9.05553 -2.5
    endloop
  endfacet
  facet normal -0.803154 0.595772 0
    outer loop
      vertex -20.5865 9.05553 2.5
      vertex -20.6859 8.92153 -2.5
      vertex -20.6859 8.92153 2.5
    endloop
  endfacet
  facet normal 0.67161 0.740905 -0
    outer loop
      vertex -23.0785 8.68588 -2.5
      vertex -23.2021 8.79792 2.5
      vertex -23.0785 8.68588 2.5
    endloop
  endfacet
  facet normal 0.67161 0.740905 0
    outer loop
      vertex -23.2021 8.79792 2.5
      vertex -23.0785 8.68588 -2.5
      vertex -23.2021 8.79792 -2.5
    endloop
  endfacet
  facet normal 0.941552 0.336868 0
    outer loop
      vertex -23.5706 9.34944 2.5
      vertex -23.6268 9.50652 -2.5
      vertex -23.6268 9.50652 2.5
    endloop
  endfacet
  facet normal 0.941552 0.336868 0
    outer loop
      vertex -23.6268 9.50652 -2.5
      vertex -23.5706 9.34944 2.5
      vertex -23.5706 9.34944 -2.5
    endloop
  endfacet
  facet normal -0.427589 0.903973 0
    outer loop
      vertex -21.1986 8.50073 -2.5
      vertex -21.3494 8.4294 2.5
      vertex -21.1986 8.50073 2.5
    endloop
  endfacet
  facet normal -0.427589 0.903973 0
    outer loop
      vertex -21.3494 8.4294 2.5
      vertex -21.1986 8.50073 -2.5
      vertex -21.3494 8.4294 -2.5
    endloop
  endfacet
  facet normal -0.941552 0.336868 0
    outer loop
      vertex -20.4294 9.34944 -2.5
      vertex -20.3732 9.50652 2.5
      vertex -20.3732 9.50652 -2.5
    endloop
  endfacet
  facet normal -0.941552 0.336868 0
    outer loop
      vertex -20.3732 9.50652 2.5
      vertex -20.4294 9.34944 -2.5
      vertex -20.4294 9.34944 2.5
    endloop
  endfacet
  facet normal 0.0491004 0.998794 -0
    outer loop
      vertex -22 8.3 -2.5
      vertex -22.1666 8.30819 2.5
      vertex -22 8.3 2.5
    endloop
  endfacet
  facet normal 0.0491004 0.998794 0
    outer loop
      vertex -22.1666 8.30819 2.5
      vertex -22 8.3 -2.5
      vertex -22.1666 8.30819 -2.5
    endloop
  endfacet
  facet normal 0.146612 0.989194 -0
    outer loop
      vertex -22.1666 8.30819 -2.5
      vertex -22.3317 8.33266 2.5
      vertex -22.1666 8.30819 2.5
    endloop
  endfacet
  facet normal 0.146612 0.989194 0
    outer loop
      vertex -22.3317 8.33266 2.5
      vertex -22.1666 8.30819 -2.5
      vertex -22.3317 8.33266 -2.5
    endloop
  endfacet
  facet normal 0.803154 0.595772 0
    outer loop
      vertex -23.3141 8.92153 2.5
      vertex -23.4135 9.05553 -2.5
      vertex -23.4135 9.05553 2.5
    endloop
  endfacet
  facet normal 0.803154 0.595772 0
    outer loop
      vertex -23.4135 9.05553 -2.5
      vertex -23.3141 8.92153 2.5
      vertex -23.3141 8.92153 -2.5
    endloop
  endfacet
  facet normal 0.904065 0.427396 0
    outer loop
      vertex -23.4993 9.19862 2.5
      vertex -23.5706 9.34944 -2.5
      vertex -23.5706 9.34944 2.5
    endloop
  endfacet
  facet normal 0.904065 0.427396 0
    outer loop
      vertex -23.5706 9.34944 -2.5
      vertex -23.4993 9.19862 2.5
      vertex -23.4993 9.19862 -2.5
    endloop
  endfacet
  facet normal 0.970083 0.242775 0
    outer loop
      vertex -23.6268 9.50652 2.5
      vertex -23.6673 9.66835 -2.5
      vertex -23.6673 9.66835 2.5
    endloop
  endfacet
  facet normal 0.970083 0.242775 0
    outer loop
      vertex -23.6673 9.66835 -2.5
      vertex -23.6268 9.50652 2.5
      vertex -23.6268 9.50652 -2.5
    endloop
  endfacet
  facet normal 0.989158 0.146857 0
    outer loop
      vertex -23.6673 9.66835 2.5
      vertex -23.6918 9.83337 -2.5
      vertex -23.6918 9.83337 2.5
    endloop
  endfacet
  facet normal 0.989158 0.146857 0
    outer loop
      vertex -23.6918 9.83337 -2.5
      vertex -23.6673 9.66835 2.5
      vertex -23.6673 9.66835 -2.5
    endloop
  endfacet
  facet normal -0.595695 0.803211 0
    outer loop
      vertex -20.9215 8.68588 -2.5
      vertex -21.0555 8.5865 2.5
      vertex -20.9215 8.68588 2.5
    endloop
  endfacet
  facet normal -0.595695 0.803211 0
    outer loop
      vertex -21.0555 8.5865 2.5
      vertex -20.9215 8.68588 -2.5
      vertex -21.0555 8.5865 -2.5
    endloop
  endfacet
  facet normal -0.514099 0.857731 0
    outer loop
      vertex -21.0555 8.5865 -2.5
      vertex -21.1986 8.50073 2.5
      vertex -21.0555 8.5865 2.5
    endloop
  endfacet
  facet normal -0.514099 0.857731 0
    outer loop
      vertex -21.1986 8.50073 2.5
      vertex -21.0555 8.5865 -2.5
      vertex -21.1986 8.50073 -2.5
    endloop
  endfacet
  facet normal 0.427589 0.903973 -0
    outer loop
      vertex -22.6506 8.4294 -2.5
      vertex -22.8014 8.50073 2.5
      vertex -22.6506 8.4294 2.5
    endloop
  endfacet
  facet normal 0.427589 0.903973 0
    outer loop
      vertex -22.8014 8.50073 2.5
      vertex -22.6506 8.4294 -2.5
      vertex -22.8014 8.50073 -2.5
    endloop
  endfacet
  facet normal 0.243043 0.970015 -0
    outer loop
      vertex -22.3317 8.33266 -2.5
      vertex -22.4935 8.3732 2.5
      vertex -22.3317 8.33266 2.5
    endloop
  endfacet
  facet normal 0.243043 0.970015 0
    outer loop
      vertex -22.4935 8.3732 2.5
      vertex -22.3317 8.33266 -2.5
      vertex -22.4935 8.3732 -2.5
    endloop
  endfacet
  facet normal -0.33683 0.941566 0
    outer loop
      vertex -21.3494 8.4294 -2.5
      vertex -21.5065 8.3732 2.5
      vertex -21.3494 8.4294 2.5
    endloop
  endfacet
  facet normal -0.33683 0.941566 0
    outer loop
      vertex -21.5065 8.3732 2.5
      vertex -21.3494 8.4294 -2.5
      vertex -21.5065 8.3732 -2.5
    endloop
  endfacet
  facet normal -0.243043 0.970015 0
    outer loop
      vertex -21.5065 8.3732 -2.5
      vertex -21.6683 8.33266 2.5
      vertex -21.5065 8.3732 2.5
    endloop
  endfacet
  facet normal -0.243043 0.970015 0
    outer loop
      vertex -21.6683 8.33266 2.5
      vertex -21.5065 8.3732 -2.5
      vertex -21.6683 8.33266 -2.5
    endloop
  endfacet
  facet normal 0.33683 0.941566 -0
    outer loop
      vertex -22.4935 8.3732 -2.5
      vertex -22.6506 8.4294 2.5
      vertex -22.4935 8.3732 2.5
    endloop
  endfacet
  facet normal 0.33683 0.941566 0
    outer loop
      vertex -22.6506 8.4294 2.5
      vertex -22.4935 8.3732 -2.5
      vertex -22.6506 8.4294 -2.5
    endloop
  endfacet
  facet normal 0.514099 0.857731 -0
    outer loop
      vertex -22.8014 8.50073 -2.5
      vertex -22.9445 8.5865 2.5
      vertex -22.8014 8.50073 2.5
    endloop
  endfacet
  facet normal 0.514099 0.857731 0
    outer loop
      vertex -22.9445 8.5865 2.5
      vertex -22.8014 8.50073 -2.5
      vertex -22.9445 8.5865 -2.5
    endloop
  endfacet
  facet normal -0.595695 -0.803211 0
    outer loop
      vertex 22.9445 -8.5865 -2.5
      vertex 23.0785 -8.68588 2.5
      vertex 22.9445 -8.5865 2.5
    endloop
  endfacet
  facet normal -0.595695 -0.803211 -0
    outer loop
      vertex 23.0785 -8.68588 2.5
      vertex 22.9445 -8.5865 -2.5
      vertex 23.0785 -8.68588 -2.5
    endloop
  endfacet
  facet normal 0.33683 -0.941566 0
    outer loop
      vertex 21.3494 -8.4294 -2.5
      vertex 21.5065 -8.3732 2.5
      vertex 21.3494 -8.4294 2.5
    endloop
  endfacet
  facet normal 0.33683 -0.941566 0
    outer loop
      vertex 21.5065 -8.3732 2.5
      vertex 21.3494 -8.4294 -2.5
      vertex 21.5065 -8.3732 -2.5
    endloop
  endfacet
  facet normal 0.904065 -0.427396 0
    outer loop
      vertex 20.4294 -9.34944 2.5
      vertex 20.5007 -9.19862 -2.5
      vertex 20.5007 -9.19862 2.5
    endloop
  endfacet
  facet normal 0.904065 -0.427396 0
    outer loop
      vertex 20.5007 -9.19862 -2.5
      vertex 20.4294 -9.34944 2.5
      vertex 20.4294 -9.34944 -2.5
    endloop
  endfacet
  facet normal -0.998791 0.0491602 0
    outer loop
      vertex 23.6918 -10.1666 -2.5
      vertex 23.7 -10 2.5
      vertex 23.7 -10 -2.5
    endloop
  endfacet
  facet normal -0.998791 0.0491602 0
    outer loop
      vertex 23.7 -10 2.5
      vertex 23.6918 -10.1666 -2.5
      vertex 23.6918 -10.1666 2.5
    endloop
  endfacet
  facet normal 0.427442 0.904043 -0
    outer loop
      vertex 21.3494 -11.5706 -2.5
      vertex 21.1986 -11.4993 2.5
      vertex 21.3494 -11.5706 2.5
    endloop
  endfacet
  facet normal 0.427442 0.904043 0
    outer loop
      vertex 21.1986 -11.4993 2.5
      vertex 21.3494 -11.5706 -2.5
      vertex 21.1986 -11.4993 -2.5
    endloop
  endfacet
  facet normal -0.904065 -0.427396 0
    outer loop
      vertex 23.5706 -9.34944 -2.5
      vertex 23.4993 -9.19862 2.5
      vertex 23.4993 -9.19862 -2.5
    endloop
  endfacet
  facet normal -0.904065 -0.427396 0
    outer loop
      vertex 23.4993 -9.19862 2.5
      vertex 23.5706 -9.34944 -2.5
      vertex 23.5706 -9.34944 2.5
    endloop
  endfacet
  facet normal -0.857636 -0.514258 0
    outer loop
      vertex 23.4993 -9.19862 -2.5
      vertex 23.4135 -9.05553 2.5
      vertex 23.4135 -9.05553 -2.5
    endloop
  endfacet
  facet normal -0.857636 -0.514258 0
    outer loop
      vertex 23.4135 -9.05553 2.5
      vertex 23.4993 -9.19862 -2.5
      vertex 23.4993 -9.19862 2.5
    endloop
  endfacet
  facet normal -0.427589 -0.903973 0
    outer loop
      vertex 22.6506 -8.4294 -2.5
      vertex 22.8014 -8.50073 2.5
      vertex 22.6506 -8.4294 2.5
    endloop
  endfacet
  facet normal -0.427589 -0.903973 -0
    outer loop
      vertex 22.8014 -8.50073 2.5
      vertex 22.6506 -8.4294 -2.5
      vertex 22.8014 -8.50073 -2.5
    endloop
  endfacet
  facet normal -0.146612 -0.989194 0
    outer loop
      vertex 22.1666 -8.30819 -2.5
      vertex 22.3317 -8.33266 2.5
      vertex 22.1666 -8.30819 2.5
    endloop
  endfacet
  facet normal -0.146612 -0.989194 -0
    outer loop
      vertex 22.3317 -8.33266 2.5
      vertex 22.1666 -8.30819 -2.5
      vertex 22.3317 -8.33266 -2.5
    endloop
  endfacet
  facet normal 0.989158 -0.146857 0
    outer loop
      vertex 20.3082 -9.83337 2.5
      vertex 20.3327 -9.66835 -2.5
      vertex 20.3327 -9.66835 2.5
    endloop
  endfacet
  facet normal 0.989158 -0.146857 0
    outer loop
      vertex 20.3327 -9.66835 -2.5
      vertex 20.3082 -9.83337 2.5
      vertex 20.3082 -9.83337 -2.5
    endloop
  endfacet
  facet normal 0.741051 -0.671448 0
    outer loop
      vertex 20.6859 -8.92153 2.5
      vertex 20.7979 -8.79792 -2.5
      vertex 20.7979 -8.79792 2.5
    endloop
  endfacet
  facet normal 0.741051 -0.671448 0
    outer loop
      vertex 20.7979 -8.79792 -2.5
      vertex 20.6859 -8.92153 2.5
      vertex 20.6859 -8.92153 -2.5
    endloop
  endfacet
  facet normal 0.146612 -0.989194 0
    outer loop
      vertex 21.6683 -8.33266 -2.5
      vertex 21.8334 -8.30819 2.5
      vertex 21.6683 -8.33266 2.5
    endloop
  endfacet
  facet normal 0.146612 -0.989194 0
    outer loop
      vertex 21.8334 -8.30819 2.5
      vertex 21.6683 -8.33266 -2.5
      vertex 21.8334 -8.30819 -2.5
    endloop
  endfacet
  facet normal -0.941566 0.33683 0
    outer loop
      vertex 23.5706 -10.6506 -2.5
      vertex 23.6268 -10.4935 2.5
      vertex 23.6268 -10.4935 -2.5
    endloop
  endfacet
  facet normal -0.941566 0.33683 0
    outer loop
      vertex 23.6268 -10.4935 2.5
      vertex 23.5706 -10.6506 -2.5
      vertex 23.5706 -10.6506 2.5
    endloop
  endfacet
  facet normal 0.146788 0.989168 -0
    outer loop
      vertex 21.8334 -11.6918 -2.5
      vertex 21.6683 -11.6673 2.5
      vertex 21.8334 -11.6918 2.5
    endloop
  endfacet
  facet normal 0.146788 0.989168 0
    outer loop
      vertex 21.6683 -11.6673 2.5
      vertex 21.8334 -11.6918 -2.5
      vertex 21.6683 -11.6673 -2.5
    endloop
  endfacet
  facet normal 0.671478 0.741024 -0
    outer loop
      vertex 20.9215 -11.3141 -2.5
      vertex 20.7979 -11.2021 2.5
      vertex 20.9215 -11.3141 2.5
    endloop
  endfacet
  facet normal 0.671478 0.741024 0
    outer loop
      vertex 20.7979 -11.2021 2.5
      vertex 20.9215 -11.3141 -2.5
      vertex 20.7979 -11.2021 -2.5
    endloop
  endfacet
  facet normal -0.989158 -0.146857 0
    outer loop
      vertex 23.6918 -9.83337 -2.5
      vertex 23.6673 -9.66835 2.5
      vertex 23.6673 -9.66835 -2.5
    endloop
  endfacet
  facet normal -0.989158 -0.146857 0
    outer loop
      vertex 23.6673 -9.66835 2.5
      vertex 23.6918 -9.83337 -2.5
      vertex 23.6918 -9.83337 2.5
    endloop
  endfacet
  facet normal -0.970083 -0.242775 0
    outer loop
      vertex 23.6673 -9.66835 -2.5
      vertex 23.6268 -9.50652 2.5
      vertex 23.6268 -9.50652 -2.5
    endloop
  endfacet
  facet normal -0.970083 -0.242775 0
    outer loop
      vertex 23.6268 -9.50652 2.5
      vertex 23.6673 -9.66835 -2.5
      vertex 23.6673 -9.66835 2.5
    endloop
  endfacet
  facet normal -0.941552 -0.336868 0
    outer loop
      vertex 23.6268 -9.50652 -2.5
      vertex 23.5706 -9.34944 2.5
      vertex 23.5706 -9.34944 -2.5
    endloop
  endfacet
  facet normal -0.941552 -0.336868 0
    outer loop
      vertex 23.5706 -9.34944 2.5
      vertex 23.6268 -9.50652 -2.5
      vertex 23.6268 -9.50652 2.5
    endloop
  endfacet
  facet normal -0.741051 -0.671448 0
    outer loop
      vertex 23.3141 -8.92153 -2.5
      vertex 23.2021 -8.79792 2.5
      vertex 23.2021 -8.79792 -2.5
    endloop
  endfacet
  facet normal -0.741051 -0.671448 0
    outer loop
      vertex 23.2021 -8.79792 2.5
      vertex 23.3141 -8.92153 -2.5
      vertex 23.3141 -8.92153 2.5
    endloop
  endfacet
  facet normal -0.803154 -0.595772 0
    outer loop
      vertex 23.4135 -9.05553 -2.5
      vertex 23.3141 -8.92153 2.5
      vertex 23.3141 -8.92153 -2.5
    endloop
  endfacet
  facet normal -0.803154 -0.595772 0
    outer loop
      vertex 23.3141 -8.92153 2.5
      vertex 23.4135 -9.05553 -2.5
      vertex 23.4135 -9.05553 2.5
    endloop
  endfacet
  facet normal -0.67161 -0.740905 0
    outer loop
      vertex 23.0785 -8.68588 -2.5
      vertex 23.2021 -8.79792 2.5
      vertex 23.0785 -8.68588 2.5
    endloop
  endfacet
  facet normal -0.67161 -0.740905 -0
    outer loop
      vertex 23.2021 -8.79792 2.5
      vertex 23.0785 -8.68588 -2.5
      vertex 23.2021 -8.79792 -2.5
    endloop
  endfacet
  facet normal -0.514099 -0.857731 0
    outer loop
      vertex 22.8014 -8.50073 -2.5
      vertex 22.9445 -8.5865 2.5
      vertex 22.8014 -8.50073 2.5
    endloop
  endfacet
  facet normal -0.514099 -0.857731 -0
    outer loop
      vertex 22.9445 -8.5865 2.5
      vertex 22.8014 -8.50073 -2.5
      vertex 22.9445 -8.5865 -2.5
    endloop
  endfacet
  facet normal -0.0491004 -0.998794 0
    outer loop
      vertex 22 -8.3 -2.5
      vertex 22.1666 -8.30819 2.5
      vertex 22 -8.3 2.5
    endloop
  endfacet
  facet normal -0.0491004 -0.998794 -0
    outer loop
      vertex 22.1666 -8.30819 2.5
      vertex 22 -8.3 -2.5
      vertex 22.1666 -8.30819 -2.5
    endloop
  endfacet
  facet normal -0.33683 -0.941566 0
    outer loop
      vertex 22.4935 -8.3732 -2.5
      vertex 22.6506 -8.4294 2.5
      vertex 22.4935 -8.3732 2.5
    endloop
  endfacet
  facet normal -0.33683 -0.941566 -0
    outer loop
      vertex 22.6506 -8.4294 2.5
      vertex 22.4935 -8.3732 -2.5
      vertex 22.6506 -8.4294 -2.5
    endloop
  endfacet
  facet normal -0.243043 -0.970015 0
    outer loop
      vertex 22.3317 -8.33266 -2.5
      vertex 22.4935 -8.3732 2.5
      vertex 22.3317 -8.33266 2.5
    endloop
  endfacet
  facet normal -0.243043 -0.970015 -0
    outer loop
      vertex 22.4935 -8.3732 2.5
      vertex 22.3317 -8.33266 -2.5
      vertex 22.4935 -8.3732 -2.5
    endloop
  endfacet
  facet normal 0.998791 -0.0491513 0
    outer loop
      vertex 20.3 -10 2.5
      vertex 20.3082 -9.83337 -2.5
      vertex 20.3082 -9.83337 2.5
    endloop
  endfacet
  facet normal 0.998791 -0.0491513 0
    outer loop
      vertex 20.3082 -9.83337 -2.5
      vertex 20.3 -10 2.5
      vertex 20.3 -10 -2.5
    endloop
  endfacet
  facet normal 0.941552 -0.336868 0
    outer loop
      vertex 20.3732 -9.50652 2.5
      vertex 20.4294 -9.34944 -2.5
      vertex 20.4294 -9.34944 2.5
    endloop
  endfacet
  facet normal 0.941552 -0.336868 0
    outer loop
      vertex 20.4294 -9.34944 -2.5
      vertex 20.3732 -9.50652 2.5
      vertex 20.3732 -9.50652 -2.5
    endloop
  endfacet
  facet normal 0.970083 -0.242775 0
    outer loop
      vertex 20.3327 -9.66835 2.5
      vertex 20.3732 -9.50652 -2.5
      vertex 20.3732 -9.50652 2.5
    endloop
  endfacet
  facet normal 0.970083 -0.242775 0
    outer loop
      vertex 20.3732 -9.50652 -2.5
      vertex 20.3327 -9.66835 2.5
      vertex 20.3327 -9.66835 -2.5
    endloop
  endfacet
  facet normal 0.857636 -0.514258 0
    outer loop
      vertex 20.5007 -9.19862 2.5
      vertex 20.5865 -9.05553 -2.5
      vertex 20.5865 -9.05553 2.5
    endloop
  endfacet
  facet normal 0.857636 -0.514258 0
    outer loop
      vertex 20.5865 -9.05553 -2.5
      vertex 20.5007 -9.19862 2.5
      vertex 20.5007 -9.19862 -2.5
    endloop
  endfacet
  facet normal 0.803154 -0.595772 0
    outer loop
      vertex 20.5865 -9.05553 2.5
      vertex 20.6859 -8.92153 -2.5
      vertex 20.6859 -8.92153 2.5
    endloop
  endfacet
  facet normal 0.803154 -0.595772 0
    outer loop
      vertex 20.6859 -8.92153 -2.5
      vertex 20.5865 -9.05553 2.5
      vertex 20.5865 -9.05553 -2.5
    endloop
  endfacet
  facet normal 0.243043 -0.970015 0
    outer loop
      vertex 21.5065 -8.3732 -2.5
      vertex 21.6683 -8.33266 2.5
      vertex 21.5065 -8.3732 2.5
    endloop
  endfacet
  facet normal 0.243043 -0.970015 0
    outer loop
      vertex 21.6683 -8.33266 2.5
      vertex 21.5065 -8.3732 -2.5
      vertex 21.6683 -8.33266 -2.5
    endloop
  endfacet
  facet normal 0.0491004 -0.998794 0
    outer loop
      vertex 21.8334 -8.30819 -2.5
      vertex 22 -8.3 2.5
      vertex 21.8334 -8.30819 2.5
    endloop
  endfacet
  facet normal 0.0491004 -0.998794 0
    outer loop
      vertex 22 -8.3 2.5
      vertex 21.8334 -8.30819 -2.5
      vertex 22 -8.3 -2.5
    endloop
  endfacet
  facet normal 0.514099 -0.857731 0
    outer loop
      vertex 21.0555 -8.5865 -2.5
      vertex 21.1986 -8.50073 2.5
      vertex 21.0555 -8.5865 2.5
    endloop
  endfacet
  facet normal 0.514099 -0.857731 0
    outer loop
      vertex 21.1986 -8.50073 2.5
      vertex 21.0555 -8.5865 -2.5
      vertex 21.1986 -8.50073 -2.5
    endloop
  endfacet
  facet normal 0.595695 -0.803211 0
    outer loop
      vertex 20.9215 -8.68588 -2.5
      vertex 21.0555 -8.5865 2.5
      vertex 20.9215 -8.68588 2.5
    endloop
  endfacet
  facet normal 0.595695 -0.803211 0
    outer loop
      vertex 21.0555 -8.5865 2.5
      vertex 20.9215 -8.68588 -2.5
      vertex 21.0555 -8.5865 -2.5
    endloop
  endfacet
  facet normal 0.427589 -0.903973 0
    outer loop
      vertex 21.1986 -8.50073 -2.5
      vertex 21.3494 -8.4294 2.5
      vertex 21.1986 -8.50073 2.5
    endloop
  endfacet
  facet normal 0.427589 -0.903973 0
    outer loop
      vertex 21.3494 -8.4294 2.5
      vertex 21.1986 -8.50073 -2.5
      vertex 21.3494 -8.4294 -2.5
    endloop
  endfacet
  facet normal 0.67161 -0.740905 0
    outer loop
      vertex 20.7979 -8.79792 -2.5
      vertex 20.9215 -8.68588 2.5
      vertex 20.7979 -8.79792 2.5
    endloop
  endfacet
  facet normal 0.67161 -0.740905 0
    outer loop
      vertex 20.9215 -8.68588 2.5
      vertex 20.7979 -8.79792 -2.5
      vertex 20.9215 -8.68588 -2.5
    endloop
  endfacet
  facet normal -0.998791 -0.0491513 0
    outer loop
      vertex 23.7 -10 -2.5
      vertex 23.6918 -9.83337 2.5
      vertex 23.6918 -9.83337 -2.5
    endloop
  endfacet
  facet normal -0.998791 -0.0491513 0
    outer loop
      vertex 23.6918 -9.83337 2.5
      vertex 23.7 -10 -2.5
      vertex 23.7 -10 2.5
    endloop
  endfacet
  facet normal -0.0491602 0.998791 0
    outer loop
      vertex 22.1666 -11.6918 -2.5
      vertex 22 -11.7 2.5
      vertex 22.1666 -11.6918 2.5
    endloop
  endfacet
  facet normal -0.0491602 0.998791 0
    outer loop
      vertex 22 -11.7 2.5
      vertex 22.1666 -11.6918 -2.5
      vertex 22 -11.7 -2.5
    endloop
  endfacet
  facet normal -0.970072 0.242818 0
    outer loop
      vertex 23.6268 -10.4935 -2.5
      vertex 23.6673 -10.3317 2.5
      vertex 23.6673 -10.3317 -2.5
    endloop
  endfacet
  facet normal -0.970072 0.242818 0
    outer loop
      vertex 23.6673 -10.3317 2.5
      vertex 23.6268 -10.4935 -2.5
      vertex 23.6268 -10.4935 2.5
    endloop
  endfacet
  facet normal -0.803154 0.595772 0
    outer loop
      vertex 23.3141 -11.0785 -2.5
      vertex 23.4135 -10.9445 2.5
      vertex 23.4135 -10.9445 -2.5
    endloop
  endfacet
  facet normal -0.803154 0.595772 0
    outer loop
      vertex 23.4135 -10.9445 2.5
      vertex 23.3141 -11.0785 -2.5
      vertex 23.3141 -11.0785 2.5
    endloop
  endfacet
  facet normal -0.904043 0.427442 0
    outer loop
      vertex 23.4993 -10.8014 -2.5
      vertex 23.5706 -10.6506 2.5
      vertex 23.5706 -10.6506 -2.5
    endloop
  endfacet
  facet normal -0.904043 0.427442 0
    outer loop
      vertex 23.5706 -10.6506 2.5
      vertex 23.4993 -10.8014 -2.5
      vertex 23.4993 -10.8014 2.5
    endloop
  endfacet
  facet normal -0.671478 0.741024 0
    outer loop
      vertex 23.2021 -11.2021 -2.5
      vertex 23.0785 -11.3141 2.5
      vertex 23.2021 -11.2021 2.5
    endloop
  endfacet
  facet normal -0.671478 0.741024 0
    outer loop
      vertex 23.0785 -11.3141 2.5
      vertex 23.2021 -11.2021 -2.5
      vertex 23.0785 -11.3141 -2.5
    endloop
  endfacet
  facet normal -0.514231 0.857652 0
    outer loop
      vertex 22.9445 -11.4135 -2.5
      vertex 22.8014 -11.4993 2.5
      vertex 22.9445 -11.4135 2.5
    endloop
  endfacet
  facet normal -0.514231 0.857652 0
    outer loop
      vertex 22.8014 -11.4993 2.5
      vertex 22.9445 -11.4135 -2.5
      vertex 22.8014 -11.4993 -2.5
    endloop
  endfacet
  facet normal 0.0491602 0.998791 -0
    outer loop
      vertex 22 -11.7 -2.5
      vertex 21.8334 -11.6918 2.5
      vertex 22 -11.7 2.5
    endloop
  endfacet
  facet normal 0.0491602 0.998791 0
    outer loop
      vertex 21.8334 -11.6918 2.5
      vertex 22 -11.7 -2.5
      vertex 21.8334 -11.6918 -2.5
    endloop
  endfacet
  facet normal 0.33683 0.941566 -0
    outer loop
      vertex 21.5065 -11.6268 -2.5
      vertex 21.3494 -11.5706 2.5
      vertex 21.5065 -11.6268 2.5
    endloop
  endfacet
  facet normal 0.33683 0.941566 0
    outer loop
      vertex 21.3494 -11.5706 2.5
      vertex 21.5065 -11.6268 -2.5
      vertex 21.3494 -11.5706 -2.5
    endloop
  endfacet
  facet normal 0.514231 0.857652 -0
    outer loop
      vertex 21.1986 -11.4993 -2.5
      vertex 21.0555 -11.4135 2.5
      vertex 21.1986 -11.4993 2.5
    endloop
  endfacet
  facet normal 0.514231 0.857652 0
    outer loop
      vertex 21.0555 -11.4135 2.5
      vertex 21.1986 -11.4993 -2.5
      vertex 21.0555 -11.4135 -2.5
    endloop
  endfacet
  facet normal 0.970072 0.242818 0
    outer loop
      vertex 20.3732 -10.4935 2.5
      vertex 20.3327 -10.3317 -2.5
      vertex 20.3327 -10.3317 2.5
    endloop
  endfacet
  facet normal 0.970072 0.242818 0
    outer loop
      vertex 20.3327 -10.3317 -2.5
      vertex 20.3732 -10.4935 2.5
      vertex 20.3732 -10.4935 -2.5
    endloop
  endfacet
  facet normal 0.998791 0.0491602 0
    outer loop
      vertex 20.3082 -10.1666 2.5
      vertex 20.3 -10 -2.5
      vertex 20.3 -10 2.5
    endloop
  endfacet
  facet normal 0.998791 0.0491602 0
    outer loop
      vertex 20.3 -10 -2.5
      vertex 20.3082 -10.1666 2.5
      vertex 20.3082 -10.1666 -2.5
    endloop
  endfacet
  facet normal 0.803154 0.595772 0
    outer loop
      vertex 20.6859 -11.0785 2.5
      vertex 20.5865 -10.9445 -2.5
      vertex 20.5865 -10.9445 2.5
    endloop
  endfacet
  facet normal 0.803154 0.595772 0
    outer loop
      vertex 20.5865 -10.9445 -2.5
      vertex 20.6859 -11.0785 2.5
      vertex 20.6859 -11.0785 -2.5
    endloop
  endfacet
  facet normal 0.904043 0.427442 0
    outer loop
      vertex 20.5007 -10.8014 2.5
      vertex 20.4294 -10.6506 -2.5
      vertex 20.4294 -10.6506 2.5
    endloop
  endfacet
  facet normal 0.904043 0.427442 0
    outer loop
      vertex 20.4294 -10.6506 -2.5
      vertex 20.5007 -10.8014 2.5
      vertex 20.5007 -10.8014 -2.5
    endloop
  endfacet
  facet normal 0.741024 0.671478 0
    outer loop
      vertex 20.7979 -11.2021 2.5
      vertex 20.6859 -11.0785 -2.5
      vertex 20.6859 -11.0785 2.5
    endloop
  endfacet
  facet normal 0.741024 0.671478 0
    outer loop
      vertex 20.6859 -11.0785 -2.5
      vertex 20.7979 -11.2021 2.5
      vertex 20.7979 -11.2021 -2.5
    endloop
  endfacet
  facet normal -0.989168 0.146788 0
    outer loop
      vertex 23.6673 -10.3317 -2.5
      vertex 23.6918 -10.1666 2.5
      vertex 23.6918 -10.1666 -2.5
    endloop
  endfacet
  facet normal -0.989168 0.146788 0
    outer loop
      vertex 23.6918 -10.1666 2.5
      vertex 23.6673 -10.3317 -2.5
      vertex 23.6673 -10.3317 2.5
    endloop
  endfacet
  facet normal -0.146788 0.989168 0
    outer loop
      vertex 22.3317 -11.6673 -2.5
      vertex 22.1666 -11.6918 2.5
      vertex 22.3317 -11.6673 2.5
    endloop
  endfacet
  facet normal -0.146788 0.989168 0
    outer loop
      vertex 22.1666 -11.6918 2.5
      vertex 22.3317 -11.6673 -2.5
      vertex 22.1666 -11.6918 -2.5
    endloop
  endfacet
  facet normal -0.427442 0.904043 0
    outer loop
      vertex 22.8014 -11.4993 -2.5
      vertex 22.6506 -11.5706 2.5
      vertex 22.8014 -11.4993 2.5
    endloop
  endfacet
  facet normal -0.427442 0.904043 0
    outer loop
      vertex 22.6506 -11.5706 2.5
      vertex 22.8014 -11.4993 -2.5
      vertex 22.6506 -11.5706 -2.5
    endloop
  endfacet
  facet normal -0.242818 0.970072 0
    outer loop
      vertex 22.4935 -11.6268 -2.5
      vertex 22.3317 -11.6673 2.5
      vertex 22.4935 -11.6268 2.5
    endloop
  endfacet
  facet normal -0.242818 0.970072 0
    outer loop
      vertex 22.3317 -11.6673 2.5
      vertex 22.4935 -11.6268 -2.5
      vertex 22.3317 -11.6673 -2.5
    endloop
  endfacet
  facet normal -0.741024 0.671478 0
    outer loop
      vertex 23.2021 -11.2021 -2.5
      vertex 23.3141 -11.0785 2.5
      vertex 23.3141 -11.0785 -2.5
    endloop
  endfacet
  facet normal -0.741024 0.671478 0
    outer loop
      vertex 23.3141 -11.0785 2.5
      vertex 23.2021 -11.2021 -2.5
      vertex 23.2021 -11.2021 2.5
    endloop
  endfacet
  facet normal -0.595772 0.803154 0
    outer loop
      vertex 23.0785 -11.3141 -2.5
      vertex 22.9445 -11.4135 2.5
      vertex 23.0785 -11.3141 2.5
    endloop
  endfacet
  facet normal -0.595772 0.803154 0
    outer loop
      vertex 22.9445 -11.4135 2.5
      vertex 23.0785 -11.3141 -2.5
      vertex 22.9445 -11.4135 -2.5
    endloop
  endfacet
  facet normal 0.242818 0.970072 -0
    outer loop
      vertex 21.6683 -11.6673 -2.5
      vertex 21.5065 -11.6268 2.5
      vertex 21.6683 -11.6673 2.5
    endloop
  endfacet
  facet normal 0.242818 0.970072 0
    outer loop
      vertex 21.5065 -11.6268 2.5
      vertex 21.6683 -11.6673 -2.5
      vertex 21.5065 -11.6268 -2.5
    endloop
  endfacet
  facet normal 0.595772 0.803154 -0
    outer loop
      vertex 21.0555 -11.4135 -2.5
      vertex 20.9215 -11.3141 2.5
      vertex 21.0555 -11.4135 2.5
    endloop
  endfacet
  facet normal 0.595772 0.803154 0
    outer loop
      vertex 20.9215 -11.3141 2.5
      vertex 21.0555 -11.4135 -2.5
      vertex 20.9215 -11.3141 -2.5
    endloop
  endfacet
  facet normal 0.941566 0.33683 0
    outer loop
      vertex 20.4294 -10.6506 2.5
      vertex 20.3732 -10.4935 -2.5
      vertex 20.3732 -10.4935 2.5
    endloop
  endfacet
  facet normal 0.941566 0.33683 0
    outer loop
      vertex 20.3732 -10.4935 -2.5
      vertex 20.4294 -10.6506 2.5
      vertex 20.4294 -10.6506 -2.5
    endloop
  endfacet
  facet normal 0.989168 0.146788 0
    outer loop
      vertex 20.3327 -10.3317 2.5
      vertex 20.3082 -10.1666 -2.5
      vertex 20.3082 -10.1666 2.5
    endloop
  endfacet
  facet normal 0.989168 0.146788 0
    outer loop
      vertex 20.3082 -10.1666 -2.5
      vertex 20.3327 -10.3317 2.5
      vertex 20.3327 -10.3317 -2.5
    endloop
  endfacet
  facet normal 0.857652 0.514231 0
    outer loop
      vertex 20.5865 -10.9445 2.5
      vertex 20.5007 -10.8014 -2.5
      vertex 20.5007 -10.8014 2.5
    endloop
  endfacet
  facet normal 0.857652 0.514231 0
    outer loop
      vertex 20.5007 -10.8014 -2.5
      vertex 20.5865 -10.9445 2.5
      vertex 20.5865 -10.9445 -2.5
    endloop
  endfacet
  facet normal -0.857652 0.514231 0
    outer loop
      vertex 23.4135 -10.9445 -2.5
      vertex 23.4993 -10.8014 2.5
      vertex 23.4993 -10.8014 -2.5
    endloop
  endfacet
  facet normal -0.857652 0.514231 0
    outer loop
      vertex 23.4993 -10.8014 2.5
      vertex 23.4135 -10.9445 -2.5
      vertex 23.4135 -10.9445 2.5
    endloop
  endfacet
  facet normal -0.33683 0.941566 0
    outer loop
      vertex 22.6506 -11.5706 -2.5
      vertex 22.4935 -11.6268 2.5
      vertex 22.6506 -11.5706 2.5
    endloop
  endfacet
  facet normal -0.33683 0.941566 0
    outer loop
      vertex 22.4935 -11.6268 2.5
      vertex 22.6506 -11.5706 -2.5
      vertex 22.4935 -11.6268 -2.5
    endloop
  endfacet
  facet normal -0.998791 -0.0491602 0
    outer loop
      vertex 23.7 10 -2.5
      vertex 23.6918 10.1666 2.5
      vertex 23.6918 10.1666 -2.5
    endloop
  endfacet
  facet normal -0.998791 -0.0491602 0
    outer loop
      vertex 23.6918 10.1666 2.5
      vertex 23.7 10 -2.5
      vertex 23.7 10 2.5
    endloop
  endfacet
  facet normal 0.0491602 -0.998791 0
    outer loop
      vertex 21.8334 11.6918 -2.5
      vertex 22 11.7 2.5
      vertex 21.8334 11.6918 2.5
    endloop
  endfacet
  facet normal 0.0491602 -0.998791 0
    outer loop
      vertex 22 11.7 2.5
      vertex 21.8334 11.6918 -2.5
      vertex 22 11.7 -2.5
    endloop
  endfacet
  facet normal -0.0491004 0.998794 0
    outer loop
      vertex 22.1666 8.30819 -2.5
      vertex 22 8.3 2.5
      vertex 22.1666 8.30819 2.5
    endloop
  endfacet
  facet normal -0.0491004 0.998794 0
    outer loop
      vertex 22 8.3 2.5
      vertex 22.1666 8.30819 -2.5
      vertex 22 8.3 -2.5
    endloop
  endfacet
  facet normal -0.671478 -0.741024 0
    outer loop
      vertex 23.0785 11.3141 -2.5
      vertex 23.2021 11.2021 2.5
      vertex 23.0785 11.3141 2.5
    endloop
  endfacet
  facet normal -0.671478 -0.741024 -0
    outer loop
      vertex 23.2021 11.2021 2.5
      vertex 23.0785 11.3141 -2.5
      vertex 23.2021 11.2021 -2.5
    endloop
  endfacet
  facet normal 0.741024 -0.671478 0
    outer loop
      vertex 20.6859 11.0785 2.5
      vertex 20.7979 11.2021 -2.5
      vertex 20.7979 11.2021 2.5
    endloop
  endfacet
  facet normal 0.741024 -0.671478 0
    outer loop
      vertex 20.7979 11.2021 -2.5
      vertex 20.6859 11.0785 2.5
      vertex 20.6859 11.0785 -2.5
    endloop
  endfacet
  facet normal 0.427442 -0.904043 0
    outer loop
      vertex 21.1986 11.4993 -2.5
      vertex 21.3494 11.5706 2.5
      vertex 21.1986 11.4993 2.5
    endloop
  endfacet
  facet normal 0.427442 -0.904043 0
    outer loop
      vertex 21.3494 11.5706 2.5
      vertex 21.1986 11.4993 -2.5
      vertex 21.3494 11.5706 -2.5
    endloop
  endfacet
  facet normal -0.857636 0.514258 0
    outer loop
      vertex 23.4135 9.05553 -2.5
      vertex 23.4993 9.19862 2.5
      vertex 23.4993 9.19862 -2.5
    endloop
  endfacet
  facet normal -0.857636 0.514258 0
    outer loop
      vertex 23.4993 9.19862 2.5
      vertex 23.4135 9.05553 -2.5
      vertex 23.4135 9.05553 2.5
    endloop
  endfacet
  facet normal -0.904043 -0.427442 0
    outer loop
      vertex 23.5706 10.6506 -2.5
      vertex 23.4993 10.8014 2.5
      vertex 23.4993 10.8014 -2.5
    endloop
  endfacet
  facet normal -0.904043 -0.427442 0
    outer loop
      vertex 23.4993 10.8014 2.5
      vertex 23.5706 10.6506 -2.5
      vertex 23.5706 10.6506 2.5
    endloop
  endfacet
  facet normal -0.33683 -0.941566 0
    outer loop
      vertex 22.4935 11.6268 -2.5
      vertex 22.6506 11.5706 2.5
      vertex 22.4935 11.6268 2.5
    endloop
  endfacet
  facet normal -0.33683 -0.941566 -0
    outer loop
      vertex 22.6506 11.5706 2.5
      vertex 22.4935 11.6268 -2.5
      vertex 22.6506 11.5706 -2.5
    endloop
  endfacet
  facet normal -0.514231 -0.857652 0
    outer loop
      vertex 22.8014 11.4993 -2.5
      vertex 22.9445 11.4135 2.5
      vertex 22.8014 11.4993 2.5
    endloop
  endfacet
  facet normal -0.514231 -0.857652 -0
    outer loop
      vertex 22.9445 11.4135 2.5
      vertex 22.8014 11.4993 -2.5
      vertex 22.9445 11.4135 -2.5
    endloop
  endfacet
  facet normal 0.941566 -0.33683 0
    outer loop
      vertex 20.3732 10.4935 2.5
      vertex 20.4294 10.6506 -2.5
      vertex 20.4294 10.6506 2.5
    endloop
  endfacet
  facet normal 0.941566 -0.33683 0
    outer loop
      vertex 20.4294 10.6506 -2.5
      vertex 20.3732 10.4935 2.5
      vertex 20.3732 10.4935 -2.5
    endloop
  endfacet
  facet normal 0.242818 -0.970072 0
    outer loop
      vertex 21.5065 11.6268 -2.5
      vertex 21.6683 11.6673 2.5
      vertex 21.5065 11.6268 2.5
    endloop
  endfacet
  facet normal 0.242818 -0.970072 0
    outer loop
      vertex 21.6683 11.6673 2.5
      vertex 21.5065 11.6268 -2.5
      vertex 21.6683 11.6673 -2.5
    endloop
  endfacet
  facet normal -0.146612 0.989194 0
    outer loop
      vertex 22.3317 8.33266 -2.5
      vertex 22.1666 8.30819 2.5
      vertex 22.3317 8.33266 2.5
    endloop
  endfacet
  facet normal -0.146612 0.989194 0
    outer loop
      vertex 22.1666 8.30819 2.5
      vertex 22.3317 8.33266 -2.5
      vertex 22.1666 8.30819 -2.5
    endloop
  endfacet
  facet normal -0.970072 -0.242818 0
    outer loop
      vertex 23.6673 10.3317 -2.5
      vertex 23.6268 10.4935 2.5
      vertex 23.6268 10.4935 -2.5
    endloop
  endfacet
  facet normal -0.970072 -0.242818 0
    outer loop
      vertex 23.6268 10.4935 2.5
      vertex 23.6673 10.3317 -2.5
      vertex 23.6673 10.3317 2.5
    endloop
  endfacet
  facet normal -0.989168 -0.146788 0
    outer loop
      vertex 23.6918 10.1666 -2.5
      vertex 23.6673 10.3317 2.5
      vertex 23.6673 10.3317 -2.5
    endloop
  endfacet
  facet normal -0.989168 -0.146788 0
    outer loop
      vertex 23.6673 10.3317 2.5
      vertex 23.6918 10.1666 -2.5
      vertex 23.6918 10.1666 2.5
    endloop
  endfacet
  facet normal -0.941566 -0.33683 0
    outer loop
      vertex 23.6268 10.4935 -2.5
      vertex 23.5706 10.6506 2.5
      vertex 23.5706 10.6506 -2.5
    endloop
  endfacet
  facet normal -0.941566 -0.33683 0
    outer loop
      vertex 23.5706 10.6506 2.5
      vertex 23.6268 10.4935 -2.5
      vertex 23.6268 10.4935 2.5
    endloop
  endfacet
  facet normal -0.803154 -0.595772 0
    outer loop
      vertex 23.4135 10.9445 -2.5
      vertex 23.3141 11.0785 2.5
      vertex 23.3141 11.0785 -2.5
    endloop
  endfacet
  facet normal -0.803154 -0.595772 0
    outer loop
      vertex 23.3141 11.0785 2.5
      vertex 23.4135 10.9445 -2.5
      vertex 23.4135 10.9445 2.5
    endloop
  endfacet
  facet normal -0.741024 -0.671478 0
    outer loop
      vertex 23.3141 11.0785 -2.5
      vertex 23.2021 11.2021 2.5
      vertex 23.2021 11.2021 -2.5
    endloop
  endfacet
  facet normal -0.741024 -0.671478 0
    outer loop
      vertex 23.2021 11.2021 2.5
      vertex 23.3141 11.0785 -2.5
      vertex 23.3141 11.0785 2.5
    endloop
  endfacet
  facet normal -0.857652 -0.514231 0
    outer loop
      vertex 23.4993 10.8014 -2.5
      vertex 23.4135 10.9445 2.5
      vertex 23.4135 10.9445 -2.5
    endloop
  endfacet
  facet normal -0.857652 -0.514231 0
    outer loop
      vertex 23.4135 10.9445 2.5
      vertex 23.4993 10.8014 -2.5
      vertex 23.4993 10.8014 2.5
    endloop
  endfacet
  facet normal -0.146788 -0.989168 0
    outer loop
      vertex 22.1666 11.6918 -2.5
      vertex 22.3317 11.6673 2.5
      vertex 22.1666 11.6918 2.5
    endloop
  endfacet
  facet normal -0.146788 -0.989168 -0
    outer loop
      vertex 22.3317 11.6673 2.5
      vertex 22.1666 11.6918 -2.5
      vertex 22.3317 11.6673 -2.5
    endloop
  endfacet
  facet normal -0.242818 -0.970072 0
    outer loop
      vertex 22.3317 11.6673 -2.5
      vertex 22.4935 11.6268 2.5
      vertex 22.3317 11.6673 2.5
    endloop
  endfacet
  facet normal -0.242818 -0.970072 -0
    outer loop
      vertex 22.4935 11.6268 2.5
      vertex 22.3317 11.6673 -2.5
      vertex 22.4935 11.6268 -2.5
    endloop
  endfacet
  facet normal -0.0491602 -0.998791 0
    outer loop
      vertex 22 11.7 -2.5
      vertex 22.1666 11.6918 2.5
      vertex 22 11.7 2.5
    endloop
  endfacet
  facet normal -0.0491602 -0.998791 -0
    outer loop
      vertex 22.1666 11.6918 2.5
      vertex 22 11.7 -2.5
      vertex 22.1666 11.6918 -2.5
    endloop
  endfacet
  facet normal -0.427442 -0.904043 0
    outer loop
      vertex 22.6506 11.5706 -2.5
      vertex 22.8014 11.4993 2.5
      vertex 22.6506 11.5706 2.5
    endloop
  endfacet
  facet normal -0.427442 -0.904043 -0
    outer loop
      vertex 22.8014 11.4993 2.5
      vertex 22.6506 11.5706 -2.5
      vertex 22.8014 11.4993 -2.5
    endloop
  endfacet
  facet normal -0.595772 -0.803154 0
    outer loop
      vertex 22.9445 11.4135 -2.5
      vertex 23.0785 11.3141 2.5
      vertex 22.9445 11.4135 2.5
    endloop
  endfacet
  facet normal -0.595772 -0.803154 -0
    outer loop
      vertex 23.0785 11.3141 2.5
      vertex 22.9445 11.4135 -2.5
      vertex 23.0785 11.3141 -2.5
    endloop
  endfacet
  facet normal 0.989168 -0.146788 0
    outer loop
      vertex 20.3082 10.1666 2.5
      vertex 20.3327 10.3317 -2.5
      vertex 20.3327 10.3317 2.5
    endloop
  endfacet
  facet normal 0.989168 -0.146788 0
    outer loop
      vertex 20.3327 10.3317 -2.5
      vertex 20.3082 10.1666 2.5
      vertex 20.3082 10.1666 -2.5
    endloop
  endfacet
  facet normal 0.857652 -0.514231 0
    outer loop
      vertex 20.5007 10.8014 2.5
      vertex 20.5865 10.9445 -2.5
      vertex 20.5865 10.9445 2.5
    endloop
  endfacet
  facet normal 0.857652 -0.514231 0
    outer loop
      vertex 20.5865 10.9445 -2.5
      vertex 20.5007 10.8014 2.5
      vertex 20.5007 10.8014 -2.5
    endloop
  endfacet
  facet normal 0.803154 -0.595772 0
    outer loop
      vertex 20.5865 10.9445 2.5
      vertex 20.6859 11.0785 -2.5
      vertex 20.6859 11.0785 2.5
    endloop
  endfacet
  facet normal 0.803154 -0.595772 0
    outer loop
      vertex 20.6859 11.0785 -2.5
      vertex 20.5865 10.9445 2.5
      vertex 20.5865 10.9445 -2.5
    endloop
  endfacet
  facet normal 0.904043 -0.427442 0
    outer loop
      vertex 20.4294 10.6506 2.5
      vertex 20.5007 10.8014 -2.5
      vertex 20.5007 10.8014 2.5
    endloop
  endfacet
  facet normal 0.904043 -0.427442 0
    outer loop
      vertex 20.5007 10.8014 -2.5
      vertex 20.4294 10.6506 2.5
      vertex 20.4294 10.6506 -2.5
    endloop
  endfacet
  facet normal 0.970072 -0.242818 0
    outer loop
      vertex 20.3327 10.3317 2.5
      vertex 20.3732 10.4935 -2.5
      vertex 20.3732 10.4935 2.5
    endloop
  endfacet
  facet normal 0.970072 -0.242818 0
    outer loop
      vertex 20.3732 10.4935 -2.5
      vertex 20.3327 10.3317 2.5
      vertex 20.3327 10.3317 -2.5
    endloop
  endfacet
  facet normal 0.998791 -0.0491602 0
    outer loop
      vertex 20.3 10 2.5
      vertex 20.3082 10.1666 -2.5
      vertex 20.3082 10.1666 2.5
    endloop
  endfacet
  facet normal 0.998791 -0.0491602 0
    outer loop
      vertex 20.3082 10.1666 -2.5
      vertex 20.3 10 2.5
      vertex 20.3 10 -2.5
    endloop
  endfacet
  facet normal 0.595772 -0.803154 0
    outer loop
      vertex 20.9215 11.3141 -2.5
      vertex 21.0555 11.4135 2.5
      vertex 20.9215 11.3141 2.5
    endloop
  endfacet
  facet normal 0.595772 -0.803154 0
    outer loop
      vertex 21.0555 11.4135 2.5
      vertex 20.9215 11.3141 -2.5
      vertex 21.0555 11.4135 -2.5
    endloop
  endfacet
  facet normal 0.514231 -0.857652 0
    outer loop
      vertex 21.0555 11.4135 -2.5
      vertex 21.1986 11.4993 2.5
      vertex 21.0555 11.4135 2.5
    endloop
  endfacet
  facet normal 0.514231 -0.857652 0
    outer loop
      vertex 21.1986 11.4993 2.5
      vertex 21.0555 11.4135 -2.5
      vertex 21.1986 11.4993 -2.5
    endloop
  endfacet
  facet normal 0.671478 -0.741024 0
    outer loop
      vertex 20.7979 11.2021 -2.5
      vertex 20.9215 11.3141 2.5
      vertex 20.7979 11.2021 2.5
    endloop
  endfacet
  facet normal 0.671478 -0.741024 0
    outer loop
      vertex 20.9215 11.3141 2.5
      vertex 20.7979 11.2021 -2.5
      vertex 20.9215 11.3141 -2.5
    endloop
  endfacet
  facet normal 0.33683 -0.941566 0
    outer loop
      vertex 21.3494 11.5706 -2.5
      vertex 21.5065 11.6268 2.5
      vertex 21.3494 11.5706 2.5
    endloop
  endfacet
  facet normal 0.33683 -0.941566 0
    outer loop
      vertex 21.5065 11.6268 2.5
      vertex 21.3494 11.5706 -2.5
      vertex 21.5065 11.6268 -2.5
    endloop
  endfacet
  facet normal 0.146788 -0.989168 0
    outer loop
      vertex 21.6683 11.6673 -2.5
      vertex 21.8334 11.6918 2.5
      vertex 21.6683 11.6673 2.5
    endloop
  endfacet
  facet normal 0.146788 -0.989168 0
    outer loop
      vertex 21.8334 11.6918 2.5
      vertex 21.6683 11.6673 -2.5
      vertex 21.8334 11.6918 -2.5
    endloop
  endfacet
  facet normal -0.998791 0.0491513 0
    outer loop
      vertex 23.6918 9.83337 -2.5
      vertex 23.7 10 2.5
      vertex 23.7 10 -2.5
    endloop
  endfacet
  facet normal -0.998791 0.0491513 0
    outer loop
      vertex 23.7 10 2.5
      vertex 23.6918 9.83337 -2.5
      vertex 23.6918 9.83337 2.5
    endloop
  endfacet
  facet normal -0.741051 0.671448 0
    outer loop
      vertex 23.2021 8.79792 -2.5
      vertex 23.3141 8.92153 2.5
      vertex 23.3141 8.92153 -2.5
    endloop
  endfacet
  facet normal -0.741051 0.671448 0
    outer loop
      vertex 23.3141 8.92153 2.5
      vertex 23.2021 8.79792 -2.5
      vertex 23.2021 8.79792 2.5
    endloop
  endfacet
  facet normal 0.595695 0.803211 -0
    outer loop
      vertex 21.0555 8.5865 -2.5
      vertex 20.9215 8.68588 2.5
      vertex 21.0555 8.5865 2.5
    endloop
  endfacet
  facet normal 0.595695 0.803211 0
    outer loop
      vertex 20.9215 8.68588 2.5
      vertex 21.0555 8.5865 -2.5
      vertex 20.9215 8.68588 -2.5
    endloop
  endfacet
  facet normal 0.857636 0.514258 0
    outer loop
      vertex 20.5865 9.05553 2.5
      vertex 20.5007 9.19862 -2.5
      vertex 20.5007 9.19862 2.5
    endloop
  endfacet
  facet normal 0.857636 0.514258 0
    outer loop
      vertex 20.5007 9.19862 -2.5
      vertex 20.5865 9.05553 2.5
      vertex 20.5865 9.05553 -2.5
    endloop
  endfacet
  facet normal 0.741051 0.671448 0
    outer loop
      vertex 20.7979 8.79792 2.5
      vertex 20.6859 8.92153 -2.5
      vertex 20.6859 8.92153 2.5
    endloop
  endfacet
  facet normal 0.741051 0.671448 0
    outer loop
      vertex 20.6859 8.92153 -2.5
      vertex 20.7979 8.79792 2.5
      vertex 20.7979 8.79792 -2.5
    endloop
  endfacet
  facet normal 0.998791 0.0491513 0
    outer loop
      vertex 20.3082 9.83337 2.5
      vertex 20.3 10 -2.5
      vertex 20.3 10 2.5
    endloop
  endfacet
  facet normal 0.998791 0.0491513 0
    outer loop
      vertex 20.3 10 -2.5
      vertex 20.3082 9.83337 2.5
      vertex 20.3082 9.83337 -2.5
    endloop
  endfacet
  facet normal -0.989158 0.146857 0
    outer loop
      vertex 23.6673 9.66835 -2.5
      vertex 23.6918 9.83337 2.5
      vertex 23.6918 9.83337 -2.5
    endloop
  endfacet
  facet normal -0.989158 0.146857 0
    outer loop
      vertex 23.6918 9.83337 2.5
      vertex 23.6673 9.66835 -2.5
      vertex 23.6673 9.66835 2.5
    endloop
  endfacet
  facet normal -0.970083 0.242775 0
    outer loop
      vertex 23.6268 9.50652 -2.5
      vertex 23.6673 9.66835 2.5
      vertex 23.6673 9.66835 -2.5
    endloop
  endfacet
  facet normal -0.970083 0.242775 0
    outer loop
      vertex 23.6673 9.66835 2.5
      vertex 23.6268 9.50652 -2.5
      vertex 23.6268 9.50652 2.5
    endloop
  endfacet
  facet normal -0.67161 0.740905 0
    outer loop
      vertex 23.2021 8.79792 -2.5
      vertex 23.0785 8.68588 2.5
      vertex 23.2021 8.79792 2.5
    endloop
  endfacet
  facet normal -0.67161 0.740905 0
    outer loop
      vertex 23.0785 8.68588 2.5
      vertex 23.2021 8.79792 -2.5
      vertex 23.0785 8.68588 -2.5
    endloop
  endfacet
  facet normal -0.904065 0.427396 0
    outer loop
      vertex 23.4993 9.19862 -2.5
      vertex 23.5706 9.34944 2.5
      vertex 23.5706 9.34944 -2.5
    endloop
  endfacet
  facet normal -0.904065 0.427396 0
    outer loop
      vertex 23.5706 9.34944 2.5
      vertex 23.4993 9.19862 -2.5
      vertex 23.4993 9.19862 2.5
    endloop
  endfacet
  facet normal -0.803154 0.595772 0
    outer loop
      vertex 23.3141 8.92153 -2.5
      vertex 23.4135 9.05553 2.5
      vertex 23.4135 9.05553 -2.5
    endloop
  endfacet
  facet normal -0.803154 0.595772 0
    outer loop
      vertex 23.4135 9.05553 2.5
      vertex 23.3141 8.92153 -2.5
      vertex 23.3141 8.92153 2.5
    endloop
  endfacet
  facet normal 0.67161 0.740905 -0
    outer loop
      vertex 20.9215 8.68588 -2.5
      vertex 20.7979 8.79792 2.5
      vertex 20.9215 8.68588 2.5
    endloop
  endfacet
  facet normal 0.67161 0.740905 0
    outer loop
      vertex 20.7979 8.79792 2.5
      vertex 20.9215 8.68588 -2.5
      vertex 20.7979 8.79792 -2.5
    endloop
  endfacet
  facet normal 0.941552 0.336868 0
    outer loop
      vertex 20.4294 9.34944 2.5
      vertex 20.3732 9.50652 -2.5
      vertex 20.3732 9.50652 2.5
    endloop
  endfacet
  facet normal 0.941552 0.336868 0
    outer loop
      vertex 20.3732 9.50652 -2.5
      vertex 20.4294 9.34944 2.5
      vertex 20.4294 9.34944 -2.5
    endloop
  endfacet
  facet normal -0.427589 0.903973 0
    outer loop
      vertex 22.8014 8.50073 -2.5
      vertex 22.6506 8.4294 2.5
      vertex 22.8014 8.50073 2.5
    endloop
  endfacet
  facet normal -0.427589 0.903973 0
    outer loop
      vertex 22.6506 8.4294 2.5
      vertex 22.8014 8.50073 -2.5
      vertex 22.6506 8.4294 -2.5
    endloop
  endfacet
  facet normal -0.941552 0.336868 0
    outer loop
      vertex 23.5706 9.34944 -2.5
      vertex 23.6268 9.50652 2.5
      vertex 23.6268 9.50652 -2.5
    endloop
  endfacet
  facet normal -0.941552 0.336868 0
    outer loop
      vertex 23.6268 9.50652 2.5
      vertex 23.5706 9.34944 -2.5
      vertex 23.5706 9.34944 2.5
    endloop
  endfacet
  facet normal 0.0491004 0.998794 -0
    outer loop
      vertex 22 8.3 -2.5
      vertex 21.8334 8.30819 2.5
      vertex 22 8.3 2.5
    endloop
  endfacet
  facet normal 0.0491004 0.998794 0
    outer loop
      vertex 21.8334 8.30819 2.5
      vertex 22 8.3 -2.5
      vertex 21.8334 8.30819 -2.5
    endloop
  endfacet
  facet normal 0.146612 0.989194 -0
    outer loop
      vertex 21.8334 8.30819 -2.5
      vertex 21.6683 8.33266 2.5
      vertex 21.8334 8.30819 2.5
    endloop
  endfacet
  facet normal 0.146612 0.989194 0
    outer loop
      vertex 21.6683 8.33266 2.5
      vertex 21.8334 8.30819 -2.5
      vertex 21.6683 8.33266 -2.5
    endloop
  endfacet
  facet normal 0.803154 0.595772 0
    outer loop
      vertex 20.6859 8.92153 2.5
      vertex 20.5865 9.05553 -2.5
      vertex 20.5865 9.05553 2.5
    endloop
  endfacet
  facet normal 0.803154 0.595772 0
    outer loop
      vertex 20.5865 9.05553 -2.5
      vertex 20.6859 8.92153 2.5
      vertex 20.6859 8.92153 -2.5
    endloop
  endfacet
  facet normal 0.904065 0.427396 0
    outer loop
      vertex 20.5007 9.19862 2.5
      vertex 20.4294 9.34944 -2.5
      vertex 20.4294 9.34944 2.5
    endloop
  endfacet
  facet normal 0.904065 0.427396 0
    outer loop
      vertex 20.4294 9.34944 -2.5
      vertex 20.5007 9.19862 2.5
      vertex 20.5007 9.19862 -2.5
    endloop
  endfacet
  facet normal 0.970083 0.242775 0
    outer loop
      vertex 20.3732 9.50652 2.5
      vertex 20.3327 9.66835 -2.5
      vertex 20.3327 9.66835 2.5
    endloop
  endfacet
  facet normal 0.970083 0.242775 0
    outer loop
      vertex 20.3327 9.66835 -2.5
      vertex 20.3732 9.50652 2.5
      vertex 20.3732 9.50652 -2.5
    endloop
  endfacet
  facet normal 0.989158 0.146857 0
    outer loop
      vertex 20.3327 9.66835 2.5
      vertex 20.3082 9.83337 -2.5
      vertex 20.3082 9.83337 2.5
    endloop
  endfacet
  facet normal 0.989158 0.146857 0
    outer loop
      vertex 20.3082 9.83337 -2.5
      vertex 20.3327 9.66835 2.5
      vertex 20.3327 9.66835 -2.5
    endloop
  endfacet
  facet normal -0.595695 0.803211 0
    outer loop
      vertex 23.0785 8.68588 -2.5
      vertex 22.9445 8.5865 2.5
      vertex 23.0785 8.68588 2.5
    endloop
  endfacet
  facet normal -0.595695 0.803211 0
    outer loop
      vertex 22.9445 8.5865 2.5
      vertex 23.0785 8.68588 -2.5
      vertex 22.9445 8.5865 -2.5
    endloop
  endfacet
  facet normal -0.514099 0.857731 0
    outer loop
      vertex 22.9445 8.5865 -2.5
      vertex 22.8014 8.50073 2.5
      vertex 22.9445 8.5865 2.5
    endloop
  endfacet
  facet normal -0.514099 0.857731 0
    outer loop
      vertex 22.8014 8.50073 2.5
      vertex 22.9445 8.5865 -2.5
      vertex 22.8014 8.50073 -2.5
    endloop
  endfacet
  facet normal 0.427589 0.903973 -0
    outer loop
      vertex 21.3494 8.4294 -2.5
      vertex 21.1986 8.50073 2.5
      vertex 21.3494 8.4294 2.5
    endloop
  endfacet
  facet normal 0.427589 0.903973 0
    outer loop
      vertex 21.1986 8.50073 2.5
      vertex 21.3494 8.4294 -2.5
      vertex 21.1986 8.50073 -2.5
    endloop
  endfacet
  facet normal 0.243043 0.970015 -0
    outer loop
      vertex 21.6683 8.33266 -2.5
      vertex 21.5065 8.3732 2.5
      vertex 21.6683 8.33266 2.5
    endloop
  endfacet
  facet normal 0.243043 0.970015 0
    outer loop
      vertex 21.5065 8.3732 2.5
      vertex 21.6683 8.33266 -2.5
      vertex 21.5065 8.3732 -2.5
    endloop
  endfacet
  facet normal -0.33683 0.941566 0
    outer loop
      vertex 22.6506 8.4294 -2.5
      vertex 22.4935 8.3732 2.5
      vertex 22.6506 8.4294 2.5
    endloop
  endfacet
  facet normal -0.33683 0.941566 0
    outer loop
      vertex 22.4935 8.3732 2.5
      vertex 22.6506 8.4294 -2.5
      vertex 22.4935 8.3732 -2.5
    endloop
  endfacet
  facet normal -0.243043 0.970015 0
    outer loop
      vertex 22.4935 8.3732 -2.5
      vertex 22.3317 8.33266 2.5
      vertex 22.4935 8.3732 2.5
    endloop
  endfacet
  facet normal -0.243043 0.970015 0
    outer loop
      vertex 22.3317 8.33266 2.5
      vertex 22.4935 8.3732 -2.5
      vertex 22.3317 8.33266 -2.5
    endloop
  endfacet
  facet normal 0.33683 0.941566 -0
    outer loop
      vertex 21.5065 8.3732 -2.5
      vertex 21.3494 8.4294 2.5
      vertex 21.5065 8.3732 2.5
    endloop
  endfacet
  facet normal 0.33683 0.941566 0
    outer loop
      vertex 21.3494 8.4294 2.5
      vertex 21.5065 8.3732 -2.5
      vertex 21.3494 8.4294 -2.5
    endloop
  endfacet
  facet normal 0.514099 0.857731 -0
    outer loop
      vertex 21.1986 8.50073 -2.5
      vertex 21.0555 8.5865 2.5
      vertex 21.1986 8.50073 2.5
    endloop
  endfacet
  facet normal 0.514099 0.857731 0
    outer loop
      vertex 21.0555 8.5865 2.5
      vertex 21.1986 8.50073 -2.5
      vertex 21.0555 8.5865 -2.5
    endloop
  endfacet
  facet normal -0 0 -1
    outer loop
      vertex -3.69552 -1.53073 -2.5
      vertex -20.5007 -9.19862 -2.5
      vertex -3.82776 -1.16114 -2.5
    endloop
  endfacet
  facet normal 0 0 -1
    outer loop
      vertex -4 0 -2.5
      vertex -20.3082 9.83337 -2.5
      vertex -20.3 10 -2.5
    endloop
  endfacet
  facet normal 0 0 -1
    outer loop
      vertex -20.5865 -9.05553 -2.5
      vertex -3.82776 -1.16114 -2.5
      vertex -20.5007 -9.19862 -2.5
    endloop
  endfacet
  facet normal 0 0 -1
    outer loop
      vertex -4 0 -2.5
      vertex -20.3327 9.66835 -2.5
      vertex -20.3082 9.83337 -2.5
    endloop
  endfacet
  facet normal -0 0 -1
    outer loop
      vertex -3.82776 -1.16114 -2.5
      vertex -20.5865 -9.05553 -2.5
      vertex -3.92314 -0.780361 -2.5
    endloop
  endfacet
  facet normal 0 0 -1
    outer loop
      vertex -4 0 -2.5
      vertex -20.3732 9.50652 -2.5
      vertex -20.3327 9.66835 -2.5
    endloop
  endfacet
  facet normal 0 0 -1
    outer loop
      vertex -20.6859 -8.92153 -2.5
      vertex -3.92314 -0.780361 -2.5
      vertex -20.5865 -9.05553 -2.5
    endloop
  endfacet
  facet normal 0 0 -1
    outer loop
      vertex -4 0 -2.5
      vertex -20.4294 9.34944 -2.5
      vertex -20.3732 9.50652 -2.5
    endloop
  endfacet
  facet normal 0 0 -1
    outer loop
      vertex -20.7979 -8.79792 -2.5
      vertex -3.92314 -0.780361 -2.5
      vertex -20.6859 -8.92153 -2.5
    endloop
  endfacet
  facet normal 0 0 -1
    outer loop
      vertex -4 0 -2.5
      vertex -20.5007 9.19862 -2.5
      vertex -20.4294 9.34944 -2.5
    endloop
  endfacet
  facet normal -0 0 -1
    outer loop
      vertex -3.92314 -0.780361 -2.5
      vertex -20.7979 -8.79792 -2.5
      vertex -3.98074 -0.392068 -2.5
    endloop
  endfacet
  facet normal 0 0 -1
    outer loop
      vertex -4 0 -2.5
      vertex -20.5865 9.05553 -2.5
      vertex -20.5007 9.19862 -2.5
    endloop
  endfacet
  facet normal 0 0 -1
    outer loop
      vertex -20.9215 -8.68588 -2.5
      vertex -3.98074 -0.392068 -2.5
      vertex -20.7979 -8.79792 -2.5
    endloop
  endfacet
  facet normal 0 0 -1
    outer loop
      vertex -4 0 -2.5
      vertex -20.6859 8.92153 -2.5
      vertex -20.5865 9.05553 -2.5
    endloop
  endfacet
  facet normal -0 0 -1
    outer loop
      vertex -3.98074 -0.392068 -2.5
      vertex -20.9215 -8.68588 -2.5
      vertex -4 0 -2.5
    endloop
  endfacet
  facet normal 0 0 -1
    outer loop
      vertex -4 0 -2.5
      vertex -20.7979 8.79792 -2.5
      vertex -20.6859 8.92153 -2.5
    endloop
  endfacet
  facet normal 0 0 -1
    outer loop
      vertex -20.9215 8.68588 -2.5
      vertex -4 0 -2.5
      vertex -20.9215 -8.68588 -2.5
    endloop
  endfacet
  facet normal 0 0 -1
    outer loop
      vertex -4 0 -2.5
      vertex -20.9215 8.68588 -2.5
      vertex -20.7979 8.79792 -2.5
    endloop
  endfacet
  facet normal 0 0 -1
    outer loop
      vertex -21.0555 -8.5865 -2.5
      vertex -20.9215 8.68588 -2.5
      vertex -20.9215 -8.68588 -2.5
    endloop
  endfacet
  facet normal 0 0 -1
    outer loop
      vertex -21.0555 -8.5865 -2.5
      vertex -21.0555 8.5865 -2.5
      vertex -20.9215 8.68588 -2.5
    endloop
  endfacet
  facet normal 0 0 -1
    outer loop
      vertex -21.1986 -8.50073 -2.5
      vertex -21.0555 8.5865 -2.5
      vertex -21.0555 -8.5865 -2.5
    endloop
  endfacet
  facet normal 0 0 -1
    outer loop
      vertex -21.1986 -8.50073 -2.5
      vertex -21.1986 8.50073 -2.5
      vertex -21.0555 8.5865 -2.5
    endloop
  endfacet
  facet normal 0 0 -1
    outer loop
      vertex -21.3494 -8.4294 -2.5
      vertex -21.1986 8.50073 -2.5
      vertex -21.1986 -8.50073 -2.5
    endloop
  endfacet
  facet normal 0 0 -1
    outer loop
      vertex -21.3494 -8.4294 -2.5
      vertex -21.3494 8.4294 -2.5
      vertex -21.1986 8.50073 -2.5
    endloop
  endfacet
  facet normal 0 0 -1
    outer loop
      vertex -21.5065 -8.3732 -2.5
      vertex -21.3494 8.4294 -2.5
      vertex -21.3494 -8.4294 -2.5
    endloop
  endfacet
  facet normal 0 0 -1
    outer loop
      vertex -21.5065 -8.3732 -2.5
      vertex -21.5065 8.3732 -2.5
      vertex -21.3494 8.4294 -2.5
    endloop
  endfacet
  facet normal 0 0 -1
    outer loop
      vertex -21.6683 -8.33266 -2.5
      vertex -21.5065 8.3732 -2.5
      vertex -21.5065 -8.3732 -2.5
    endloop
  endfacet
  facet normal 0 0 -1
    outer loop
      vertex -21.6683 -8.33266 -2.5
      vertex -21.6683 8.33266 -2.5
      vertex -21.5065 8.3732 -2.5
    endloop
  endfacet
  facet normal 0 0 -1
    outer loop
      vertex -21.8334 -8.30819 -2.5
      vertex -21.6683 8.33266 -2.5
      vertex -21.6683 -8.33266 -2.5
    endloop
  endfacet
  facet normal 0 0 -1
    outer loop
      vertex -21.8334 -8.30819 -2.5
      vertex -21.8334 8.30819 -2.5
      vertex -21.6683 8.33266 -2.5
    endloop
  endfacet
  facet normal 0 0 -1
    outer loop
      vertex -22 -8.3 -2.5
      vertex -21.8334 8.30819 -2.5
      vertex -21.8334 -8.30819 -2.5
    endloop
  endfacet
  facet normal 0 0 -1
    outer loop
      vertex -22 -8.3 -2.5
      vertex -22 8.3 -2.5
      vertex -21.8334 8.30819 -2.5
    endloop
  endfacet
  facet normal 0 0 -1
    outer loop
      vertex -22.1666 -8.30819 -2.5
      vertex -22 8.3 -2.5
      vertex -22 -8.3 -2.5
    endloop
  endfacet
  facet normal 0 0 -1
    outer loop
      vertex -22.1666 -8.30819 -2.5
      vertex -22.1666 8.30819 -2.5
      vertex -22 8.3 -2.5
    endloop
  endfacet
  facet normal 0 0 -1
    outer loop
      vertex -22.3317 -8.33266 -2.5
      vertex -22.1666 8.30819 -2.5
      vertex -22.1666 -8.30819 -2.5
    endloop
  endfacet
  facet normal 0 0 -1
    outer loop
      vertex -22.3317 -8.33266 -2.5
      vertex -22.3317 8.33266 -2.5
      vertex -22.1666 8.30819 -2.5
    endloop
  endfacet
  facet normal 0 0 -1
    outer loop
      vertex -22.4935 -8.3732 -2.5
      vertex -22.3317 8.33266 -2.5
      vertex -22.3317 -8.33266 -2.5
    endloop
  endfacet
  facet normal 0 0 -1
    outer loop
      vertex -22.4935 -8.3732 -2.5
      vertex -22.4935 8.3732 -2.5
      vertex -22.3317 8.33266 -2.5
    endloop
  endfacet
  facet normal 0 0 -1
    outer loop
      vertex -22.6506 -8.4294 -2.5
      vertex -22.4935 8.3732 -2.5
      vertex -22.4935 -8.3732 -2.5
    endloop
  endfacet
  facet normal 0 0 -1
    outer loop
      vertex -22.6506 -8.4294 -2.5
      vertex -22.6506 8.4294 -2.5
      vertex -22.4935 8.3732 -2.5
    endloop
  endfacet
  facet normal 0 0 -1
    outer loop
      vertex -22.8014 -8.50073 -2.5
      vertex -22.6506 8.4294 -2.5
      vertex -22.6506 -8.4294 -2.5
    endloop
  endfacet
  facet normal 0 0 -1
    outer loop
      vertex -22.8014 -8.50073 -2.5
      vertex -22.8014 8.50073 -2.5
      vertex -22.6506 8.4294 -2.5
    endloop
  endfacet
  facet normal 0 0 -1
    outer loop
      vertex -22.9445 -8.5865 -2.5
      vertex -22.8014 8.50073 -2.5
      vertex -22.8014 -8.50073 -2.5
    endloop
  endfacet
  facet normal 0 0 -1
    outer loop
      vertex -22.9445 -8.5865 -2.5
      vertex -22.9445 8.5865 -2.5
      vertex -22.8014 8.50073 -2.5
    endloop
  endfacet
  facet normal 0 0 -1
    outer loop
      vertex -23.0785 -8.68588 -2.5
      vertex -22.9445 8.5865 -2.5
      vertex -22.9445 -8.5865 -2.5
    endloop
  endfacet
  facet normal 0 0 -1
    outer loop
      vertex -23.0785 -8.68588 -2.5
      vertex -23.0785 8.68588 -2.5
      vertex -22.9445 8.5865 -2.5
    endloop
  endfacet
  facet normal 0 0 -1
    outer loop
      vertex -23.2021 -8.79792 -2.5
      vertex -23.0785 8.68588 -2.5
      vertex -23.0785 -8.68588 -2.5
    endloop
  endfacet
  facet normal 0 0 -1
    outer loop
      vertex -23.2021 -8.79792 -2.5
      vertex -23.2021 8.79792 -2.5
      vertex -23.0785 8.68588 -2.5
    endloop
  endfacet
  facet normal 0 0 -1
    outer loop
      vertex -23.3141 -8.92153 -2.5
      vertex -23.2021 8.79792 -2.5
      vertex -23.2021 -8.79792 -2.5
    endloop
  endfacet
  facet normal 0 0 -1
    outer loop
      vertex -23.3141 -8.92153 -2.5
      vertex -23.3141 8.92153 -2.5
      vertex -23.2021 8.79792 -2.5
    endloop
  endfacet
  facet normal 0 0 -1
    outer loop
      vertex -30 -13 -2.5
      vertex -23.3141 -8.92153 -2.5
      vertex -23.4135 -9.05553 -2.5
    endloop
  endfacet
  facet normal -0 0 -1
    outer loop
      vertex -23.3141 -8.92153 -2.5
      vertex -30 -13 -2.5
      vertex -23.3141 8.92153 -2.5
    endloop
  endfacet
  facet normal 0 0 -1
    outer loop
      vertex -30 -13 -2.5
      vertex -23.4135 -9.05553 -2.5
      vertex -23.4993 -9.19862 -2.5
    endloop
  endfacet
  facet normal 0 0 -1
    outer loop
      vertex -30 13 -2.5
      vertex -23.3141 8.92153 -2.5
      vertex -30 -13 -2.5
    endloop
  endfacet
  facet normal 0 0 -1
    outer loop
      vertex -30 -13 -2.5
      vertex -23.4993 -9.19862 -2.5
      vertex -23.5706 -9.34944 -2.5
    endloop
  endfacet
  facet normal 0 0 -1
    outer loop
      vertex -23.3141 8.92153 -2.5
      vertex -30 13 -2.5
      vertex -23.4135 9.05553 -2.5
    endloop
  endfacet
  facet normal 0 0 -1
    outer loop
      vertex -30 -13 -2.5
      vertex -23.5706 -9.34944 -2.5
      vertex -23.6268 -9.50652 -2.5
    endloop
  endfacet
  facet normal 0 0 -1
    outer loop
      vertex -23.4135 9.05553 -2.5
      vertex -30 13 -2.5
      vertex -23.4993 9.19862 -2.5
    endloop
  endfacet
  facet normal 0 0 -1
    outer loop
      vertex -30 -13 -2.5
      vertex -23.6268 -9.50652 -2.5
      vertex -23.6673 -9.66835 -2.5
    endloop
  endfacet
  facet normal 0 0 -1
    outer loop
      vertex -23.4993 9.19862 -2.5
      vertex -30 13 -2.5
      vertex -23.5706 9.34944 -2.5
    endloop
  endfacet
  facet normal 0 0 -1
    outer loop
      vertex -30 -13 -2.5
      vertex -23.6673 -9.66835 -2.5
      vertex -23.6918 -9.83337 -2.5
    endloop
  endfacet
  facet normal 0 0 -1
    outer loop
      vertex -23.5706 9.34944 -2.5
      vertex -30 13 -2.5
      vertex -23.6268 9.50652 -2.5
    endloop
  endfacet
  facet normal 0 0 -1
    outer loop
      vertex -30 -13 -2.5
      vertex -23.6918 -9.83337 -2.5
      vertex -23.7 -10 -2.5
    endloop
  endfacet
  facet normal 0 0 -1
    outer loop
      vertex -23.6268 9.50652 -2.5
      vertex -30 13 -2.5
      vertex -23.6673 9.66835 -2.5
    endloop
  endfacet
  facet normal 0 0 -1
    outer loop
      vertex 23.6268 -9.50652 -2.5
      vertex 30 -13 -2.5
      vertex 23.6673 -9.66835 -2.5
    endloop
  endfacet
  facet normal 0 0 -1
    outer loop
      vertex 30 13 -2.5
      vertex 23.6918 9.83337 -2.5
      vertex 23.7 10 -2.5
    endloop
  endfacet
  facet normal 0 0 -1
    outer loop
      vertex 23.5706 -9.34944 -2.5
      vertex 30 -13 -2.5
      vertex 23.6268 -9.50652 -2.5
    endloop
  endfacet
  facet normal 0 0 -1
    outer loop
      vertex 30 13 -2.5
      vertex 23.6673 9.66835 -2.5
      vertex 23.6918 9.83337 -2.5
    endloop
  endfacet
  facet normal 0 0 -1
    outer loop
      vertex 23.4993 -9.19862 -2.5
      vertex 30 -13 -2.5
      vertex 23.5706 -9.34944 -2.5
    endloop
  endfacet
  facet normal 0 0 -1
    outer loop
      vertex 30 13 -2.5
      vertex 23.6268 9.50652 -2.5
      vertex 23.6673 9.66835 -2.5
    endloop
  endfacet
  facet normal 0 0 -1
    outer loop
      vertex 23.4135 -9.05553 -2.5
      vertex 30 -13 -2.5
      vertex 23.4993 -9.19862 -2.5
    endloop
  endfacet
  facet normal 0 0 -1
    outer loop
      vertex 30 13 -2.5
      vertex 23.5706 9.34944 -2.5
      vertex 23.6268 9.50652 -2.5
    endloop
  endfacet
  facet normal 0 0 -1
    outer loop
      vertex 23.3141 -8.92153 -2.5
      vertex 30 -13 -2.5
      vertex 23.4135 -9.05553 -2.5
    endloop
  endfacet
  facet normal 0 0 -1
    outer loop
      vertex 30 13 -2.5
      vertex 23.4993 9.19862 -2.5
      vertex 23.5706 9.34944 -2.5
    endloop
  endfacet
  facet normal 0 0 -1
    outer loop
      vertex 30 -13 -2.5
      vertex 23.3141 -8.92153 -2.5
      vertex 30 13 -2.5
    endloop
  endfacet
  facet normal 0 0 -1
    outer loop
      vertex 30 13 -2.5
      vertex 23.4135 9.05553 -2.5
      vertex 23.4993 9.19862 -2.5
    endloop
  endfacet
  facet normal 0 0 -1
    outer loop
      vertex 23.3141 8.92153 -2.5
      vertex 30 13 -2.5
      vertex 23.3141 -8.92153 -2.5
    endloop
  endfacet
  facet normal 0 0 -1
    outer loop
      vertex 30 13 -2.5
      vertex 23.3141 8.92153 -2.5
      vertex 23.4135 9.05553 -2.5
    endloop
  endfacet
  facet normal 0 0 -1
    outer loop
      vertex 23.2021 -8.79792 -2.5
      vertex 23.3141 8.92153 -2.5
      vertex 23.3141 -8.92153 -2.5
    endloop
  endfacet
  facet normal 0 0 -1
    outer loop
      vertex 23.2021 -8.79792 -2.5
      vertex 23.2021 8.79792 -2.5
      vertex 23.3141 8.92153 -2.5
    endloop
  endfacet
  facet normal 0 0 -1
    outer loop
      vertex 23.0785 -8.68588 -2.5
      vertex 23.2021 8.79792 -2.5
      vertex 23.2021 -8.79792 -2.5
    endloop
  endfacet
  facet normal 0 0 -1
    outer loop
      vertex 23.0785 -8.68588 -2.5
      vertex 23.0785 8.68588 -2.5
      vertex 23.2021 8.79792 -2.5
    endloop
  endfacet
  facet normal 0 0 -1
    outer loop
      vertex 22.9445 -8.5865 -2.5
      vertex 23.0785 8.68588 -2.5
      vertex 23.0785 -8.68588 -2.5
    endloop
  endfacet
  facet normal 0 0 -1
    outer loop
      vertex 22.9445 -8.5865 -2.5
      vertex 22.9445 8.5865 -2.5
      vertex 23.0785 8.68588 -2.5
    endloop
  endfacet
  facet normal 0 0 -1
    outer loop
      vertex 22.8014 -8.50073 -2.5
      vertex 22.9445 8.5865 -2.5
      vertex 22.9445 -8.5865 -2.5
    endloop
  endfacet
  facet normal 0 0 -1
    outer loop
      vertex 22.8014 -8.50073 -2.5
      vertex 22.8014 8.50073 -2.5
      vertex 22.9445 8.5865 -2.5
    endloop
  endfacet
  facet normal 0 0 -1
    outer loop
      vertex 22.6506 -8.4294 -2.5
      vertex 22.8014 8.50073 -2.5
      vertex 22.8014 -8.50073 -2.5
    endloop
  endfacet
  facet normal 0 0 -1
    outer loop
      vertex 22.6506 -8.4294 -2.5
      vertex 22.6506 8.4294 -2.5
      vertex 22.8014 8.50073 -2.5
    endloop
  endfacet
  facet normal 0 0 -1
    outer loop
      vertex 22.4935 -8.3732 -2.5
      vertex 22.6506 8.4294 -2.5
      vertex 22.6506 -8.4294 -2.5
    endloop
  endfacet
  facet normal 0 0 -1
    outer loop
      vertex 22.4935 -8.3732 -2.5
      vertex 22.4935 8.3732 -2.5
      vertex 22.6506 8.4294 -2.5
    endloop
  endfacet
  facet normal 0 0 -1
    outer loop
      vertex 22.3317 -8.33266 -2.5
      vertex 22.4935 8.3732 -2.5
      vertex 22.4935 -8.3732 -2.5
    endloop
  endfacet
  facet normal 0 0 -1
    outer loop
      vertex 22.3317 -8.33266 -2.5
      vertex 22.3317 8.33266 -2.5
      vertex 22.4935 8.3732 -2.5
    endloop
  endfacet
  facet normal 0 0 -1
    outer loop
      vertex 22.1666 -8.30819 -2.5
      vertex 22.3317 8.33266 -2.5
      vertex 22.3317 -8.33266 -2.5
    endloop
  endfacet
  facet normal 0 0 -1
    outer loop
      vertex 22.1666 -8.30819 -2.5
      vertex 22.1666 8.30819 -2.5
      vertex 22.3317 8.33266 -2.5
    endloop
  endfacet
  facet normal 0 0 -1
    outer loop
      vertex 22 -8.3 -2.5
      vertex 22.1666 8.30819 -2.5
      vertex 22.1666 -8.30819 -2.5
    endloop
  endfacet
  facet normal 0 0 -1
    outer loop
      vertex 22 -8.3 -2.5
      vertex 22 8.3 -2.5
      vertex 22.1666 8.30819 -2.5
    endloop
  endfacet
  facet normal 0 0 -1
    outer loop
      vertex 21.8334 -8.30819 -2.5
      vertex 22 8.3 -2.5
      vertex 22 -8.3 -2.5
    endloop
  endfacet
  facet normal 0 0 -1
    outer loop
      vertex 21.8334 -8.30819 -2.5
      vertex 21.8334 8.30819 -2.5
      vertex 22 8.3 -2.5
    endloop
  endfacet
  facet normal 0 0 -1
    outer loop
      vertex 21.6683 -8.33266 -2.5
      vertex 21.8334 8.30819 -2.5
      vertex 21.8334 -8.30819 -2.5
    endloop
  endfacet
  facet normal 0 0 -1
    outer loop
      vertex 21.6683 -8.33266 -2.5
      vertex 21.6683 8.33266 -2.5
      vertex 21.8334 8.30819 -2.5
    endloop
  endfacet
  facet normal 0 0 -1
    outer loop
      vertex 21.5065 -8.3732 -2.5
      vertex 21.6683 8.33266 -2.5
      vertex 21.6683 -8.33266 -2.5
    endloop
  endfacet
  facet normal 0 0 -1
    outer loop
      vertex 21.5065 -8.3732 -2.5
      vertex 21.5065 8.3732 -2.5
      vertex 21.6683 8.33266 -2.5
    endloop
  endfacet
  facet normal 0 0 -1
    outer loop
      vertex 21.3494 -8.4294 -2.5
      vertex 21.5065 8.3732 -2.5
      vertex 21.5065 -8.3732 -2.5
    endloop
  endfacet
  facet normal 0 0 -1
    outer loop
      vertex 21.3494 -8.4294 -2.5
      vertex 21.3494 8.4294 -2.5
      vertex 21.5065 8.3732 -2.5
    endloop
  endfacet
  facet normal 0 0 -1
    outer loop
      vertex 21.1986 -8.50073 -2.5
      vertex 21.3494 8.4294 -2.5
      vertex 21.3494 -8.4294 -2.5
    endloop
  endfacet
  facet normal 0 0 -1
    outer loop
      vertex 21.1986 -8.50073 -2.5
      vertex 21.1986 8.50073 -2.5
      vertex 21.3494 8.4294 -2.5
    endloop
  endfacet
  facet normal 0 0 -1
    outer loop
      vertex 21.0555 -8.5865 -2.5
      vertex 21.1986 8.50073 -2.5
      vertex 21.1986 -8.50073 -2.5
    endloop
  endfacet
  facet normal 0 0 -1
    outer loop
      vertex 21.0555 -8.5865 -2.5
      vertex 21.0555 8.5865 -2.5
      vertex 21.1986 8.50073 -2.5
    endloop
  endfacet
  facet normal 0 0 -1
    outer loop
      vertex 20.9215 -8.68588 -2.5
      vertex 21.0555 8.5865 -2.5
      vertex 21.0555 -8.5865 -2.5
    endloop
  endfacet
  facet normal 0 0 -1
    outer loop
      vertex 20.9215 -8.68588 -2.5
      vertex 20.9215 8.68588 -2.5
      vertex 21.0555 8.5865 -2.5
    endloop
  endfacet
  facet normal 0 0 -1
    outer loop
      vertex 3.98074 -0.392068 -2.5
      vertex 20.9215 -8.68588 -2.5
      vertex 20.7979 -8.79792 -2.5
    endloop
  endfacet
  facet normal 0 0 -1
    outer loop
      vertex 20.9215 -8.68588 -2.5
      vertex 4 0 -2.5
      vertex 20.9215 8.68588 -2.5
    endloop
  endfacet
  facet normal 0 0 -1
    outer loop
      vertex 3.92314 -0.780361 -2.5
      vertex 20.7979 -8.79792 -2.5
      vertex 20.6859 -8.92153 -2.5
    endloop
  endfacet
  facet normal 0 0 -1
    outer loop
      vertex 3.98074 0.392068 -2.5
      vertex 20.9215 8.68588 -2.5
      vertex 4 0 -2.5
    endloop
  endfacet
  facet normal 0 0 -1
    outer loop
      vertex 3.92314 -0.780361 -2.5
      vertex 20.6859 -8.92153 -2.5
      vertex 20.5865 -9.05553 -2.5
    endloop
  endfacet
  facet normal -0 0 -1
    outer loop
      vertex 20.9215 8.68588 -2.5
      vertex 3.98074 0.392068 -2.5
      vertex 20.7979 8.79792 -2.5
    endloop
  endfacet
  facet normal 0 0 -1
    outer loop
      vertex 3.82776 -1.16114 -2.5
      vertex 20.5865 -9.05553 -2.5
      vertex 20.5007 -9.19862 -2.5
    endloop
  endfacet
  facet normal 0 0 -1
    outer loop
      vertex 3.92314 0.780361 -2.5
      vertex 20.7979 8.79792 -2.5
      vertex 3.98074 0.392068 -2.5
    endloop
  endfacet
  facet normal 0 0 -1
    outer loop
      vertex 3.69552 -1.53073 -2.5
      vertex 20.5007 -9.19862 -2.5
      vertex 20.4294 -9.34944 -2.5
    endloop
  endfacet
  facet normal -0 0 -1
    outer loop
      vertex 20.7979 8.79792 -2.5
      vertex 3.92314 0.780361 -2.5
      vertex 20.6859 8.92153 -2.5
    endloop
  endfacet
  facet normal 0 0 -1
    outer loop
      vertex 3.52768 -1.88559 -2.5
      vertex 20.4294 -9.34944 -2.5
      vertex 20.3732 -9.50652 -2.5
    endloop
  endfacet
  facet normal -0 0 -1
    outer loop
      vertex 20.6859 8.92153 -2.5
      vertex 3.92314 0.780361 -2.5
      vertex 20.5865 9.05553 -2.5
    endloop
  endfacet
  facet normal 0 0 -1
    outer loop
      vertex 3.32588 -2.22228 -2.5
      vertex 20.3732 -9.50652 -2.5
      vertex 20.3327 -9.66835 -2.5
    endloop
  endfacet
  facet normal 0 0 -1
    outer loop
      vertex 3.82776 1.16114 -2.5
      vertex 20.5865 9.05553 -2.5
      vertex 3.92314 0.780361 -2.5
    endloop
  endfacet
  facet normal 0 0 -1
    outer loop
      vertex 3.09204 -2.53757 -2.5
      vertex 20.3327 -9.66835 -2.5
      vertex 20.3082 -9.83337 -2.5
    endloop
  endfacet
  facet normal -0 0 -1
    outer loop
      vertex 20.5865 9.05553 -2.5
      vertex 3.82776 1.16114 -2.5
      vertex 20.5007 9.19862 -2.5
    endloop
  endfacet
  facet normal 0 0 -1
    outer loop
      vertex 3.09204 -2.53757 -2.5
      vertex 20.3082 -9.83337 -2.5
      vertex 20.3 -10 -2.5
    endloop
  endfacet
  facet normal 0 0 -1
    outer loop
      vertex 3.69552 1.53073 -2.5
      vertex 20.5007 9.19862 -2.5
      vertex 3.82776 1.16114 -2.5
    endloop
  endfacet
  facet normal 0 0 -1
    outer loop
      vertex 23.4135 -10.9445 -2.5
      vertex 30 -13 -2.5
      vertex 29.9807 -13.3921 -2.5
    endloop
  endfacet
  facet normal 0 0 -1
    outer loop
      vertex 23.6918 -9.83337 -2.5
      vertex 30 -13 -2.5
      vertex 23.7 -10 -2.5
    endloop
  endfacet
  facet normal 0 0 -1
    outer loop
      vertex 23.4135 -10.9445 -2.5
      vertex 29.9807 -13.3921 -2.5
      vertex 29.9231 -13.7803 -2.5
    endloop
  endfacet
  facet normal 0 0 -1
    outer loop
      vertex 23.6673 -9.66835 -2.5
      vertex 30 -13 -2.5
      vertex 23.6918 -9.83337 -2.5
    endloop
  endfacet
  facet normal 0 0 -1
    outer loop
      vertex 23.4135 -10.9445 -2.5
      vertex 29.9231 -13.7803 -2.5
      vertex 29.8278 -14.1611 -2.5
    endloop
  endfacet
  facet normal 0 0 -1
    outer loop
      vertex 23.6918 10.1666 -2.5
      vertex 30 13 -2.5
      vertex 23.7 10 -2.5
    endloop
  endfacet
  facet normal 0 0 -1
    outer loop
      vertex 23.4135 -10.9445 -2.5
      vertex 29.8278 -14.1611 -2.5
      vertex 29.6955 -14.5307 -2.5
    endloop
  endfacet
  facet normal 0 0 -1
    outer loop
      vertex 23.6673 10.3317 -2.5
      vertex 30 13 -2.5
      vertex 23.6918 10.1666 -2.5
    endloop
  endfacet
  facet normal 0 0 -1
    outer loop
      vertex 23.4135 -10.9445 -2.5
      vertex 29.6955 -14.5307 -2.5
      vertex 29.5277 -14.8856 -2.5
    endloop
  endfacet
  facet normal 0 0 -1
    outer loop
      vertex 23.6268 10.4935 -2.5
      vertex 30 13 -2.5
      vertex 23.6673 10.3317 -2.5
    endloop
  endfacet
  facet normal 0 0 -1
    outer loop
      vertex 23.4135 -10.9445 -2.5
      vertex 29.5277 -14.8856 -2.5
      vertex 29.3259 -15.2223 -2.5
    endloop
  endfacet
  facet normal 0 0 -1
    outer loop
      vertex 23.5706 10.6506 -2.5
      vertex 30 13 -2.5
      vertex 23.6268 10.4935 -2.5
    endloop
  endfacet
  facet normal 0 0 -1
    outer loop
      vertex 23.4135 -10.9445 -2.5
      vertex 29.3259 -15.2223 -2.5
      vertex 29.092 -15.5376 -2.5
    endloop
  endfacet
  facet normal 0 0 -1
    outer loop
      vertex 23.4993 10.8014 -2.5
      vertex 30 13 -2.5
      vertex 23.5706 10.6506 -2.5
    endloop
  endfacet
  facet normal 0 0 -1
    outer loop
      vertex 23.3141 -11.0785 -2.5
      vertex 29.092 -15.5376 -2.5
      vertex 28.8284 -15.8284 -2.5
    endloop
  endfacet
  facet normal 0 0 -1
    outer loop
      vertex 23.4135 10.9445 -2.5
      vertex 30 13 -2.5
      vertex 23.4993 10.8014 -2.5
    endloop
  endfacet
  facet normal 0 0 -1
    outer loop
      vertex 23.3141 -11.0785 -2.5
      vertex 28.8284 -15.8284 -2.5
      vertex 28.5376 -16.092 -2.5
    endloop
  endfacet
  facet normal -0 0 -1
    outer loop
      vertex 30 13 -2.5
      vertex 23.4135 10.9445 -2.5
      vertex 29.9807 13.3921 -2.5
    endloop
  endfacet
  facet normal 0 0 -1
    outer loop
      vertex 23.3141 -11.0785 -2.5
      vertex 28.5376 -16.092 -2.5
      vertex 28.2223 -16.3259 -2.5
    endloop
  endfacet
  facet normal -0 0 -1
    outer loop
      vertex 29.9807 13.3921 -2.5
      vertex 23.4135 10.9445 -2.5
      vertex 29.9231 13.7803 -2.5
    endloop
  endfacet
  facet normal 0 0 -1
    outer loop
      vertex 23.3141 -11.0785 -2.5
      vertex 28.2223 -16.3259 -2.5
      vertex 27.8856 -16.5277 -2.5
    endloop
  endfacet
  facet normal -0 0 -1
    outer loop
      vertex 29.9231 13.7803 -2.5
      vertex 23.4135 10.9445 -2.5
      vertex 29.8278 14.1611 -2.5
    endloop
  endfacet
  facet normal 0 0 -1
    outer loop
      vertex 23.3141 -11.0785 -2.5
      vertex 27.8856 -16.5277 -2.5
      vertex 27.5307 -16.6955 -2.5
    endloop
  endfacet
  facet normal -0 0 -1
    outer loop
      vertex 29.8278 14.1611 -2.5
      vertex 23.4135 10.9445 -2.5
      vertex 29.6955 14.5307 -2.5
    endloop
  endfacet
  facet normal 0 0 -1
    outer loop
      vertex 23.3141 -11.0785 -2.5
      vertex 27.5307 -16.6955 -2.5
      vertex 27.1611 -16.8278 -2.5
    endloop
  endfacet
  facet normal -0 0 -1
    outer loop
      vertex 29.6955 14.5307 -2.5
      vertex 23.4135 10.9445 -2.5
      vertex 29.5277 14.8856 -2.5
    endloop
  endfacet
  facet normal 0 0 -1
    outer loop
      vertex 23.3141 -11.0785 -2.5
      vertex 27.1611 -16.8278 -2.5
      vertex 26.7803 -16.9231 -2.5
    endloop
  endfacet
  facet normal -0 0 -1
    outer loop
      vertex 29.5277 14.8856 -2.5
      vertex 23.4135 10.9445 -2.5
      vertex 29.3259 15.2223 -2.5
    endloop
  endfacet
  facet normal 0 0 -1
    outer loop
      vertex 23.3141 -11.0785 -2.5
      vertex 26.7803 -16.9231 -2.5
      vertex 26.3921 -16.9807 -2.5
    endloop
  endfacet
  facet normal -0 0 -1
    outer loop
      vertex 29.3259 15.2223 -2.5
      vertex 23.4135 10.9445 -2.5
      vertex 29.092 15.5376 -2.5
    endloop
  endfacet
  facet normal 0 0 -1
    outer loop
      vertex 23.3141 -11.0785 -2.5
      vertex 26.3921 -16.9807 -2.5
      vertex 26 -17 -2.5
    endloop
  endfacet
  facet normal 0 0 -1
    outer loop
      vertex 23.3141 11.0785 -2.5
      vertex 29.092 15.5376 -2.5
      vertex 23.4135 10.9445 -2.5
    endloop
  endfacet
  facet normal -0 0 -1
    outer loop
      vertex 29.092 15.5376 -2.5
      vertex 23.3141 11.0785 -2.5
      vertex 28.8284 15.8284 -2.5
    endloop
  endfacet
  facet normal 0 0 -1
    outer loop
      vertex 30 -13 -2.5
      vertex 23.6918 -10.1666 -2.5
      vertex 23.7 -10 -2.5
    endloop
  endfacet
  facet normal 0 0 -1
    outer loop
      vertex 30 -13 -2.5
      vertex 23.6673 -10.3317 -2.5
      vertex 23.6918 -10.1666 -2.5
    endloop
  endfacet
  facet normal 0 0 -1
    outer loop
      vertex 30 -13 -2.5
      vertex 23.6268 -10.4935 -2.5
      vertex 23.6673 -10.3317 -2.5
    endloop
  endfacet
  facet normal 0 0 -1
    outer loop
      vertex 30 -13 -2.5
      vertex 23.5706 -10.6506 -2.5
      vertex 23.6268 -10.4935 -2.5
    endloop
  endfacet
  facet normal 0 0 -1
    outer loop
      vertex 30 -13 -2.5
      vertex 23.4993 -10.8014 -2.5
      vertex 23.5706 -10.6506 -2.5
    endloop
  endfacet
  facet normal 0 0 -1
    outer loop
      vertex 30 -13 -2.5
      vertex 23.4135 -10.9445 -2.5
      vertex 23.4993 -10.8014 -2.5
    endloop
  endfacet
  facet normal 0 0 -1
    outer loop
      vertex 29.092 -15.5376 -2.5
      vertex 23.3141 -11.0785 -2.5
      vertex 23.4135 -10.9445 -2.5
    endloop
  endfacet
  facet normal 0 0 -1
    outer loop
      vertex 26 -17 -2.5
      vertex 23.2021 -11.2021 -2.5
      vertex 23.3141 -11.0785 -2.5
    endloop
  endfacet
  facet normal 0 0 -1
    outer loop
      vertex 26 -17 -2.5
      vertex 23.0785 -11.3141 -2.5
      vertex 23.2021 -11.2021 -2.5
    endloop
  endfacet
  facet normal 0 0 -1
    outer loop
      vertex 26 -17 -2.5
      vertex 22.9445 -11.4135 -2.5
      vertex 23.0785 -11.3141 -2.5
    endloop
  endfacet
  facet normal 0 0 -1
    outer loop
      vertex 26 -17 -2.5
      vertex 22.8014 -11.4993 -2.5
      vertex 22.9445 -11.4135 -2.5
    endloop
  endfacet
  facet normal 0 0 -1
    outer loop
      vertex 26 -17 -2.5
      vertex 22.6506 -11.5706 -2.5
      vertex 22.8014 -11.4993 -2.5
    endloop
  endfacet
  facet normal 0 0 -1
    outer loop
      vertex 26 -17 -2.5
      vertex 22.4935 -11.6268 -2.5
      vertex 22.6506 -11.5706 -2.5
    endloop
  endfacet
  facet normal 0 0 -1
    outer loop
      vertex 26 -17 -2.5
      vertex 22.3317 -11.6673 -2.5
      vertex 22.4935 -11.6268 -2.5
    endloop
  endfacet
  facet normal 0 0 -1
    outer loop
      vertex 26 -17 -2.5
      vertex 22.1666 -11.6918 -2.5
      vertex 22.3317 -11.6673 -2.5
    endloop
  endfacet
  facet normal 0 0 -1
    outer loop
      vertex 26 -17 -2.5
      vertex 22 -11.7 -2.5
      vertex 22.1666 -11.6918 -2.5
    endloop
  endfacet
  facet normal 0 0 -1
    outer loop
      vertex 26 -17 -2.5
      vertex 21.8334 -11.6918 -2.5
      vertex 22 -11.7 -2.5
    endloop
  endfacet
  facet normal 0 0 -1
    outer loop
      vertex 26 -17 -2.5
      vertex 21.6683 -11.6673 -2.5
      vertex 21.8334 -11.6918 -2.5
    endloop
  endfacet
  facet normal 0 0 -1
    outer loop
      vertex 26 -17 -2.5
      vertex 21.5065 -11.6268 -2.5
      vertex 21.6683 -11.6673 -2.5
    endloop
  endfacet
  facet normal 0 0 -1
    outer loop
      vertex 26 -17 -2.5
      vertex 21.3494 -11.5706 -2.5
      vertex 21.5065 -11.6268 -2.5
    endloop
  endfacet
  facet normal 0 0 -1
    outer loop
      vertex 26 -17 -2.5
      vertex 21.1986 -11.4993 -2.5
      vertex 21.3494 -11.5706 -2.5
    endloop
  endfacet
  facet normal 0 0 -1
    outer loop
      vertex 26 -17 -2.5
      vertex 21.0555 -11.4135 -2.5
      vertex 21.1986 -11.4993 -2.5
    endloop
  endfacet
  facet normal 0 0 -1
    outer loop
      vertex 26 -17 -2.5
      vertex 20.9215 -11.3141 -2.5
      vertex 21.0555 -11.4135 -2.5
    endloop
  endfacet
  facet normal 0 0 -1
    outer loop
      vertex 0 -4 -2.5
      vertex 20.9215 -11.3141 -2.5
      vertex 26 -17 -2.5
    endloop
  endfacet
  facet normal 0 -0 -1
    outer loop
      vertex 0.392068 -3.98074 -2.5
      vertex 20.9215 -11.3141 -2.5
      vertex 0 -4 -2.5
    endloop
  endfacet
  facet normal -0 0 -1
    outer loop
      vertex 20.5007 9.19862 -2.5
      vertex 3.69552 1.53073 -2.5
      vertex 20.4294 9.34944 -2.5
    endloop
  endfacet
  facet normal 0 0 -1
    outer loop
      vertex 2.82843 -2.82843 -2.5
      vertex 20.3 -10 -2.5
      vertex 20.3082 -10.1666 -2.5
    endloop
  endfacet
  facet normal 0 0 -1
    outer loop
      vertex 2.53757 -3.09204 -2.5
      vertex 20.3082 -10.1666 -2.5
      vertex 20.3327 -10.3317 -2.5
    endloop
  endfacet
  facet normal 0 0 -1
    outer loop
      vertex 2.22228 -3.32588 -2.5
      vertex 20.3327 -10.3317 -2.5
      vertex 20.3732 -10.4935 -2.5
    endloop
  endfacet
  facet normal 0 0 -1
    outer loop
      vertex 1.88559 -3.52768 -2.5
      vertex 20.3732 -10.4935 -2.5
      vertex 20.4294 -10.6506 -2.5
    endloop
  endfacet
  facet normal 0 0 -1
    outer loop
      vertex 1.53073 -3.69552 -2.5
      vertex 20.4294 -10.6506 -2.5
      vertex 20.5007 -10.8014 -2.5
    endloop
  endfacet
  facet normal 0 0 -1
    outer loop
      vertex 1.16114 -3.82776 -2.5
      vertex 20.5007 -10.8014 -2.5
      vertex 20.5865 -10.9445 -2.5
    endloop
  endfacet
  facet normal 0 0 -1
    outer loop
      vertex 1.16114 -3.82776 -2.5
      vertex 20.5865 -10.9445 -2.5
      vertex 20.6859 -11.0785 -2.5
    endloop
  endfacet
  facet normal 0 0 -1
    outer loop
      vertex 20.7979 -11.2021 -2.5
      vertex 0.392068 -3.98074 -2.5
      vertex 20.6859 -11.0785 -2.5
    endloop
  endfacet
  facet normal 0 0 -1
    outer loop
      vertex 20.9215 -8.68588 -2.5
      vertex 3.98074 -0.392068 -2.5
      vertex 4 0 -2.5
    endloop
  endfacet
  facet normal 0 0 -1
    outer loop
      vertex 20.7979 -8.79792 -2.5
      vertex 3.92314 -0.780361 -2.5
      vertex 3.98074 -0.392068 -2.5
    endloop
  endfacet
  facet normal 0 0 -1
    outer loop
      vertex 20.5865 -9.05553 -2.5
      vertex 3.82776 -1.16114 -2.5
      vertex 3.92314 -0.780361 -2.5
    endloop
  endfacet
  facet normal 0 0 -1
    outer loop
      vertex 20.5007 -9.19862 -2.5
      vertex 3.69552 -1.53073 -2.5
      vertex 3.82776 -1.16114 -2.5
    endloop
  endfacet
  facet normal 0 0 -1
    outer loop
      vertex 20.4294 -9.34944 -2.5
      vertex 3.52768 -1.88559 -2.5
      vertex 3.69552 -1.53073 -2.5
    endloop
  endfacet
  facet normal 0 0 -1
    outer loop
      vertex 20.3732 -9.50652 -2.5
      vertex 3.32588 -2.22228 -2.5
      vertex 3.52768 -1.88559 -2.5
    endloop
  endfacet
  facet normal 0 0 -1
    outer loop
      vertex 20.3327 -9.66835 -2.5
      vertex 3.09204 -2.53757 -2.5
      vertex 3.32588 -2.22228 -2.5
    endloop
  endfacet
  facet normal 0 0 -1
    outer loop
      vertex 20.3 -10 -2.5
      vertex 2.82843 -2.82843 -2.5
      vertex 3.09204 -2.53757 -2.5
    endloop
  endfacet
  facet normal 0 0 -1
    outer loop
      vertex 20.3082 -10.1666 -2.5
      vertex 2.53757 -3.09204 -2.5
      vertex 2.82843 -2.82843 -2.5
    endloop
  endfacet
  facet normal 0 0 -1
    outer loop
      vertex 20.3327 -10.3317 -2.5
      vertex 2.22228 -3.32588 -2.5
      vertex 2.53757 -3.09204 -2.5
    endloop
  endfacet
  facet normal 0 0 -1
    outer loop
      vertex 20.3732 -10.4935 -2.5
      vertex 1.88559 -3.52768 -2.5
      vertex 2.22228 -3.32588 -2.5
    endloop
  endfacet
  facet normal 0 0 -1
    outer loop
      vertex 20.4294 -10.6506 -2.5
      vertex 1.53073 -3.69552 -2.5
      vertex 1.88559 -3.52768 -2.5
    endloop
  endfacet
  facet normal 0 0 -1
    outer loop
      vertex 20.5007 -10.8014 -2.5
      vertex 1.16114 -3.82776 -2.5
      vertex 1.53073 -3.69552 -2.5
    endloop
  endfacet
  facet normal 0 0 -1
    outer loop
      vertex 20.6859 -11.0785 -2.5
      vertex 0.780361 -3.92314 -2.5
      vertex 1.16114 -3.82776 -2.5
    endloop
  endfacet
  facet normal 0 0 -1
    outer loop
      vertex 20.6859 -11.0785 -2.5
      vertex 0.392068 -3.98074 -2.5
      vertex 0.780361 -3.92314 -2.5
    endloop
  endfacet
  facet normal 0 0 -1
    outer loop
      vertex 20.9215 -11.3141 -2.5
      vertex 0.392068 -3.98074 -2.5
      vertex 20.7979 -11.2021 -2.5
    endloop
  endfacet
  facet normal 0 0 -1
    outer loop
      vertex -26 -17 -2.5
      vertex 0 -4 -2.5
      vertex 26 -17 -2.5
    endloop
  endfacet
  facet normal 0 -0 -1
    outer loop
      vertex -20.9215 -11.3141 -2.5
      vertex 0 -4 -2.5
      vertex -26 -17 -2.5
    endloop
  endfacet
  facet normal -0 0 -1
    outer loop
      vertex 0 -4 -2.5
      vertex -20.9215 -11.3141 -2.5
      vertex -0.392068 -3.98074 -2.5
    endloop
  endfacet
  facet normal 0 -0 -1
    outer loop
      vertex -20.7979 -11.2021 -2.5
      vertex -0.392068 -3.98074 -2.5
      vertex -20.9215 -11.3141 -2.5
    endloop
  endfacet
  facet normal -0 0 -1
    outer loop
      vertex -0.392068 -3.98074 -2.5
      vertex -20.7979 -11.2021 -2.5
      vertex -0.780361 -3.92314 -2.5
    endloop
  endfacet
  facet normal -0 0 -1
    outer loop
      vertex -3.52768 -1.88559 -2.5
      vertex -20.4294 -9.34944 -2.5
      vertex -3.69552 -1.53073 -2.5
    endloop
  endfacet
  facet normal 0 0 -1
    outer loop
      vertex -20.4294 -9.34944 -2.5
      vertex -3.52768 -1.88559 -2.5
      vertex -20.3732 -9.50652 -2.5
    endloop
  endfacet
  facet normal -0 0 -1
    outer loop
      vertex -3.32588 -2.22228 -2.5
      vertex -20.3732 -9.50652 -2.5
      vertex -3.52768 -1.88559 -2.5
    endloop
  endfacet
  facet normal 0 0 -1
    outer loop
      vertex -20.3732 -9.50652 -2.5
      vertex -3.32588 -2.22228 -2.5
      vertex -20.3327 -9.66835 -2.5
    endloop
  endfacet
  facet normal -0 0 -1
    outer loop
      vertex -3.09204 -2.53757 -2.5
      vertex -20.3327 -9.66835 -2.5
      vertex -3.32588 -2.22228 -2.5
    endloop
  endfacet
  facet normal 0 0 -1
    outer loop
      vertex -20.3327 -9.66835 -2.5
      vertex -3.09204 -2.53757 -2.5
      vertex -20.3082 -9.83337 -2.5
    endloop
  endfacet
  facet normal 0 0 -1
    outer loop
      vertex -20.3082 -9.83337 -2.5
      vertex -3.09204 -2.53757 -2.5
      vertex -20.3 -10 -2.5
    endloop
  endfacet
  facet normal -0 0 -1
    outer loop
      vertex -2.82843 -2.82843 -2.5
      vertex -20.3 -10 -2.5
      vertex -3.09204 -2.53757 -2.5
    endloop
  endfacet
  facet normal 0 0 -1
    outer loop
      vertex -20.3082 -10.1666 -2.5
      vertex -2.82843 -2.82843 -2.5
      vertex -2.53757 -3.09204 -2.5
    endloop
  endfacet
  facet normal 0 0 -1
    outer loop
      vertex -20.3327 -10.3317 -2.5
      vertex -2.53757 -3.09204 -2.5
      vertex -2.22228 -3.32588 -2.5
    endloop
  endfacet
  facet normal 0 0 -1
    outer loop
      vertex -20.3732 -10.4935 -2.5
      vertex -2.22228 -3.32588 -2.5
      vertex -1.88559 -3.52768 -2.5
    endloop
  endfacet
  facet normal -0 0 -1
    outer loop
      vertex -0.780361 -3.92314 -2.5
      vertex -20.6859 -11.0785 -2.5
      vertex -1.16114 -3.82776 -2.5
    endloop
  endfacet
  facet normal 0 0 -1
    outer loop
      vertex -2.82843 -2.82843 -2.5
      vertex -20.3082 -10.1666 -2.5
      vertex -20.3 -10 -2.5
    endloop
  endfacet
  facet normal 0 0 -1
    outer loop
      vertex -2.53757 -3.09204 -2.5
      vertex -20.3327 -10.3317 -2.5
      vertex -20.3082 -10.1666 -2.5
    endloop
  endfacet
  facet normal 0 0 -1
    outer loop
      vertex -2.22228 -3.32588 -2.5
      vertex -20.3732 -10.4935 -2.5
      vertex -20.3327 -10.3317 -2.5
    endloop
  endfacet
  facet normal 0 0 -1
    outer loop
      vertex -1.88559 -3.52768 -2.5
      vertex -20.4294 -10.6506 -2.5
      vertex -20.3732 -10.4935 -2.5
    endloop
  endfacet
  facet normal -0 0 -1
    outer loop
      vertex -1.53073 -3.69552 -2.5
      vertex -20.4294 -10.6506 -2.5
      vertex -1.88559 -3.52768 -2.5
    endloop
  endfacet
  facet normal 0 -0 -1
    outer loop
      vertex -20.4294 -10.6506 -2.5
      vertex -1.53073 -3.69552 -2.5
      vertex -20.5007 -10.8014 -2.5
    endloop
  endfacet
  facet normal -0 0 -1
    outer loop
      vertex -1.16114 -3.82776 -2.5
      vertex -20.5007 -10.8014 -2.5
      vertex -1.53073 -3.69552 -2.5
    endloop
  endfacet
  facet normal 0 -0 -1
    outer loop
      vertex -20.5007 -10.8014 -2.5
      vertex -1.16114 -3.82776 -2.5
      vertex -20.5865 -10.9445 -2.5
    endloop
  endfacet
  facet normal 0 -0 -1
    outer loop
      vertex -20.5865 -10.9445 -2.5
      vertex -1.16114 -3.82776 -2.5
      vertex -20.6859 -11.0785 -2.5
    endloop
  endfacet
  facet normal 0 -0 -1
    outer loop
      vertex -20.6859 -11.0785 -2.5
      vertex -0.780361 -3.92314 -2.5
      vertex -20.7979 -11.2021 -2.5
    endloop
  endfacet
  facet normal 0 0 -1
    outer loop
      vertex -20.9215 -11.3141 -2.5
      vertex -26 -17 -2.5
      vertex -21.0555 -11.4135 -2.5
    endloop
  endfacet
  facet normal 0 0 -1
    outer loop
      vertex -21.0555 -11.4135 -2.5
      vertex -26 -17 -2.5
      vertex -21.1986 -11.4993 -2.5
    endloop
  endfacet
  facet normal 0 0 -1
    outer loop
      vertex -21.1986 -11.4993 -2.5
      vertex -26 -17 -2.5
      vertex -21.3494 -11.5706 -2.5
    endloop
  endfacet
  facet normal 0 0 -1
    outer loop
      vertex -21.3494 -11.5706 -2.5
      vertex -26 -17 -2.5
      vertex -21.5065 -11.6268 -2.5
    endloop
  endfacet
  facet normal 0 0 -1
    outer loop
      vertex -21.5065 -11.6268 -2.5
      vertex -26 -17 -2.5
      vertex -21.6683 -11.6673 -2.5
    endloop
  endfacet
  facet normal 0 0 -1
    outer loop
      vertex -21.6683 -11.6673 -2.5
      vertex -26 -17 -2.5
      vertex -21.8334 -11.6918 -2.5
    endloop
  endfacet
  facet normal 0 0 -1
    outer loop
      vertex -21.8334 -11.6918 -2.5
      vertex -26 -17 -2.5
      vertex -22 -11.7 -2.5
    endloop
  endfacet
  facet normal 0 0 -1
    outer loop
      vertex -28.8284 -15.8284 -2.5
      vertex -23.3141 -11.0785 -2.5
      vertex -28.5376 -16.092 -2.5
    endloop
  endfacet
  facet normal 0 0 -1
    outer loop
      vertex -28.5376 -16.092 -2.5
      vertex -23.3141 -11.0785 -2.5
      vertex -28.2223 -16.3259 -2.5
    endloop
  endfacet
  facet normal 0 0 -1
    outer loop
      vertex -28.2223 -16.3259 -2.5
      vertex -23.3141 -11.0785 -2.5
      vertex -27.8856 -16.5277 -2.5
    endloop
  endfacet
  facet normal 0 0 -1
    outer loop
      vertex -27.8856 -16.5277 -2.5
      vertex -23.3141 -11.0785 -2.5
      vertex -27.5307 -16.6955 -2.5
    endloop
  endfacet
  facet normal 0 0 -1
    outer loop
      vertex -27.5307 -16.6955 -2.5
      vertex -23.3141 -11.0785 -2.5
      vertex -27.1611 -16.8278 -2.5
    endloop
  endfacet
  facet normal 0 0 -1
    outer loop
      vertex -27.1611 -16.8278 -2.5
      vertex -23.3141 -11.0785 -2.5
      vertex -26.7803 -16.9231 -2.5
    endloop
  endfacet
  facet normal 0 0 -1
    outer loop
      vertex -26.7803 -16.9231 -2.5
      vertex -23.3141 -11.0785 -2.5
      vertex -26.3921 -16.9807 -2.5
    endloop
  endfacet
  facet normal 0 0 -1
    outer loop
      vertex -26.3921 -16.9807 -2.5
      vertex -23.3141 -11.0785 -2.5
      vertex -26 -17 -2.5
    endloop
  endfacet
  facet normal -0 0 -1
    outer loop
      vertex -23.2021 -11.2021 -2.5
      vertex -26 -17 -2.5
      vertex -23.3141 -11.0785 -2.5
    endloop
  endfacet
  facet normal -0 0 -1
    outer loop
      vertex -23.0785 -11.3141 -2.5
      vertex -26 -17 -2.5
      vertex -23.2021 -11.2021 -2.5
    endloop
  endfacet
  facet normal -0 0 -1
    outer loop
      vertex -22.9445 -11.4135 -2.5
      vertex -26 -17 -2.5
      vertex -23.0785 -11.3141 -2.5
    endloop
  endfacet
  facet normal -0 0 -1
    outer loop
      vertex -22.8014 -11.4993 -2.5
      vertex -26 -17 -2.5
      vertex -22.9445 -11.4135 -2.5
    endloop
  endfacet
  facet normal -0 0 -1
    outer loop
      vertex -22.6506 -11.5706 -2.5
      vertex -26 -17 -2.5
      vertex -22.8014 -11.4993 -2.5
    endloop
  endfacet
  facet normal -0 0 -1
    outer loop
      vertex -22.4935 -11.6268 -2.5
      vertex -26 -17 -2.5
      vertex -22.6506 -11.5706 -2.5
    endloop
  endfacet
  facet normal -0 0 -1
    outer loop
      vertex -22.3317 -11.6673 -2.5
      vertex -26 -17 -2.5
      vertex -22.4935 -11.6268 -2.5
    endloop
  endfacet
  facet normal -0 0 -1
    outer loop
      vertex -22.1666 -11.6918 -2.5
      vertex -26 -17 -2.5
      vertex -22.3317 -11.6673 -2.5
    endloop
  endfacet
  facet normal -0 0 -1
    outer loop
      vertex -22 -11.7 -2.5
      vertex -26 -17 -2.5
      vertex -22.1666 -11.6918 -2.5
    endloop
  endfacet
  facet normal -0 0 -1
    outer loop
      vertex 28.8284 15.8284 -2.5
      vertex 23.3141 11.0785 -2.5
      vertex 28.5376 16.092 -2.5
    endloop
  endfacet
  facet normal -0 0 -1
    outer loop
      vertex 28.5376 16.092 -2.5
      vertex 23.3141 11.0785 -2.5
      vertex 28.2223 16.3259 -2.5
    endloop
  endfacet
  facet normal -0 0 -1
    outer loop
      vertex 28.2223 16.3259 -2.5
      vertex 23.3141 11.0785 -2.5
      vertex 27.8856 16.5277 -2.5
    endloop
  endfacet
  facet normal -0 0 -1
    outer loop
      vertex 27.8856 16.5277 -2.5
      vertex 23.3141 11.0785 -2.5
      vertex 27.5307 16.6955 -2.5
    endloop
  endfacet
  facet normal -0 0 -1
    outer loop
      vertex 27.5307 16.6955 -2.5
      vertex 23.3141 11.0785 -2.5
      vertex 27.1611 16.8278 -2.5
    endloop
  endfacet
  facet normal -0 0 -1
    outer loop
      vertex 27.1611 16.8278 -2.5
      vertex 23.3141 11.0785 -2.5
      vertex 26.7803 16.9231 -2.5
    endloop
  endfacet
  facet normal -0 0 -1
    outer loop
      vertex 26.7803 16.9231 -2.5
      vertex 23.3141 11.0785 -2.5
      vertex 26.3921 16.9807 -2.5
    endloop
  endfacet
  facet normal -0 0 -1
    outer loop
      vertex 26.3921 16.9807 -2.5
      vertex 23.3141 11.0785 -2.5
      vertex 26 17 -2.5
    endloop
  endfacet
  facet normal 0 0 -1
    outer loop
      vertex 23.2021 11.2021 -2.5
      vertex 26 17 -2.5
      vertex 23.3141 11.0785 -2.5
    endloop
  endfacet
  facet normal 0 0 -1
    outer loop
      vertex 23.0785 11.3141 -2.5
      vertex 26 17 -2.5
      vertex 23.2021 11.2021 -2.5
    endloop
  endfacet
  facet normal 0 0 -1
    outer loop
      vertex 22.9445 11.4135 -2.5
      vertex 26 17 -2.5
      vertex 23.0785 11.3141 -2.5
    endloop
  endfacet
  facet normal 0 0 -1
    outer loop
      vertex 22.8014 11.4993 -2.5
      vertex 26 17 -2.5
      vertex 22.9445 11.4135 -2.5
    endloop
  endfacet
  facet normal 0 0 -1
    outer loop
      vertex 22.6506 11.5706 -2.5
      vertex 26 17 -2.5
      vertex 22.8014 11.4993 -2.5
    endloop
  endfacet
  facet normal 0 0 -1
    outer loop
      vertex 22.4935 11.6268 -2.5
      vertex 26 17 -2.5
      vertex 22.6506 11.5706 -2.5
    endloop
  endfacet
  facet normal 0 0 -1
    outer loop
      vertex 22.3317 11.6673 -2.5
      vertex 26 17 -2.5
      vertex 22.4935 11.6268 -2.5
    endloop
  endfacet
  facet normal 0 0 -1
    outer loop
      vertex 22.1666 11.6918 -2.5
      vertex 26 17 -2.5
      vertex 22.3317 11.6673 -2.5
    endloop
  endfacet
  facet normal 0 0 -1
    outer loop
      vertex 22 11.7 -2.5
      vertex 26 17 -2.5
      vertex 22.1666 11.6918 -2.5
    endloop
  endfacet
  facet normal 0 0 -1
    outer loop
      vertex 21.8334 11.6918 -2.5
      vertex 26 17 -2.5
      vertex 22 11.7 -2.5
    endloop
  endfacet
  facet normal 0 0 -1
    outer loop
      vertex 21.6683 11.6673 -2.5
      vertex 26 17 -2.5
      vertex 21.8334 11.6918 -2.5
    endloop
  endfacet
  facet normal 0 0 -1
    outer loop
      vertex 21.5065 11.6268 -2.5
      vertex 26 17 -2.5
      vertex 21.6683 11.6673 -2.5
    endloop
  endfacet
  facet normal 0 0 -1
    outer loop
      vertex 21.3494 11.5706 -2.5
      vertex 26 17 -2.5
      vertex 21.5065 11.6268 -2.5
    endloop
  endfacet
  facet normal 0 0 -1
    outer loop
      vertex 21.1986 11.4993 -2.5
      vertex 26 17 -2.5
      vertex 21.3494 11.5706 -2.5
    endloop
  endfacet
  facet normal 0 0 -1
    outer loop
      vertex 21.0555 11.4135 -2.5
      vertex 26 17 -2.5
      vertex 21.1986 11.4993 -2.5
    endloop
  endfacet
  facet normal 0 0 -1
    outer loop
      vertex 20.9215 11.3141 -2.5
      vertex 26 17 -2.5
      vertex 21.0555 11.4135 -2.5
    endloop
  endfacet
  facet normal 0 0 -1
    outer loop
      vertex 0.392068 3.98074 -2.5
      vertex 20.9215 11.3141 -2.5
      vertex 20.7979 11.2021 -2.5
    endloop
  endfacet
  facet normal 0 0 -1
    outer loop
      vertex 0.392068 3.98074 -2.5
      vertex 20.7979 11.2021 -2.5
      vertex 20.6859 11.0785 -2.5
    endloop
  endfacet
  facet normal 0 0 -1
    outer loop
      vertex 3.52768 1.88559 -2.5
      vertex 20.4294 9.34944 -2.5
      vertex 3.69552 1.53073 -2.5
    endloop
  endfacet
  facet normal -0 0 -1
    outer loop
      vertex 20.4294 9.34944 -2.5
      vertex 3.52768 1.88559 -2.5
      vertex 20.3732 9.50652 -2.5
    endloop
  endfacet
  facet normal 0 0 -1
    outer loop
      vertex 3.32588 2.22228 -2.5
      vertex 20.3732 9.50652 -2.5
      vertex 3.52768 1.88559 -2.5
    endloop
  endfacet
  facet normal -0 0 -1
    outer loop
      vertex 20.3732 9.50652 -2.5
      vertex 3.32588 2.22228 -2.5
      vertex 20.3327 9.66835 -2.5
    endloop
  endfacet
  facet normal 0 0 -1
    outer loop
      vertex 3.09204 2.53757 -2.5
      vertex 20.3327 9.66835 -2.5
      vertex 3.32588 2.22228 -2.5
    endloop
  endfacet
  facet normal -0 0 -1
    outer loop
      vertex 20.3327 9.66835 -2.5
      vertex 3.09204 2.53757 -2.5
      vertex 20.3082 9.83337 -2.5
    endloop
  endfacet
  facet normal -0 0 -1
    outer loop
      vertex 20.3082 9.83337 -2.5
      vertex 3.09204 2.53757 -2.5
      vertex 20.3 10 -2.5
    endloop
  endfacet
  facet normal 0 0 -1
    outer loop
      vertex 2.82843 2.82843 -2.5
      vertex 20.3 10 -2.5
      vertex 3.09204 2.53757 -2.5
    endloop
  endfacet
  facet normal -0 0 -1
    outer loop
      vertex 20.3 10 -2.5
      vertex 2.82843 2.82843 -2.5
      vertex 20.3082 10.1666 -2.5
    endloop
  endfacet
  facet normal 0 0 -1
    outer loop
      vertex 2.53757 3.09204 -2.5
      vertex 20.3082 10.1666 -2.5
      vertex 2.82843 2.82843 -2.5
    endloop
  endfacet
  facet normal -0 0 -1
    outer loop
      vertex 20.3082 10.1666 -2.5
      vertex 2.53757 3.09204 -2.5
      vertex 20.3327 10.3317 -2.5
    endloop
  endfacet
  facet normal 0 0 -1
    outer loop
      vertex 2.22228 3.32588 -2.5
      vertex 20.3327 10.3317 -2.5
      vertex 2.53757 3.09204 -2.5
    endloop
  endfacet
  facet normal -0 0 -1
    outer loop
      vertex 20.3327 10.3317 -2.5
      vertex 2.22228 3.32588 -2.5
      vertex 20.3732 10.4935 -2.5
    endloop
  endfacet
  facet normal 0 0 -1
    outer loop
      vertex 1.88559 3.52768 -2.5
      vertex 20.3732 10.4935 -2.5
      vertex 2.22228 3.32588 -2.5
    endloop
  endfacet
  facet normal -0 0 -1
    outer loop
      vertex 20.3732 10.4935 -2.5
      vertex 1.88559 3.52768 -2.5
      vertex 20.4294 10.6506 -2.5
    endloop
  endfacet
  facet normal 0 0 -1
    outer loop
      vertex 1.53073 3.69552 -2.5
      vertex 20.4294 10.6506 -2.5
      vertex 1.88559 3.52768 -2.5
    endloop
  endfacet
  facet normal -0 0 -1
    outer loop
      vertex 20.4294 10.6506 -2.5
      vertex 1.53073 3.69552 -2.5
      vertex 20.5007 10.8014 -2.5
    endloop
  endfacet
  facet normal 0 0 -1
    outer loop
      vertex 1.16114 3.82776 -2.5
      vertex 20.5007 10.8014 -2.5
      vertex 1.53073 3.69552 -2.5
    endloop
  endfacet
  facet normal -0 0 -1
    outer loop
      vertex 20.5007 10.8014 -2.5
      vertex 1.16114 3.82776 -2.5
      vertex 20.5865 10.9445 -2.5
    endloop
  endfacet
  facet normal -0 0 -1
    outer loop
      vertex 20.5865 10.9445 -2.5
      vertex 1.16114 3.82776 -2.5
      vertex 20.6859 11.0785 -2.5
    endloop
  endfacet
  facet normal 0 0 -1
    outer loop
      vertex 0.780361 3.92314 -2.5
      vertex 20.6859 11.0785 -2.5
      vertex 1.16114 3.82776 -2.5
    endloop
  endfacet
  facet normal 0 0 -1
    outer loop
      vertex 0.392068 3.98074 -2.5
      vertex 20.6859 11.0785 -2.5
      vertex 0.780361 3.92314 -2.5
    endloop
  endfacet
  facet normal 0 0 -1
    outer loop
      vertex 20.9215 11.3141 -2.5
      vertex 0.392068 3.98074 -2.5
      vertex 0 4 -2.5
    endloop
  endfacet
  facet normal -0 0 -1
    outer loop
      vertex 20.9215 11.3141 -2.5
      vertex 0 4 -2.5
      vertex 26 17 -2.5
    endloop
  endfacet
  facet normal 0 0 -1
    outer loop
      vertex -20.9215 11.3141 -2.5
      vertex 0 4 -2.5
      vertex -0.392068 3.98074 -2.5
    endloop
  endfacet
  facet normal 0 0 -1
    outer loop
      vertex -20.7979 11.2021 -2.5
      vertex -0.392068 3.98074 -2.5
      vertex -0.780361 3.92314 -2.5
    endloop
  endfacet
  facet normal 0 0 -1
    outer loop
      vertex -20.6859 11.0785 -2.5
      vertex -0.780361 3.92314 -2.5
      vertex -1.16114 3.82776 -2.5
    endloop
  endfacet
  facet normal 0 0 -1
    outer loop
      vertex -20.5007 10.8014 -2.5
      vertex -1.16114 3.82776 -2.5
      vertex -1.53073 3.69552 -2.5
    endloop
  endfacet
  facet normal 0 0 -1
    outer loop
      vertex -20.4294 10.6506 -2.5
      vertex -1.53073 3.69552 -2.5
      vertex -1.88559 3.52768 -2.5
    endloop
  endfacet
  facet normal 0 0 -1
    outer loop
      vertex -20.5007 -9.19862 -2.5
      vertex -3.69552 -1.53073 -2.5
      vertex -20.4294 -9.34944 -2.5
    endloop
  endfacet
  facet normal 0 0 -1
    outer loop
      vertex -4 0 -2.5
      vertex -20.3 10 -2.5
      vertex -3.98074 0.392068 -2.5
    endloop
  endfacet
  facet normal 0 0 -1
    outer loop
      vertex -3.98074 0.392068 -2.5
      vertex -20.3 10 -2.5
      vertex -3.92314 0.780361 -2.5
    endloop
  endfacet
  facet normal 0 0 -1
    outer loop
      vertex -3.92314 0.780361 -2.5
      vertex -20.3 10 -2.5
      vertex -3.82776 1.16114 -2.5
    endloop
  endfacet
  facet normal 0 0 -1
    outer loop
      vertex -3.82776 1.16114 -2.5
      vertex -20.3 10 -2.5
      vertex -3.69552 1.53073 -2.5
    endloop
  endfacet
  facet normal 0 0 -1
    outer loop
      vertex -3.69552 1.53073 -2.5
      vertex -20.3 10 -2.5
      vertex -3.52768 1.88559 -2.5
    endloop
  endfacet
  facet normal 0 0 -1
    outer loop
      vertex -3.52768 1.88559 -2.5
      vertex -20.3 10 -2.5
      vertex -3.32588 2.22228 -2.5
    endloop
  endfacet
  facet normal 0 0 -1
    outer loop
      vertex -3.32588 2.22228 -2.5
      vertex -20.3 10 -2.5
      vertex -3.09204 2.53757 -2.5
    endloop
  endfacet
  facet normal 0 0 -1
    outer loop
      vertex -3.09204 2.53757 -2.5
      vertex -20.3 10 -2.5
      vertex -2.82843 2.82843 -2.5
    endloop
  endfacet
  facet normal 0 0 -1
    outer loop
      vertex -20.3082 10.1666 -2.5
      vertex -2.82843 2.82843 -2.5
      vertex -20.3 10 -2.5
    endloop
  endfacet
  facet normal 0 0 -1
    outer loop
      vertex -2.82843 2.82843 -2.5
      vertex -20.3082 10.1666 -2.5
      vertex -2.53757 3.09204 -2.5
    endloop
  endfacet
  facet normal 0 0 -1
    outer loop
      vertex -20.3327 10.3317 -2.5
      vertex -2.53757 3.09204 -2.5
      vertex -20.3082 10.1666 -2.5
    endloop
  endfacet
  facet normal 0 0 -1
    outer loop
      vertex -2.53757 3.09204 -2.5
      vertex -20.3327 10.3317 -2.5
      vertex -2.22228 3.32588 -2.5
    endloop
  endfacet
  facet normal 0 0 -1
    outer loop
      vertex -20.3732 10.4935 -2.5
      vertex -2.22228 3.32588 -2.5
      vertex -20.3327 10.3317 -2.5
    endloop
  endfacet
  facet normal 0 0 -1
    outer loop
      vertex -2.22228 3.32588 -2.5
      vertex -20.3732 10.4935 -2.5
      vertex -1.88559 3.52768 -2.5
    endloop
  endfacet
  facet normal 0 0 -1
    outer loop
      vertex -20.4294 10.6506 -2.5
      vertex -1.88559 3.52768 -2.5
      vertex -20.3732 10.4935 -2.5
    endloop
  endfacet
  facet normal 0 0 -1
    outer loop
      vertex -1.53073 3.69552 -2.5
      vertex -20.4294 10.6506 -2.5
      vertex -20.5007 10.8014 -2.5
    endloop
  endfacet
  facet normal 0 0 -1
    outer loop
      vertex -1.16114 3.82776 -2.5
      vertex -20.5007 10.8014 -2.5
      vertex -20.5865 10.9445 -2.5
    endloop
  endfacet
  facet normal 0 0 -1
    outer loop
      vertex -1.16114 3.82776 -2.5
      vertex -20.5865 10.9445 -2.5
      vertex -20.6859 11.0785 -2.5
    endloop
  endfacet
  facet normal 0 0 -1
    outer loop
      vertex -0.780361 3.92314 -2.5
      vertex -20.6859 11.0785 -2.5
      vertex -20.7979 11.2021 -2.5
    endloop
  endfacet
  facet normal 0 0 -1
    outer loop
      vertex -0.392068 3.98074 -2.5
      vertex -20.7979 11.2021 -2.5
      vertex -20.9215 11.3141 -2.5
    endloop
  endfacet
  facet normal 0 0 -1
    outer loop
      vertex 0 4 -2.5
      vertex -20.9215 11.3141 -2.5
      vertex -26 17 -2.5
    endloop
  endfacet
  facet normal 0 0 -1
    outer loop
      vertex -26 17 -2.5
      vertex -20.9215 11.3141 -2.5
      vertex -21.0555 11.4135 -2.5
    endloop
  endfacet
  facet normal 0 0 -1
    outer loop
      vertex -26 17 -2.5
      vertex -21.0555 11.4135 -2.5
      vertex -21.1986 11.4993 -2.5
    endloop
  endfacet
  facet normal 0 0 -1
    outer loop
      vertex -26 17 -2.5
      vertex -21.1986 11.4993 -2.5
      vertex -21.3494 11.5706 -2.5
    endloop
  endfacet
  facet normal 0 0 -1
    outer loop
      vertex -26 17 -2.5
      vertex -21.3494 11.5706 -2.5
      vertex -21.5065 11.6268 -2.5
    endloop
  endfacet
  facet normal 0 0 -1
    outer loop
      vertex -26 17 -2.5
      vertex -21.5065 11.6268 -2.5
      vertex -21.6683 11.6673 -2.5
    endloop
  endfacet
  facet normal 0 0 -1
    outer loop
      vertex -26 17 -2.5
      vertex -21.6683 11.6673 -2.5
      vertex -21.8334 11.6918 -2.5
    endloop
  endfacet
  facet normal 0 0 -1
    outer loop
      vertex -26 17 -2.5
      vertex -21.8334 11.6918 -2.5
      vertex -22 11.7 -2.5
    endloop
  endfacet
  facet normal 0 0 -1
    outer loop
      vertex -26 17 -2.5
      vertex -22 11.7 -2.5
      vertex -22.1666 11.6918 -2.5
    endloop
  endfacet
  facet normal 0 0 -1
    outer loop
      vertex -23.6673 9.66835 -2.5
      vertex -30 13 -2.5
      vertex -23.6918 9.83337 -2.5
    endloop
  endfacet
  facet normal 0 0 -1
    outer loop
      vertex 0 4 -2.5
      vertex -26 17 -2.5
      vertex 26 17 -2.5
    endloop
  endfacet
  facet normal 0 0 -1
    outer loop
      vertex -22.3317 11.6673 -2.5
      vertex -26 17 -2.5
      vertex -22.1666 11.6918 -2.5
    endloop
  endfacet
  facet normal 0 0 -1
    outer loop
      vertex -22.4935 11.6268 -2.5
      vertex -26 17 -2.5
      vertex -22.3317 11.6673 -2.5
    endloop
  endfacet
  facet normal 0 0 -1
    outer loop
      vertex -22.6506 11.5706 -2.5
      vertex -26 17 -2.5
      vertex -22.4935 11.6268 -2.5
    endloop
  endfacet
  facet normal 0 0 -1
    outer loop
      vertex -22.8014 11.4993 -2.5
      vertex -26 17 -2.5
      vertex -22.6506 11.5706 -2.5
    endloop
  endfacet
  facet normal 0 0 -1
    outer loop
      vertex -22.9445 11.4135 -2.5
      vertex -26 17 -2.5
      vertex -22.8014 11.4993 -2.5
    endloop
  endfacet
  facet normal 0 0 -1
    outer loop
      vertex -23.0785 11.3141 -2.5
      vertex -26 17 -2.5
      vertex -22.9445 11.4135 -2.5
    endloop
  endfacet
  facet normal 0 0 -1
    outer loop
      vertex -23.2021 11.2021 -2.5
      vertex -26 17 -2.5
      vertex -23.0785 11.3141 -2.5
    endloop
  endfacet
  facet normal 0 0 -1
    outer loop
      vertex -23.3141 11.0785 -2.5
      vertex -26 17 -2.5
      vertex -23.2021 11.2021 -2.5
    endloop
  endfacet
  facet normal 0 0 -1
    outer loop
      vertex -29.092 15.5376 -2.5
      vertex -23.3141 11.0785 -2.5
      vertex -23.4135 10.9445 -2.5
    endloop
  endfacet
  facet normal 0 0 -1
    outer loop
      vertex -30 13 -2.5
      vertex -23.4135 10.9445 -2.5
      vertex -23.4993 10.8014 -2.5
    endloop
  endfacet
  facet normal 0 0 -1
    outer loop
      vertex -30 13 -2.5
      vertex -23.4993 10.8014 -2.5
      vertex -23.5706 10.6506 -2.5
    endloop
  endfacet
  facet normal 0 0 -1
    outer loop
      vertex -30 13 -2.5
      vertex -23.5706 10.6506 -2.5
      vertex -23.6268 10.4935 -2.5
    endloop
  endfacet
  facet normal 0 0 -1
    outer loop
      vertex -30 13 -2.5
      vertex -23.6268 10.4935 -2.5
      vertex -23.6673 10.3317 -2.5
    endloop
  endfacet
  facet normal 0 0 -1
    outer loop
      vertex -30 13 -2.5
      vertex -23.6673 10.3317 -2.5
      vertex -23.6918 10.1666 -2.5
    endloop
  endfacet
  facet normal 0 0 -1
    outer loop
      vertex -23.6918 9.83337 -2.5
      vertex -30 13 -2.5
      vertex -23.7 10 -2.5
    endloop
  endfacet
  facet normal 0 0 -1
    outer loop
      vertex -29.092 -15.5376 -2.5
      vertex -23.3141 -11.0785 -2.5
      vertex -28.8284 -15.8284 -2.5
    endloop
  endfacet
  facet normal 0 0 -1
    outer loop
      vertex -23.7 10 -2.5
      vertex -30 13 -2.5
      vertex -23.6918 10.1666 -2.5
    endloop
  endfacet
  facet normal -0 0 -1
    outer loop
      vertex -23.3141 -11.0785 -2.5
      vertex -29.092 -15.5376 -2.5
      vertex -23.4135 -10.9445 -2.5
    endloop
  endfacet
  facet normal 0 -0 -1
    outer loop
      vertex -29.9807 13.3921 -2.5
      vertex -23.4135 10.9445 -2.5
      vertex -30 13 -2.5
    endloop
  endfacet
  facet normal 0 0 -1
    outer loop
      vertex -29.3259 -15.2223 -2.5
      vertex -23.4135 -10.9445 -2.5
      vertex -29.092 -15.5376 -2.5
    endloop
  endfacet
  facet normal 0 0 -1
    outer loop
      vertex -23.3141 11.0785 -2.5
      vertex -26.3921 16.9807 -2.5
      vertex -26 17 -2.5
    endloop
  endfacet
  facet normal 0 0 -1
    outer loop
      vertex -29.5277 -14.8856 -2.5
      vertex -23.4135 -10.9445 -2.5
      vertex -29.3259 -15.2223 -2.5
    endloop
  endfacet
  facet normal 0 0 -1
    outer loop
      vertex -23.3141 11.0785 -2.5
      vertex -26.7803 16.9231 -2.5
      vertex -26.3921 16.9807 -2.5
    endloop
  endfacet
  facet normal 0 0 -1
    outer loop
      vertex -29.6955 -14.5307 -2.5
      vertex -23.4135 -10.9445 -2.5
      vertex -29.5277 -14.8856 -2.5
    endloop
  endfacet
  facet normal 0 0 -1
    outer loop
      vertex -23.3141 11.0785 -2.5
      vertex -27.1611 16.8278 -2.5
      vertex -26.7803 16.9231 -2.5
    endloop
  endfacet
  facet normal 0 0 -1
    outer loop
      vertex -29.8278 -14.1611 -2.5
      vertex -23.4135 -10.9445 -2.5
      vertex -29.6955 -14.5307 -2.5
    endloop
  endfacet
  facet normal 0 0 -1
    outer loop
      vertex -23.3141 11.0785 -2.5
      vertex -27.5307 16.6955 -2.5
      vertex -27.1611 16.8278 -2.5
    endloop
  endfacet
  facet normal 0 0 -1
    outer loop
      vertex -29.9231 -13.7803 -2.5
      vertex -23.4135 -10.9445 -2.5
      vertex -29.8278 -14.1611 -2.5
    endloop
  endfacet
  facet normal 0 0 -1
    outer loop
      vertex -23.3141 11.0785 -2.5
      vertex -27.8856 16.5277 -2.5
      vertex -27.5307 16.6955 -2.5
    endloop
  endfacet
  facet normal 0 0 -1
    outer loop
      vertex -29.9807 -13.3921 -2.5
      vertex -23.4135 -10.9445 -2.5
      vertex -29.9231 -13.7803 -2.5
    endloop
  endfacet
  facet normal 0 0 -1
    outer loop
      vertex -23.3141 11.0785 -2.5
      vertex -28.2223 16.3259 -2.5
      vertex -27.8856 16.5277 -2.5
    endloop
  endfacet
  facet normal -0 0 -1
    outer loop
      vertex -23.4135 -10.9445 -2.5
      vertex -30 -13 -2.5
      vertex -23.4993 -10.8014 -2.5
    endloop
  endfacet
  facet normal 0 0 -1
    outer loop
      vertex -23.3141 11.0785 -2.5
      vertex -28.5376 16.092 -2.5
      vertex -28.2223 16.3259 -2.5
    endloop
  endfacet
  facet normal -0 0 -1
    outer loop
      vertex -23.6918 -10.1666 -2.5
      vertex -30 -13 -2.5
      vertex -23.7 -10 -2.5
    endloop
  endfacet
  facet normal 0 0 -1
    outer loop
      vertex -23.3141 11.0785 -2.5
      vertex -28.8284 15.8284 -2.5
      vertex -28.5376 16.092 -2.5
    endloop
  endfacet
  facet normal -0 0 -1
    outer loop
      vertex -23.4993 -10.8014 -2.5
      vertex -30 -13 -2.5
      vertex -23.5706 -10.6506 -2.5
    endloop
  endfacet
  facet normal 0 0 -1
    outer loop
      vertex -23.3141 11.0785 -2.5
      vertex -29.092 15.5376 -2.5
      vertex -28.8284 15.8284 -2.5
    endloop
  endfacet
  facet normal -0 0 -1
    outer loop
      vertex -23.5706 -10.6506 -2.5
      vertex -30 -13 -2.5
      vertex -23.6268 -10.4935 -2.5
    endloop
  endfacet
  facet normal 0 0 -1
    outer loop
      vertex -23.4135 10.9445 -2.5
      vertex -29.3259 15.2223 -2.5
      vertex -29.092 15.5376 -2.5
    endloop
  endfacet
  facet normal -0 0 -1
    outer loop
      vertex -23.6673 -10.3317 -2.5
      vertex -30 -13 -2.5
      vertex -23.6918 -10.1666 -2.5
    endloop
  endfacet
  facet normal 0 0 -1
    outer loop
      vertex -23.4135 10.9445 -2.5
      vertex -29.5277 14.8856 -2.5
      vertex -29.3259 15.2223 -2.5
    endloop
  endfacet
  facet normal -0 0 -1
    outer loop
      vertex -23.6268 -10.4935 -2.5
      vertex -30 -13 -2.5
      vertex -23.6673 -10.3317 -2.5
    endloop
  endfacet
  facet normal 0 0 -1
    outer loop
      vertex -23.4135 10.9445 -2.5
      vertex -29.6955 14.5307 -2.5
      vertex -29.5277 14.8856 -2.5
    endloop
  endfacet
  facet normal 0 0 -1
    outer loop
      vertex -23.4135 -10.9445 -2.5
      vertex -29.9807 -13.3921 -2.5
      vertex -30 -13 -2.5
    endloop
  endfacet
  facet normal 0 0 -1
    outer loop
      vertex -23.4135 10.9445 -2.5
      vertex -29.8278 14.1611 -2.5
      vertex -29.6955 14.5307 -2.5
    endloop
  endfacet
  facet normal 0 0 -1
    outer loop
      vertex -23.4135 10.9445 -2.5
      vertex -29.9231 13.7803 -2.5
      vertex -29.8278 14.1611 -2.5
    endloop
  endfacet
  facet normal 0 0 -1
    outer loop
      vertex -23.4135 10.9445 -2.5
      vertex -29.9807 13.3921 -2.5
      vertex -29.9231 13.7803 -2.5
    endloop
  endfacet
  facet normal -0.85774 -0.514084 0
    outer loop
      vertex -29.3259 -15.2223 -2.5
      vertex -29.5277 -14.8856 2.5
      vertex -29.5277 -14.8856 -2.5
    endloop
  endfacet
  facet normal -0.85774 -0.514084 0
    outer loop
      vertex -29.5277 -14.8856 2.5
      vertex -29.3259 -15.2223 -2.5
      vertex -29.3259 -15.2223 2.5
    endloop
  endfacet
  facet normal -0.970083 -0.242775 0
    outer loop
      vertex -29.8278 -14.1611 -2.5
      vertex -29.9231 -13.7803 2.5
      vertex -29.9231 -13.7803 -2.5
    endloop
  endfacet
  facet normal -0.970083 -0.242775 0
    outer loop
      vertex -29.9231 -13.7803 2.5
      vertex -29.8278 -14.1611 -2.5
      vertex -29.8278 -14.1611 2.5
    endloop
  endfacet
  facet normal -0.9415 -0.337014 0
    outer loop
      vertex -29.6955 -14.5307 -2.5
      vertex -29.8278 -14.1611 2.5
      vertex -29.8278 -14.1611 -2.5
    endloop
  endfacet
  facet normal -0.9415 -0.337014 0
    outer loop
      vertex -29.8278 -14.1611 2.5
      vertex -29.6955 -14.5307 -2.5
      vertex -29.6955 -14.5307 2.5
    endloop
  endfacet
  facet normal -0.904044 -0.42744 0
    outer loop
      vertex -29.5277 -14.8856 -2.5
      vertex -29.6955 -14.5307 2.5
      vertex -29.6955 -14.5307 -2.5
    endloop
  endfacet
  facet normal -0.904044 -0.42744 0
    outer loop
      vertex -29.6955 -14.5307 2.5
      vertex -29.5277 -14.8856 -2.5
      vertex -29.5277 -14.8856 2.5
    endloop
  endfacet
  facet normal -0.989171 -0.14677 0
    outer loop
      vertex -29.9231 -13.7803 -2.5
      vertex -29.9807 -13.3921 2.5
      vertex -29.9807 -13.3921 -2.5
    endloop
  endfacet
  facet normal -0.989171 -0.14677 0
    outer loop
      vertex -29.9807 -13.3921 2.5
      vertex -29.9231 -13.7803 -2.5
      vertex -29.9231 -13.7803 2.5
    endloop
  endfacet
  facet normal 0.904044 0.42744 0
    outer loop
      vertex 29.6955 14.5307 2.5
      vertex 29.5277 14.8856 -2.5
      vertex 29.5277 14.8856 2.5
    endloop
  endfacet
  facet normal 0.904044 0.42744 0
    outer loop
      vertex 29.5277 14.8856 -2.5
      vertex 29.6955 14.5307 2.5
      vertex 29.6955 14.5307 -2.5
    endloop
  endfacet
  facet normal -1 0 0
    outer loop
      vertex -30 -13 -2.5
      vertex -30 13 2.5
      vertex -30 13 -2.5
    endloop
  endfacet
  facet normal -1 -0 0
    outer loop
      vertex -30 13 2.5
      vertex -30 -13 -2.5
      vertex -30 -13 2.5
    endloop
  endfacet
  facet normal 0.514084 -0.85774 0
    outer loop
      vertex 27.8856 -16.5277 -2.5
      vertex 28.2223 -16.3259 2.5
      vertex 27.8856 -16.5277 2.5
    endloop
  endfacet
  facet normal 0.514084 -0.85774 0
    outer loop
      vertex 28.2223 -16.3259 2.5
      vertex 27.8856 -16.5277 -2.5
      vertex 28.2223 -16.3259 -2.5
    endloop
  endfacet
  facet normal -0.998791 -0.0491626 0
    outer loop
      vertex -29.9807 -13.3921 -2.5
      vertex -30 -13 2.5
      vertex -30 -13 -2.5
    endloop
  endfacet
  facet normal -0.998791 -0.0491626 0
    outer loop
      vertex -30 -13 2.5
      vertex -29.9807 -13.3921 -2.5
      vertex -29.9807 -13.3921 2.5
    endloop
  endfacet
  facet normal -0.998791 0.0491626 0
    outer loop
      vertex -30 13 -2.5
      vertex -29.9807 13.3921 2.5
      vertex -29.9807 13.3921 -2.5
    endloop
  endfacet
  facet normal -0.998791 0.0491626 0
    outer loop
      vertex -29.9807 13.3921 2.5
      vertex -30 13 -2.5
      vertex -30 13 2.5
    endloop
  endfacet
  facet normal -0.0491626 0.998791 0
    outer loop
      vertex -26 17 -2.5
      vertex -26.3921 16.9807 2.5
      vertex -26 17 2.5
    endloop
  endfacet
  facet normal -0.0491626 0.998791 0
    outer loop
      vertex -26.3921 16.9807 2.5
      vertex -26 17 -2.5
      vertex -26.3921 16.9807 -2.5
    endloop
  endfacet
  facet normal 0 1 -0
    outer loop
      vertex 26 17 -2.5
      vertex -26 17 2.5
      vertex 26 17 2.5
    endloop
  endfacet
  facet normal 0 1 0
    outer loop
      vertex -26 17 2.5
      vertex 26 17 -2.5
      vertex -26 17 -2.5
    endloop
  endfacet
  facet normal -0.514084 0.85774 0
    outer loop
      vertex -27.8856 16.5277 -2.5
      vertex -28.2223 16.3259 2.5
      vertex -27.8856 16.5277 2.5
    endloop
  endfacet
  facet normal -0.514084 0.85774 0
    outer loop
      vertex -28.2223 16.3259 2.5
      vertex -27.8856 16.5277 -2.5
      vertex -28.2223 16.3259 -2.5
    endloop
  endfacet
  facet normal 0.998791 -0.0491626 0
    outer loop
      vertex 29.9807 -13.3921 2.5
      vertex 30 -13 -2.5
      vertex 30 -13 2.5
    endloop
  endfacet
  facet normal 0.998791 -0.0491626 0
    outer loop
      vertex 30 -13 -2.5
      vertex 29.9807 -13.3921 2.5
      vertex 29.9807 -13.3921 -2.5
    endloop
  endfacet
  facet normal 0 -1 0
    outer loop
      vertex -26 -17 -2.5
      vertex 26 -17 2.5
      vertex -26 -17 2.5
    endloop
  endfacet
  facet normal 0 -1 -0
    outer loop
      vertex 26 -17 2.5
      vertex -26 -17 -2.5
      vertex 26 -17 -2.5
    endloop
  endfacet
  facet normal 0.803137 -0.595794 0
    outer loop
      vertex 29.092 -15.5376 2.5
      vertex 29.3259 -15.2223 -2.5
      vertex 29.3259 -15.2223 2.5
    endloop
  endfacet
  facet normal 0.803137 -0.595794 0
    outer loop
      vertex 29.3259 -15.2223 -2.5
      vertex 29.092 -15.5376 2.5
      vertex 29.092 -15.5376 -2.5
    endloop
  endfacet
  facet normal 0.85774 0.514084 0
    outer loop
      vertex 29.5277 14.8856 2.5
      vertex 29.3259 15.2223 -2.5
      vertex 29.3259 15.2223 2.5
    endloop
  endfacet
  facet normal 0.85774 0.514084 0
    outer loop
      vertex 29.3259 15.2223 -2.5
      vertex 29.5277 14.8856 2.5
      vertex 29.5277 14.8856 -2.5
    endloop
  endfacet
  facet normal 0.0491626 0.998791 -0
    outer loop
      vertex 26.3921 16.9807 -2.5
      vertex 26 17 2.5
      vertex 26.3921 16.9807 2.5
    endloop
  endfacet
  facet normal 0.0491626 0.998791 0
    outer loop
      vertex 26 17 2.5
      vertex 26.3921 16.9807 -2.5
      vertex 26 17 -2.5
    endloop
  endfacet
  facet normal 0 0 1
    outer loop
      vertex -3.69552 1.53073 2.5
      vertex -20.5007 9.19862 2.5
      vertex -3.82776 1.16114 2.5
    endloop
  endfacet
  facet normal 0 0 1
    outer loop
      vertex -4 0 2.5
      vertex -20.3082 -9.83337 2.5
      vertex -20.3 -10 2.5
    endloop
  endfacet
  facet normal -0 0 1
    outer loop
      vertex -20.5865 9.05553 2.5
      vertex -3.82776 1.16114 2.5
      vertex -20.5007 9.19862 2.5
    endloop
  endfacet
  facet normal 0 0 1
    outer loop
      vertex -4 0 2.5
      vertex -20.3327 -9.66835 2.5
      vertex -20.3082 -9.83337 2.5
    endloop
  endfacet
  facet normal 0 0 1
    outer loop
      vertex -3.82776 1.16114 2.5
      vertex -20.5865 9.05553 2.5
      vertex -3.92314 0.780361 2.5
    endloop
  endfacet
  facet normal 0 0 1
    outer loop
      vertex -4 0 2.5
      vertex -20.3732 -9.50652 2.5
      vertex -20.3327 -9.66835 2.5
    endloop
  endfacet
  facet normal -0 0 1
    outer loop
      vertex -20.6859 8.92153 2.5
      vertex -3.92314 0.780361 2.5
      vertex -20.5865 9.05553 2.5
    endloop
  endfacet
  facet normal 0 0 1
    outer loop
      vertex -4 0 2.5
      vertex -20.4294 -9.34944 2.5
      vertex -20.3732 -9.50652 2.5
    endloop
  endfacet
  facet normal -0 0 1
    outer loop
      vertex -20.7979 8.79792 2.5
      vertex -3.92314 0.780361 2.5
      vertex -20.6859 8.92153 2.5
    endloop
  endfacet
  facet normal 0 0 1
    outer loop
      vertex -4 0 2.5
      vertex -20.5007 -9.19862 2.5
      vertex -20.4294 -9.34944 2.5
    endloop
  endfacet
  facet normal 0 0 1
    outer loop
      vertex -3.92314 0.780361 2.5
      vertex -20.7979 8.79792 2.5
      vertex -3.98074 0.392068 2.5
    endloop
  endfacet
  facet normal 0 0 1
    outer loop
      vertex -4 0 2.5
      vertex -20.5865 -9.05553 2.5
      vertex -20.5007 -9.19862 2.5
    endloop
  endfacet
  facet normal -0 0 1
    outer loop
      vertex -20.9215 8.68588 2.5
      vertex -3.98074 0.392068 2.5
      vertex -20.7979 8.79792 2.5
    endloop
  endfacet
  facet normal 0 0 1
    outer loop
      vertex -4 0 2.5
      vertex -20.6859 -8.92153 2.5
      vertex -20.5865 -9.05553 2.5
    endloop
  endfacet
  facet normal 0 0 1
    outer loop
      vertex -3.98074 0.392068 2.5
      vertex -20.9215 8.68588 2.5
      vertex -4 0 2.5
    endloop
  endfacet
  facet normal 0 0 1
    outer loop
      vertex -4 0 2.5
      vertex -20.7979 -8.79792 2.5
      vertex -20.6859 -8.92153 2.5
    endloop
  endfacet
  facet normal 0 0 1
    outer loop
      vertex -20.9215 -8.68588 2.5
      vertex -4 0 2.5
      vertex -20.9215 8.68588 2.5
    endloop
  endfacet
  facet normal 0 0 1
    outer loop
      vertex -4 0 2.5
      vertex -20.9215 -8.68588 2.5
      vertex -20.7979 -8.79792 2.5
    endloop
  endfacet
  facet normal -0 0 1
    outer loop
      vertex -21.0555 8.5865 2.5
      vertex -20.9215 -8.68588 2.5
      vertex -20.9215 8.68588 2.5
    endloop
  endfacet
  facet normal 0 0 1
    outer loop
      vertex -21.0555 8.5865 2.5
      vertex -21.0555 -8.5865 2.5
      vertex -20.9215 -8.68588 2.5
    endloop
  endfacet
  facet normal -0 0 1
    outer loop
      vertex -21.1986 8.50073 2.5
      vertex -21.0555 -8.5865 2.5
      vertex -21.0555 8.5865 2.5
    endloop
  endfacet
  facet normal 0 0 1
    outer loop
      vertex -21.1986 8.50073 2.5
      vertex -21.1986 -8.50073 2.5
      vertex -21.0555 -8.5865 2.5
    endloop
  endfacet
  facet normal -0 0 1
    outer loop
      vertex -21.3494 8.4294 2.5
      vertex -21.1986 -8.50073 2.5
      vertex -21.1986 8.50073 2.5
    endloop
  endfacet
  facet normal 0 0 1
    outer loop
      vertex -21.3494 8.4294 2.5
      vertex -21.3494 -8.4294 2.5
      vertex -21.1986 -8.50073 2.5
    endloop
  endfacet
  facet normal -0 0 1
    outer loop
      vertex -21.5065 8.3732 2.5
      vertex -21.3494 -8.4294 2.5
      vertex -21.3494 8.4294 2.5
    endloop
  endfacet
  facet normal 0 0 1
    outer loop
      vertex -21.5065 8.3732 2.5
      vertex -21.5065 -8.3732 2.5
      vertex -21.3494 -8.4294 2.5
    endloop
  endfacet
  facet normal -0 0 1
    outer loop
      vertex -21.6683 8.33266 2.5
      vertex -21.5065 -8.3732 2.5
      vertex -21.5065 8.3732 2.5
    endloop
  endfacet
  facet normal 0 0 1
    outer loop
      vertex -21.6683 8.33266 2.5
      vertex -21.6683 -8.33266 2.5
      vertex -21.5065 -8.3732 2.5
    endloop
  endfacet
  facet normal -0 0 1
    outer loop
      vertex -21.8334 8.30819 2.5
      vertex -21.6683 -8.33266 2.5
      vertex -21.6683 8.33266 2.5
    endloop
  endfacet
  facet normal 0 0 1
    outer loop
      vertex -21.8334 8.30819 2.5
      vertex -21.8334 -8.30819 2.5
      vertex -21.6683 -8.33266 2.5
    endloop
  endfacet
  facet normal -0 0 1
    outer loop
      vertex -22 8.3 2.5
      vertex -21.8334 -8.30819 2.5
      vertex -21.8334 8.30819 2.5
    endloop
  endfacet
  facet normal 0 0 1
    outer loop
      vertex -22 8.3 2.5
      vertex -22 -8.3 2.5
      vertex -21.8334 -8.30819 2.5
    endloop
  endfacet
  facet normal 0 0 1
    outer loop
      vertex -22.1666 8.30819 2.5
      vertex -22 -8.3 2.5
      vertex -22 8.3 2.5
    endloop
  endfacet
  facet normal 0 0 1
    outer loop
      vertex -22.1666 8.30819 2.5
      vertex -22.1666 -8.30819 2.5
      vertex -22 -8.3 2.5
    endloop
  endfacet
  facet normal 0 0 1
    outer loop
      vertex -22.3317 8.33266 2.5
      vertex -22.1666 -8.30819 2.5
      vertex -22.1666 8.30819 2.5
    endloop
  endfacet
  facet normal 0 0 1
    outer loop
      vertex -22.3317 8.33266 2.5
      vertex -22.3317 -8.33266 2.5
      vertex -22.1666 -8.30819 2.5
    endloop
  endfacet
  facet normal 0 0 1
    outer loop
      vertex -22.4935 8.3732 2.5
      vertex -22.3317 -8.33266 2.5
      vertex -22.3317 8.33266 2.5
    endloop
  endfacet
  facet normal 0 0 1
    outer loop
      vertex -22.4935 8.3732 2.5
      vertex -22.4935 -8.3732 2.5
      vertex -22.3317 -8.33266 2.5
    endloop
  endfacet
  facet normal 0 0 1
    outer loop
      vertex -22.6506 8.4294 2.5
      vertex -22.4935 -8.3732 2.5
      vertex -22.4935 8.3732 2.5
    endloop
  endfacet
  facet normal 0 0 1
    outer loop
      vertex -22.6506 8.4294 2.5
      vertex -22.6506 -8.4294 2.5
      vertex -22.4935 -8.3732 2.5
    endloop
  endfacet
  facet normal 0 0 1
    outer loop
      vertex -22.8014 8.50073 2.5
      vertex -22.6506 -8.4294 2.5
      vertex -22.6506 8.4294 2.5
    endloop
  endfacet
  facet normal 0 0 1
    outer loop
      vertex -22.8014 8.50073 2.5
      vertex -22.8014 -8.50073 2.5
      vertex -22.6506 -8.4294 2.5
    endloop
  endfacet
  facet normal 0 0 1
    outer loop
      vertex -22.9445 8.5865 2.5
      vertex -22.8014 -8.50073 2.5
      vertex -22.8014 8.50073 2.5
    endloop
  endfacet
  facet normal 0 0 1
    outer loop
      vertex -22.9445 8.5865 2.5
      vertex -22.9445 -8.5865 2.5
      vertex -22.8014 -8.50073 2.5
    endloop
  endfacet
  facet normal 0 0 1
    outer loop
      vertex -23.0785 8.68588 2.5
      vertex -22.9445 -8.5865 2.5
      vertex -22.9445 8.5865 2.5
    endloop
  endfacet
  facet normal 0 0 1
    outer loop
      vertex -23.0785 8.68588 2.5
      vertex -23.0785 -8.68588 2.5
      vertex -22.9445 -8.5865 2.5
    endloop
  endfacet
  facet normal 0 0 1
    outer loop
      vertex -23.2021 8.79792 2.5
      vertex -23.0785 -8.68588 2.5
      vertex -23.0785 8.68588 2.5
    endloop
  endfacet
  facet normal 0 0 1
    outer loop
      vertex -23.2021 8.79792 2.5
      vertex -23.2021 -8.79792 2.5
      vertex -23.0785 -8.68588 2.5
    endloop
  endfacet
  facet normal 0 0 1
    outer loop
      vertex -23.3141 8.92153 2.5
      vertex -23.2021 -8.79792 2.5
      vertex -23.2021 8.79792 2.5
    endloop
  endfacet
  facet normal 0 0 1
    outer loop
      vertex -23.3141 8.92153 2.5
      vertex -23.3141 -8.92153 2.5
      vertex -23.2021 -8.79792 2.5
    endloop
  endfacet
  facet normal 0 0 1
    outer loop
      vertex -30 13 2.5
      vertex -23.3141 8.92153 2.5
      vertex -23.4135 9.05553 2.5
    endloop
  endfacet
  facet normal 0 0 1
    outer loop
      vertex -23.3141 8.92153 2.5
      vertex -30 13 2.5
      vertex -23.3141 -8.92153 2.5
    endloop
  endfacet
  facet normal 0 0 1
    outer loop
      vertex -30 13 2.5
      vertex -23.4135 9.05553 2.5
      vertex -23.4993 9.19862 2.5
    endloop
  endfacet
  facet normal 0 0 1
    outer loop
      vertex -30 -13 2.5
      vertex -23.3141 -8.92153 2.5
      vertex -30 13 2.5
    endloop
  endfacet
  facet normal 0 0 1
    outer loop
      vertex -30 13 2.5
      vertex -23.4993 9.19862 2.5
      vertex -23.5706 9.34944 2.5
    endloop
  endfacet
  facet normal 0 0 1
    outer loop
      vertex -23.3141 -8.92153 2.5
      vertex -30 -13 2.5
      vertex -23.4135 -9.05553 2.5
    endloop
  endfacet
  facet normal 0 0 1
    outer loop
      vertex -30 13 2.5
      vertex -23.5706 9.34944 2.5
      vertex -23.6268 9.50652 2.5
    endloop
  endfacet
  facet normal 0 0 1
    outer loop
      vertex -23.4135 -9.05553 2.5
      vertex -30 -13 2.5
      vertex -23.4993 -9.19862 2.5
    endloop
  endfacet
  facet normal 0 0 1
    outer loop
      vertex -30 13 2.5
      vertex -23.6268 9.50652 2.5
      vertex -23.6673 9.66835 2.5
    endloop
  endfacet
  facet normal 0 0 1
    outer loop
      vertex -23.4993 -9.19862 2.5
      vertex -30 -13 2.5
      vertex -23.5706 -9.34944 2.5
    endloop
  endfacet
  facet normal 0 0 1
    outer loop
      vertex -30 13 2.5
      vertex -23.6673 9.66835 2.5
      vertex -23.6918 9.83337 2.5
    endloop
  endfacet
  facet normal 0 0 1
    outer loop
      vertex -23.5706 -9.34944 2.5
      vertex -30 -13 2.5
      vertex -23.6268 -9.50652 2.5
    endloop
  endfacet
  facet normal 0 0 1
    outer loop
      vertex -30 13 2.5
      vertex -23.6918 9.83337 2.5
      vertex -23.7 10 2.5
    endloop
  endfacet
  facet normal 0 0 1
    outer loop
      vertex -23.6268 -9.50652 2.5
      vertex -30 -13 2.5
      vertex -23.6673 -9.66835 2.5
    endloop
  endfacet
  facet normal 0 0 1
    outer loop
      vertex 23.6268 9.50652 2.5
      vertex 30 13 2.5
      vertex 23.6673 9.66835 2.5
    endloop
  endfacet
  facet normal 0 0 1
    outer loop
      vertex 30 -13 2.5
      vertex 23.6918 -9.83337 2.5
      vertex 23.7 -10 2.5
    endloop
  endfacet
  facet normal 0 0 1
    outer loop
      vertex 23.5706 9.34944 2.5
      vertex 30 13 2.5
      vertex 23.6268 9.50652 2.5
    endloop
  endfacet
  facet normal 0 0 1
    outer loop
      vertex 30 -13 2.5
      vertex 23.6673 -9.66835 2.5
      vertex 23.6918 -9.83337 2.5
    endloop
  endfacet
  facet normal 0 0 1
    outer loop
      vertex 23.4993 9.19862 2.5
      vertex 30 13 2.5
      vertex 23.5706 9.34944 2.5
    endloop
  endfacet
  facet normal 0 0 1
    outer loop
      vertex 30 -13 2.5
      vertex 23.6268 -9.50652 2.5
      vertex 23.6673 -9.66835 2.5
    endloop
  endfacet
  facet normal 0 0 1
    outer loop
      vertex 23.4135 9.05553 2.5
      vertex 30 13 2.5
      vertex 23.4993 9.19862 2.5
    endloop
  endfacet
  facet normal 0 0 1
    outer loop
      vertex 30 -13 2.5
      vertex 23.5706 -9.34944 2.5
      vertex 23.6268 -9.50652 2.5
    endloop
  endfacet
  facet normal 0 0 1
    outer loop
      vertex 23.3141 8.92153 2.5
      vertex 30 13 2.5
      vertex 23.4135 9.05553 2.5
    endloop
  endfacet
  facet normal 0 0 1
    outer loop
      vertex 30 -13 2.5
      vertex 23.4993 -9.19862 2.5
      vertex 23.5706 -9.34944 2.5
    endloop
  endfacet
  facet normal 0 0 1
    outer loop
      vertex 30 13 2.5
      vertex 23.3141 8.92153 2.5
      vertex 30 -13 2.5
    endloop
  endfacet
  facet normal 0 0 1
    outer loop
      vertex 30 -13 2.5
      vertex 23.4135 -9.05553 2.5
      vertex 23.4993 -9.19862 2.5
    endloop
  endfacet
  facet normal -0 0 1
    outer loop
      vertex 23.3141 -8.92153 2.5
      vertex 30 -13 2.5
      vertex 23.3141 8.92153 2.5
    endloop
  endfacet
  facet normal 0 0 1
    outer loop
      vertex 30 -13 2.5
      vertex 23.3141 -8.92153 2.5
      vertex 23.4135 -9.05553 2.5
    endloop
  endfacet
  facet normal -0 0 1
    outer loop
      vertex 23.2021 8.79792 2.5
      vertex 23.3141 -8.92153 2.5
      vertex 23.3141 8.92153 2.5
    endloop
  endfacet
  facet normal 0 0 1
    outer loop
      vertex 23.2021 8.79792 2.5
      vertex 23.2021 -8.79792 2.5
      vertex 23.3141 -8.92153 2.5
    endloop
  endfacet
  facet normal -0 0 1
    outer loop
      vertex 23.0785 8.68588 2.5
      vertex 23.2021 -8.79792 2.5
      vertex 23.2021 8.79792 2.5
    endloop
  endfacet
  facet normal 0 0 1
    outer loop
      vertex 23.0785 8.68588 2.5
      vertex 23.0785 -8.68588 2.5
      vertex 23.2021 -8.79792 2.5
    endloop
  endfacet
  facet normal -0 0 1
    outer loop
      vertex 22.9445 8.5865 2.5
      vertex 23.0785 -8.68588 2.5
      vertex 23.0785 8.68588 2.5
    endloop
  endfacet
  facet normal 0 0 1
    outer loop
      vertex 22.9445 8.5865 2.5
      vertex 22.9445 -8.5865 2.5
      vertex 23.0785 -8.68588 2.5
    endloop
  endfacet
  facet normal -0 0 1
    outer loop
      vertex 22.8014 8.50073 2.5
      vertex 22.9445 -8.5865 2.5
      vertex 22.9445 8.5865 2.5
    endloop
  endfacet
  facet normal 0 0 1
    outer loop
      vertex 22.8014 8.50073 2.5
      vertex 22.8014 -8.50073 2.5
      vertex 22.9445 -8.5865 2.5
    endloop
  endfacet
  facet normal -0 0 1
    outer loop
      vertex 22.6506 8.4294 2.5
      vertex 22.8014 -8.50073 2.5
      vertex 22.8014 8.50073 2.5
    endloop
  endfacet
  facet normal 0 0 1
    outer loop
      vertex 22.6506 8.4294 2.5
      vertex 22.6506 -8.4294 2.5
      vertex 22.8014 -8.50073 2.5
    endloop
  endfacet
  facet normal -0 0 1
    outer loop
      vertex 22.4935 8.3732 2.5
      vertex 22.6506 -8.4294 2.5
      vertex 22.6506 8.4294 2.5
    endloop
  endfacet
  facet normal 0 0 1
    outer loop
      vertex 22.4935 8.3732 2.5
      vertex 22.4935 -8.3732 2.5
      vertex 22.6506 -8.4294 2.5
    endloop
  endfacet
  facet normal -0 0 1
    outer loop
      vertex 22.3317 8.33266 2.5
      vertex 22.4935 -8.3732 2.5
      vertex 22.4935 8.3732 2.5
    endloop
  endfacet
  facet normal 0 0 1
    outer loop
      vertex 22.3317 8.33266 2.5
      vertex 22.3317 -8.33266 2.5
      vertex 22.4935 -8.3732 2.5
    endloop
  endfacet
  facet normal -0 0 1
    outer loop
      vertex 22.1666 8.30819 2.5
      vertex 22.3317 -8.33266 2.5
      vertex 22.3317 8.33266 2.5
    endloop
  endfacet
  facet normal 0 0 1
    outer loop
      vertex 22.1666 8.30819 2.5
      vertex 22.1666 -8.30819 2.5
      vertex 22.3317 -8.33266 2.5
    endloop
  endfacet
  facet normal -0 0 1
    outer loop
      vertex 22 8.3 2.5
      vertex 22.1666 -8.30819 2.5
      vertex 22.1666 8.30819 2.5
    endloop
  endfacet
  facet normal 0 0 1
    outer loop
      vertex 22 8.3 2.5
      vertex 22 -8.3 2.5
      vertex 22.1666 -8.30819 2.5
    endloop
  endfacet
  facet normal 0 0 1
    outer loop
      vertex 21.8334 8.30819 2.5
      vertex 22 -8.3 2.5
      vertex 22 8.3 2.5
    endloop
  endfacet
  facet normal 0 0 1
    outer loop
      vertex 21.8334 8.30819 2.5
      vertex 21.8334 -8.30819 2.5
      vertex 22 -8.3 2.5
    endloop
  endfacet
  facet normal 0 0 1
    outer loop
      vertex 21.6683 8.33266 2.5
      vertex 21.8334 -8.30819 2.5
      vertex 21.8334 8.30819 2.5
    endloop
  endfacet
  facet normal 0 0 1
    outer loop
      vertex 21.6683 8.33266 2.5
      vertex 21.6683 -8.33266 2.5
      vertex 21.8334 -8.30819 2.5
    endloop
  endfacet
  facet normal 0 0 1
    outer loop
      vertex 21.5065 8.3732 2.5
      vertex 21.6683 -8.33266 2.5
      vertex 21.6683 8.33266 2.5
    endloop
  endfacet
  facet normal 0 0 1
    outer loop
      vertex 21.5065 8.3732 2.5
      vertex 21.5065 -8.3732 2.5
      vertex 21.6683 -8.33266 2.5
    endloop
  endfacet
  facet normal 0 0 1
    outer loop
      vertex 21.3494 8.4294 2.5
      vertex 21.5065 -8.3732 2.5
      vertex 21.5065 8.3732 2.5
    endloop
  endfacet
  facet normal 0 0 1
    outer loop
      vertex 21.3494 8.4294 2.5
      vertex 21.3494 -8.4294 2.5
      vertex 21.5065 -8.3732 2.5
    endloop
  endfacet
  facet normal 0 0 1
    outer loop
      vertex 21.1986 8.50073 2.5
      vertex 21.3494 -8.4294 2.5
      vertex 21.3494 8.4294 2.5
    endloop
  endfacet
  facet normal 0 0 1
    outer loop
      vertex 21.1986 8.50073 2.5
      vertex 21.1986 -8.50073 2.5
      vertex 21.3494 -8.4294 2.5
    endloop
  endfacet
  facet normal 0 0 1
    outer loop
      vertex 21.0555 8.5865 2.5
      vertex 21.1986 -8.50073 2.5
      vertex 21.1986 8.50073 2.5
    endloop
  endfacet
  facet normal 0 0 1
    outer loop
      vertex 21.0555 8.5865 2.5
      vertex 21.0555 -8.5865 2.5
      vertex 21.1986 -8.50073 2.5
    endloop
  endfacet
  facet normal 0 0 1
    outer loop
      vertex 20.9215 8.68588 2.5
      vertex 21.0555 -8.5865 2.5
      vertex 21.0555 8.5865 2.5
    endloop
  endfacet
  facet normal 0 0 1
    outer loop
      vertex 20.9215 8.68588 2.5
      vertex 20.9215 -8.68588 2.5
      vertex 21.0555 -8.5865 2.5
    endloop
  endfacet
  facet normal 0 0 1
    outer loop
      vertex 3.98074 0.392068 2.5
      vertex 20.9215 8.68588 2.5
      vertex 20.7979 8.79792 2.5
    endloop
  endfacet
  facet normal 0 0 1
    outer loop
      vertex 20.9215 8.68588 2.5
      vertex 4 0 2.5
      vertex 20.9215 -8.68588 2.5
    endloop
  endfacet
  facet normal 0 0 1
    outer loop
      vertex 3.92314 0.780361 2.5
      vertex 20.7979 8.79792 2.5
      vertex 20.6859 8.92153 2.5
    endloop
  endfacet
  facet normal -0 0 1
    outer loop
      vertex 3.98074 -0.392068 2.5
      vertex 20.9215 -8.68588 2.5
      vertex 4 0 2.5
    endloop
  endfacet
  facet normal 0 0 1
    outer loop
      vertex 3.92314 0.780361 2.5
      vertex 20.6859 8.92153 2.5
      vertex 20.5865 9.05553 2.5
    endloop
  endfacet
  facet normal 0 0 1
    outer loop
      vertex 20.9215 -8.68588 2.5
      vertex 3.98074 -0.392068 2.5
      vertex 20.7979 -8.79792 2.5
    endloop
  endfacet
  facet normal 0 0 1
    outer loop
      vertex 3.82776 1.16114 2.5
      vertex 20.5865 9.05553 2.5
      vertex 20.5007 9.19862 2.5
    endloop
  endfacet
  facet normal -0 0 1
    outer loop
      vertex 3.92314 -0.780361 2.5
      vertex 20.7979 -8.79792 2.5
      vertex 3.98074 -0.392068 2.5
    endloop
  endfacet
  facet normal 0 0 1
    outer loop
      vertex 3.69552 1.53073 2.5
      vertex 20.5007 9.19862 2.5
      vertex 20.4294 9.34944 2.5
    endloop
  endfacet
  facet normal 0 0 1
    outer loop
      vertex 20.7979 -8.79792 2.5
      vertex 3.92314 -0.780361 2.5
      vertex 20.6859 -8.92153 2.5
    endloop
  endfacet
  facet normal 0 0 1
    outer loop
      vertex 3.52768 1.88559 2.5
      vertex 20.4294 9.34944 2.5
      vertex 20.3732 9.50652 2.5
    endloop
  endfacet
  facet normal 0 0 1
    outer loop
      vertex 20.6859 -8.92153 2.5
      vertex 3.92314 -0.780361 2.5
      vertex 20.5865 -9.05553 2.5
    endloop
  endfacet
  facet normal 0 0 1
    outer loop
      vertex 3.32588 2.22228 2.5
      vertex 20.3732 9.50652 2.5
      vertex 20.3327 9.66835 2.5
    endloop
  endfacet
  facet normal -0 0 1
    outer loop
      vertex 3.82776 -1.16114 2.5
      vertex 20.5865 -9.05553 2.5
      vertex 3.92314 -0.780361 2.5
    endloop
  endfacet
  facet normal 0 0 1
    outer loop
      vertex 3.09204 2.53757 2.5
      vertex 20.3327 9.66835 2.5
      vertex 20.3082 9.83337 2.5
    endloop
  endfacet
  facet normal 0 0 1
    outer loop
      vertex 20.5865 -9.05553 2.5
      vertex 3.82776 -1.16114 2.5
      vertex 20.5007 -9.19862 2.5
    endloop
  endfacet
  facet normal 0 0 1
    outer loop
      vertex 3.09204 2.53757 2.5
      vertex 20.3082 9.83337 2.5
      vertex 20.3 10 2.5
    endloop
  endfacet
  facet normal -0 0 1
    outer loop
      vertex 3.69552 -1.53073 2.5
      vertex 20.5007 -9.19862 2.5
      vertex 3.82776 -1.16114 2.5
    endloop
  endfacet
  facet normal 0 0 1
    outer loop
      vertex 23.4135 10.9445 2.5
      vertex 30 13 2.5
      vertex 29.9807 13.3921 2.5
    endloop
  endfacet
  facet normal 0 0 1
    outer loop
      vertex 23.6918 9.83337 2.5
      vertex 30 13 2.5
      vertex 23.7 10 2.5
    endloop
  endfacet
  facet normal 0 0 1
    outer loop
      vertex 23.4135 10.9445 2.5
      vertex 29.9807 13.3921 2.5
      vertex 29.9231 13.7803 2.5
    endloop
  endfacet
  facet normal 0 0 1
    outer loop
      vertex 23.6673 9.66835 2.5
      vertex 30 13 2.5
      vertex 23.6918 9.83337 2.5
    endloop
  endfacet
  facet normal 0 0 1
    outer loop
      vertex 23.4135 10.9445 2.5
      vertex 29.9231 13.7803 2.5
      vertex 29.8278 14.1611 2.5
    endloop
  endfacet
  facet normal -0 0 1
    outer loop
      vertex 23.6918 -10.1666 2.5
      vertex 30 -13 2.5
      vertex 23.7 -10 2.5
    endloop
  endfacet
  facet normal 0 0 1
    outer loop
      vertex 23.4135 10.9445 2.5
      vertex 29.8278 14.1611 2.5
      vertex 29.6955 14.5307 2.5
    endloop
  endfacet
  facet normal -0 0 1
    outer loop
      vertex 23.6673 -10.3317 2.5
      vertex 30 -13 2.5
      vertex 23.6918 -10.1666 2.5
    endloop
  endfacet
  facet normal 0 0 1
    outer loop
      vertex 23.4135 10.9445 2.5
      vertex 29.6955 14.5307 2.5
      vertex 29.5277 14.8856 2.5
    endloop
  endfacet
  facet normal -0 0 1
    outer loop
      vertex 23.6268 -10.4935 2.5
      vertex 30 -13 2.5
      vertex 23.6673 -10.3317 2.5
    endloop
  endfacet
  facet normal 0 0 1
    outer loop
      vertex 23.4135 10.9445 2.5
      vertex 29.5277 14.8856 2.5
      vertex 29.3259 15.2223 2.5
    endloop
  endfacet
  facet normal -0 0 1
    outer loop
      vertex 23.5706 -10.6506 2.5
      vertex 30 -13 2.5
      vertex 23.6268 -10.4935 2.5
    endloop
  endfacet
  facet normal 0 0 1
    outer loop
      vertex 23.4135 10.9445 2.5
      vertex 29.3259 15.2223 2.5
      vertex 29.092 15.5376 2.5
    endloop
  endfacet
  facet normal -0 0 1
    outer loop
      vertex 23.4993 -10.8014 2.5
      vertex 30 -13 2.5
      vertex 23.5706 -10.6506 2.5
    endloop
  endfacet
  facet normal 0 0 1
    outer loop
      vertex 23.3141 11.0785 2.5
      vertex 29.092 15.5376 2.5
      vertex 28.8284 15.8284 2.5
    endloop
  endfacet
  facet normal -0 0 1
    outer loop
      vertex 23.4135 -10.9445 2.5
      vertex 30 -13 2.5
      vertex 23.4993 -10.8014 2.5
    endloop
  endfacet
  facet normal 0 0 1
    outer loop
      vertex 23.3141 11.0785 2.5
      vertex 28.8284 15.8284 2.5
      vertex 28.5376 16.092 2.5
    endloop
  endfacet
  facet normal 0 0 1
    outer loop
      vertex 30 -13 2.5
      vertex 23.4135 -10.9445 2.5
      vertex 29.9807 -13.3921 2.5
    endloop
  endfacet
  facet normal 0 0 1
    outer loop
      vertex 23.3141 11.0785 2.5
      vertex 28.5376 16.092 2.5
      vertex 28.2223 16.3259 2.5
    endloop
  endfacet
  facet normal 0 0 1
    outer loop
      vertex 29.9807 -13.3921 2.5
      vertex 23.4135 -10.9445 2.5
      vertex 29.9231 -13.7803 2.5
    endloop
  endfacet
  facet normal 0 0 1
    outer loop
      vertex 23.3141 11.0785 2.5
      vertex 28.2223 16.3259 2.5
      vertex 27.8856 16.5277 2.5
    endloop
  endfacet
  facet normal 0 0 1
    outer loop
      vertex 29.9231 -13.7803 2.5
      vertex 23.4135 -10.9445 2.5
      vertex 29.8278 -14.1611 2.5
    endloop
  endfacet
  facet normal 0 0 1
    outer loop
      vertex 23.3141 11.0785 2.5
      vertex 27.8856 16.5277 2.5
      vertex 27.5307 16.6955 2.5
    endloop
  endfacet
  facet normal 0 0 1
    outer loop
      vertex 29.8278 -14.1611 2.5
      vertex 23.4135 -10.9445 2.5
      vertex 29.6955 -14.5307 2.5
    endloop
  endfacet
  facet normal 0 0 1
    outer loop
      vertex 23.3141 11.0785 2.5
      vertex 27.5307 16.6955 2.5
      vertex 27.1611 16.8278 2.5
    endloop
  endfacet
  facet normal 0 0 1
    outer loop
      vertex 29.6955 -14.5307 2.5
      vertex 23.4135 -10.9445 2.5
      vertex 29.5277 -14.8856 2.5
    endloop
  endfacet
  facet normal 0 0 1
    outer loop
      vertex 23.3141 11.0785 2.5
      vertex 27.1611 16.8278 2.5
      vertex 26.7803 16.9231 2.5
    endloop
  endfacet
  facet normal 0 0 1
    outer loop
      vertex 29.5277 -14.8856 2.5
      vertex 23.4135 -10.9445 2.5
      vertex 29.3259 -15.2223 2.5
    endloop
  endfacet
  facet normal 0 0 1
    outer loop
      vertex 23.3141 11.0785 2.5
      vertex 26.7803 16.9231 2.5
      vertex 26.3921 16.9807 2.5
    endloop
  endfacet
  facet normal 0 0 1
    outer loop
      vertex 29.3259 -15.2223 2.5
      vertex 23.4135 -10.9445 2.5
      vertex 29.092 -15.5376 2.5
    endloop
  endfacet
  facet normal 0 0 1
    outer loop
      vertex 23.3141 11.0785 2.5
      vertex 26.3921 16.9807 2.5
      vertex 26 17 2.5
    endloop
  endfacet
  facet normal -0 0 1
    outer loop
      vertex 23.3141 -11.0785 2.5
      vertex 29.092 -15.5376 2.5
      vertex 23.4135 -10.9445 2.5
    endloop
  endfacet
  facet normal 0 0 1
    outer loop
      vertex 29.092 -15.5376 2.5
      vertex 23.3141 -11.0785 2.5
      vertex 28.8284 -15.8284 2.5
    endloop
  endfacet
  facet normal 0 0 1
    outer loop
      vertex 30 13 2.5
      vertex 23.6918 10.1666 2.5
      vertex 23.7 10 2.5
    endloop
  endfacet
  facet normal 0 0 1
    outer loop
      vertex 30 13 2.5
      vertex 23.6673 10.3317 2.5
      vertex 23.6918 10.1666 2.5
    endloop
  endfacet
  facet normal 0 0 1
    outer loop
      vertex 30 13 2.5
      vertex 23.6268 10.4935 2.5
      vertex 23.6673 10.3317 2.5
    endloop
  endfacet
  facet normal 0 0 1
    outer loop
      vertex 30 13 2.5
      vertex 23.5706 10.6506 2.5
      vertex 23.6268 10.4935 2.5
    endloop
  endfacet
  facet normal 0 0 1
    outer loop
      vertex 30 13 2.5
      vertex 23.4993 10.8014 2.5
      vertex 23.5706 10.6506 2.5
    endloop
  endfacet
  facet normal 0 0 1
    outer loop
      vertex 30 13 2.5
      vertex 23.4135 10.9445 2.5
      vertex 23.4993 10.8014 2.5
    endloop
  endfacet
  facet normal 0 0 1
    outer loop
      vertex 29.092 15.5376 2.5
      vertex 23.3141 11.0785 2.5
      vertex 23.4135 10.9445 2.5
    endloop
  endfacet
  facet normal 0 0 1
    outer loop
      vertex 26 17 2.5
      vertex 23.2021 11.2021 2.5
      vertex 23.3141 11.0785 2.5
    endloop
  endfacet
  facet normal 0 0 1
    outer loop
      vertex 26 17 2.5
      vertex 23.0785 11.3141 2.5
      vertex 23.2021 11.2021 2.5
    endloop
  endfacet
  facet normal 0 0 1
    outer loop
      vertex 26 17 2.5
      vertex 22.9445 11.4135 2.5
      vertex 23.0785 11.3141 2.5
    endloop
  endfacet
  facet normal 0 0 1
    outer loop
      vertex 26 17 2.5
      vertex 22.8014 11.4993 2.5
      vertex 22.9445 11.4135 2.5
    endloop
  endfacet
  facet normal 0 0 1
    outer loop
      vertex 26 17 2.5
      vertex 22.6506 11.5706 2.5
      vertex 22.8014 11.4993 2.5
    endloop
  endfacet
  facet normal 0 0 1
    outer loop
      vertex 26 17 2.5
      vertex 22.4935 11.6268 2.5
      vertex 22.6506 11.5706 2.5
    endloop
  endfacet
  facet normal 0 0 1
    outer loop
      vertex 26 17 2.5
      vertex 22.3317 11.6673 2.5
      vertex 22.4935 11.6268 2.5
    endloop
  endfacet
  facet normal 0 0 1
    outer loop
      vertex 26 17 2.5
      vertex 22.1666 11.6918 2.5
      vertex 22.3317 11.6673 2.5
    endloop
  endfacet
  facet normal 0 0 1
    outer loop
      vertex 26 17 2.5
      vertex 22 11.7 2.5
      vertex 22.1666 11.6918 2.5
    endloop
  endfacet
  facet normal 0 0 1
    outer loop
      vertex 26 17 2.5
      vertex 21.8334 11.6918 2.5
      vertex 22 11.7 2.5
    endloop
  endfacet
  facet normal 0 0 1
    outer loop
      vertex 26 17 2.5
      vertex 21.6683 11.6673 2.5
      vertex 21.8334 11.6918 2.5
    endloop
  endfacet
  facet normal 0 0 1
    outer loop
      vertex 26 17 2.5
      vertex 21.5065 11.6268 2.5
      vertex 21.6683 11.6673 2.5
    endloop
  endfacet
  facet normal 0 0 1
    outer loop
      vertex 26 17 2.5
      vertex 21.3494 11.5706 2.5
      vertex 21.5065 11.6268 2.5
    endloop
  endfacet
  facet normal 0 0 1
    outer loop
      vertex 26 17 2.5
      vertex 21.1986 11.4993 2.5
      vertex 21.3494 11.5706 2.5
    endloop
  endfacet
  facet normal 0 0 1
    outer loop
      vertex 26 17 2.5
      vertex 21.0555 11.4135 2.5
      vertex 21.1986 11.4993 2.5
    endloop
  endfacet
  facet normal 0 0 1
    outer loop
      vertex 26 17 2.5
      vertex 20.9215 11.3141 2.5
      vertex 21.0555 11.4135 2.5
    endloop
  endfacet
  facet normal 0 0 1
    outer loop
      vertex 0 4 2.5
      vertex 20.9215 11.3141 2.5
      vertex 26 17 2.5
    endloop
  endfacet
  facet normal 0 -0 1
    outer loop
      vertex 0.392068 3.98074 2.5
      vertex 20.9215 11.3141 2.5
      vertex 0 4 2.5
    endloop
  endfacet
  facet normal 0 0 1
    outer loop
      vertex 20.5007 -9.19862 2.5
      vertex 3.69552 -1.53073 2.5
      vertex 20.4294 -9.34944 2.5
    endloop
  endfacet
  facet normal 0 0 1
    outer loop
      vertex 2.82843 2.82843 2.5
      vertex 20.3 10 2.5
      vertex 20.3082 10.1666 2.5
    endloop
  endfacet
  facet normal 0 0 1
    outer loop
      vertex 2.53757 3.09204 2.5
      vertex 20.3082 10.1666 2.5
      vertex 20.3327 10.3317 2.5
    endloop
  endfacet
  facet normal 0 0 1
    outer loop
      vertex 2.22228 3.32588 2.5
      vertex 20.3327 10.3317 2.5
      vertex 20.3732 10.4935 2.5
    endloop
  endfacet
  facet normal 0 0 1
    outer loop
      vertex 1.88559 3.52768 2.5
      vertex 20.3732 10.4935 2.5
      vertex 20.4294 10.6506 2.5
    endloop
  endfacet
  facet normal 0 0 1
    outer loop
      vertex 1.53073 3.69552 2.5
      vertex 20.4294 10.6506 2.5
      vertex 20.5007 10.8014 2.5
    endloop
  endfacet
  facet normal 0 0 1
    outer loop
      vertex 1.16114 3.82776 2.5
      vertex 20.5007 10.8014 2.5
      vertex 20.5865 10.9445 2.5
    endloop
  endfacet
  facet normal 0 0 1
    outer loop
      vertex 1.16114 3.82776 2.5
      vertex 20.5865 10.9445 2.5
      vertex 20.6859 11.0785 2.5
    endloop
  endfacet
  facet normal 0 0 1
    outer loop
      vertex 20.7979 11.2021 2.5
      vertex 0.392068 3.98074 2.5
      vertex 20.6859 11.0785 2.5
    endloop
  endfacet
  facet normal 0 0 1
    outer loop
      vertex 20.9215 8.68588 2.5
      vertex 3.98074 0.392068 2.5
      vertex 4 0 2.5
    endloop
  endfacet
  facet normal 0 0 1
    outer loop
      vertex 20.7979 8.79792 2.5
      vertex 3.92314 0.780361 2.5
      vertex 3.98074 0.392068 2.5
    endloop
  endfacet
  facet normal 0 0 1
    outer loop
      vertex 20.5865 9.05553 2.5
      vertex 3.82776 1.16114 2.5
      vertex 3.92314 0.780361 2.5
    endloop
  endfacet
  facet normal 0 0 1
    outer loop
      vertex 20.5007 9.19862 2.5
      vertex 3.69552 1.53073 2.5
      vertex 3.82776 1.16114 2.5
    endloop
  endfacet
  facet normal 0 0 1
    outer loop
      vertex 20.4294 9.34944 2.5
      vertex 3.52768 1.88559 2.5
      vertex 3.69552 1.53073 2.5
    endloop
  endfacet
  facet normal 0 0 1
    outer loop
      vertex 20.3732 9.50652 2.5
      vertex 3.32588 2.22228 2.5
      vertex 3.52768 1.88559 2.5
    endloop
  endfacet
  facet normal 0 0 1
    outer loop
      vertex 20.3327 9.66835 2.5
      vertex 3.09204 2.53757 2.5
      vertex 3.32588 2.22228 2.5
    endloop
  endfacet
  facet normal 0 0 1
    outer loop
      vertex 20.3 10 2.5
      vertex 2.82843 2.82843 2.5
      vertex 3.09204 2.53757 2.5
    endloop
  endfacet
  facet normal 0 0 1
    outer loop
      vertex 20.3082 10.1666 2.5
      vertex 2.53757 3.09204 2.5
      vertex 2.82843 2.82843 2.5
    endloop
  endfacet
  facet normal 0 0 1
    outer loop
      vertex 20.3327 10.3317 2.5
      vertex 2.22228 3.32588 2.5
      vertex 2.53757 3.09204 2.5
    endloop
  endfacet
  facet normal 0 0 1
    outer loop
      vertex 20.3732 10.4935 2.5
      vertex 1.88559 3.52768 2.5
      vertex 2.22228 3.32588 2.5
    endloop
  endfacet
  facet normal 0 0 1
    outer loop
      vertex 20.4294 10.6506 2.5
      vertex 1.53073 3.69552 2.5
      vertex 1.88559 3.52768 2.5
    endloop
  endfacet
  facet normal 0 0 1
    outer loop
      vertex 20.5007 10.8014 2.5
      vertex 1.16114 3.82776 2.5
      vertex 1.53073 3.69552 2.5
    endloop
  endfacet
  facet normal 0 0 1
    outer loop
      vertex 20.6859 11.0785 2.5
      vertex 0.780361 3.92314 2.5
      vertex 1.16114 3.82776 2.5
    endloop
  endfacet
  facet normal 0 0 1
    outer loop
      vertex 20.6859 11.0785 2.5
      vertex 0.392068 3.98074 2.5
      vertex 0.780361 3.92314 2.5
    endloop
  endfacet
  facet normal 0 0 1
    outer loop
      vertex 20.9215 11.3141 2.5
      vertex 0.392068 3.98074 2.5
      vertex 20.7979 11.2021 2.5
    endloop
  endfacet
  facet normal -0 0 1
    outer loop
      vertex -26 17 2.5
      vertex 0 4 2.5
      vertex 26 17 2.5
    endloop
  endfacet
  facet normal -0 -0 1
    outer loop
      vertex -20.9215 11.3141 2.5
      vertex 0 4 2.5
      vertex -26 17 2.5
    endloop
  endfacet
  facet normal 0 0 1
    outer loop
      vertex 0 4 2.5
      vertex -20.9215 11.3141 2.5
      vertex -0.392068 3.98074 2.5
    endloop
  endfacet
  facet normal -0 -0 1
    outer loop
      vertex -20.7979 11.2021 2.5
      vertex -0.392068 3.98074 2.5
      vertex -20.9215 11.3141 2.5
    endloop
  endfacet
  facet normal 0 0 1
    outer loop
      vertex -0.392068 3.98074 2.5
      vertex -20.7979 11.2021 2.5
      vertex -0.780361 3.92314 2.5
    endloop
  endfacet
  facet normal 0 0 1
    outer loop
      vertex -3.52768 1.88559 2.5
      vertex -20.4294 9.34944 2.5
      vertex -3.69552 1.53073 2.5
    endloop
  endfacet
  facet normal -0 0 1
    outer loop
      vertex -20.4294 9.34944 2.5
      vertex -3.52768 1.88559 2.5
      vertex -20.3732 9.50652 2.5
    endloop
  endfacet
  facet normal 0 0 1
    outer loop
      vertex -3.32588 2.22228 2.5
      vertex -20.3732 9.50652 2.5
      vertex -3.52768 1.88559 2.5
    endloop
  endfacet
  facet normal -0 0 1
    outer loop
      vertex -20.3732 9.50652 2.5
      vertex -3.32588 2.22228 2.5
      vertex -20.3327 9.66835 2.5
    endloop
  endfacet
  facet normal 0 0 1
    outer loop
      vertex -3.09204 2.53757 2.5
      vertex -20.3327 9.66835 2.5
      vertex -3.32588 2.22228 2.5
    endloop
  endfacet
  facet normal -0 0 1
    outer loop
      vertex -20.3327 9.66835 2.5
      vertex -3.09204 2.53757 2.5
      vertex -20.3082 9.83337 2.5
    endloop
  endfacet
  facet normal -0 0 1
    outer loop
      vertex -20.3082 9.83337 2.5
      vertex -3.09204 2.53757 2.5
      vertex -20.3 10 2.5
    endloop
  endfacet
  facet normal 0 0 1
    outer loop
      vertex -2.82843 2.82843 2.5
      vertex -20.3 10 2.5
      vertex -3.09204 2.53757 2.5
    endloop
  endfacet
  facet normal 0 0 1
    outer loop
      vertex -20.3082 10.1666 2.5
      vertex -2.82843 2.82843 2.5
      vertex -2.53757 3.09204 2.5
    endloop
  endfacet
  facet normal 0 0 1
    outer loop
      vertex -20.3327 10.3317 2.5
      vertex -2.53757 3.09204 2.5
      vertex -2.22228 3.32588 2.5
    endloop
  endfacet
  facet normal 0 0 1
    outer loop
      vertex -20.3732 10.4935 2.5
      vertex -2.22228 3.32588 2.5
      vertex -1.88559 3.52768 2.5
    endloop
  endfacet
  facet normal 0 0 1
    outer loop
      vertex -0.780361 3.92314 2.5
      vertex -20.6859 11.0785 2.5
      vertex -1.16114 3.82776 2.5
    endloop
  endfacet
  facet normal 0 0 1
    outer loop
      vertex -2.82843 2.82843 2.5
      vertex -20.3082 10.1666 2.5
      vertex -20.3 10 2.5
    endloop
  endfacet
  facet normal 0 0 1
    outer loop
      vertex -2.53757 3.09204 2.5
      vertex -20.3327 10.3317 2.5
      vertex -20.3082 10.1666 2.5
    endloop
  endfacet
  facet normal 0 0 1
    outer loop
      vertex -2.22228 3.32588 2.5
      vertex -20.3732 10.4935 2.5
      vertex -20.3327 10.3317 2.5
    endloop
  endfacet
  facet normal 0 0 1
    outer loop
      vertex -1.88559 3.52768 2.5
      vertex -20.4294 10.6506 2.5
      vertex -20.3732 10.4935 2.5
    endloop
  endfacet
  facet normal 0 0 1
    outer loop
      vertex -1.53073 3.69552 2.5
      vertex -20.4294 10.6506 2.5
      vertex -1.88559 3.52768 2.5
    endloop
  endfacet
  facet normal -0 -0 1
    outer loop
      vertex -20.4294 10.6506 2.5
      vertex -1.53073 3.69552 2.5
      vertex -20.5007 10.8014 2.5
    endloop
  endfacet
  facet normal 0 0 1
    outer loop
      vertex -1.16114 3.82776 2.5
      vertex -20.5007 10.8014 2.5
      vertex -1.53073 3.69552 2.5
    endloop
  endfacet
  facet normal -0 -0 1
    outer loop
      vertex -20.5007 10.8014 2.5
      vertex -1.16114 3.82776 2.5
      vertex -20.5865 10.9445 2.5
    endloop
  endfacet
  facet normal -0 -0 1
    outer loop
      vertex -20.5865 10.9445 2.5
      vertex -1.16114 3.82776 2.5
      vertex -20.6859 11.0785 2.5
    endloop
  endfacet
  facet normal -0 -0 1
    outer loop
      vertex -20.6859 11.0785 2.5
      vertex -0.780361 3.92314 2.5
      vertex -20.7979 11.2021 2.5
    endloop
  endfacet
  facet normal 0 0 1
    outer loop
      vertex -20.9215 11.3141 2.5
      vertex -26 17 2.5
      vertex -21.0555 11.4135 2.5
    endloop
  endfacet
  facet normal 0 0 1
    outer loop
      vertex -21.0555 11.4135 2.5
      vertex -26 17 2.5
      vertex -21.1986 11.4993 2.5
    endloop
  endfacet
  facet normal 0 0 1
    outer loop
      vertex -21.1986 11.4993 2.5
      vertex -26 17 2.5
      vertex -21.3494 11.5706 2.5
    endloop
  endfacet
  facet normal 0 0 1
    outer loop
      vertex -21.3494 11.5706 2.5
      vertex -26 17 2.5
      vertex -21.5065 11.6268 2.5
    endloop
  endfacet
  facet normal 0 0 1
    outer loop
      vertex -21.5065 11.6268 2.5
      vertex -26 17 2.5
      vertex -21.6683 11.6673 2.5
    endloop
  endfacet
  facet normal 0 0 1
    outer loop
      vertex -21.6683 11.6673 2.5
      vertex -26 17 2.5
      vertex -21.8334 11.6918 2.5
    endloop
  endfacet
  facet normal 0 0 1
    outer loop
      vertex -21.8334 11.6918 2.5
      vertex -26 17 2.5
      vertex -22 11.7 2.5
    endloop
  endfacet
  facet normal -0 0 1
    outer loop
      vertex -28.8284 15.8284 2.5
      vertex -23.3141 11.0785 2.5
      vertex -28.5376 16.092 2.5
    endloop
  endfacet
  facet normal -0 0 1
    outer loop
      vertex -28.5376 16.092 2.5
      vertex -23.3141 11.0785 2.5
      vertex -28.2223 16.3259 2.5
    endloop
  endfacet
  facet normal -0 0 1
    outer loop
      vertex -28.2223 16.3259 2.5
      vertex -23.3141 11.0785 2.5
      vertex -27.8856 16.5277 2.5
    endloop
  endfacet
  facet normal -0 0 1
    outer loop
      vertex -27.8856 16.5277 2.5
      vertex -23.3141 11.0785 2.5
      vertex -27.5307 16.6955 2.5
    endloop
  endfacet
  facet normal -0 0 1
    outer loop
      vertex -27.5307 16.6955 2.5
      vertex -23.3141 11.0785 2.5
      vertex -27.1611 16.8278 2.5
    endloop
  endfacet
  facet normal -0 0 1
    outer loop
      vertex -27.1611 16.8278 2.5
      vertex -23.3141 11.0785 2.5
      vertex -26.7803 16.9231 2.5
    endloop
  endfacet
  facet normal -0 0 1
    outer loop
      vertex -26.7803 16.9231 2.5
      vertex -23.3141 11.0785 2.5
      vertex -26.3921 16.9807 2.5
    endloop
  endfacet
  facet normal -0 0 1
    outer loop
      vertex -26.3921 16.9807 2.5
      vertex -23.3141 11.0785 2.5
      vertex -26 17 2.5
    endloop
  endfacet
  facet normal 0 0 1
    outer loop
      vertex -23.2021 11.2021 2.5
      vertex -26 17 2.5
      vertex -23.3141 11.0785 2.5
    endloop
  endfacet
  facet normal 0 0 1
    outer loop
      vertex -23.0785 11.3141 2.5
      vertex -26 17 2.5
      vertex -23.2021 11.2021 2.5
    endloop
  endfacet
  facet normal 0 0 1
    outer loop
      vertex -22.9445 11.4135 2.5
      vertex -26 17 2.5
      vertex -23.0785 11.3141 2.5
    endloop
  endfacet
  facet normal 0 0 1
    outer loop
      vertex -22.8014 11.4993 2.5
      vertex -26 17 2.5
      vertex -22.9445 11.4135 2.5
    endloop
  endfacet
  facet normal 0 0 1
    outer loop
      vertex -22.6506 11.5706 2.5
      vertex -26 17 2.5
      vertex -22.8014 11.4993 2.5
    endloop
  endfacet
  facet normal 0 0 1
    outer loop
      vertex -22.4935 11.6268 2.5
      vertex -26 17 2.5
      vertex -22.6506 11.5706 2.5
    endloop
  endfacet
  facet normal 0 0 1
    outer loop
      vertex -22.3317 11.6673 2.5
      vertex -26 17 2.5
      vertex -22.4935 11.6268 2.5
    endloop
  endfacet
  facet normal 0 0 1
    outer loop
      vertex -22.1666 11.6918 2.5
      vertex -26 17 2.5
      vertex -22.3317 11.6673 2.5
    endloop
  endfacet
  facet normal 0 0 1
    outer loop
      vertex -22 11.7 2.5
      vertex -26 17 2.5
      vertex -22.1666 11.6918 2.5
    endloop
  endfacet
  facet normal 0 0 1
    outer loop
      vertex 28.8284 -15.8284 2.5
      vertex 23.3141 -11.0785 2.5
      vertex 28.5376 -16.092 2.5
    endloop
  endfacet
  facet normal 0 0 1
    outer loop
      vertex 28.5376 -16.092 2.5
      vertex 23.3141 -11.0785 2.5
      vertex 28.2223 -16.3259 2.5
    endloop
  endfacet
  facet normal 0 0 1
    outer loop
      vertex 28.2223 -16.3259 2.5
      vertex 23.3141 -11.0785 2.5
      vertex 27.8856 -16.5277 2.5
    endloop
  endfacet
  facet normal 0 0 1
    outer loop
      vertex 27.8856 -16.5277 2.5
      vertex 23.3141 -11.0785 2.5
      vertex 27.5307 -16.6955 2.5
    endloop
  endfacet
  facet normal 0 0 1
    outer loop
      vertex 27.5307 -16.6955 2.5
      vertex 23.3141 -11.0785 2.5
      vertex 27.1611 -16.8278 2.5
    endloop
  endfacet
  facet normal 0 0 1
    outer loop
      vertex 27.1611 -16.8278 2.5
      vertex 23.3141 -11.0785 2.5
      vertex 26.7803 -16.9231 2.5
    endloop
  endfacet
  facet normal 0 0 1
    outer loop
      vertex 26.7803 -16.9231 2.5
      vertex 23.3141 -11.0785 2.5
      vertex 26.3921 -16.9807 2.5
    endloop
  endfacet
  facet normal 0 0 1
    outer loop
      vertex 26.3921 -16.9807 2.5
      vertex 23.3141 -11.0785 2.5
      vertex 26 -17 2.5
    endloop
  endfacet
  facet normal -0 0 1
    outer loop
      vertex 23.2021 -11.2021 2.5
      vertex 26 -17 2.5
      vertex 23.3141 -11.0785 2.5
    endloop
  endfacet
  facet normal -0 0 1
    outer loop
      vertex 23.0785 -11.3141 2.5
      vertex 26 -17 2.5
      vertex 23.2021 -11.2021 2.5
    endloop
  endfacet
  facet normal -0 0 1
    outer loop
      vertex 22.9445 -11.4135 2.5
      vertex 26 -17 2.5
      vertex 23.0785 -11.3141 2.5
    endloop
  endfacet
  facet normal -0 0 1
    outer loop
      vertex 22.8014 -11.4993 2.5
      vertex 26 -17 2.5
      vertex 22.9445 -11.4135 2.5
    endloop
  endfacet
  facet normal -0 0 1
    outer loop
      vertex 22.6506 -11.5706 2.5
      vertex 26 -17 2.5
      vertex 22.8014 -11.4993 2.5
    endloop
  endfacet
  facet normal -0 0 1
    outer loop
      vertex 22.4935 -11.6268 2.5
      vertex 26 -17 2.5
      vertex 22.6506 -11.5706 2.5
    endloop
  endfacet
  facet normal -0 0 1
    outer loop
      vertex 22.3317 -11.6673 2.5
      vertex 26 -17 2.5
      vertex 22.4935 -11.6268 2.5
    endloop
  endfacet
  facet normal -0 0 1
    outer loop
      vertex 22.1666 -11.6918 2.5
      vertex 26 -17 2.5
      vertex 22.3317 -11.6673 2.5
    endloop
  endfacet
  facet normal -0 0 1
    outer loop
      vertex 22 -11.7 2.5
      vertex 26 -17 2.5
      vertex 22.1666 -11.6918 2.5
    endloop
  endfacet
  facet normal 0 0 1
    outer loop
      vertex 21.8334 -11.6918 2.5
      vertex 26 -17 2.5
      vertex 22 -11.7 2.5
    endloop
  endfacet
  facet normal 0 0 1
    outer loop
      vertex 21.6683 -11.6673 2.5
      vertex 26 -17 2.5
      vertex 21.8334 -11.6918 2.5
    endloop
  endfacet
  facet normal 0 0 1
    outer loop
      vertex 21.5065 -11.6268 2.5
      vertex 26 -17 2.5
      vertex 21.6683 -11.6673 2.5
    endloop
  endfacet
  facet normal 0 0 1
    outer loop
      vertex 21.3494 -11.5706 2.5
      vertex 26 -17 2.5
      vertex 21.5065 -11.6268 2.5
    endloop
  endfacet
  facet normal 0 0 1
    outer loop
      vertex 21.1986 -11.4993 2.5
      vertex 26 -17 2.5
      vertex 21.3494 -11.5706 2.5
    endloop
  endfacet
  facet normal 0 0 1
    outer loop
      vertex 21.0555 -11.4135 2.5
      vertex 26 -17 2.5
      vertex 21.1986 -11.4993 2.5
    endloop
  endfacet
  facet normal 0 0 1
    outer loop
      vertex 20.9215 -11.3141 2.5
      vertex 26 -17 2.5
      vertex 21.0555 -11.4135 2.5
    endloop
  endfacet
  facet normal 0 0 1
    outer loop
      vertex 0.392068 -3.98074 2.5
      vertex 20.9215 -11.3141 2.5
      vertex 20.7979 -11.2021 2.5
    endloop
  endfacet
  facet normal 0 0 1
    outer loop
      vertex 0.392068 -3.98074 2.5
      vertex 20.7979 -11.2021 2.5
      vertex 20.6859 -11.0785 2.5
    endloop
  endfacet
  facet normal -0 0 1
    outer loop
      vertex 3.52768 -1.88559 2.5
      vertex 20.4294 -9.34944 2.5
      vertex 3.69552 -1.53073 2.5
    endloop
  endfacet
  facet normal 0 0 1
    outer loop
      vertex 20.4294 -9.34944 2.5
      vertex 3.52768 -1.88559 2.5
      vertex 20.3732 -9.50652 2.5
    endloop
  endfacet
  facet normal -0 0 1
    outer loop
      vertex 3.32588 -2.22228 2.5
      vertex 20.3732 -9.50652 2.5
      vertex 3.52768 -1.88559 2.5
    endloop
  endfacet
  facet normal 0 0 1
    outer loop
      vertex 20.3732 -9.50652 2.5
      vertex 3.32588 -2.22228 2.5
      vertex 20.3327 -9.66835 2.5
    endloop
  endfacet
  facet normal -0 0 1
    outer loop
      vertex 3.09204 -2.53757 2.5
      vertex 20.3327 -9.66835 2.5
      vertex 3.32588 -2.22228 2.5
    endloop
  endfacet
  facet normal 0 0 1
    outer loop
      vertex 20.3327 -9.66835 2.5
      vertex 3.09204 -2.53757 2.5
      vertex 20.3082 -9.83337 2.5
    endloop
  endfacet
  facet normal 0 0 1
    outer loop
      vertex 20.3082 -9.83337 2.5
      vertex 3.09204 -2.53757 2.5
      vertex 20.3 -10 2.5
    endloop
  endfacet
  facet normal -0 0 1
    outer loop
      vertex 2.82843 -2.82843 2.5
      vertex 20.3 -10 2.5
      vertex 3.09204 -2.53757 2.5
    endloop
  endfacet
  facet normal 0 0 1
    outer loop
      vertex 20.3 -10 2.5
      vertex 2.82843 -2.82843 2.5
      vertex 20.3082 -10.1666 2.5
    endloop
  endfacet
  facet normal -0 0 1
    outer loop
      vertex 2.53757 -3.09204 2.5
      vertex 20.3082 -10.1666 2.5
      vertex 2.82843 -2.82843 2.5
    endloop
  endfacet
  facet normal 0 0 1
    outer loop
      vertex 20.3082 -10.1666 2.5
      vertex 2.53757 -3.09204 2.5
      vertex 20.3327 -10.3317 2.5
    endloop
  endfacet
  facet normal -0 0 1
    outer loop
      vertex 2.22228 -3.32588 2.5
      vertex 20.3327 -10.3317 2.5
      vertex 2.53757 -3.09204 2.5
    endloop
  endfacet
  facet normal 0 0 1
    outer loop
      vertex 20.3327 -10.3317 2.5
      vertex 2.22228 -3.32588 2.5
      vertex 20.3732 -10.4935 2.5
    endloop
  endfacet
  facet normal -0 0 1
    outer loop
      vertex 1.88559 -3.52768 2.5
      vertex 20.3732 -10.4935 2.5
      vertex 2.22228 -3.32588 2.5
    endloop
  endfacet
  facet normal 0 0 1
    outer loop
      vertex 20.3732 -10.4935 2.5
      vertex 1.88559 -3.52768 2.5
      vertex 20.4294 -10.6506 2.5
    endloop
  endfacet
  facet normal -0 0 1
    outer loop
      vertex 1.53073 -3.69552 2.5
      vertex 20.4294 -10.6506 2.5
      vertex 1.88559 -3.52768 2.5
    endloop
  endfacet
  facet normal 0 0 1
    outer loop
      vertex 20.4294 -10.6506 2.5
      vertex 1.53073 -3.69552 2.5
      vertex 20.5007 -10.8014 2.5
    endloop
  endfacet
  facet normal -0 0 1
    outer loop
      vertex 1.16114 -3.82776 2.5
      vertex 20.5007 -10.8014 2.5
      vertex 1.53073 -3.69552 2.5
    endloop
  endfacet
  facet normal 0 0 1
    outer loop
      vertex 20.5007 -10.8014 2.5
      vertex 1.16114 -3.82776 2.5
      vertex 20.5865 -10.9445 2.5
    endloop
  endfacet
  facet normal 0 0 1
    outer loop
      vertex 20.5865 -10.9445 2.5
      vertex 1.16114 -3.82776 2.5
      vertex 20.6859 -11.0785 2.5
    endloop
  endfacet
  facet normal -0 0 1
    outer loop
      vertex 0.780361 -3.92314 2.5
      vertex 20.6859 -11.0785 2.5
      vertex 1.16114 -3.82776 2.5
    endloop
  endfacet
  facet normal -0 0 1
    outer loop
      vertex 0.392068 -3.98074 2.5
      vertex 20.6859 -11.0785 2.5
      vertex 0.780361 -3.92314 2.5
    endloop
  endfacet
  facet normal 0 0 1
    outer loop
      vertex 20.9215 -11.3141 2.5
      vertex 0.392068 -3.98074 2.5
      vertex 0 -4 2.5
    endloop
  endfacet
  facet normal 0 0 1
    outer loop
      vertex 20.9215 -11.3141 2.5
      vertex 0 -4 2.5
      vertex 26 -17 2.5
    endloop
  endfacet
  facet normal 0 0 1
    outer loop
      vertex -20.9215 -11.3141 2.5
      vertex 0 -4 2.5
      vertex -0.392068 -3.98074 2.5
    endloop
  endfacet
  facet normal 0 0 1
    outer loop
      vertex -20.7979 -11.2021 2.5
      vertex -0.392068 -3.98074 2.5
      vertex -0.780361 -3.92314 2.5
    endloop
  endfacet
  facet normal 0 0 1
    outer loop
      vertex -20.6859 -11.0785 2.5
      vertex -0.780361 -3.92314 2.5
      vertex -1.16114 -3.82776 2.5
    endloop
  endfacet
  facet normal 0 0 1
    outer loop
      vertex -20.5007 -10.8014 2.5
      vertex -1.16114 -3.82776 2.5
      vertex -1.53073 -3.69552 2.5
    endloop
  endfacet
  facet normal 0 0 1
    outer loop
      vertex -20.4294 -10.6506 2.5
      vertex -1.53073 -3.69552 2.5
      vertex -1.88559 -3.52768 2.5
    endloop
  endfacet
  facet normal -0 0 1
    outer loop
      vertex -20.5007 9.19862 2.5
      vertex -3.69552 1.53073 2.5
      vertex -20.4294 9.34944 2.5
    endloop
  endfacet
  facet normal 0 0 1
    outer loop
      vertex -4 0 2.5
      vertex -20.3 -10 2.5
      vertex -3.98074 -0.392068 2.5
    endloop
  endfacet
  facet normal 0 0 1
    outer loop
      vertex -3.98074 -0.392068 2.5
      vertex -20.3 -10 2.5
      vertex -3.92314 -0.780361 2.5
    endloop
  endfacet
  facet normal 0 0 1
    outer loop
      vertex -3.92314 -0.780361 2.5
      vertex -20.3 -10 2.5
      vertex -3.82776 -1.16114 2.5
    endloop
  endfacet
  facet normal 0 0 1
    outer loop
      vertex -3.82776 -1.16114 2.5
      vertex -20.3 -10 2.5
      vertex -3.69552 -1.53073 2.5
    endloop
  endfacet
  facet normal 0 0 1
    outer loop
      vertex -3.69552 -1.53073 2.5
      vertex -20.3 -10 2.5
      vertex -3.52768 -1.88559 2.5
    endloop
  endfacet
  facet normal 0 0 1
    outer loop
      vertex -3.52768 -1.88559 2.5
      vertex -20.3 -10 2.5
      vertex -3.32588 -2.22228 2.5
    endloop
  endfacet
  facet normal 0 0 1
    outer loop
      vertex -3.32588 -2.22228 2.5
      vertex -20.3 -10 2.5
      vertex -3.09204 -2.53757 2.5
    endloop
  endfacet
  facet normal 0 0 1
    outer loop
      vertex -3.09204 -2.53757 2.5
      vertex -20.3 -10 2.5
      vertex -2.82843 -2.82843 2.5
    endloop
  endfacet
  facet normal 0 0 1
    outer loop
      vertex -20.3082 -10.1666 2.5
      vertex -2.82843 -2.82843 2.5
      vertex -20.3 -10 2.5
    endloop
  endfacet
  facet normal 0 0 1
    outer loop
      vertex -2.82843 -2.82843 2.5
      vertex -20.3082 -10.1666 2.5
      vertex -2.53757 -3.09204 2.5
    endloop
  endfacet
  facet normal 0 0 1
    outer loop
      vertex -20.3327 -10.3317 2.5
      vertex -2.53757 -3.09204 2.5
      vertex -20.3082 -10.1666 2.5
    endloop
  endfacet
  facet normal 0 0 1
    outer loop
      vertex -2.53757 -3.09204 2.5
      vertex -20.3327 -10.3317 2.5
      vertex -2.22228 -3.32588 2.5
    endloop
  endfacet
  facet normal 0 0 1
    outer loop
      vertex -20.3732 -10.4935 2.5
      vertex -2.22228 -3.32588 2.5
      vertex -20.3327 -10.3317 2.5
    endloop
  endfacet
  facet normal 0 0 1
    outer loop
      vertex -2.22228 -3.32588 2.5
      vertex -20.3732 -10.4935 2.5
      vertex -1.88559 -3.52768 2.5
    endloop
  endfacet
  facet normal 0 0 1
    outer loop
      vertex -20.4294 -10.6506 2.5
      vertex -1.88559 -3.52768 2.5
      vertex -20.3732 -10.4935 2.5
    endloop
  endfacet
  facet normal 0 0 1
    outer loop
      vertex -1.53073 -3.69552 2.5
      vertex -20.4294 -10.6506 2.5
      vertex -20.5007 -10.8014 2.5
    endloop
  endfacet
  facet normal 0 0 1
    outer loop
      vertex -1.16114 -3.82776 2.5
      vertex -20.5007 -10.8014 2.5
      vertex -20.5865 -10.9445 2.5
    endloop
  endfacet
  facet normal 0 0 1
    outer loop
      vertex -1.16114 -3.82776 2.5
      vertex -20.5865 -10.9445 2.5
      vertex -20.6859 -11.0785 2.5
    endloop
  endfacet
  facet normal 0 0 1
    outer loop
      vertex -0.780361 -3.92314 2.5
      vertex -20.6859 -11.0785 2.5
      vertex -20.7979 -11.2021 2.5
    endloop
  endfacet
  facet normal 0 0 1
    outer loop
      vertex -0.392068 -3.98074 2.5
      vertex -20.7979 -11.2021 2.5
      vertex -20.9215 -11.3141 2.5
    endloop
  endfacet
  facet normal 0 0 1
    outer loop
      vertex 0 -4 2.5
      vertex -20.9215 -11.3141 2.5
      vertex -26 -17 2.5
    endloop
  endfacet
  facet normal 0 0 1
    outer loop
      vertex -26 -17 2.5
      vertex -20.9215 -11.3141 2.5
      vertex -21.0555 -11.4135 2.5
    endloop
  endfacet
  facet normal 0 0 1
    outer loop
      vertex -26 -17 2.5
      vertex -21.0555 -11.4135 2.5
      vertex -21.1986 -11.4993 2.5
    endloop
  endfacet
  facet normal 0 0 1
    outer loop
      vertex -26 -17 2.5
      vertex -21.1986 -11.4993 2.5
      vertex -21.3494 -11.5706 2.5
    endloop
  endfacet
  facet normal 0 0 1
    outer loop
      vertex -26 -17 2.5
      vertex -21.3494 -11.5706 2.5
      vertex -21.5065 -11.6268 2.5
    endloop
  endfacet
  facet normal 0 0 1
    outer loop
      vertex -26 -17 2.5
      vertex -21.5065 -11.6268 2.5
      vertex -21.6683 -11.6673 2.5
    endloop
  endfacet
  facet normal 0 0 1
    outer loop
      vertex -26 -17 2.5
      vertex -21.6683 -11.6673 2.5
      vertex -21.8334 -11.6918 2.5
    endloop
  endfacet
  facet normal 0 0 1
    outer loop
      vertex -26 -17 2.5
      vertex -21.8334 -11.6918 2.5
      vertex -22 -11.7 2.5
    endloop
  endfacet
  facet normal 0 0 1
    outer loop
      vertex -26 -17 2.5
      vertex -22 -11.7 2.5
      vertex -22.1666 -11.6918 2.5
    endloop
  endfacet
  facet normal 0 0 1
    outer loop
      vertex -23.6673 -9.66835 2.5
      vertex -30 -13 2.5
      vertex -23.6918 -9.83337 2.5
    endloop
  endfacet
  facet normal 0 0 1
    outer loop
      vertex 0 -4 2.5
      vertex -26 -17 2.5
      vertex 26 -17 2.5
    endloop
  endfacet
  facet normal 0 0 1
    outer loop
      vertex -22.3317 -11.6673 2.5
      vertex -26 -17 2.5
      vertex -22.1666 -11.6918 2.5
    endloop
  endfacet
  facet normal 0 0 1
    outer loop
      vertex -22.4935 -11.6268 2.5
      vertex -26 -17 2.5
      vertex -22.3317 -11.6673 2.5
    endloop
  endfacet
  facet normal 0 0 1
    outer loop
      vertex -22.6506 -11.5706 2.5
      vertex -26 -17 2.5
      vertex -22.4935 -11.6268 2.5
    endloop
  endfacet
  facet normal 0 0 1
    outer loop
      vertex -22.8014 -11.4993 2.5
      vertex -26 -17 2.5
      vertex -22.6506 -11.5706 2.5
    endloop
  endfacet
  facet normal 0 0 1
    outer loop
      vertex -22.9445 -11.4135 2.5
      vertex -26 -17 2.5
      vertex -22.8014 -11.4993 2.5
    endloop
  endfacet
  facet normal 0 0 1
    outer loop
      vertex -23.0785 -11.3141 2.5
      vertex -26 -17 2.5
      vertex -22.9445 -11.4135 2.5
    endloop
  endfacet
  facet normal 0 0 1
    outer loop
      vertex -23.2021 -11.2021 2.5
      vertex -26 -17 2.5
      vertex -23.0785 -11.3141 2.5
    endloop
  endfacet
  facet normal 0 0 1
    outer loop
      vertex -23.3141 -11.0785 2.5
      vertex -26 -17 2.5
      vertex -23.2021 -11.2021 2.5
    endloop
  endfacet
  facet normal 0 0 1
    outer loop
      vertex -29.092 -15.5376 2.5
      vertex -23.3141 -11.0785 2.5
      vertex -23.4135 -10.9445 2.5
    endloop
  endfacet
  facet normal 0 0 1
    outer loop
      vertex -30 -13 2.5
      vertex -23.4135 -10.9445 2.5
      vertex -23.4993 -10.8014 2.5
    endloop
  endfacet
  facet normal 0 0 1
    outer loop
      vertex -30 -13 2.5
      vertex -23.4993 -10.8014 2.5
      vertex -23.5706 -10.6506 2.5
    endloop
  endfacet
  facet normal 0 0 1
    outer loop
      vertex -30 -13 2.5
      vertex -23.5706 -10.6506 2.5
      vertex -23.6268 -10.4935 2.5
    endloop
  endfacet
  facet normal 0 0 1
    outer loop
      vertex -30 -13 2.5
      vertex -23.6268 -10.4935 2.5
      vertex -23.6673 -10.3317 2.5
    endloop
  endfacet
  facet normal 0 0 1
    outer loop
      vertex -30 -13 2.5
      vertex -23.6673 -10.3317 2.5
      vertex -23.6918 -10.1666 2.5
    endloop
  endfacet
  facet normal 0 0 1
    outer loop
      vertex -23.6918 -9.83337 2.5
      vertex -30 -13 2.5
      vertex -23.7 -10 2.5
    endloop
  endfacet
  facet normal -0 0 1
    outer loop
      vertex -29.092 15.5376 2.5
      vertex -23.3141 11.0785 2.5
      vertex -28.8284 15.8284 2.5
    endloop
  endfacet
  facet normal 0 0 1
    outer loop
      vertex -23.7 -10 2.5
      vertex -30 -13 2.5
      vertex -23.6918 -10.1666 2.5
    endloop
  endfacet
  facet normal 0 0 1
    outer loop
      vertex -23.3141 11.0785 2.5
      vertex -29.092 15.5376 2.5
      vertex -23.4135 10.9445 2.5
    endloop
  endfacet
  facet normal 0 -0 1
    outer loop
      vertex -29.9807 -13.3921 2.5
      vertex -23.4135 -10.9445 2.5
      vertex -30 -13 2.5
    endloop
  endfacet
  facet normal -0 0 1
    outer loop
      vertex -29.3259 15.2223 2.5
      vertex -23.4135 10.9445 2.5
      vertex -29.092 15.5376 2.5
    endloop
  endfacet
  facet normal 0 0 1
    outer loop
      vertex -23.3141 -11.0785 2.5
      vertex -26.3921 -16.9807 2.5
      vertex -26 -17 2.5
    endloop
  endfacet
  facet normal -0 0 1
    outer loop
      vertex -29.5277 14.8856 2.5
      vertex -23.4135 10.9445 2.5
      vertex -29.3259 15.2223 2.5
    endloop
  endfacet
  facet normal 0 0 1
    outer loop
      vertex -23.3141 -11.0785 2.5
      vertex -26.7803 -16.9231 2.5
      vertex -26.3921 -16.9807 2.5
    endloop
  endfacet
  facet normal -0 0 1
    outer loop
      vertex -29.6955 14.5307 2.5
      vertex -23.4135 10.9445 2.5
      vertex -29.5277 14.8856 2.5
    endloop
  endfacet
  facet normal 0 0 1
    outer loop
      vertex -23.3141 -11.0785 2.5
      vertex -27.1611 -16.8278 2.5
      vertex -26.7803 -16.9231 2.5
    endloop
  endfacet
  facet normal -0 0 1
    outer loop
      vertex -29.8278 14.1611 2.5
      vertex -23.4135 10.9445 2.5
      vertex -29.6955 14.5307 2.5
    endloop
  endfacet
  facet normal 0 0 1
    outer loop
      vertex -23.3141 -11.0785 2.5
      vertex -27.5307 -16.6955 2.5
      vertex -27.1611 -16.8278 2.5
    endloop
  endfacet
  facet normal -0 0 1
    outer loop
      vertex -29.9231 13.7803 2.5
      vertex -23.4135 10.9445 2.5
      vertex -29.8278 14.1611 2.5
    endloop
  endfacet
  facet normal 0 0 1
    outer loop
      vertex -23.3141 -11.0785 2.5
      vertex -27.8856 -16.5277 2.5
      vertex -27.5307 -16.6955 2.5
    endloop
  endfacet
  facet normal -0 0 1
    outer loop
      vertex -29.9807 13.3921 2.5
      vertex -23.4135 10.9445 2.5
      vertex -29.9231 13.7803 2.5
    endloop
  endfacet
  facet normal 0 0 1
    outer loop
      vertex -23.3141 -11.0785 2.5
      vertex -28.2223 -16.3259 2.5
      vertex -27.8856 -16.5277 2.5
    endloop
  endfacet
  facet normal 0 0 1
    outer loop
      vertex -23.4135 10.9445 2.5
      vertex -30 13 2.5
      vertex -23.4993 10.8014 2.5
    endloop
  endfacet
  facet normal 0 0 1
    outer loop
      vertex -23.3141 -11.0785 2.5
      vertex -28.5376 -16.092 2.5
      vertex -28.2223 -16.3259 2.5
    endloop
  endfacet
  facet normal 0 0 1
    outer loop
      vertex -23.6918 10.1666 2.5
      vertex -30 13 2.5
      vertex -23.7 10 2.5
    endloop
  endfacet
  facet normal 0 0 1
    outer loop
      vertex -23.3141 -11.0785 2.5
      vertex -28.8284 -15.8284 2.5
      vertex -28.5376 -16.092 2.5
    endloop
  endfacet
  facet normal 0 0 1
    outer loop
      vertex -23.4993 10.8014 2.5
      vertex -30 13 2.5
      vertex -23.5706 10.6506 2.5
    endloop
  endfacet
  facet normal 0 0 1
    outer loop
      vertex -23.3141 -11.0785 2.5
      vertex -29.092 -15.5376 2.5
      vertex -28.8284 -15.8284 2.5
    endloop
  endfacet
  facet normal 0 0 1
    outer loop
      vertex -23.5706 10.6506 2.5
      vertex -30 13 2.5
      vertex -23.6268 10.4935 2.5
    endloop
  endfacet
  facet normal 0 0 1
    outer loop
      vertex -23.4135 -10.9445 2.5
      vertex -29.3259 -15.2223 2.5
      vertex -29.092 -15.5376 2.5
    endloop
  endfacet
  facet normal 0 0 1
    outer loop
      vertex -23.6673 10.3317 2.5
      vertex -30 13 2.5
      vertex -23.6918 10.1666 2.5
    endloop
  endfacet
  facet normal 0 0 1
    outer loop
      vertex -23.4135 -10.9445 2.5
      vertex -29.5277 -14.8856 2.5
      vertex -29.3259 -15.2223 2.5
    endloop
  endfacet
  facet normal 0 0 1
    outer loop
      vertex -23.6268 10.4935 2.5
      vertex -30 13 2.5
      vertex -23.6673 10.3317 2.5
    endloop
  endfacet
  facet normal 0 0 1
    outer loop
      vertex -23.4135 -10.9445 2.5
      vertex -29.6955 -14.5307 2.5
      vertex -29.5277 -14.8856 2.5
    endloop
  endfacet
  facet normal 0 0 1
    outer loop
      vertex -23.4135 10.9445 2.5
      vertex -29.9807 13.3921 2.5
      vertex -30 13 2.5
    endloop
  endfacet
  facet normal 0 0 1
    outer loop
      vertex -23.4135 -10.9445 2.5
      vertex -29.8278 -14.1611 2.5
      vertex -29.6955 -14.5307 2.5
    endloop
  endfacet
  facet normal 0 0 1
    outer loop
      vertex -23.4135 -10.9445 2.5
      vertex -29.9231 -13.7803 2.5
      vertex -29.8278 -14.1611 2.5
    endloop
  endfacet
  facet normal 0 0 1
    outer loop
      vertex -23.4135 -10.9445 2.5
      vertex -29.9807 -13.3921 2.5
      vertex -29.9231 -13.7803 2.5
    endloop
  endfacet
  facet normal -0.970083 0.242775 0
    outer loop
      vertex -29.9231 13.7803 -2.5
      vertex -29.8278 14.1611 2.5
      vertex -29.8278 14.1611 -2.5
    endloop
  endfacet
  facet normal -0.970083 0.242775 0
    outer loop
      vertex -29.8278 14.1611 2.5
      vertex -29.9231 13.7803 -2.5
      vertex -29.9231 13.7803 2.5
    endloop
  endfacet
  facet normal -0.337014 0.9415 0
    outer loop
      vertex -27.1611 16.8278 -2.5
      vertex -27.5307 16.6955 2.5
      vertex -27.1611 16.8278 2.5
    endloop
  endfacet
  facet normal -0.337014 0.9415 0
    outer loop
      vertex -27.5307 16.6955 2.5
      vertex -27.1611 16.8278 -2.5
      vertex -27.5307 16.6955 -2.5
    endloop
  endfacet
  facet normal -0.595794 0.803137 0
    outer loop
      vertex -28.2223 16.3259 -2.5
      vertex -28.5376 16.092 2.5
      vertex -28.2223 16.3259 2.5
    endloop
  endfacet
  facet normal -0.595794 0.803137 0
    outer loop
      vertex -28.5376 16.092 2.5
      vertex -28.2223 16.3259 -2.5
      vertex -28.5376 16.092 -2.5
    endloop
  endfacet
  facet normal -0.803137 0.595794 0
    outer loop
      vertex -29.3259 15.2223 -2.5
      vertex -29.092 15.5376 2.5
      vertex -29.092 15.5376 -2.5
    endloop
  endfacet
  facet normal -0.803137 0.595794 0
    outer loop
      vertex -29.092 15.5376 2.5
      vertex -29.3259 15.2223 -2.5
      vertex -29.3259 15.2223 2.5
    endloop
  endfacet
  facet normal 0.9415 0.337014 0
    outer loop
      vertex 29.8278 14.1611 2.5
      vertex 29.6955 14.5307 -2.5
      vertex 29.6955 14.5307 2.5
    endloop
  endfacet
  facet normal 0.9415 0.337014 0
    outer loop
      vertex 29.6955 14.5307 -2.5
      vertex 29.8278 14.1611 2.5
      vertex 29.8278 14.1611 -2.5
    endloop
  endfacet
  facet normal 0.970083 0.242775 0
    outer loop
      vertex 29.9231 13.7803 2.5
      vertex 29.8278 14.1611 -2.5
      vertex 29.8278 14.1611 2.5
    endloop
  endfacet
  facet normal 0.970083 0.242775 0
    outer loop
      vertex 29.8278 14.1611 -2.5
      vertex 29.9231 13.7803 2.5
      vertex 29.9231 13.7803 -2.5
    endloop
  endfacet
  facet normal 0.998791 0.0491626 0
    outer loop
      vertex 30 13 2.5
      vertex 29.9807 13.3921 -2.5
      vertex 29.9807 13.3921 2.5
    endloop
  endfacet
  facet normal 0.998791 0.0491626 0
    outer loop
      vertex 29.9807 13.3921 -2.5
      vertex 30 13 2.5
      vertex 30 13 -2.5
    endloop
  endfacet
  facet normal 1 -0 0
    outer loop
      vertex 30 -13 2.5
      vertex 30 13 -2.5
      vertex 30 13 2.5
    endloop
  endfacet
  facet normal 1 0 0
    outer loop
      vertex 30 13 -2.5
      vertex 30 -13 2.5
      vertex 30 -13 -2.5
    endloop
  endfacet
  facet normal -0.803137 -0.595794 0
    outer loop
      vertex -29.092 -15.5376 -2.5
      vertex -29.3259 -15.2223 2.5
      vertex -29.3259 -15.2223 -2.5
    endloop
  endfacet
  facet normal -0.803137 -0.595794 0
    outer loop
      vertex -29.3259 -15.2223 2.5
      vertex -29.092 -15.5376 -2.5
      vertex -29.092 -15.5376 2.5
    endloop
  endfacet
  facet normal -0.0491626 -0.998791 0
    outer loop
      vertex -26.3921 -16.9807 -2.5
      vertex -26 -17 2.5
      vertex -26.3921 -16.9807 2.5
    endloop
  endfacet
  facet normal -0.0491626 -0.998791 -0
    outer loop
      vertex -26 -17 2.5
      vertex -26.3921 -16.9807 -2.5
      vertex -26 -17 -2.5
    endloop
  endfacet
  facet normal -0.42744 -0.904044 0
    outer loop
      vertex -27.8856 -16.5277 -2.5
      vertex -27.5307 -16.6955 2.5
      vertex -27.8856 -16.5277 2.5
    endloop
  endfacet
  facet normal -0.42744 -0.904044 -0
    outer loop
      vertex -27.5307 -16.6955 2.5
      vertex -27.8856 -16.5277 -2.5
      vertex -27.5307 -16.6955 -2.5
    endloop
  endfacet
  facet normal 0.0491626 -0.998791 0
    outer loop
      vertex 26 -17 -2.5
      vertex 26.3921 -16.9807 2.5
      vertex 26 -17 2.5
    endloop
  endfacet
  facet normal 0.0491626 -0.998791 0
    outer loop
      vertex 26.3921 -16.9807 2.5
      vertex 26 -17 -2.5
      vertex 26.3921 -16.9807 -2.5
    endloop
  endfacet
  facet normal 0.9415 -0.337014 0
    outer loop
      vertex 29.6955 -14.5307 2.5
      vertex 29.8278 -14.1611 -2.5
      vertex 29.8278 -14.1611 2.5
    endloop
  endfacet
  facet normal 0.9415 -0.337014 0
    outer loop
      vertex 29.8278 -14.1611 -2.5
      vertex 29.6955 -14.5307 2.5
      vertex 29.6955 -14.5307 -2.5
    endloop
  endfacet
  facet normal 0.85774 -0.514084 0
    outer loop
      vertex 29.3259 -15.2223 2.5
      vertex 29.5277 -14.8856 -2.5
      vertex 29.5277 -14.8856 2.5
    endloop
  endfacet
  facet normal 0.85774 -0.514084 0
    outer loop
      vertex 29.5277 -14.8856 -2.5
      vertex 29.3259 -15.2223 2.5
      vertex 29.3259 -15.2223 -2.5
    endloop
  endfacet
  facet normal 0.970083 -0.242775 0
    outer loop
      vertex 29.8278 -14.1611 2.5
      vertex 29.9231 -13.7803 -2.5
      vertex 29.9231 -13.7803 2.5
    endloop
  endfacet
  facet normal 0.970083 -0.242775 0
    outer loop
      vertex 29.9231 -13.7803 -2.5
      vertex 29.8278 -14.1611 2.5
      vertex 29.8278 -14.1611 -2.5
    endloop
  endfacet
  facet normal 0.803137 0.595794 0
    outer loop
      vertex 29.3259 15.2223 2.5
      vertex 29.092 15.5376 -2.5
      vertex 29.092 15.5376 2.5
    endloop
  endfacet
  facet normal 0.803137 0.595794 0
    outer loop
      vertex 29.092 15.5376 -2.5
      vertex 29.3259 15.2223 2.5
      vertex 29.3259 15.2223 -2.5
    endloop
  endfacet
  facet normal 0.14677 0.989171 -0
    outer loop
      vertex 26.7803 16.9231 -2.5
      vertex 26.3921 16.9807 2.5
      vertex 26.7803 16.9231 2.5
    endloop
  endfacet
  facet normal 0.14677 0.989171 0
    outer loop
      vertex 26.3921 16.9807 2.5
      vertex 26.7803 16.9231 -2.5
      vertex 26.3921 16.9807 -2.5
    endloop
  endfacet
  facet normal 0.242775 0.970083 -0
    outer loop
      vertex 27.1611 16.8278 -2.5
      vertex 26.7803 16.9231 2.5
      vertex 27.1611 16.8278 2.5
    endloop
  endfacet
  facet normal 0.242775 0.970083 0
    outer loop
      vertex 26.7803 16.9231 2.5
      vertex 27.1611 16.8278 -2.5
      vertex 26.7803 16.9231 -2.5
    endloop
  endfacet
  facet normal -0.989171 0.14677 0
    outer loop
      vertex -29.9807 13.3921 -2.5
      vertex -29.9231 13.7803 2.5
      vertex -29.9231 13.7803 -2.5
    endloop
  endfacet
  facet normal -0.989171 0.14677 0
    outer loop
      vertex -29.9231 13.7803 2.5
      vertex -29.9807 13.3921 -2.5
      vertex -29.9807 13.3921 2.5
    endloop
  endfacet
  facet normal -0.9415 0.337014 0
    outer loop
      vertex -29.8278 14.1611 -2.5
      vertex -29.6955 14.5307 2.5
      vertex -29.6955 14.5307 -2.5
    endloop
  endfacet
  facet normal -0.9415 0.337014 0
    outer loop
      vertex -29.6955 14.5307 2.5
      vertex -29.8278 14.1611 -2.5
      vertex -29.8278 14.1611 2.5
    endloop
  endfacet
  facet normal -0.85774 0.514084 0
    outer loop
      vertex -29.5277 14.8856 -2.5
      vertex -29.3259 15.2223 2.5
      vertex -29.3259 15.2223 -2.5
    endloop
  endfacet
  facet normal -0.85774 0.514084 0
    outer loop
      vertex -29.3259 15.2223 2.5
      vertex -29.5277 14.8856 -2.5
      vertex -29.5277 14.8856 2.5
    endloop
  endfacet
  facet normal -0.242775 0.970083 0
    outer loop
      vertex -26.7803 16.9231 -2.5
      vertex -27.1611 16.8278 2.5
      vertex -26.7803 16.9231 2.5
    endloop
  endfacet
  facet normal -0.242775 0.970083 0
    outer loop
      vertex -27.1611 16.8278 2.5
      vertex -26.7803 16.9231 -2.5
      vertex -27.1611 16.8278 -2.5
    endloop
  endfacet
  facet normal -0.42744 0.904044 0
    outer loop
      vertex -27.5307 16.6955 -2.5
      vertex -27.8856 16.5277 2.5
      vertex -27.5307 16.6955 2.5
    endloop
  endfacet
  facet normal -0.42744 0.904044 0
    outer loop
      vertex -27.8856 16.5277 2.5
      vertex -27.5307 16.6955 -2.5
      vertex -27.8856 16.5277 -2.5
    endloop
  endfacet
  facet normal -0.740908 0.671607 0
    outer loop
      vertex -29.092 15.5376 -2.5
      vertex -28.8284 15.8284 2.5
      vertex -28.8284 15.8284 -2.5
    endloop
  endfacet
  facet normal -0.740908 0.671607 0
    outer loop
      vertex -28.8284 15.8284 2.5
      vertex -29.092 15.5376 -2.5
      vertex -29.092 15.5376 2.5
    endloop
  endfacet
  facet normal -0.671607 0.740908 0
    outer loop
      vertex -28.5376 16.092 -2.5
      vertex -28.8284 15.8284 2.5
      vertex -28.5376 16.092 2.5
    endloop
  endfacet
  facet normal -0.671607 0.740908 0
    outer loop
      vertex -28.8284 15.8284 2.5
      vertex -28.5376 16.092 -2.5
      vertex -28.8284 15.8284 -2.5
    endloop
  endfacet
  facet normal 0.989171 0.14677 0
    outer loop
      vertex 29.9807 13.3921 2.5
      vertex 29.9231 13.7803 -2.5
      vertex 29.9231 13.7803 2.5
    endloop
  endfacet
  facet normal 0.989171 0.14677 0
    outer loop
      vertex 29.9231 13.7803 -2.5
      vertex 29.9807 13.3921 2.5
      vertex 29.9807 13.3921 -2.5
    endloop
  endfacet
  facet normal -0.740908 -0.671607 0
    outer loop
      vertex -28.8284 -15.8284 -2.5
      vertex -29.092 -15.5376 2.5
      vertex -29.092 -15.5376 -2.5
    endloop
  endfacet
  facet normal -0.740908 -0.671607 0
    outer loop
      vertex -29.092 -15.5376 2.5
      vertex -28.8284 -15.8284 -2.5
      vertex -28.8284 -15.8284 2.5
    endloop
  endfacet
  facet normal 0.337014 -0.9415 0
    outer loop
      vertex 27.1611 -16.8278 -2.5
      vertex 27.5307 -16.6955 2.5
      vertex 27.1611 -16.8278 2.5
    endloop
  endfacet
  facet normal 0.337014 -0.9415 0
    outer loop
      vertex 27.5307 -16.6955 2.5
      vertex 27.1611 -16.8278 -2.5
      vertex 27.5307 -16.6955 -2.5
    endloop
  endfacet
  facet normal 0.904044 -0.42744 0
    outer loop
      vertex 29.5277 -14.8856 2.5
      vertex 29.6955 -14.5307 -2.5
      vertex 29.6955 -14.5307 2.5
    endloop
  endfacet
  facet normal 0.904044 -0.42744 0
    outer loop
      vertex 29.6955 -14.5307 -2.5
      vertex 29.5277 -14.8856 2.5
      vertex 29.5277 -14.8856 -2.5
    endloop
  endfacet
  facet normal 0.989171 -0.14677 0
    outer loop
      vertex 29.9231 -13.7803 2.5
      vertex 29.9807 -13.3921 -2.5
      vertex 29.9807 -13.3921 2.5
    endloop
  endfacet
  facet normal 0.989171 -0.14677 0
    outer loop
      vertex 29.9807 -13.3921 -2.5
      vertex 29.9231 -13.7803 2.5
      vertex 29.9231 -13.7803 -2.5
    endloop
  endfacet
  facet normal 0.595794 -0.803137 0
    outer loop
      vertex 28.2223 -16.3259 -2.5
      vertex 28.5376 -16.092 2.5
      vertex 28.2223 -16.3259 2.5
    endloop
  endfacet
  facet normal 0.595794 -0.803137 0
    outer loop
      vertex 28.5376 -16.092 2.5
      vertex 28.2223 -16.3259 -2.5
      vertex 28.5376 -16.092 -2.5
    endloop
  endfacet
  facet normal 0.671607 -0.740908 0
    outer loop
      vertex 28.5376 -16.092 -2.5
      vertex 28.8284 -15.8284 2.5
      vertex 28.5376 -16.092 2.5
    endloop
  endfacet
  facet normal 0.671607 -0.740908 0
    outer loop
      vertex 28.8284 -15.8284 2.5
      vertex 28.5376 -16.092 -2.5
      vertex 28.8284 -15.8284 -2.5
    endloop
  endfacet
  facet normal 0.595794 0.803137 -0
    outer loop
      vertex 28.5376 16.092 -2.5
      vertex 28.2223 16.3259 2.5
      vertex 28.5376 16.092 2.5
    endloop
  endfacet
  facet normal 0.595794 0.803137 0
    outer loop
      vertex 28.2223 16.3259 2.5
      vertex 28.5376 16.092 -2.5
      vertex 28.2223 16.3259 -2.5
    endloop
  endfacet
  facet normal 0.337014 0.9415 -0
    outer loop
      vertex 27.5307 16.6955 -2.5
      vertex 27.1611 16.8278 2.5
      vertex 27.5307 16.6955 2.5
    endloop
  endfacet
  facet normal 0.337014 0.9415 0
    outer loop
      vertex 27.1611 16.8278 2.5
      vertex 27.5307 16.6955 -2.5
      vertex 27.1611 16.8278 -2.5
    endloop
  endfacet
  facet normal 0.514084 0.85774 -0
    outer loop
      vertex 28.2223 16.3259 -2.5
      vertex 27.8856 16.5277 2.5
      vertex 28.2223 16.3259 2.5
    endloop
  endfacet
  facet normal 0.514084 0.85774 0
    outer loop
      vertex 27.8856 16.5277 2.5
      vertex 28.2223 16.3259 -2.5
      vertex 27.8856 16.5277 -2.5
    endloop
  endfacet
  facet normal -0.904044 0.42744 0
    outer loop
      vertex -29.6955 14.5307 -2.5
      vertex -29.5277 14.8856 2.5
      vertex -29.5277 14.8856 -2.5
    endloop
  endfacet
  facet normal -0.904044 0.42744 0
    outer loop
      vertex -29.5277 14.8856 2.5
      vertex -29.6955 14.5307 -2.5
      vertex -29.6955 14.5307 2.5
    endloop
  endfacet
  facet normal -0.14677 0.989171 0
    outer loop
      vertex -26.3921 16.9807 -2.5
      vertex -26.7803 16.9231 2.5
      vertex -26.3921 16.9807 2.5
    endloop
  endfacet
  facet normal -0.14677 0.989171 0
    outer loop
      vertex -26.7803 16.9231 2.5
      vertex -26.3921 16.9807 -2.5
      vertex -26.7803 16.9231 -2.5
    endloop
  endfacet
  facet normal -0.514084 -0.85774 0
    outer loop
      vertex -28.2223 -16.3259 -2.5
      vertex -27.8856 -16.5277 2.5
      vertex -28.2223 -16.3259 2.5
    endloop
  endfacet
  facet normal -0.514084 -0.85774 -0
    outer loop
      vertex -27.8856 -16.5277 2.5
      vertex -28.2223 -16.3259 -2.5
      vertex -27.8856 -16.5277 -2.5
    endloop
  endfacet
  facet normal -0.337014 -0.9415 0
    outer loop
      vertex -27.5307 -16.6955 -2.5
      vertex -27.1611 -16.8278 2.5
      vertex -27.5307 -16.6955 2.5
    endloop
  endfacet
  facet normal -0.337014 -0.9415 -0
    outer loop
      vertex -27.1611 -16.8278 2.5
      vertex -27.5307 -16.6955 -2.5
      vertex -27.1611 -16.8278 -2.5
    endloop
  endfacet
  facet normal 0.242775 -0.970083 0
    outer loop
      vertex 26.7803 -16.9231 -2.5
      vertex 27.1611 -16.8278 2.5
      vertex 26.7803 -16.9231 2.5
    endloop
  endfacet
  facet normal 0.242775 -0.970083 0
    outer loop
      vertex 27.1611 -16.8278 2.5
      vertex 26.7803 -16.9231 -2.5
      vertex 27.1611 -16.8278 -2.5
    endloop
  endfacet
  facet normal 0.14677 -0.989171 0
    outer loop
      vertex 26.3921 -16.9807 -2.5
      vertex 26.7803 -16.9231 2.5
      vertex 26.3921 -16.9807 2.5
    endloop
  endfacet
  facet normal 0.14677 -0.989171 0
    outer loop
      vertex 26.7803 -16.9231 2.5
      vertex 26.3921 -16.9807 -2.5
      vertex 26.7803 -16.9231 -2.5
    endloop
  endfacet
  facet normal 0.42744 -0.904044 0
    outer loop
      vertex 27.5307 -16.6955 -2.5
      vertex 27.8856 -16.5277 2.5
      vertex 27.5307 -16.6955 2.5
    endloop
  endfacet
  facet normal 0.42744 -0.904044 0
    outer loop
      vertex 27.8856 -16.5277 2.5
      vertex 27.5307 -16.6955 -2.5
      vertex 27.8856 -16.5277 -2.5
    endloop
  endfacet
  facet normal 0.740908 -0.671607 0
    outer loop
      vertex 28.8284 -15.8284 2.5
      vertex 29.092 -15.5376 -2.5
      vertex 29.092 -15.5376 2.5
    endloop
  endfacet
  facet normal 0.740908 -0.671607 0
    outer loop
      vertex 29.092 -15.5376 -2.5
      vertex 28.8284 -15.8284 2.5
      vertex 28.8284 -15.8284 -2.5
    endloop
  endfacet
  facet normal 0.671607 0.740908 -0
    outer loop
      vertex 28.8284 15.8284 -2.5
      vertex 28.5376 16.092 2.5
      vertex 28.8284 15.8284 2.5
    endloop
  endfacet
  facet normal 0.671607 0.740908 0
    outer loop
      vertex 28.5376 16.092 2.5
      vertex 28.8284 15.8284 -2.5
      vertex 28.5376 16.092 -2.5
    endloop
  endfacet
  facet normal 0.740908 0.671607 0
    outer loop
      vertex 29.092 15.5376 2.5
      vertex 28.8284 15.8284 -2.5
      vertex 28.8284 15.8284 2.5
    endloop
  endfacet
  facet normal 0.740908 0.671607 0
    outer loop
      vertex 28.8284 15.8284 -2.5
      vertex 29.092 15.5376 2.5
      vertex 29.092 15.5376 -2.5
    endloop
  endfacet
  facet normal 0.42744 0.904044 -0
    outer loop
      vertex 27.8856 16.5277 -2.5
      vertex 27.5307 16.6955 2.5
      vertex 27.8856 16.5277 2.5
    endloop
  endfacet
  facet normal 0.42744 0.904044 0
    outer loop
      vertex 27.5307 16.6955 2.5
      vertex 27.8856 16.5277 -2.5
      vertex 27.5307 16.6955 -2.5
    endloop
  endfacet
  facet normal -0.595794 -0.803137 0
    outer loop
      vertex -28.5376 -16.092 -2.5
      vertex -28.2223 -16.3259 2.5
      vertex -28.5376 -16.092 2.5
    endloop
  endfacet
  facet normal -0.595794 -0.803137 -0
    outer loop
      vertex -28.2223 -16.3259 2.5
      vertex -28.5376 -16.092 -2.5
      vertex -28.2223 -16.3259 -2.5
    endloop
  endfacet
  facet normal -0.14677 -0.989171 0
    outer loop
      vertex -26.7803 -16.9231 -2.5
      vertex -26.3921 -16.9807 2.5
      vertex -26.7803 -16.9231 2.5
    endloop
  endfacet
  facet normal -0.14677 -0.989171 -0
    outer loop
      vertex -26.3921 -16.9807 2.5
      vertex -26.7803 -16.9231 -2.5
      vertex -26.3921 -16.9807 -2.5
    endloop
  endfacet
  facet normal -0.242775 -0.970083 0
    outer loop
      vertex -27.1611 -16.8278 -2.5
      vertex -26.7803 -16.9231 2.5
      vertex -27.1611 -16.8278 2.5
    endloop
  endfacet
  facet normal -0.242775 -0.970083 -0
    outer loop
      vertex -26.7803 -16.9231 2.5
      vertex -27.1611 -16.8278 -2.5
      vertex -26.7803 -16.9231 -2.5
    endloop
  endfacet
  facet normal -0.671607 -0.740908 0
    outer loop
      vertex -28.8284 -15.8284 -2.5
      vertex -28.5376 -16.092 2.5
      vertex -28.8284 -15.8284 2.5
    endloop
  endfacet
  facet normal -0.671607 -0.740908 -0
    outer loop
      vertex -28.5376 -16.092 2.5
      vertex -28.8284 -15.8284 -2.5
      vertex -28.5376 -16.092 -2.5
    endloop
  endfacet
  facet normal -0.595708 -0.803201 0
    outer loop
      vertex 2.22228 3.32588 -2.5
      vertex 2.53757 3.09204 2.5
      vertex 2.22228 3.32588 2.5
    endloop
  endfacet
  facet normal -0.595708 -0.803201 -0
    outer loop
      vertex 2.53757 3.09204 2.5
      vertex 2.22228 3.32588 -2.5
      vertex 2.53757 3.09204 -2.5
    endloop
  endfacet
  facet normal -0.998796 0.049065 0
    outer loop
      vertex 3.98074 -0.392068 -2.5
      vertex 4 0 2.5
      vertex 4 0 -2.5
    endloop
  endfacet
  facet normal -0.998796 0.049065 0
    outer loop
      vertex 4 0 2.5
      vertex 3.98074 -0.392068 -2.5
      vertex 3.98074 -0.392068 2.5
    endloop
  endfacet
  facet normal 0.336887 -0.941545 0
    outer loop
      vertex -1.53073 3.69552 -2.5
      vertex -1.16114 3.82776 2.5
      vertex -1.53073 3.69552 2.5
    endloop
  endfacet
  facet normal 0.336887 -0.941545 0
    outer loop
      vertex -1.16114 3.82776 2.5
      vertex -1.53073 3.69552 -2.5
      vertex -1.16114 3.82776 -2.5
    endloop
  endfacet
  facet normal 0.903986 -0.427563 0
    outer loop
      vertex -3.69552 1.53073 2.5
      vertex -3.52768 1.88559 -2.5
      vertex -3.52768 1.88559 2.5
    endloop
  endfacet
  facet normal 0.903986 -0.427563 0
    outer loop
      vertex -3.52768 1.88559 -2.5
      vertex -3.69552 1.53073 2.5
      vertex -3.69552 1.53073 -2.5
    endloop
  endfacet
  facet normal 0.427563 0.903986 -0
    outer loop
      vertex -1.53073 -3.69552 -2.5
      vertex -1.88559 -3.52768 2.5
      vertex -1.53073 -3.69552 2.5
    endloop
  endfacet
  facet normal 0.427563 0.903986 0
    outer loop
      vertex -1.88559 -3.52768 2.5
      vertex -1.53073 -3.69552 -2.5
      vertex -1.88559 -3.52768 -2.5
    endloop
  endfacet
  facet normal -0.903986 -0.427563 0
    outer loop
      vertex 3.69552 1.53073 -2.5
      vertex 3.52768 1.88559 2.5
      vertex 3.52768 1.88559 -2.5
    endloop
  endfacet
  facet normal -0.903986 -0.427563 0
    outer loop
      vertex 3.52768 1.88559 2.5
      vertex 3.69552 1.53073 -2.5
      vertex 3.69552 1.53073 2.5
    endloop
  endfacet
  facet normal -0.857733 -0.514095 0
    outer loop
      vertex 3.52768 1.88559 -2.5
      vertex 3.32588 2.22228 2.5
      vertex 3.32588 2.22228 -2.5
    endloop
  endfacet
  facet normal -0.857733 -0.514095 0
    outer loop
      vertex 3.32588 2.22228 2.5
      vertex 3.52768 1.88559 -2.5
      vertex 3.52768 1.88559 2.5
    endloop
  endfacet
  facet normal -0.427563 -0.903986 0
    outer loop
      vertex 1.53073 3.69552 -2.5
      vertex 1.88559 3.52768 2.5
      vertex 1.53073 3.69552 2.5
    endloop
  endfacet
  facet normal -0.427563 -0.903986 -0
    outer loop
      vertex 1.88559 3.52768 2.5
      vertex 1.53073 3.69552 -2.5
      vertex 1.88559 3.52768 -2.5
    endloop
  endfacet
  facet normal -0.146736 -0.989176 0
    outer loop
      vertex 0.392068 3.98074 -2.5
      vertex 0.780361 3.92314 2.5
      vertex 0.392068 3.98074 2.5
    endloop
  endfacet
  facet normal -0.146736 -0.989176 -0
    outer loop
      vertex 0.780361 3.92314 2.5
      vertex 0.392068 3.98074 -2.5
      vertex 0.780361 3.92314 -2.5
    endloop
  endfacet
  facet normal 0.740964 -0.671545 0
    outer loop
      vertex -3.09204 2.53757 2.5
      vertex -2.82843 2.82843 -2.5
      vertex -2.82843 2.82843 2.5
    endloop
  endfacet
  facet normal 0.740964 -0.671545 0
    outer loop
      vertex -2.82843 2.82843 -2.5
      vertex -3.09204 2.53757 2.5
      vertex -3.09204 2.53757 -2.5
    endloop
  endfacet
  facet normal 0.146736 -0.989176 0
    outer loop
      vertex -0.780361 3.92314 -2.5
      vertex -0.392068 3.98074 2.5
      vertex -0.780361 3.92314 2.5
    endloop
  endfacet
  facet normal 0.146736 -0.989176 0
    outer loop
      vertex -0.392068 3.98074 2.5
      vertex -0.780361 3.92314 -2.5
      vertex -0.392068 3.98074 -2.5
    endloop
  endfacet
  facet normal -0.941545 0.336887 0
    outer loop
      vertex 3.69552 -1.53073 -2.5
      vertex 3.82776 -1.16114 2.5
      vertex 3.82776 -1.16114 -2.5
    endloop
  endfacet
  facet normal -0.941545 0.336887 0
    outer loop
      vertex 3.82776 -1.16114 2.5
      vertex 3.69552 -1.53073 -2.5
      vertex 3.69552 -1.53073 2.5
    endloop
  endfacet
  facet normal 0.146736 0.989176 -0
    outer loop
      vertex -0.392068 -3.98074 -2.5
      vertex -0.780361 -3.92314 2.5
      vertex -0.392068 -3.98074 2.5
    endloop
  endfacet
  facet normal 0.146736 0.989176 0
    outer loop
      vertex -0.780361 -3.92314 2.5
      vertex -0.392068 -3.98074 -2.5
      vertex -0.780361 -3.92314 -2.5
    endloop
  endfacet
  facet normal 0.671545 0.740964 -0
    outer loop
      vertex -2.53757 -3.09204 -2.5
      vertex -2.82843 -2.82843 2.5
      vertex -2.53757 -3.09204 2.5
    endloop
  endfacet
  facet normal 0.671545 0.740964 0
    outer loop
      vertex -2.82843 -2.82843 2.5
      vertex -2.53757 -3.09204 -2.5
      vertex -2.82843 -2.82843 -2.5
    endloop
  endfacet
  facet normal 0.989176 0.146736 0
    outer loop
      vertex -3.92314 -0.780361 2.5
      vertex -3.98074 -0.392068 -2.5
      vertex -3.98074 -0.392068 2.5
    endloop
  endfacet
  facet normal 0.989176 0.146736 0
    outer loop
      vertex -3.98074 -0.392068 -2.5
      vertex -3.92314 -0.780361 2.5
      vertex -3.92314 -0.780361 -2.5
    endloop
  endfacet
  facet normal -0.970031 -0.24298 0
    outer loop
      vertex 3.92314 0.780361 -2.5
      vertex 3.82776 1.16114 2.5
      vertex 3.82776 1.16114 -2.5
    endloop
  endfacet
  facet normal -0.970031 -0.24298 0
    outer loop
      vertex 3.82776 1.16114 2.5
      vertex 3.92314 0.780361 -2.5
      vertex 3.92314 0.780361 2.5
    endloop
  endfacet
  facet normal -0.941545 -0.336887 0
    outer loop
      vertex 3.82776 1.16114 -2.5
      vertex 3.69552 1.53073 2.5
      vertex 3.69552 1.53073 -2.5
    endloop
  endfacet
  facet normal -0.941545 -0.336887 0
    outer loop
      vertex 3.69552 1.53073 2.5
      vertex 3.82776 1.16114 -2.5
      vertex 3.82776 1.16114 2.5
    endloop
  endfacet
  facet normal -0.740964 -0.671545 0
    outer loop
      vertex 3.09204 2.53757 -2.5
      vertex 2.82843 2.82843 2.5
      vertex 2.82843 2.82843 -2.5
    endloop
  endfacet
  facet normal -0.740964 -0.671545 0
    outer loop
      vertex 2.82843 2.82843 2.5
      vertex 3.09204 2.53757 -2.5
      vertex 3.09204 2.53757 2.5
    endloop
  endfacet
  facet normal -0.803201 -0.595708 0
    outer loop
      vertex 3.32588 2.22228 -2.5
      vertex 3.09204 2.53757 2.5
      vertex 3.09204 2.53757 -2.5
    endloop
  endfacet
  facet normal -0.803201 -0.595708 0
    outer loop
      vertex 3.09204 2.53757 2.5
      vertex 3.32588 2.22228 -2.5
      vertex 3.32588 2.22228 2.5
    endloop
  endfacet
  facet normal -0.671545 -0.740964 0
    outer loop
      vertex 2.53757 3.09204 -2.5
      vertex 2.82843 2.82843 2.5
      vertex 2.53757 3.09204 2.5
    endloop
  endfacet
  facet normal -0.671545 -0.740964 -0
    outer loop
      vertex 2.82843 2.82843 2.5
      vertex 2.53757 3.09204 -2.5
      vertex 2.82843 2.82843 -2.5
    endloop
  endfacet
  facet normal -0.049065 -0.998796 0
    outer loop
      vertex 0 4 -2.5
      vertex 0.392068 3.98074 2.5
      vertex 0 4 2.5
    endloop
  endfacet
  facet normal -0.049065 -0.998796 -0
    outer loop
      vertex 0.392068 3.98074 2.5
      vertex 0 4 -2.5
      vertex 0.392068 3.98074 -2.5
    endloop
  endfacet
  facet normal -0.514095 -0.857733 0
    outer loop
      vertex 1.88559 3.52768 -2.5
      vertex 2.22228 3.32588 2.5
      vertex 1.88559 3.52768 2.5
    endloop
  endfacet
  facet normal -0.514095 -0.857733 -0
    outer loop
      vertex 2.22228 3.32588 2.5
      vertex 1.88559 3.52768 -2.5
      vertex 2.22228 3.32588 -2.5
    endloop
  endfacet
  facet normal -0.336887 -0.941545 0
    outer loop
      vertex 1.16114 3.82776 -2.5
      vertex 1.53073 3.69552 2.5
      vertex 1.16114 3.82776 2.5
    endloop
  endfacet
  facet normal -0.336887 -0.941545 -0
    outer loop
      vertex 1.53073 3.69552 2.5
      vertex 1.16114 3.82776 -2.5
      vertex 1.53073 3.69552 -2.5
    endloop
  endfacet
  facet normal -0.24298 -0.970031 0
    outer loop
      vertex 0.780361 3.92314 -2.5
      vertex 1.16114 3.82776 2.5
      vertex 0.780361 3.92314 2.5
    endloop
  endfacet
  facet normal -0.24298 -0.970031 -0
    outer loop
      vertex 1.16114 3.82776 2.5
      vertex 0.780361 3.92314 -2.5
      vertex 1.16114 3.82776 -2.5
    endloop
  endfacet
  facet normal 0.998796 -0.049065 0
    outer loop
      vertex -4 0 2.5
      vertex -3.98074 0.392068 -2.5
      vertex -3.98074 0.392068 2.5
    endloop
  endfacet
  facet normal 0.998796 -0.049065 0
    outer loop
      vertex -3.98074 0.392068 -2.5
      vertex -4 0 2.5
      vertex -4 0 -2.5
    endloop
  endfacet
  facet normal 0.941545 -0.336887 0
    outer loop
      vertex -3.82776 1.16114 2.5
      vertex -3.69552 1.53073 -2.5
      vertex -3.69552 1.53073 2.5
    endloop
  endfacet
  facet normal 0.941545 -0.336887 0
    outer loop
      vertex -3.69552 1.53073 -2.5
      vertex -3.82776 1.16114 2.5
      vertex -3.82776 1.16114 -2.5
    endloop
  endfacet
  facet normal 0.970031 -0.24298 0
    outer loop
      vertex -3.92314 0.780361 2.5
      vertex -3.82776 1.16114 -2.5
      vertex -3.82776 1.16114 2.5
    endloop
  endfacet
  facet normal 0.970031 -0.24298 0
    outer loop
      vertex -3.82776 1.16114 -2.5
      vertex -3.92314 0.780361 2.5
      vertex -3.92314 0.780361 -2.5
    endloop
  endfacet
  facet normal 0.857733 -0.514095 0
    outer loop
      vertex -3.52768 1.88559 2.5
      vertex -3.32588 2.22228 -2.5
      vertex -3.32588 2.22228 2.5
    endloop
  endfacet
  facet normal 0.857733 -0.514095 0
    outer loop
      vertex -3.32588 2.22228 -2.5
      vertex -3.52768 1.88559 2.5
      vertex -3.52768 1.88559 -2.5
    endloop
  endfacet
  facet normal 0.803201 -0.595708 0
    outer loop
      vertex -3.32588 2.22228 2.5
      vertex -3.09204 2.53757 -2.5
      vertex -3.09204 2.53757 2.5
    endloop
  endfacet
  facet normal 0.803201 -0.595708 0
    outer loop
      vertex -3.09204 2.53757 -2.5
      vertex -3.32588 2.22228 2.5
      vertex -3.32588 2.22228 -2.5
    endloop
  endfacet
  facet normal 0.24298 -0.970031 0
    outer loop
      vertex -1.16114 3.82776 -2.5
      vertex -0.780361 3.92314 2.5
      vertex -1.16114 3.82776 2.5
    endloop
  endfacet
  facet normal 0.24298 -0.970031 0
    outer loop
      vertex -0.780361 3.92314 2.5
      vertex -1.16114 3.82776 -2.5
      vertex -0.780361 3.92314 -2.5
    endloop
  endfacet
  facet normal 0.049065 -0.998796 0
    outer loop
      vertex -0.392068 3.98074 -2.5
      vertex 0 4 2.5
      vertex -0.392068 3.98074 2.5
    endloop
  endfacet
  facet normal 0.049065 -0.998796 0
    outer loop
      vertex 0 4 2.5
      vertex -0.392068 3.98074 -2.5
      vertex 0 4 -2.5
    endloop
  endfacet
  facet normal 0.514095 -0.857733 0
    outer loop
      vertex -2.22228 3.32588 -2.5
      vertex -1.88559 3.52768 2.5
      vertex -2.22228 3.32588 2.5
    endloop
  endfacet
  facet normal 0.514095 -0.857733 0
    outer loop
      vertex -1.88559 3.52768 2.5
      vertex -2.22228 3.32588 -2.5
      vertex -1.88559 3.52768 -2.5
    endloop
  endfacet
  facet normal 0.595708 -0.803201 0
    outer loop
      vertex -2.53757 3.09204 -2.5
      vertex -2.22228 3.32588 2.5
      vertex -2.53757 3.09204 2.5
    endloop
  endfacet
  facet normal 0.595708 -0.803201 0
    outer loop
      vertex -2.22228 3.32588 2.5
      vertex -2.53757 3.09204 -2.5
      vertex -2.22228 3.32588 -2.5
    endloop
  endfacet
  facet normal 0.427563 -0.903986 0
    outer loop
      vertex -1.88559 3.52768 -2.5
      vertex -1.53073 3.69552 2.5
      vertex -1.88559 3.52768 2.5
    endloop
  endfacet
  facet normal 0.427563 -0.903986 0
    outer loop
      vertex -1.53073 3.69552 2.5
      vertex -1.88559 3.52768 -2.5
      vertex -1.53073 3.69552 -2.5
    endloop
  endfacet
  facet normal 0.671545 -0.740964 0
    outer loop
      vertex -2.82843 2.82843 -2.5
      vertex -2.53757 3.09204 2.5
      vertex -2.82843 2.82843 2.5
    endloop
  endfacet
  facet normal 0.671545 -0.740964 0
    outer loop
      vertex -2.53757 3.09204 2.5
      vertex -2.82843 2.82843 -2.5
      vertex -2.53757 3.09204 -2.5
    endloop
  endfacet
  facet normal -0.998796 -0.049065 0
    outer loop
      vertex 4 0 -2.5
      vertex 3.98074 0.392068 2.5
      vertex 3.98074 0.392068 -2.5
    endloop
  endfacet
  facet normal -0.998796 -0.049065 0
    outer loop
      vertex 3.98074 0.392068 2.5
      vertex 4 0 -2.5
      vertex 4 0 2.5
    endloop
  endfacet
  facet normal -0.970031 0.24298 0
    outer loop
      vertex 3.82776 -1.16114 -2.5
      vertex 3.92314 -0.780361 2.5
      vertex 3.92314 -0.780361 -2.5
    endloop
  endfacet
  facet normal -0.970031 0.24298 0
    outer loop
      vertex 3.92314 -0.780361 2.5
      vertex 3.82776 -1.16114 -2.5
      vertex 3.82776 -1.16114 2.5
    endloop
  endfacet
  facet normal -0.049065 0.998796 0
    outer loop
      vertex 0.392068 -3.98074 -2.5
      vertex 0 -4 2.5
      vertex 0.392068 -3.98074 2.5
    endloop
  endfacet
  facet normal -0.049065 0.998796 0
    outer loop
      vertex 0 -4 2.5
      vertex 0.392068 -3.98074 -2.5
      vertex 0 -4 -2.5
    endloop
  endfacet
  facet normal -0.803201 0.595708 0
    outer loop
      vertex 3.09204 -2.53757 -2.5
      vertex 3.32588 -2.22228 2.5
      vertex 3.32588 -2.22228 -2.5
    endloop
  endfacet
  facet normal -0.803201 0.595708 0
    outer loop
      vertex 3.32588 -2.22228 2.5
      vertex 3.09204 -2.53757 -2.5
      vertex 3.09204 -2.53757 2.5
    endloop
  endfacet
  facet normal -0.24298 0.970031 0
    outer loop
      vertex 1.16114 -3.82776 -2.5
      vertex 0.780361 -3.92314 2.5
      vertex 1.16114 -3.82776 2.5
    endloop
  endfacet
  facet normal -0.24298 0.970031 0
    outer loop
      vertex 0.780361 -3.92314 2.5
      vertex 1.16114 -3.82776 -2.5
      vertex 0.780361 -3.92314 -2.5
    endloop
  endfacet
  facet normal -0.336887 0.941545 0
    outer loop
      vertex 1.53073 -3.69552 -2.5
      vertex 1.16114 -3.82776 2.5
      vertex 1.53073 -3.69552 2.5
    endloop
  endfacet
  facet normal -0.336887 0.941545 0
    outer loop
      vertex 1.16114 -3.82776 2.5
      vertex 1.53073 -3.69552 -2.5
      vertex 1.16114 -3.82776 -2.5
    endloop
  endfacet
  facet normal -0.671545 0.740964 0
    outer loop
      vertex 2.82843 -2.82843 -2.5
      vertex 2.53757 -3.09204 2.5
      vertex 2.82843 -2.82843 2.5
    endloop
  endfacet
  facet normal -0.671545 0.740964 0
    outer loop
      vertex 2.53757 -3.09204 2.5
      vertex 2.82843 -2.82843 -2.5
      vertex 2.53757 -3.09204 -2.5
    endloop
  endfacet
  facet normal -0.514095 0.857733 0
    outer loop
      vertex 2.22228 -3.32588 -2.5
      vertex 1.88559 -3.52768 2.5
      vertex 2.22228 -3.32588 2.5
    endloop
  endfacet
  facet normal -0.514095 0.857733 0
    outer loop
      vertex 1.88559 -3.52768 2.5
      vertex 2.22228 -3.32588 -2.5
      vertex 1.88559 -3.52768 -2.5
    endloop
  endfacet
  facet normal 0.049065 0.998796 -0
    outer loop
      vertex 0 -4 -2.5
      vertex -0.392068 -3.98074 2.5
      vertex 0 -4 2.5
    endloop
  endfacet
  facet normal 0.049065 0.998796 0
    outer loop
      vertex -0.392068 -3.98074 2.5
      vertex 0 -4 -2.5
      vertex -0.392068 -3.98074 -2.5
    endloop
  endfacet
  facet normal 0.336887 0.941545 -0
    outer loop
      vertex -1.16114 -3.82776 -2.5
      vertex -1.53073 -3.69552 2.5
      vertex -1.16114 -3.82776 2.5
    endloop
  endfacet
  facet normal 0.336887 0.941545 0
    outer loop
      vertex -1.53073 -3.69552 2.5
      vertex -1.16114 -3.82776 -2.5
      vertex -1.53073 -3.69552 -2.5
    endloop
  endfacet
  facet normal 0.514095 0.857733 -0
    outer loop
      vertex -1.88559 -3.52768 -2.5
      vertex -2.22228 -3.32588 2.5
      vertex -1.88559 -3.52768 2.5
    endloop
  endfacet
  facet normal 0.514095 0.857733 0
    outer loop
      vertex -2.22228 -3.32588 2.5
      vertex -1.88559 -3.52768 -2.5
      vertex -2.22228 -3.32588 -2.5
    endloop
  endfacet
  facet normal 0.970031 0.24298 0
    outer loop
      vertex -3.82776 -1.16114 2.5
      vertex -3.92314 -0.780361 -2.5
      vertex -3.92314 -0.780361 2.5
    endloop
  endfacet
  facet normal 0.970031 0.24298 0
    outer loop
      vertex -3.92314 -0.780361 -2.5
      vertex -3.82776 -1.16114 2.5
      vertex -3.82776 -1.16114 -2.5
    endloop
  endfacet
  facet normal 0.998796 0.049065 0
    outer loop
      vertex -3.98074 -0.392068 2.5
      vertex -4 0 -2.5
      vertex -4 0 2.5
    endloop
  endfacet
  facet normal 0.998796 0.049065 0
    outer loop
      vertex -4 0 -2.5
      vertex -3.98074 -0.392068 2.5
      vertex -3.98074 -0.392068 -2.5
    endloop
  endfacet
  facet normal 0.803201 0.595708 0
    outer loop
      vertex -3.09204 -2.53757 2.5
      vertex -3.32588 -2.22228 -2.5
      vertex -3.32588 -2.22228 2.5
    endloop
  endfacet
  facet normal 0.803201 0.595708 0
    outer loop
      vertex -3.32588 -2.22228 -2.5
      vertex -3.09204 -2.53757 2.5
      vertex -3.09204 -2.53757 -2.5
    endloop
  endfacet
  facet normal 0.903986 0.427563 0
    outer loop
      vertex -3.52768 -1.88559 2.5
      vertex -3.69552 -1.53073 -2.5
      vertex -3.69552 -1.53073 2.5
    endloop
  endfacet
  facet normal 0.903986 0.427563 0
    outer loop
      vertex -3.69552 -1.53073 -2.5
      vertex -3.52768 -1.88559 2.5
      vertex -3.52768 -1.88559 -2.5
    endloop
  endfacet
  facet normal 0.740964 0.671545 0
    outer loop
      vertex -2.82843 -2.82843 2.5
      vertex -3.09204 -2.53757 -2.5
      vertex -3.09204 -2.53757 2.5
    endloop
  endfacet
  facet normal 0.740964 0.671545 0
    outer loop
      vertex -3.09204 -2.53757 -2.5
      vertex -2.82843 -2.82843 2.5
      vertex -2.82843 -2.82843 -2.5
    endloop
  endfacet
  facet normal -0.989176 -0.146736 0
    outer loop
      vertex 3.98074 0.392068 -2.5
      vertex 3.92314 0.780361 2.5
      vertex 3.92314 0.780361 -2.5
    endloop
  endfacet
  facet normal -0.989176 -0.146736 0
    outer loop
      vertex 3.92314 0.780361 2.5
      vertex 3.98074 0.392068 -2.5
      vertex 3.98074 0.392068 2.5
    endloop
  endfacet
  facet normal 0.989176 -0.146736 0
    outer loop
      vertex -3.98074 0.392068 2.5
      vertex -3.92314 0.780361 -2.5
      vertex -3.92314 0.780361 2.5
    endloop
  endfacet
  facet normal 0.989176 -0.146736 0
    outer loop
      vertex -3.92314 0.780361 -2.5
      vertex -3.98074 0.392068 2.5
      vertex -3.98074 0.392068 -2.5
    endloop
  endfacet
  facet normal -0.989176 0.146736 0
    outer loop
      vertex 3.92314 -0.780361 -2.5
      vertex 3.98074 -0.392068 2.5
      vertex 3.98074 -0.392068 -2.5
    endloop
  endfacet
  facet normal -0.989176 0.146736 0
    outer loop
      vertex 3.98074 -0.392068 2.5
      vertex 3.92314 -0.780361 -2.5
      vertex 3.92314 -0.780361 2.5
    endloop
  endfacet
  facet normal -0.146736 0.989176 0
    outer loop
      vertex 0.780361 -3.92314 -2.5
      vertex 0.392068 -3.98074 2.5
      vertex 0.780361 -3.92314 2.5
    endloop
  endfacet
  facet normal -0.146736 0.989176 0
    outer loop
      vertex 0.392068 -3.98074 2.5
      vertex 0.780361 -3.92314 -2.5
      vertex 0.392068 -3.98074 -2.5
    endloop
  endfacet
  facet normal -0.427563 0.903986 0
    outer loop
      vertex 1.88559 -3.52768 -2.5
      vertex 1.53073 -3.69552 2.5
      vertex 1.88559 -3.52768 2.5
    endloop
  endfacet
  facet normal -0.427563 0.903986 0
    outer loop
      vertex 1.53073 -3.69552 2.5
      vertex 1.88559 -3.52768 -2.5
      vertex 1.53073 -3.69552 -2.5
    endloop
  endfacet
  facet normal -0.740964 0.671545 0
    outer loop
      vertex 2.82843 -2.82843 -2.5
      vertex 3.09204 -2.53757 2.5
      vertex 3.09204 -2.53757 -2.5
    endloop
  endfacet
  facet normal -0.740964 0.671545 0
    outer loop
      vertex 3.09204 -2.53757 2.5
      vertex 2.82843 -2.82843 -2.5
      vertex 2.82843 -2.82843 2.5
    endloop
  endfacet
  facet normal -0.595708 0.803201 0
    outer loop
      vertex 2.53757 -3.09204 -2.5
      vertex 2.22228 -3.32588 2.5
      vertex 2.53757 -3.09204 2.5
    endloop
  endfacet
  facet normal -0.595708 0.803201 0
    outer loop
      vertex 2.22228 -3.32588 2.5
      vertex 2.53757 -3.09204 -2.5
      vertex 2.22228 -3.32588 -2.5
    endloop
  endfacet
  facet normal 0.24298 0.970031 -0
    outer loop
      vertex -0.780361 -3.92314 -2.5
      vertex -1.16114 -3.82776 2.5
      vertex -0.780361 -3.92314 2.5
    endloop
  endfacet
  facet normal 0.24298 0.970031 0
    outer loop
      vertex -1.16114 -3.82776 2.5
      vertex -0.780361 -3.92314 -2.5
      vertex -1.16114 -3.82776 -2.5
    endloop
  endfacet
  facet normal 0.595708 0.803201 -0
    outer loop
      vertex -2.22228 -3.32588 -2.5
      vertex -2.53757 -3.09204 2.5
      vertex -2.22228 -3.32588 2.5
    endloop
  endfacet
  facet normal 0.595708 0.803201 0
    outer loop
      vertex -2.53757 -3.09204 2.5
      vertex -2.22228 -3.32588 -2.5
      vertex -2.53757 -3.09204 -2.5
    endloop
  endfacet
  facet normal 0.941545 0.336887 0
    outer loop
      vertex -3.69552 -1.53073 2.5
      vertex -3.82776 -1.16114 -2.5
      vertex -3.82776 -1.16114 2.5
    endloop
  endfacet
  facet normal 0.941545 0.336887 0
    outer loop
      vertex -3.82776 -1.16114 -2.5
      vertex -3.69552 -1.53073 2.5
      vertex -3.69552 -1.53073 -2.5
    endloop
  endfacet
  facet normal 0.857733 0.514095 0
    outer loop
      vertex -3.32588 -2.22228 2.5
      vertex -3.52768 -1.88559 -2.5
      vertex -3.52768 -1.88559 2.5
    endloop
  endfacet
  facet normal 0.857733 0.514095 0
    outer loop
      vertex -3.52768 -1.88559 -2.5
      vertex -3.32588 -2.22228 2.5
      vertex -3.32588 -2.22228 -2.5
    endloop
  endfacet
  facet normal -0.903986 0.427563 0
    outer loop
      vertex 3.52768 -1.88559 -2.5
      vertex 3.69552 -1.53073 2.5
      vertex 3.69552 -1.53073 -2.5
    endloop
  endfacet
  facet normal -0.903986 0.427563 0
    outer loop
      vertex 3.69552 -1.53073 2.5
      vertex 3.52768 -1.88559 -2.5
      vertex 3.52768 -1.88559 2.5
    endloop
  endfacet
  facet normal -0.857733 0.514095 0
    outer loop
      vertex 3.32588 -2.22228 -2.5
      vertex 3.52768 -1.88559 2.5
      vertex 3.52768 -1.88559 -2.5
    endloop
  endfacet
  facet normal -0.857733 0.514095 0
    outer loop
      vertex 3.52768 -1.88559 2.5
      vertex 3.32588 -2.22228 -2.5
      vertex 3.32588 -2.22228 2.5
    endloop
  endfacet
endsolid OpenSCAD_Model
