solid OpenSCAD_Model
  facet normal -0.998791 -0.0491602 0
    outer loop
      vertex -44.3 -30 -10
      vertex -44.3082 -29.8334 -8.05
      vertex -44.3082 -29.8334 -10
    endloop
  endfacet
  facet normal -0.998791 -0.0491602 0
    outer loop
      vertex -44.3082 -29.8334 -8.05
      vertex -44.3 -30 -10
      vertex -44.3 -30 -8.05
    endloop
  endfacet
  facet normal 0.998791 -0.0491602 0
    outer loop
      vertex -47.7 -30 -8.05
      vertex -47.6918 -29.8334 -10
      vertex -47.6918 -29.8334 -8.05
    endloop
  endfacet
  facet normal 0.998791 -0.0491602 0
    outer loop
      vertex -47.6918 -29.8334 -10
      vertex -47.7 -30 -8.05
      vertex -47.7 -30 -10
    endloop
  endfacet
  facet normal -0.0491602 -0.998791 0
    outer loop
      vertex -46 -28.3 -10
      vertex -45.8334 -28.3082 -8.05
      vertex -46 -28.3 -8.05
    endloop
  endfacet
  facet normal -0.0491602 -0.998791 -0
    outer loop
      vertex -45.8334 -28.3082 -8.05
      vertex -46 -28.3 -10
      vertex -45.8334 -28.3082 -10
    endloop
  endfacet
  facet normal -0.671478 -0.741024 0
    outer loop
      vertex -44.9215 -28.6859 -10
      vertex -44.7979 -28.7979 -8.05
      vertex -44.9215 -28.6859 -8.05
    endloop
  endfacet
  facet normal -0.671478 -0.741024 -0
    outer loop
      vertex -44.7979 -28.7979 -8.05
      vertex -44.9215 -28.6859 -10
      vertex -44.7979 -28.7979 -10
    endloop
  endfacet
  facet normal 0.671478 -0.741024 0
    outer loop
      vertex -47.2021 -28.7979 -10
      vertex -47.0785 -28.6859 -8.05
      vertex -47.2021 -28.7979 -8.05
    endloop
  endfacet
  facet normal 0.671478 -0.741024 0
    outer loop
      vertex -47.0785 -28.6859 -8.05
      vertex -47.2021 -28.7979 -10
      vertex -47.0785 -28.6859 -10
    endloop
  endfacet
  facet normal 0.33683 -0.941566 0
    outer loop
      vertex -46.6506 -28.4294 -10
      vertex -46.4935 -28.3732 -8.05
      vertex -46.6506 -28.4294 -8.05
    endloop
  endfacet
  facet normal 0.33683 -0.941566 0
    outer loop
      vertex -46.4935 -28.3732 -8.05
      vertex -46.6506 -28.4294 -10
      vertex -46.4935 -28.3732 -10
    endloop
  endfacet
  facet normal 0.941566 0.33683 0
    outer loop
      vertex -47.5706 -30.6506 -8.05
      vertex -47.6268 -30.4935 -10
      vertex -47.6268 -30.4935 -8.05
    endloop
  endfacet
  facet normal 0.941566 0.33683 0
    outer loop
      vertex -47.6268 -30.4935 -10
      vertex -47.5706 -30.6506 -8.05
      vertex -47.5706 -30.6506 -10
    endloop
  endfacet
  facet normal -0.904043 -0.427442 0
    outer loop
      vertex -44.4294 -29.3494 -10
      vertex -44.5007 -29.1986 -8.05
      vertex -44.5007 -29.1986 -10
    endloop
  endfacet
  facet normal -0.904043 -0.427442 0
    outer loop
      vertex -44.5007 -29.1986 -8.05
      vertex -44.4294 -29.3494 -10
      vertex -44.4294 -29.3494 -8.05
    endloop
  endfacet
  facet normal -0.427442 -0.904043 0
    outer loop
      vertex -45.3494 -28.4294 -10
      vertex -45.1986 -28.5007 -8.05
      vertex -45.3494 -28.4294 -8.05
    endloop
  endfacet
  facet normal -0.427442 -0.904043 -0
    outer loop
      vertex -45.1986 -28.5007 -8.05
      vertex -45.3494 -28.4294 -10
      vertex -45.1986 -28.5007 -10
    endloop
  endfacet
  facet normal -0.514231 -0.857652 0
    outer loop
      vertex -45.1986 -28.5007 -10
      vertex -45.0555 -28.5865 -8.05
      vertex -45.1986 -28.5007 -8.05
    endloop
  endfacet
  facet normal -0.514231 -0.857652 -0
    outer loop
      vertex -45.0555 -28.5865 -8.05
      vertex -45.1986 -28.5007 -10
      vertex -45.0555 -28.5865 -10
    endloop
  endfacet
  facet normal 0.904043 -0.427442 0
    outer loop
      vertex -47.5706 -29.3494 -8.05
      vertex -47.4993 -29.1986 -10
      vertex -47.4993 -29.1986 -8.05
    endloop
  endfacet
  facet normal 0.904043 -0.427442 0
    outer loop
      vertex -47.4993 -29.1986 -10
      vertex -47.5706 -29.3494 -8.05
      vertex -47.5706 -29.3494 -10
    endloop
  endfacet
  facet normal 0.146788 -0.989168 0
    outer loop
      vertex -46.3317 -28.3327 -10
      vertex -46.1666 -28.3082 -8.05
      vertex -46.3317 -28.3327 -8.05
    endloop
  endfacet
  facet normal 0.146788 -0.989168 0
    outer loop
      vertex -46.1666 -28.3082 -8.05
      vertex -46.3317 -28.3327 -10
      vertex -46.1666 -28.3082 -10
    endloop
  endfacet
  facet normal -0.941566 0.33683 0
    outer loop
      vertex -44.4294 -30.6506 -10
      vertex -44.3732 -30.4935 -8.05
      vertex -44.3732 -30.4935 -10
    endloop
  endfacet
  facet normal -0.941566 0.33683 0
    outer loop
      vertex -44.3732 -30.4935 -8.05
      vertex -44.4294 -30.6506 -10
      vertex -44.4294 -30.6506 -8.05
    endloop
  endfacet
  facet normal 0 0 1
    outer loop
      vertex -44.3082 -29.8334 -10
      vertex -44.3082 -30.1666 -10
      vertex -44.3 -30 -10
    endloop
  endfacet
  facet normal 0 0 1
    outer loop
      vertex -44.3327 -29.6683 -10
      vertex -44.3082 -30.1666 -10
      vertex -44.3082 -29.8334 -10
    endloop
  endfacet
  facet normal 0 0 1
    outer loop
      vertex -44.3327 -29.6683 -10
      vertex -44.3327 -30.3317 -10
      vertex -44.3082 -30.1666 -10
    endloop
  endfacet
  facet normal 0 0 1
    outer loop
      vertex -44.3732 -29.5065 -10
      vertex -44.3327 -30.3317 -10
      vertex -44.3327 -29.6683 -10
    endloop
  endfacet
  facet normal 0 0 1
    outer loop
      vertex -44.3732 -29.5065 -10
      vertex -44.3732 -30.4935 -10
      vertex -44.3327 -30.3317 -10
    endloop
  endfacet
  facet normal 0 0 1
    outer loop
      vertex -44.4294 -29.3494 -10
      vertex -44.3732 -30.4935 -10
      vertex -44.3732 -29.5065 -10
    endloop
  endfacet
  facet normal 0 0 1
    outer loop
      vertex -44.4294 -29.3494 -10
      vertex -44.4294 -30.6506 -10
      vertex -44.3732 -30.4935 -10
    endloop
  endfacet
  facet normal 0 0 1
    outer loop
      vertex -44.5007 -29.1986 -10
      vertex -44.4294 -30.6506 -10
      vertex -44.4294 -29.3494 -10
    endloop
  endfacet
  facet normal 0 0 1
    outer loop
      vertex -44.5007 -29.1986 -10
      vertex -44.5007 -30.8014 -10
      vertex -44.4294 -30.6506 -10
    endloop
  endfacet
  facet normal 0 0 1
    outer loop
      vertex -44.5865 -29.0555 -10
      vertex -44.5007 -30.8014 -10
      vertex -44.5007 -29.1986 -10
    endloop
  endfacet
  facet normal 0 0 1
    outer loop
      vertex -44.5865 -29.0555 -10
      vertex -44.5865 -30.9445 -10
      vertex -44.5007 -30.8014 -10
    endloop
  endfacet
  facet normal 0 0 1
    outer loop
      vertex -44.6859 -28.9215 -10
      vertex -44.5865 -30.9445 -10
      vertex -44.5865 -29.0555 -10
    endloop
  endfacet
  facet normal 0 0 1
    outer loop
      vertex -44.6859 -28.9215 -10
      vertex -44.6859 -31.0785 -10
      vertex -44.5865 -30.9445 -10
    endloop
  endfacet
  facet normal 0 0 1
    outer loop
      vertex -44.7979 -28.7979 -10
      vertex -44.6859 -31.0785 -10
      vertex -44.6859 -28.9215 -10
    endloop
  endfacet
  facet normal 0 0 1
    outer loop
      vertex -44.7979 -28.7979 -10
      vertex -44.7979 -31.2021 -10
      vertex -44.6859 -31.0785 -10
    endloop
  endfacet
  facet normal 0 0 1
    outer loop
      vertex -44.9215 -28.6859 -10
      vertex -44.7979 -31.2021 -10
      vertex -44.7979 -28.7979 -10
    endloop
  endfacet
  facet normal 0 0 1
    outer loop
      vertex -44.9215 -28.6859 -10
      vertex -44.9215 -31.3141 -10
      vertex -44.7979 -31.2021 -10
    endloop
  endfacet
  facet normal 0 0 1
    outer loop
      vertex -45.0555 -28.5865 -10
      vertex -44.9215 -31.3141 -10
      vertex -44.9215 -28.6859 -10
    endloop
  endfacet
  facet normal 0 0 1
    outer loop
      vertex -45.0555 -28.5865 -10
      vertex -45.0555 -31.4135 -10
      vertex -44.9215 -31.3141 -10
    endloop
  endfacet
  facet normal 0 0 1
    outer loop
      vertex -45.1986 -28.5007 -10
      vertex -45.0555 -31.4135 -10
      vertex -45.0555 -28.5865 -10
    endloop
  endfacet
  facet normal 0 0 1
    outer loop
      vertex -45.1986 -28.5007 -10
      vertex -45.1986 -31.4993 -10
      vertex -45.0555 -31.4135 -10
    endloop
  endfacet
  facet normal 0 0 1
    outer loop
      vertex -45.3494 -28.4294 -10
      vertex -45.1986 -31.4993 -10
      vertex -45.1986 -28.5007 -10
    endloop
  endfacet
  facet normal 0 0 1
    outer loop
      vertex -45.3494 -28.4294 -10
      vertex -45.3494 -31.5706 -10
      vertex -45.1986 -31.4993 -10
    endloop
  endfacet
  facet normal 0 0 1
    outer loop
      vertex -45.5065 -28.3732 -10
      vertex -45.3494 -31.5706 -10
      vertex -45.3494 -28.4294 -10
    endloop
  endfacet
  facet normal 0 0 1
    outer loop
      vertex -45.5065 -28.3732 -10
      vertex -45.5065 -31.6268 -10
      vertex -45.3494 -31.5706 -10
    endloop
  endfacet
  facet normal 0 0 1
    outer loop
      vertex -45.6683 -28.3327 -10
      vertex -45.5065 -31.6268 -10
      vertex -45.5065 -28.3732 -10
    endloop
  endfacet
  facet normal 0 0 1
    outer loop
      vertex -45.6683 -28.3327 -10
      vertex -45.6683 -31.6673 -10
      vertex -45.5065 -31.6268 -10
    endloop
  endfacet
  facet normal 0 0 1
    outer loop
      vertex -45.8334 -28.3082 -10
      vertex -45.6683 -31.6673 -10
      vertex -45.6683 -28.3327 -10
    endloop
  endfacet
  facet normal 0 0 1
    outer loop
      vertex -45.8334 -28.3082 -10
      vertex -45.8334 -31.6918 -10
      vertex -45.6683 -31.6673 -10
    endloop
  endfacet
  facet normal 0 0 1
    outer loop
      vertex -46 -28.3 -10
      vertex -45.8334 -31.6918 -10
      vertex -45.8334 -28.3082 -10
    endloop
  endfacet
  facet normal 0 0 1
    outer loop
      vertex -46 -28.3 -10
      vertex -46 -31.7 -10
      vertex -45.8334 -31.6918 -10
    endloop
  endfacet
  facet normal -0 0 1
    outer loop
      vertex -46.1666 -28.3082 -10
      vertex -46 -31.7 -10
      vertex -46 -28.3 -10
    endloop
  endfacet
  facet normal 0 0 1
    outer loop
      vertex -46.1666 -28.3082 -10
      vertex -46.1666 -31.6918 -10
      vertex -46 -31.7 -10
    endloop
  endfacet
  facet normal -0 0 1
    outer loop
      vertex -46.3317 -28.3327 -10
      vertex -46.1666 -31.6918 -10
      vertex -46.1666 -28.3082 -10
    endloop
  endfacet
  facet normal 0 0 1
    outer loop
      vertex -46.3317 -28.3327 -10
      vertex -46.3317 -31.6673 -10
      vertex -46.1666 -31.6918 -10
    endloop
  endfacet
  facet normal -0 0 1
    outer loop
      vertex -46.4935 -28.3732 -10
      vertex -46.3317 -31.6673 -10
      vertex -46.3317 -28.3327 -10
    endloop
  endfacet
  facet normal 0 0 1
    outer loop
      vertex -46.4935 -28.3732 -10
      vertex -46.4935 -31.6268 -10
      vertex -46.3317 -31.6673 -10
    endloop
  endfacet
  facet normal -0 0 1
    outer loop
      vertex -46.6506 -28.4294 -10
      vertex -46.4935 -31.6268 -10
      vertex -46.4935 -28.3732 -10
    endloop
  endfacet
  facet normal 0 0 1
    outer loop
      vertex -46.6506 -28.4294 -10
      vertex -46.6506 -31.5706 -10
      vertex -46.4935 -31.6268 -10
    endloop
  endfacet
  facet normal -0 0 1
    outer loop
      vertex -46.8014 -28.5007 -10
      vertex -46.6506 -31.5706 -10
      vertex -46.6506 -28.4294 -10
    endloop
  endfacet
  facet normal 0 0 1
    outer loop
      vertex -46.8014 -28.5007 -10
      vertex -46.8014 -31.4993 -10
      vertex -46.6506 -31.5706 -10
    endloop
  endfacet
  facet normal -0 0 1
    outer loop
      vertex -46.9445 -28.5865 -10
      vertex -46.8014 -31.4993 -10
      vertex -46.8014 -28.5007 -10
    endloop
  endfacet
  facet normal 0 0 1
    outer loop
      vertex -46.9445 -28.5865 -10
      vertex -46.9445 -31.4135 -10
      vertex -46.8014 -31.4993 -10
    endloop
  endfacet
  facet normal -0 0 1
    outer loop
      vertex -47.0785 -28.6859 -10
      vertex -46.9445 -31.4135 -10
      vertex -46.9445 -28.5865 -10
    endloop
  endfacet
  facet normal 0 0 1
    outer loop
      vertex -47.0785 -28.6859 -10
      vertex -47.0785 -31.3141 -10
      vertex -46.9445 -31.4135 -10
    endloop
  endfacet
  facet normal -0 0 1
    outer loop
      vertex -47.2021 -28.7979 -10
      vertex -47.0785 -31.3141 -10
      vertex -47.0785 -28.6859 -10
    endloop
  endfacet
  facet normal 0 0 1
    outer loop
      vertex -47.2021 -28.7979 -10
      vertex -47.2021 -31.2021 -10
      vertex -47.0785 -31.3141 -10
    endloop
  endfacet
  facet normal -0 0 1
    outer loop
      vertex -47.3141 -28.9215 -10
      vertex -47.2021 -31.2021 -10
      vertex -47.2021 -28.7979 -10
    endloop
  endfacet
  facet normal 0 0 1
    outer loop
      vertex -47.3141 -28.9215 -10
      vertex -47.3141 -31.0785 -10
      vertex -47.2021 -31.2021 -10
    endloop
  endfacet
  facet normal -0 0 1
    outer loop
      vertex -47.4135 -29.0555 -10
      vertex -47.3141 -31.0785 -10
      vertex -47.3141 -28.9215 -10
    endloop
  endfacet
  facet normal 0 0 1
    outer loop
      vertex -47.4135 -29.0555 -10
      vertex -47.4135 -30.9445 -10
      vertex -47.3141 -31.0785 -10
    endloop
  endfacet
  facet normal -0 0 1
    outer loop
      vertex -47.4993 -29.1986 -10
      vertex -47.4135 -30.9445 -10
      vertex -47.4135 -29.0555 -10
    endloop
  endfacet
  facet normal 0 0 1
    outer loop
      vertex -47.4993 -29.1986 -10
      vertex -47.4993 -30.8014 -10
      vertex -47.4135 -30.9445 -10
    endloop
  endfacet
  facet normal -0 0 1
    outer loop
      vertex -47.5706 -29.3494 -10
      vertex -47.4993 -30.8014 -10
      vertex -47.4993 -29.1986 -10
    endloop
  endfacet
  facet normal 0 0 1
    outer loop
      vertex -47.5706 -29.3494 -10
      vertex -47.5706 -30.6506 -10
      vertex -47.4993 -30.8014 -10
    endloop
  endfacet
  facet normal -0 0 1
    outer loop
      vertex -47.6268 -29.5065 -10
      vertex -47.5706 -30.6506 -10
      vertex -47.5706 -29.3494 -10
    endloop
  endfacet
  facet normal 0 0 1
    outer loop
      vertex -47.6268 -29.5065 -10
      vertex -47.6268 -30.4935 -10
      vertex -47.5706 -30.6506 -10
    endloop
  endfacet
  facet normal -0 0 1
    outer loop
      vertex -47.6673 -29.6683 -10
      vertex -47.6268 -30.4935 -10
      vertex -47.6268 -29.5065 -10
    endloop
  endfacet
  facet normal 0 0 1
    outer loop
      vertex -47.6673 -29.6683 -10
      vertex -47.6673 -30.3317 -10
      vertex -47.6268 -30.4935 -10
    endloop
  endfacet
  facet normal -0 0 1
    outer loop
      vertex -47.6918 -29.8334 -10
      vertex -47.6673 -30.3317 -10
      vertex -47.6673 -29.6683 -10
    endloop
  endfacet
  facet normal 0 0 1
    outer loop
      vertex -47.6918 -29.8334 -10
      vertex -47.6918 -30.1666 -10
      vertex -47.6673 -30.3317 -10
    endloop
  endfacet
  facet normal 0 -0 1
    outer loop
      vertex -47.6918 -30.1666 -10
      vertex -47.6918 -29.8334 -10
      vertex -47.7 -30 -10
    endloop
  endfacet
  facet normal -0.970072 -0.242818 0
    outer loop
      vertex -44.3327 -29.6683 -10
      vertex -44.3732 -29.5065 -8.05
      vertex -44.3732 -29.5065 -10
    endloop
  endfacet
  facet normal -0.970072 -0.242818 0
    outer loop
      vertex -44.3732 -29.5065 -8.05
      vertex -44.3327 -29.6683 -10
      vertex -44.3327 -29.6683 -8.05
    endloop
  endfacet
  facet normal -0.989168 -0.146788 0
    outer loop
      vertex -44.3082 -29.8334 -10
      vertex -44.3327 -29.6683 -8.05
      vertex -44.3327 -29.6683 -10
    endloop
  endfacet
  facet normal -0.989168 -0.146788 0
    outer loop
      vertex -44.3327 -29.6683 -8.05
      vertex -44.3082 -29.8334 -10
      vertex -44.3082 -29.8334 -8.05
    endloop
  endfacet
  facet normal -0.941566 -0.33683 0
    outer loop
      vertex -44.3732 -29.5065 -10
      vertex -44.4294 -29.3494 -8.05
      vertex -44.4294 -29.3494 -10
    endloop
  endfacet
  facet normal -0.941566 -0.33683 0
    outer loop
      vertex -44.4294 -29.3494 -8.05
      vertex -44.3732 -29.5065 -10
      vertex -44.3732 -29.5065 -8.05
    endloop
  endfacet
  facet normal -0.803154 -0.595772 0
    outer loop
      vertex -44.5865 -29.0555 -10
      vertex -44.6859 -28.9215 -8.05
      vertex -44.6859 -28.9215 -10
    endloop
  endfacet
  facet normal -0.803154 -0.595772 0
    outer loop
      vertex -44.6859 -28.9215 -8.05
      vertex -44.5865 -29.0555 -10
      vertex -44.5865 -29.0555 -8.05
    endloop
  endfacet
  facet normal -0.741024 -0.671478 0
    outer loop
      vertex -44.6859 -28.9215 -10
      vertex -44.7979 -28.7979 -8.05
      vertex -44.7979 -28.7979 -10
    endloop
  endfacet
  facet normal -0.741024 -0.671478 0
    outer loop
      vertex -44.7979 -28.7979 -8.05
      vertex -44.6859 -28.9215 -10
      vertex -44.6859 -28.9215 -8.05
    endloop
  endfacet
  facet normal -0.857652 -0.514231 0
    outer loop
      vertex -44.5007 -29.1986 -10
      vertex -44.5865 -29.0555 -8.05
      vertex -44.5865 -29.0555 -10
    endloop
  endfacet
  facet normal -0.857652 -0.514231 0
    outer loop
      vertex -44.5865 -29.0555 -8.05
      vertex -44.5007 -29.1986 -10
      vertex -44.5007 -29.1986 -8.05
    endloop
  endfacet
  facet normal -0.242818 -0.970072 0
    outer loop
      vertex -45.6683 -28.3327 -10
      vertex -45.5065 -28.3732 -8.05
      vertex -45.6683 -28.3327 -8.05
    endloop
  endfacet
  facet normal -0.242818 -0.970072 -0
    outer loop
      vertex -45.5065 -28.3732 -8.05
      vertex -45.6683 -28.3327 -10
      vertex -45.5065 -28.3732 -10
    endloop
  endfacet
  facet normal -0.33683 -0.941566 0
    outer loop
      vertex -45.5065 -28.3732 -10
      vertex -45.3494 -28.4294 -8.05
      vertex -45.5065 -28.3732 -8.05
    endloop
  endfacet
  facet normal -0.33683 -0.941566 -0
    outer loop
      vertex -45.3494 -28.4294 -8.05
      vertex -45.5065 -28.3732 -10
      vertex -45.3494 -28.4294 -10
    endloop
  endfacet
  facet normal -0.146788 -0.989168 0
    outer loop
      vertex -45.8334 -28.3082 -10
      vertex -45.6683 -28.3327 -8.05
      vertex -45.8334 -28.3082 -8.05
    endloop
  endfacet
  facet normal -0.146788 -0.989168 -0
    outer loop
      vertex -45.6683 -28.3327 -8.05
      vertex -45.8334 -28.3082 -10
      vertex -45.6683 -28.3327 -10
    endloop
  endfacet
  facet normal -0.595772 -0.803154 0
    outer loop
      vertex -45.0555 -28.5865 -10
      vertex -44.9215 -28.6859 -8.05
      vertex -45.0555 -28.5865 -8.05
    endloop
  endfacet
  facet normal -0.595772 -0.803154 -0
    outer loop
      vertex -44.9215 -28.6859 -8.05
      vertex -45.0555 -28.5865 -10
      vertex -44.9215 -28.6859 -10
    endloop
  endfacet
  facet normal 0.970072 -0.242818 0
    outer loop
      vertex -47.6673 -29.6683 -8.05
      vertex -47.6268 -29.5065 -10
      vertex -47.6268 -29.5065 -8.05
    endloop
  endfacet
  facet normal 0.970072 -0.242818 0
    outer loop
      vertex -47.6268 -29.5065 -10
      vertex -47.6673 -29.6683 -8.05
      vertex -47.6673 -29.6683 -10
    endloop
  endfacet
  facet normal 0.803154 -0.595772 0
    outer loop
      vertex -47.4135 -29.0555 -8.05
      vertex -47.3141 -28.9215 -10
      vertex -47.3141 -28.9215 -8.05
    endloop
  endfacet
  facet normal 0.803154 -0.595772 0
    outer loop
      vertex -47.3141 -28.9215 -10
      vertex -47.4135 -29.0555 -8.05
      vertex -47.4135 -29.0555 -10
    endloop
  endfacet
  facet normal 0.741024 -0.671478 0
    outer loop
      vertex -47.3141 -28.9215 -8.05
      vertex -47.2021 -28.7979 -10
      vertex -47.2021 -28.7979 -8.05
    endloop
  endfacet
  facet normal 0.741024 -0.671478 0
    outer loop
      vertex -47.2021 -28.7979 -10
      vertex -47.3141 -28.9215 -8.05
      vertex -47.3141 -28.9215 -10
    endloop
  endfacet
  facet normal 0.857652 -0.514231 0
    outer loop
      vertex -47.4993 -29.1986 -8.05
      vertex -47.4135 -29.0555 -10
      vertex -47.4135 -29.0555 -8.05
    endloop
  endfacet
  facet normal 0.857652 -0.514231 0
    outer loop
      vertex -47.4135 -29.0555 -10
      vertex -47.4993 -29.1986 -8.05
      vertex -47.4993 -29.1986 -10
    endloop
  endfacet
  facet normal 0.941566 -0.33683 0
    outer loop
      vertex -47.6268 -29.5065 -8.05
      vertex -47.5706 -29.3494 -10
      vertex -47.5706 -29.3494 -8.05
    endloop
  endfacet
  facet normal 0.941566 -0.33683 0
    outer loop
      vertex -47.5706 -29.3494 -10
      vertex -47.6268 -29.5065 -8.05
      vertex -47.6268 -29.5065 -10
    endloop
  endfacet
  facet normal 0.989168 -0.146788 0
    outer loop
      vertex -47.6918 -29.8334 -8.05
      vertex -47.6673 -29.6683 -10
      vertex -47.6673 -29.6683 -8.05
    endloop
  endfacet
  facet normal 0.989168 -0.146788 0
    outer loop
      vertex -47.6673 -29.6683 -10
      vertex -47.6918 -29.8334 -8.05
      vertex -47.6918 -29.8334 -10
    endloop
  endfacet
  facet normal 0.514231 -0.857652 0
    outer loop
      vertex -46.9445 -28.5865 -10
      vertex -46.8014 -28.5007 -8.05
      vertex -46.9445 -28.5865 -8.05
    endloop
  endfacet
  facet normal 0.514231 -0.857652 0
    outer loop
      vertex -46.8014 -28.5007 -8.05
      vertex -46.9445 -28.5865 -10
      vertex -46.8014 -28.5007 -10
    endloop
  endfacet
  facet normal 0.427442 -0.904043 0
    outer loop
      vertex -46.8014 -28.5007 -10
      vertex -46.6506 -28.4294 -8.05
      vertex -46.8014 -28.5007 -8.05
    endloop
  endfacet
  facet normal 0.427442 -0.904043 0
    outer loop
      vertex -46.6506 -28.4294 -8.05
      vertex -46.8014 -28.5007 -10
      vertex -46.6506 -28.4294 -10
    endloop
  endfacet
  facet normal 0.595772 -0.803154 0
    outer loop
      vertex -47.0785 -28.6859 -10
      vertex -46.9445 -28.5865 -8.05
      vertex -47.0785 -28.6859 -8.05
    endloop
  endfacet
  facet normal 0.595772 -0.803154 0
    outer loop
      vertex -46.9445 -28.5865 -8.05
      vertex -47.0785 -28.6859 -10
      vertex -46.9445 -28.5865 -10
    endloop
  endfacet
  facet normal 0.242818 -0.970072 0
    outer loop
      vertex -46.4935 -28.3732 -10
      vertex -46.3317 -28.3327 -8.05
      vertex -46.4935 -28.3732 -8.05
    endloop
  endfacet
  facet normal 0.242818 -0.970072 0
    outer loop
      vertex -46.3317 -28.3327 -8.05
      vertex -46.4935 -28.3732 -10
      vertex -46.3317 -28.3327 -10
    endloop
  endfacet
  facet normal 0.0491602 -0.998791 0
    outer loop
      vertex -46.1666 -28.3082 -10
      vertex -46 -28.3 -8.05
      vertex -46.1666 -28.3082 -8.05
    endloop
  endfacet
  facet normal 0.0491602 -0.998791 0
    outer loop
      vertex -46 -28.3 -8.05
      vertex -46.1666 -28.3082 -10
      vertex -46 -28.3 -10
    endloop
  endfacet
  facet normal -0.0491602 0.998791 0
    outer loop
      vertex -45.8334 -31.6918 -10
      vertex -46 -31.7 -8.05
      vertex -45.8334 -31.6918 -8.05
    endloop
  endfacet
  facet normal -0.0491602 0.998791 0
    outer loop
      vertex -46 -31.7 -8.05
      vertex -45.8334 -31.6918 -10
      vertex -46 -31.7 -10
    endloop
  endfacet
  facet normal -0.671478 0.741024 0
    outer loop
      vertex -44.7979 -31.2021 -10
      vertex -44.9215 -31.3141 -8.05
      vertex -44.7979 -31.2021 -8.05
    endloop
  endfacet
  facet normal -0.671478 0.741024 0
    outer loop
      vertex -44.9215 -31.3141 -8.05
      vertex -44.7979 -31.2021 -10
      vertex -44.9215 -31.3141 -10
    endloop
  endfacet
  facet normal -0.514231 0.857652 0
    outer loop
      vertex -45.0555 -31.4135 -10
      vertex -45.1986 -31.4993 -8.05
      vertex -45.0555 -31.4135 -8.05
    endloop
  endfacet
  facet normal -0.514231 0.857652 0
    outer loop
      vertex -45.1986 -31.4993 -8.05
      vertex -45.0555 -31.4135 -10
      vertex -45.1986 -31.4993 -10
    endloop
  endfacet
  facet normal -0.803154 0.595772 0
    outer loop
      vertex -44.6859 -31.0785 -10
      vertex -44.5865 -30.9445 -8.05
      vertex -44.5865 -30.9445 -10
    endloop
  endfacet
  facet normal -0.803154 0.595772 0
    outer loop
      vertex -44.5865 -30.9445 -8.05
      vertex -44.6859 -31.0785 -10
      vertex -44.6859 -31.0785 -8.05
    endloop
  endfacet
  facet normal -0.904043 0.427442 0
    outer loop
      vertex -44.5007 -30.8014 -10
      vertex -44.4294 -30.6506 -8.05
      vertex -44.4294 -30.6506 -10
    endloop
  endfacet
  facet normal -0.904043 0.427442 0
    outer loop
      vertex -44.4294 -30.6506 -8.05
      vertex -44.5007 -30.8014 -10
      vertex -44.5007 -30.8014 -8.05
    endloop
  endfacet
  facet normal 0.671478 0.741024 -0
    outer loop
      vertex -47.0785 -31.3141 -10
      vertex -47.2021 -31.2021 -8.05
      vertex -47.0785 -31.3141 -8.05
    endloop
  endfacet
  facet normal 0.671478 0.741024 0
    outer loop
      vertex -47.2021 -31.2021 -8.05
      vertex -47.0785 -31.3141 -10
      vertex -47.2021 -31.2021 -10
    endloop
  endfacet
  facet normal 0.514231 0.857652 -0
    outer loop
      vertex -46.8014 -31.4993 -10
      vertex -46.9445 -31.4135 -8.05
      vertex -46.8014 -31.4993 -8.05
    endloop
  endfacet
  facet normal 0.514231 0.857652 0
    outer loop
      vertex -46.9445 -31.4135 -8.05
      vertex -46.8014 -31.4993 -10
      vertex -46.9445 -31.4135 -10
    endloop
  endfacet
  facet normal 0.33683 0.941566 -0
    outer loop
      vertex -46.4935 -31.6268 -10
      vertex -46.6506 -31.5706 -8.05
      vertex -46.4935 -31.6268 -8.05
    endloop
  endfacet
  facet normal 0.33683 0.941566 0
    outer loop
      vertex -46.6506 -31.5706 -8.05
      vertex -46.4935 -31.6268 -10
      vertex -46.6506 -31.5706 -10
    endloop
  endfacet
  facet normal 0.146788 0.989168 -0
    outer loop
      vertex -46.1666 -31.6918 -10
      vertex -46.3317 -31.6673 -8.05
      vertex -46.1666 -31.6918 -8.05
    endloop
  endfacet
  facet normal 0.146788 0.989168 0
    outer loop
      vertex -46.3317 -31.6673 -8.05
      vertex -46.1666 -31.6918 -10
      vertex -46.3317 -31.6673 -10
    endloop
  endfacet
  facet normal 0.904043 0.427442 0
    outer loop
      vertex -47.4993 -30.8014 -8.05
      vertex -47.5706 -30.6506 -10
      vertex -47.5706 -30.6506 -8.05
    endloop
  endfacet
  facet normal 0.904043 0.427442 0
    outer loop
      vertex -47.5706 -30.6506 -10
      vertex -47.4993 -30.8014 -8.05
      vertex -47.4993 -30.8014 -10
    endloop
  endfacet
  facet normal 0.803154 0.595772 0
    outer loop
      vertex -47.3141 -31.0785 -8.05
      vertex -47.4135 -30.9445 -10
      vertex -47.4135 -30.9445 -8.05
    endloop
  endfacet
  facet normal 0.803154 0.595772 0
    outer loop
      vertex -47.4135 -30.9445 -10
      vertex -47.3141 -31.0785 -8.05
      vertex -47.3141 -31.0785 -10
    endloop
  endfacet
  facet normal 0.970072 0.242818 0
    outer loop
      vertex -47.6268 -30.4935 -8.05
      vertex -47.6673 -30.3317 -10
      vertex -47.6673 -30.3317 -8.05
    endloop
  endfacet
  facet normal 0.970072 0.242818 0
    outer loop
      vertex -47.6673 -30.3317 -10
      vertex -47.6268 -30.4935 -8.05
      vertex -47.6268 -30.4935 -10
    endloop
  endfacet
  facet normal 0.998791 0.0491602 0
    outer loop
      vertex -47.6918 -30.1666 -8.05
      vertex -47.7 -30 -10
      vertex -47.7 -30 -8.05
    endloop
  endfacet
  facet normal 0.998791 0.0491602 0
    outer loop
      vertex -47.7 -30 -10
      vertex -47.6918 -30.1666 -8.05
      vertex -47.6918 -30.1666 -10
    endloop
  endfacet
  facet normal -0.146788 0.989168 0
    outer loop
      vertex -45.6683 -31.6673 -10
      vertex -45.8334 -31.6918 -8.05
      vertex -45.6683 -31.6673 -8.05
    endloop
  endfacet
  facet normal -0.146788 0.989168 0
    outer loop
      vertex -45.8334 -31.6918 -8.05
      vertex -45.6683 -31.6673 -10
      vertex -45.8334 -31.6918 -10
    endloop
  endfacet
  facet normal -0.427442 0.904043 0
    outer loop
      vertex -45.1986 -31.4993 -10
      vertex -45.3494 -31.5706 -8.05
      vertex -45.1986 -31.4993 -8.05
    endloop
  endfacet
  facet normal -0.427442 0.904043 0
    outer loop
      vertex -45.3494 -31.5706 -8.05
      vertex -45.1986 -31.4993 -10
      vertex -45.3494 -31.5706 -10
    endloop
  endfacet
  facet normal -0.242818 0.970072 0
    outer loop
      vertex -45.5065 -31.6268 -10
      vertex -45.6683 -31.6673 -8.05
      vertex -45.5065 -31.6268 -8.05
    endloop
  endfacet
  facet normal -0.242818 0.970072 0
    outer loop
      vertex -45.6683 -31.6673 -8.05
      vertex -45.5065 -31.6268 -10
      vertex -45.6683 -31.6673 -10
    endloop
  endfacet
  facet normal -0.741024 0.671478 0
    outer loop
      vertex -44.7979 -31.2021 -10
      vertex -44.6859 -31.0785 -8.05
      vertex -44.6859 -31.0785 -10
    endloop
  endfacet
  facet normal -0.741024 0.671478 0
    outer loop
      vertex -44.6859 -31.0785 -8.05
      vertex -44.7979 -31.2021 -10
      vertex -44.7979 -31.2021 -8.05
    endloop
  endfacet
  facet normal -0.595772 0.803154 0
    outer loop
      vertex -44.9215 -31.3141 -10
      vertex -45.0555 -31.4135 -8.05
      vertex -44.9215 -31.3141 -8.05
    endloop
  endfacet
  facet normal -0.595772 0.803154 0
    outer loop
      vertex -45.0555 -31.4135 -8.05
      vertex -44.9215 -31.3141 -10
      vertex -45.0555 -31.4135 -10
    endloop
  endfacet
  facet normal -0.857652 0.514231 0
    outer loop
      vertex -44.5865 -30.9445 -10
      vertex -44.5007 -30.8014 -8.05
      vertex -44.5007 -30.8014 -10
    endloop
  endfacet
  facet normal -0.857652 0.514231 0
    outer loop
      vertex -44.5007 -30.8014 -8.05
      vertex -44.5865 -30.9445 -10
      vertex -44.5865 -30.9445 -8.05
    endloop
  endfacet
  facet normal -0.989168 0.146788 0
    outer loop
      vertex -44.3327 -30.3317 -10
      vertex -44.3082 -30.1666 -8.05
      vertex -44.3082 -30.1666 -10
    endloop
  endfacet
  facet normal -0.989168 0.146788 0
    outer loop
      vertex -44.3082 -30.1666 -8.05
      vertex -44.3327 -30.3317 -10
      vertex -44.3327 -30.3317 -8.05
    endloop
  endfacet
  facet normal -0.970072 0.242818 0
    outer loop
      vertex -44.3732 -30.4935 -10
      vertex -44.3327 -30.3317 -8.05
      vertex -44.3327 -30.3317 -10
    endloop
  endfacet
  facet normal -0.970072 0.242818 0
    outer loop
      vertex -44.3327 -30.3317 -8.05
      vertex -44.3732 -30.4935 -10
      vertex -44.3732 -30.4935 -8.05
    endloop
  endfacet
  facet normal -0.998791 0.0491602 0
    outer loop
      vertex -44.3082 -30.1666 -10
      vertex -44.3 -30 -8.05
      vertex -44.3 -30 -10
    endloop
  endfacet
  facet normal -0.998791 0.0491602 0
    outer loop
      vertex -44.3 -30 -8.05
      vertex -44.3082 -30.1666 -10
      vertex -44.3082 -30.1666 -8.05
    endloop
  endfacet
  facet normal 0.595772 0.803154 -0
    outer loop
      vertex -46.9445 -31.4135 -10
      vertex -47.0785 -31.3141 -8.05
      vertex -46.9445 -31.4135 -8.05
    endloop
  endfacet
  facet normal 0.595772 0.803154 0
    outer loop
      vertex -47.0785 -31.3141 -8.05
      vertex -46.9445 -31.4135 -10
      vertex -47.0785 -31.3141 -10
    endloop
  endfacet
  facet normal 0.427442 0.904043 -0
    outer loop
      vertex -46.6506 -31.5706 -10
      vertex -46.8014 -31.4993 -8.05
      vertex -46.6506 -31.5706 -8.05
    endloop
  endfacet
  facet normal 0.427442 0.904043 0
    outer loop
      vertex -46.8014 -31.4993 -8.05
      vertex -46.6506 -31.5706 -10
      vertex -46.8014 -31.4993 -10
    endloop
  endfacet
  facet normal 0.242818 0.970072 -0
    outer loop
      vertex -46.3317 -31.6673 -10
      vertex -46.4935 -31.6268 -8.05
      vertex -46.3317 -31.6673 -8.05
    endloop
  endfacet
  facet normal 0.242818 0.970072 0
    outer loop
      vertex -46.4935 -31.6268 -8.05
      vertex -46.3317 -31.6673 -10
      vertex -46.4935 -31.6268 -10
    endloop
  endfacet
  facet normal 0.0491602 0.998791 -0
    outer loop
      vertex -46 -31.7 -10
      vertex -46.1666 -31.6918 -8.05
      vertex -46 -31.7 -8.05
    endloop
  endfacet
  facet normal 0.0491602 0.998791 0
    outer loop
      vertex -46.1666 -31.6918 -8.05
      vertex -46 -31.7 -10
      vertex -46.1666 -31.6918 -10
    endloop
  endfacet
  facet normal 0.857652 0.514231 0
    outer loop
      vertex -47.4135 -30.9445 -8.05
      vertex -47.4993 -30.8014 -10
      vertex -47.4993 -30.8014 -8.05
    endloop
  endfacet
  facet normal 0.857652 0.514231 0
    outer loop
      vertex -47.4993 -30.8014 -10
      vertex -47.4135 -30.9445 -8.05
      vertex -47.4135 -30.9445 -10
    endloop
  endfacet
  facet normal 0.741024 0.671478 0
    outer loop
      vertex -47.2021 -31.2021 -8.05
      vertex -47.3141 -31.0785 -10
      vertex -47.3141 -31.0785 -8.05
    endloop
  endfacet
  facet normal 0.741024 0.671478 0
    outer loop
      vertex -47.3141 -31.0785 -10
      vertex -47.2021 -31.2021 -8.05
      vertex -47.2021 -31.2021 -10
    endloop
  endfacet
  facet normal 0.989168 0.146788 0
    outer loop
      vertex -47.6673 -30.3317 -8.05
      vertex -47.6918 -30.1666 -10
      vertex -47.6918 -30.1666 -8.05
    endloop
  endfacet
  facet normal 0.989168 0.146788 0
    outer loop
      vertex -47.6918 -30.1666 -10
      vertex -47.6673 -30.3317 -8.05
      vertex -47.6673 -30.3317 -10
    endloop
  endfacet
  facet normal -0.33683 0.941566 0
    outer loop
      vertex -45.3494 -31.5706 -10
      vertex -45.5065 -31.6268 -8.05
      vertex -45.3494 -31.5706 -8.05
    endloop
  endfacet
  facet normal -0.33683 0.941566 0
    outer loop
      vertex -45.5065 -31.6268 -8.05
      vertex -45.3494 -31.5706 -10
      vertex -45.5065 -31.6268 -10
    endloop
  endfacet
  facet normal -0.998791 -0.0491602 0
    outer loop
      vertex -44.3 30 -10
      vertex -44.3082 30.1666 -8.05
      vertex -44.3082 30.1666 -10
    endloop
  endfacet
  facet normal -0.998791 -0.0491602 0
    outer loop
      vertex -44.3082 30.1666 -8.05
      vertex -44.3 30 -10
      vertex -44.3 30 -8.05
    endloop
  endfacet
  facet normal 0.0491602 -0.998791 0
    outer loop
      vertex -46.1666 31.6918 -10
      vertex -46 31.7 -8.05
      vertex -46.1666 31.6918 -8.05
    endloop
  endfacet
  facet normal 0.0491602 -0.998791 0
    outer loop
      vertex -46 31.7 -8.05
      vertex -46.1666 31.6918 -10
      vertex -46 31.7 -10
    endloop
  endfacet
  facet normal -0.0491602 0.998791 0
    outer loop
      vertex -45.8334 28.3082 -10
      vertex -46 28.3 -8.05
      vertex -45.8334 28.3082 -8.05
    endloop
  endfacet
  facet normal -0.0491602 0.998791 0
    outer loop
      vertex -46 28.3 -8.05
      vertex -45.8334 28.3082 -10
      vertex -46 28.3 -10
    endloop
  endfacet
  facet normal -0.671478 -0.741024 0
    outer loop
      vertex -44.9215 31.3141 -10
      vertex -44.7979 31.2021 -8.05
      vertex -44.9215 31.3141 -8.05
    endloop
  endfacet
  facet normal -0.671478 -0.741024 -0
    outer loop
      vertex -44.7979 31.2021 -8.05
      vertex -44.9215 31.3141 -10
      vertex -44.7979 31.2021 -10
    endloop
  endfacet
  facet normal 0.741024 -0.671478 0
    outer loop
      vertex -47.3141 31.0785 -8.05
      vertex -47.2021 31.2021 -10
      vertex -47.2021 31.2021 -8.05
    endloop
  endfacet
  facet normal 0.741024 -0.671478 0
    outer loop
      vertex -47.2021 31.2021 -10
      vertex -47.3141 31.0785 -8.05
      vertex -47.3141 31.0785 -10
    endloop
  endfacet
  facet normal 0.427442 -0.904043 0
    outer loop
      vertex -46.8014 31.4993 -10
      vertex -46.6506 31.5706 -8.05
      vertex -46.8014 31.4993 -8.05
    endloop
  endfacet
  facet normal 0.427442 -0.904043 0
    outer loop
      vertex -46.6506 31.5706 -8.05
      vertex -46.8014 31.4993 -10
      vertex -46.6506 31.5706 -10
    endloop
  endfacet
  facet normal -0.904043 -0.427442 0
    outer loop
      vertex -44.4294 30.6506 -10
      vertex -44.5007 30.8014 -8.05
      vertex -44.5007 30.8014 -10
    endloop
  endfacet
  facet normal -0.904043 -0.427442 0
    outer loop
      vertex -44.5007 30.8014 -8.05
      vertex -44.4294 30.6506 -10
      vertex -44.4294 30.6506 -8.05
    endloop
  endfacet
  facet normal -0.33683 -0.941566 0
    outer loop
      vertex -45.5065 31.6268 -10
      vertex -45.3494 31.5706 -8.05
      vertex -45.5065 31.6268 -8.05
    endloop
  endfacet
  facet normal -0.33683 -0.941566 -0
    outer loop
      vertex -45.3494 31.5706 -8.05
      vertex -45.5065 31.6268 -10
      vertex -45.3494 31.5706 -10
    endloop
  endfacet
  facet normal -0.514231 -0.857652 0
    outer loop
      vertex -45.1986 31.4993 -10
      vertex -45.0555 31.4135 -8.05
      vertex -45.1986 31.4993 -8.05
    endloop
  endfacet
  facet normal -0.514231 -0.857652 -0
    outer loop
      vertex -45.0555 31.4135 -8.05
      vertex -45.1986 31.4993 -10
      vertex -45.0555 31.4135 -10
    endloop
  endfacet
  facet normal 0.941566 -0.33683 0
    outer loop
      vertex -47.6268 30.4935 -8.05
      vertex -47.5706 30.6506 -10
      vertex -47.5706 30.6506 -8.05
    endloop
  endfacet
  facet normal 0.941566 -0.33683 0
    outer loop
      vertex -47.5706 30.6506 -10
      vertex -47.6268 30.4935 -8.05
      vertex -47.6268 30.4935 -10
    endloop
  endfacet
  facet normal 0.242818 -0.970072 0
    outer loop
      vertex -46.4935 31.6268 -10
      vertex -46.3317 31.6673 -8.05
      vertex -46.4935 31.6268 -8.05
    endloop
  endfacet
  facet normal 0.242818 -0.970072 0
    outer loop
      vertex -46.3317 31.6673 -8.05
      vertex -46.4935 31.6268 -10
      vertex -46.3317 31.6673 -10
    endloop
  endfacet
  facet normal -0.146788 0.989168 0
    outer loop
      vertex -45.6683 28.3327 -10
      vertex -45.8334 28.3082 -8.05
      vertex -45.6683 28.3327 -8.05
    endloop
  endfacet
  facet normal -0.146788 0.989168 0
    outer loop
      vertex -45.8334 28.3082 -8.05
      vertex -45.6683 28.3327 -10
      vertex -45.8334 28.3082 -10
    endloop
  endfacet
  facet normal -0.970072 -0.242818 0
    outer loop
      vertex -44.3327 30.3317 -10
      vertex -44.3732 30.4935 -8.05
      vertex -44.3732 30.4935 -10
    endloop
  endfacet
  facet normal -0.970072 -0.242818 0
    outer loop
      vertex -44.3732 30.4935 -8.05
      vertex -44.3327 30.3317 -10
      vertex -44.3327 30.3317 -8.05
    endloop
  endfacet
  facet normal -0.989168 -0.146788 0
    outer loop
      vertex -44.3082 30.1666 -10
      vertex -44.3327 30.3317 -8.05
      vertex -44.3327 30.3317 -10
    endloop
  endfacet
  facet normal -0.989168 -0.146788 0
    outer loop
      vertex -44.3327 30.3317 -8.05
      vertex -44.3082 30.1666 -10
      vertex -44.3082 30.1666 -8.05
    endloop
  endfacet
  facet normal -0.941566 -0.33683 0
    outer loop
      vertex -44.3732 30.4935 -10
      vertex -44.4294 30.6506 -8.05
      vertex -44.4294 30.6506 -10
    endloop
  endfacet
  facet normal -0.941566 -0.33683 0
    outer loop
      vertex -44.4294 30.6506 -8.05
      vertex -44.3732 30.4935 -10
      vertex -44.3732 30.4935 -8.05
    endloop
  endfacet
  facet normal -0.803154 -0.595772 0
    outer loop
      vertex -44.5865 30.9445 -10
      vertex -44.6859 31.0785 -8.05
      vertex -44.6859 31.0785 -10
    endloop
  endfacet
  facet normal -0.803154 -0.595772 0
    outer loop
      vertex -44.6859 31.0785 -8.05
      vertex -44.5865 30.9445 -10
      vertex -44.5865 30.9445 -8.05
    endloop
  endfacet
  facet normal -0.741024 -0.671478 0
    outer loop
      vertex -44.6859 31.0785 -10
      vertex -44.7979 31.2021 -8.05
      vertex -44.7979 31.2021 -10
    endloop
  endfacet
  facet normal -0.741024 -0.671478 0
    outer loop
      vertex -44.7979 31.2021 -8.05
      vertex -44.6859 31.0785 -10
      vertex -44.6859 31.0785 -8.05
    endloop
  endfacet
  facet normal -0.857652 -0.514231 0
    outer loop
      vertex -44.5007 30.8014 -10
      vertex -44.5865 30.9445 -8.05
      vertex -44.5865 30.9445 -10
    endloop
  endfacet
  facet normal -0.857652 -0.514231 0
    outer loop
      vertex -44.5865 30.9445 -8.05
      vertex -44.5007 30.8014 -10
      vertex -44.5007 30.8014 -8.05
    endloop
  endfacet
  facet normal -0.146788 -0.989168 0
    outer loop
      vertex -45.8334 31.6918 -10
      vertex -45.6683 31.6673 -8.05
      vertex -45.8334 31.6918 -8.05
    endloop
  endfacet
  facet normal -0.146788 -0.989168 -0
    outer loop
      vertex -45.6683 31.6673 -8.05
      vertex -45.8334 31.6918 -10
      vertex -45.6683 31.6673 -10
    endloop
  endfacet
  facet normal -0.242818 -0.970072 0
    outer loop
      vertex -45.6683 31.6673 -10
      vertex -45.5065 31.6268 -8.05
      vertex -45.6683 31.6673 -8.05
    endloop
  endfacet
  facet normal -0.242818 -0.970072 -0
    outer loop
      vertex -45.5065 31.6268 -8.05
      vertex -45.6683 31.6673 -10
      vertex -45.5065 31.6268 -10
    endloop
  endfacet
  facet normal -0.0491602 -0.998791 0
    outer loop
      vertex -46 31.7 -10
      vertex -45.8334 31.6918 -8.05
      vertex -46 31.7 -8.05
    endloop
  endfacet
  facet normal -0.0491602 -0.998791 -0
    outer loop
      vertex -45.8334 31.6918 -8.05
      vertex -46 31.7 -10
      vertex -45.8334 31.6918 -10
    endloop
  endfacet
  facet normal -0.427442 -0.904043 0
    outer loop
      vertex -45.3494 31.5706 -10
      vertex -45.1986 31.4993 -8.05
      vertex -45.3494 31.5706 -8.05
    endloop
  endfacet
  facet normal -0.427442 -0.904043 -0
    outer loop
      vertex -45.1986 31.4993 -8.05
      vertex -45.3494 31.5706 -10
      vertex -45.1986 31.4993 -10
    endloop
  endfacet
  facet normal -0.595772 -0.803154 0
    outer loop
      vertex -45.0555 31.4135 -10
      vertex -44.9215 31.3141 -8.05
      vertex -45.0555 31.4135 -8.05
    endloop
  endfacet
  facet normal -0.595772 -0.803154 -0
    outer loop
      vertex -44.9215 31.3141 -8.05
      vertex -45.0555 31.4135 -10
      vertex -44.9215 31.3141 -10
    endloop
  endfacet
  facet normal 0.989168 -0.146788 0
    outer loop
      vertex -47.6918 30.1666 -8.05
      vertex -47.6673 30.3317 -10
      vertex -47.6673 30.3317 -8.05
    endloop
  endfacet
  facet normal 0.989168 -0.146788 0
    outer loop
      vertex -47.6673 30.3317 -10
      vertex -47.6918 30.1666 -8.05
      vertex -47.6918 30.1666 -10
    endloop
  endfacet
  facet normal 0 0 1
    outer loop
      vertex -44.3082 30.1666 -10
      vertex -44.3082 29.8334 -10
      vertex -44.3 30 -10
    endloop
  endfacet
  facet normal 0 0 1
    outer loop
      vertex -44.3327 30.3317 -10
      vertex -44.3082 29.8334 -10
      vertex -44.3082 30.1666 -10
    endloop
  endfacet
  facet normal 0 0 1
    outer loop
      vertex -44.3327 30.3317 -10
      vertex -44.3327 29.6683 -10
      vertex -44.3082 29.8334 -10
    endloop
  endfacet
  facet normal 0 0 1
    outer loop
      vertex -44.3732 30.4935 -10
      vertex -44.3327 29.6683 -10
      vertex -44.3327 30.3317 -10
    endloop
  endfacet
  facet normal 0 0 1
    outer loop
      vertex -44.3732 30.4935 -10
      vertex -44.3732 29.5065 -10
      vertex -44.3327 29.6683 -10
    endloop
  endfacet
  facet normal 0 0 1
    outer loop
      vertex -44.4294 30.6506 -10
      vertex -44.3732 29.5065 -10
      vertex -44.3732 30.4935 -10
    endloop
  endfacet
  facet normal 0 0 1
    outer loop
      vertex -44.4294 30.6506 -10
      vertex -44.4294 29.3494 -10
      vertex -44.3732 29.5065 -10
    endloop
  endfacet
  facet normal 0 0 1
    outer loop
      vertex -44.5007 30.8014 -10
      vertex -44.4294 29.3494 -10
      vertex -44.4294 30.6506 -10
    endloop
  endfacet
  facet normal 0 0 1
    outer loop
      vertex -44.5007 30.8014 -10
      vertex -44.5007 29.1986 -10
      vertex -44.4294 29.3494 -10
    endloop
  endfacet
  facet normal 0 0 1
    outer loop
      vertex -44.5865 30.9445 -10
      vertex -44.5007 29.1986 -10
      vertex -44.5007 30.8014 -10
    endloop
  endfacet
  facet normal 0 0 1
    outer loop
      vertex -44.5865 30.9445 -10
      vertex -44.5865 29.0555 -10
      vertex -44.5007 29.1986 -10
    endloop
  endfacet
  facet normal 0 0 1
    outer loop
      vertex -44.6859 31.0785 -10
      vertex -44.5865 29.0555 -10
      vertex -44.5865 30.9445 -10
    endloop
  endfacet
  facet normal 0 0 1
    outer loop
      vertex -44.6859 31.0785 -10
      vertex -44.6859 28.9215 -10
      vertex -44.5865 29.0555 -10
    endloop
  endfacet
  facet normal 0 0 1
    outer loop
      vertex -44.7979 31.2021 -10
      vertex -44.6859 28.9215 -10
      vertex -44.6859 31.0785 -10
    endloop
  endfacet
  facet normal 0 0 1
    outer loop
      vertex -44.7979 31.2021 -10
      vertex -44.7979 28.7979 -10
      vertex -44.6859 28.9215 -10
    endloop
  endfacet
  facet normal 0 0 1
    outer loop
      vertex -44.9215 31.3141 -10
      vertex -44.7979 28.7979 -10
      vertex -44.7979 31.2021 -10
    endloop
  endfacet
  facet normal 0 0 1
    outer loop
      vertex -44.9215 31.3141 -10
      vertex -44.9215 28.6859 -10
      vertex -44.7979 28.7979 -10
    endloop
  endfacet
  facet normal 0 0 1
    outer loop
      vertex -45.0555 31.4135 -10
      vertex -44.9215 28.6859 -10
      vertex -44.9215 31.3141 -10
    endloop
  endfacet
  facet normal 0 0 1
    outer loop
      vertex -45.0555 31.4135 -10
      vertex -45.0555 28.5865 -10
      vertex -44.9215 28.6859 -10
    endloop
  endfacet
  facet normal 0 0 1
    outer loop
      vertex -45.1986 31.4993 -10
      vertex -45.0555 28.5865 -10
      vertex -45.0555 31.4135 -10
    endloop
  endfacet
  facet normal 0 0 1
    outer loop
      vertex -45.1986 31.4993 -10
      vertex -45.1986 28.5007 -10
      vertex -45.0555 28.5865 -10
    endloop
  endfacet
  facet normal 0 0 1
    outer loop
      vertex -45.3494 31.5706 -10
      vertex -45.1986 28.5007 -10
      vertex -45.1986 31.4993 -10
    endloop
  endfacet
  facet normal 0 0 1
    outer loop
      vertex -45.3494 31.5706 -10
      vertex -45.3494 28.4294 -10
      vertex -45.1986 28.5007 -10
    endloop
  endfacet
  facet normal 0 0 1
    outer loop
      vertex -45.5065 31.6268 -10
      vertex -45.3494 28.4294 -10
      vertex -45.3494 31.5706 -10
    endloop
  endfacet
  facet normal 0 0 1
    outer loop
      vertex -45.5065 31.6268 -10
      vertex -45.5065 28.3732 -10
      vertex -45.3494 28.4294 -10
    endloop
  endfacet
  facet normal 0 0 1
    outer loop
      vertex -45.6683 31.6673 -10
      vertex -45.5065 28.3732 -10
      vertex -45.5065 31.6268 -10
    endloop
  endfacet
  facet normal 0 0 1
    outer loop
      vertex -45.6683 31.6673 -10
      vertex -45.6683 28.3327 -10
      vertex -45.5065 28.3732 -10
    endloop
  endfacet
  facet normal 0 0 1
    outer loop
      vertex -45.8334 31.6918 -10
      vertex -45.6683 28.3327 -10
      vertex -45.6683 31.6673 -10
    endloop
  endfacet
  facet normal 0 0 1
    outer loop
      vertex -45.8334 31.6918 -10
      vertex -45.8334 28.3082 -10
      vertex -45.6683 28.3327 -10
    endloop
  endfacet
  facet normal 0 0 1
    outer loop
      vertex -46 31.7 -10
      vertex -45.8334 28.3082 -10
      vertex -45.8334 31.6918 -10
    endloop
  endfacet
  facet normal 0 0 1
    outer loop
      vertex -46 31.7 -10
      vertex -46 28.3 -10
      vertex -45.8334 28.3082 -10
    endloop
  endfacet
  facet normal -0 0 1
    outer loop
      vertex -46.1666 31.6918 -10
      vertex -46 28.3 -10
      vertex -46 31.7 -10
    endloop
  endfacet
  facet normal 0 0 1
    outer loop
      vertex -46.1666 31.6918 -10
      vertex -46.1666 28.3082 -10
      vertex -46 28.3 -10
    endloop
  endfacet
  facet normal -0 0 1
    outer loop
      vertex -46.3317 31.6673 -10
      vertex -46.1666 28.3082 -10
      vertex -46.1666 31.6918 -10
    endloop
  endfacet
  facet normal 0 0 1
    outer loop
      vertex -46.3317 31.6673 -10
      vertex -46.3317 28.3327 -10
      vertex -46.1666 28.3082 -10
    endloop
  endfacet
  facet normal -0 0 1
    outer loop
      vertex -46.4935 31.6268 -10
      vertex -46.3317 28.3327 -10
      vertex -46.3317 31.6673 -10
    endloop
  endfacet
  facet normal 0 0 1
    outer loop
      vertex -46.4935 31.6268 -10
      vertex -46.4935 28.3732 -10
      vertex -46.3317 28.3327 -10
    endloop
  endfacet
  facet normal -0 0 1
    outer loop
      vertex -46.6506 31.5706 -10
      vertex -46.4935 28.3732 -10
      vertex -46.4935 31.6268 -10
    endloop
  endfacet
  facet normal 0 0 1
    outer loop
      vertex -46.6506 31.5706 -10
      vertex -46.6506 28.4294 -10
      vertex -46.4935 28.3732 -10
    endloop
  endfacet
  facet normal -0 0 1
    outer loop
      vertex -46.8014 31.4993 -10
      vertex -46.6506 28.4294 -10
      vertex -46.6506 31.5706 -10
    endloop
  endfacet
  facet normal 0 0 1
    outer loop
      vertex -46.8014 31.4993 -10
      vertex -46.8014 28.5007 -10
      vertex -46.6506 28.4294 -10
    endloop
  endfacet
  facet normal -0 0 1
    outer loop
      vertex -46.9445 31.4135 -10
      vertex -46.8014 28.5007 -10
      vertex -46.8014 31.4993 -10
    endloop
  endfacet
  facet normal 0 0 1
    outer loop
      vertex -46.9445 31.4135 -10
      vertex -46.9445 28.5865 -10
      vertex -46.8014 28.5007 -10
    endloop
  endfacet
  facet normal -0 0 1
    outer loop
      vertex -47.0785 31.3141 -10
      vertex -46.9445 28.5865 -10
      vertex -46.9445 31.4135 -10
    endloop
  endfacet
  facet normal 0 0 1
    outer loop
      vertex -47.0785 31.3141 -10
      vertex -47.0785 28.6859 -10
      vertex -46.9445 28.5865 -10
    endloop
  endfacet
  facet normal -0 0 1
    outer loop
      vertex -47.2021 31.2021 -10
      vertex -47.0785 28.6859 -10
      vertex -47.0785 31.3141 -10
    endloop
  endfacet
  facet normal 0 0 1
    outer loop
      vertex -47.2021 31.2021 -10
      vertex -47.2021 28.7979 -10
      vertex -47.0785 28.6859 -10
    endloop
  endfacet
  facet normal -0 0 1
    outer loop
      vertex -47.3141 31.0785 -10
      vertex -47.2021 28.7979 -10
      vertex -47.2021 31.2021 -10
    endloop
  endfacet
  facet normal 0 0 1
    outer loop
      vertex -47.3141 31.0785 -10
      vertex -47.3141 28.9215 -10
      vertex -47.2021 28.7979 -10
    endloop
  endfacet
  facet normal -0 0 1
    outer loop
      vertex -47.4135 30.9445 -10
      vertex -47.3141 28.9215 -10
      vertex -47.3141 31.0785 -10
    endloop
  endfacet
  facet normal 0 0 1
    outer loop
      vertex -47.4135 30.9445 -10
      vertex -47.4135 29.0555 -10
      vertex -47.3141 28.9215 -10
    endloop
  endfacet
  facet normal -0 0 1
    outer loop
      vertex -47.4993 30.8014 -10
      vertex -47.4135 29.0555 -10
      vertex -47.4135 30.9445 -10
    endloop
  endfacet
  facet normal 0 0 1
    outer loop
      vertex -47.4993 30.8014 -10
      vertex -47.4993 29.1986 -10
      vertex -47.4135 29.0555 -10
    endloop
  endfacet
  facet normal -0 0 1
    outer loop
      vertex -47.5706 30.6506 -10
      vertex -47.4993 29.1986 -10
      vertex -47.4993 30.8014 -10
    endloop
  endfacet
  facet normal 0 0 1
    outer loop
      vertex -47.5706 30.6506 -10
      vertex -47.5706 29.3494 -10
      vertex -47.4993 29.1986 -10
    endloop
  endfacet
  facet normal -0 0 1
    outer loop
      vertex -47.6268 30.4935 -10
      vertex -47.5706 29.3494 -10
      vertex -47.5706 30.6506 -10
    endloop
  endfacet
  facet normal 0 0 1
    outer loop
      vertex -47.6268 30.4935 -10
      vertex -47.6268 29.5065 -10
      vertex -47.5706 29.3494 -10
    endloop
  endfacet
  facet normal -0 0 1
    outer loop
      vertex -47.6673 30.3317 -10
      vertex -47.6268 29.5065 -10
      vertex -47.6268 30.4935 -10
    endloop
  endfacet
  facet normal 0 0 1
    outer loop
      vertex -47.6673 30.3317 -10
      vertex -47.6673 29.6683 -10
      vertex -47.6268 29.5065 -10
    endloop
  endfacet
  facet normal -0 0 1
    outer loop
      vertex -47.6918 30.1666 -10
      vertex -47.6673 29.6683 -10
      vertex -47.6673 30.3317 -10
    endloop
  endfacet
  facet normal 0 0 1
    outer loop
      vertex -47.6918 30.1666 -10
      vertex -47.6918 29.8334 -10
      vertex -47.6673 29.6683 -10
    endloop
  endfacet
  facet normal 0 -0 1
    outer loop
      vertex -47.6918 29.8334 -10
      vertex -47.6918 30.1666 -10
      vertex -47.7 30 -10
    endloop
  endfacet
  facet normal 0.857652 -0.514231 0
    outer loop
      vertex -47.4993 30.8014 -8.05
      vertex -47.4135 30.9445 -10
      vertex -47.4135 30.9445 -8.05
    endloop
  endfacet
  facet normal 0.857652 -0.514231 0
    outer loop
      vertex -47.4135 30.9445 -10
      vertex -47.4993 30.8014 -8.05
      vertex -47.4993 30.8014 -10
    endloop
  endfacet
  facet normal 0.803154 -0.595772 0
    outer loop
      vertex -47.4135 30.9445 -8.05
      vertex -47.3141 31.0785 -10
      vertex -47.3141 31.0785 -8.05
    endloop
  endfacet
  facet normal 0.803154 -0.595772 0
    outer loop
      vertex -47.3141 31.0785 -10
      vertex -47.4135 30.9445 -8.05
      vertex -47.4135 30.9445 -10
    endloop
  endfacet
  facet normal 0.904043 -0.427442 0
    outer loop
      vertex -47.5706 30.6506 -8.05
      vertex -47.4993 30.8014 -10
      vertex -47.4993 30.8014 -8.05
    endloop
  endfacet
  facet normal 0.904043 -0.427442 0
    outer loop
      vertex -47.4993 30.8014 -10
      vertex -47.5706 30.6506 -8.05
      vertex -47.5706 30.6506 -10
    endloop
  endfacet
  facet normal 0.970072 -0.242818 0
    outer loop
      vertex -47.6673 30.3317 -8.05
      vertex -47.6268 30.4935 -10
      vertex -47.6268 30.4935 -8.05
    endloop
  endfacet
  facet normal 0.970072 -0.242818 0
    outer loop
      vertex -47.6268 30.4935 -10
      vertex -47.6673 30.3317 -8.05
      vertex -47.6673 30.3317 -10
    endloop
  endfacet
  facet normal 0.998791 -0.0491602 0
    outer loop
      vertex -47.7 30 -8.05
      vertex -47.6918 30.1666 -10
      vertex -47.6918 30.1666 -8.05
    endloop
  endfacet
  facet normal 0.998791 -0.0491602 0
    outer loop
      vertex -47.6918 30.1666 -10
      vertex -47.7 30 -8.05
      vertex -47.7 30 -10
    endloop
  endfacet
  facet normal 0.595772 -0.803154 0
    outer loop
      vertex -47.0785 31.3141 -10
      vertex -46.9445 31.4135 -8.05
      vertex -47.0785 31.3141 -8.05
    endloop
  endfacet
  facet normal 0.595772 -0.803154 0
    outer loop
      vertex -46.9445 31.4135 -8.05
      vertex -47.0785 31.3141 -10
      vertex -46.9445 31.4135 -10
    endloop
  endfacet
  facet normal 0.514231 -0.857652 0
    outer loop
      vertex -46.9445 31.4135 -10
      vertex -46.8014 31.4993 -8.05
      vertex -46.9445 31.4135 -8.05
    endloop
  endfacet
  facet normal 0.514231 -0.857652 0
    outer loop
      vertex -46.8014 31.4993 -8.05
      vertex -46.9445 31.4135 -10
      vertex -46.8014 31.4993 -10
    endloop
  endfacet
  facet normal 0.671478 -0.741024 0
    outer loop
      vertex -47.2021 31.2021 -10
      vertex -47.0785 31.3141 -8.05
      vertex -47.2021 31.2021 -8.05
    endloop
  endfacet
  facet normal 0.671478 -0.741024 0
    outer loop
      vertex -47.0785 31.3141 -8.05
      vertex -47.2021 31.2021 -10
      vertex -47.0785 31.3141 -10
    endloop
  endfacet
  facet normal 0.33683 -0.941566 0
    outer loop
      vertex -46.6506 31.5706 -10
      vertex -46.4935 31.6268 -8.05
      vertex -46.6506 31.5706 -8.05
    endloop
  endfacet
  facet normal 0.33683 -0.941566 0
    outer loop
      vertex -46.4935 31.6268 -8.05
      vertex -46.6506 31.5706 -10
      vertex -46.4935 31.6268 -10
    endloop
  endfacet
  facet normal 0.146788 -0.989168 0
    outer loop
      vertex -46.3317 31.6673 -10
      vertex -46.1666 31.6918 -8.05
      vertex -46.3317 31.6673 -8.05
    endloop
  endfacet
  facet normal 0.146788 -0.989168 0
    outer loop
      vertex -46.1666 31.6918 -8.05
      vertex -46.3317 31.6673 -10
      vertex -46.1666 31.6918 -10
    endloop
  endfacet
  facet normal -0.998791 0.0491602 0
    outer loop
      vertex -44.3082 29.8334 -10
      vertex -44.3 30 -8.05
      vertex -44.3 30 -10
    endloop
  endfacet
  facet normal -0.998791 0.0491602 0
    outer loop
      vertex -44.3 30 -8.05
      vertex -44.3082 29.8334 -10
      vertex -44.3082 29.8334 -8.05
    endloop
  endfacet
  facet normal -0.741024 0.671478 0
    outer loop
      vertex -44.7979 28.7979 -10
      vertex -44.6859 28.9215 -8.05
      vertex -44.6859 28.9215 -10
    endloop
  endfacet
  facet normal -0.741024 0.671478 0
    outer loop
      vertex -44.6859 28.9215 -8.05
      vertex -44.7979 28.7979 -10
      vertex -44.7979 28.7979 -8.05
    endloop
  endfacet
  facet normal 0.857652 0.514231 0
    outer loop
      vertex -47.4135 29.0555 -8.05
      vertex -47.4993 29.1986 -10
      vertex -47.4993 29.1986 -8.05
    endloop
  endfacet
  facet normal 0.857652 0.514231 0
    outer loop
      vertex -47.4993 29.1986 -10
      vertex -47.4135 29.0555 -8.05
      vertex -47.4135 29.0555 -10
    endloop
  endfacet
  facet normal 0.998791 0.0491602 0
    outer loop
      vertex -47.6918 29.8334 -8.05
      vertex -47.7 30 -10
      vertex -47.7 30 -8.05
    endloop
  endfacet
  facet normal 0.998791 0.0491602 0
    outer loop
      vertex -47.7 30 -10
      vertex -47.6918 29.8334 -8.05
      vertex -47.6918 29.8334 -10
    endloop
  endfacet
  facet normal -0.941566 0.33683 0
    outer loop
      vertex -44.4294 29.3494 -10
      vertex -44.3732 29.5065 -8.05
      vertex -44.3732 29.5065 -10
    endloop
  endfacet
  facet normal -0.941566 0.33683 0
    outer loop
      vertex -44.3732 29.5065 -8.05
      vertex -44.4294 29.3494 -10
      vertex -44.4294 29.3494 -8.05
    endloop
  endfacet
  facet normal -0.989168 0.146788 0
    outer loop
      vertex -44.3327 29.6683 -10
      vertex -44.3082 29.8334 -8.05
      vertex -44.3082 29.8334 -10
    endloop
  endfacet
  facet normal -0.989168 0.146788 0
    outer loop
      vertex -44.3082 29.8334 -8.05
      vertex -44.3327 29.6683 -10
      vertex -44.3327 29.6683 -8.05
    endloop
  endfacet
  facet normal -0.970072 0.242818 0
    outer loop
      vertex -44.3732 29.5065 -10
      vertex -44.3327 29.6683 -8.05
      vertex -44.3327 29.6683 -10
    endloop
  endfacet
  facet normal -0.970072 0.242818 0
    outer loop
      vertex -44.3327 29.6683 -8.05
      vertex -44.3732 29.5065 -10
      vertex -44.3732 29.5065 -8.05
    endloop
  endfacet
  facet normal -0.671478 0.741024 0
    outer loop
      vertex -44.7979 28.7979 -10
      vertex -44.9215 28.6859 -8.05
      vertex -44.7979 28.7979 -8.05
    endloop
  endfacet
  facet normal -0.671478 0.741024 0
    outer loop
      vertex -44.9215 28.6859 -8.05
      vertex -44.7979 28.7979 -10
      vertex -44.9215 28.6859 -10
    endloop
  endfacet
  facet normal -0.904043 0.427442 0
    outer loop
      vertex -44.5007 29.1986 -10
      vertex -44.4294 29.3494 -8.05
      vertex -44.4294 29.3494 -10
    endloop
  endfacet
  facet normal -0.904043 0.427442 0
    outer loop
      vertex -44.4294 29.3494 -8.05
      vertex -44.5007 29.1986 -10
      vertex -44.5007 29.1986 -8.05
    endloop
  endfacet
  facet normal -0.803154 0.595772 0
    outer loop
      vertex -44.6859 28.9215 -10
      vertex -44.5865 29.0555 -8.05
      vertex -44.5865 29.0555 -10
    endloop
  endfacet
  facet normal -0.803154 0.595772 0
    outer loop
      vertex -44.5865 29.0555 -8.05
      vertex -44.6859 28.9215 -10
      vertex -44.6859 28.9215 -8.05
    endloop
  endfacet
  facet normal 0.741024 0.671478 0
    outer loop
      vertex -47.2021 28.7979 -8.05
      vertex -47.3141 28.9215 -10
      vertex -47.3141 28.9215 -8.05
    endloop
  endfacet
  facet normal 0.741024 0.671478 0
    outer loop
      vertex -47.3141 28.9215 -10
      vertex -47.2021 28.7979 -8.05
      vertex -47.2021 28.7979 -10
    endloop
  endfacet
  facet normal 0.941566 0.33683 0
    outer loop
      vertex -47.5706 29.3494 -8.05
      vertex -47.6268 29.5065 -10
      vertex -47.6268 29.5065 -8.05
    endloop
  endfacet
  facet normal 0.941566 0.33683 0
    outer loop
      vertex -47.6268 29.5065 -10
      vertex -47.5706 29.3494 -8.05
      vertex -47.5706 29.3494 -10
    endloop
  endfacet
  facet normal 0.989168 0.146788 0
    outer loop
      vertex -47.6673 29.6683 -8.05
      vertex -47.6918 29.8334 -10
      vertex -47.6918 29.8334 -8.05
    endloop
  endfacet
  facet normal 0.989168 0.146788 0
    outer loop
      vertex -47.6918 29.8334 -10
      vertex -47.6673 29.6683 -8.05
      vertex -47.6673 29.6683 -10
    endloop
  endfacet
  facet normal -0.427442 0.904043 0
    outer loop
      vertex -45.1986 28.5007 -10
      vertex -45.3494 28.4294 -8.05
      vertex -45.1986 28.5007 -8.05
    endloop
  endfacet
  facet normal -0.427442 0.904043 0
    outer loop
      vertex -45.3494 28.4294 -8.05
      vertex -45.1986 28.5007 -10
      vertex -45.3494 28.4294 -10
    endloop
  endfacet
  facet normal -0.514231 0.857652 0
    outer loop
      vertex -45.0555 28.5865 -10
      vertex -45.1986 28.5007 -8.05
      vertex -45.0555 28.5865 -8.05
    endloop
  endfacet
  facet normal -0.514231 0.857652 0
    outer loop
      vertex -45.1986 28.5007 -8.05
      vertex -45.0555 28.5865 -10
      vertex -45.1986 28.5007 -10
    endloop
  endfacet
  facet normal -0.595772 0.803154 0
    outer loop
      vertex -44.9215 28.6859 -10
      vertex -45.0555 28.5865 -8.05
      vertex -44.9215 28.6859 -8.05
    endloop
  endfacet
  facet normal -0.595772 0.803154 0
    outer loop
      vertex -45.0555 28.5865 -8.05
      vertex -44.9215 28.6859 -10
      vertex -45.0555 28.5865 -10
    endloop
  endfacet
  facet normal -0.857652 0.514231 0
    outer loop
      vertex -44.5865 29.0555 -10
      vertex -44.5007 29.1986 -8.05
      vertex -44.5007 29.1986 -10
    endloop
  endfacet
  facet normal -0.857652 0.514231 0
    outer loop
      vertex -44.5007 29.1986 -8.05
      vertex -44.5865 29.0555 -10
      vertex -44.5865 29.0555 -8.05
    endloop
  endfacet
  facet normal 0.0491602 0.998791 -0
    outer loop
      vertex -46 28.3 -10
      vertex -46.1666 28.3082 -8.05
      vertex -46 28.3 -8.05
    endloop
  endfacet
  facet normal 0.0491602 0.998791 0
    outer loop
      vertex -46.1666 28.3082 -8.05
      vertex -46 28.3 -10
      vertex -46.1666 28.3082 -10
    endloop
  endfacet
  facet normal 0.427442 0.904043 -0
    outer loop
      vertex -46.6506 28.4294 -10
      vertex -46.8014 28.5007 -8.05
      vertex -46.6506 28.4294 -8.05
    endloop
  endfacet
  facet normal 0.427442 0.904043 0
    outer loop
      vertex -46.8014 28.5007 -8.05
      vertex -46.6506 28.4294 -10
      vertex -46.8014 28.5007 -10
    endloop
  endfacet
  facet normal 0.146788 0.989168 -0
    outer loop
      vertex -46.1666 28.3082 -10
      vertex -46.3317 28.3327 -8.05
      vertex -46.1666 28.3082 -8.05
    endloop
  endfacet
  facet normal 0.146788 0.989168 0
    outer loop
      vertex -46.3317 28.3327 -8.05
      vertex -46.1666 28.3082 -10
      vertex -46.3317 28.3327 -10
    endloop
  endfacet
  facet normal 0.803154 0.595772 0
    outer loop
      vertex -47.3141 28.9215 -8.05
      vertex -47.4135 29.0555 -10
      vertex -47.4135 29.0555 -8.05
    endloop
  endfacet
  facet normal 0.803154 0.595772 0
    outer loop
      vertex -47.4135 29.0555 -10
      vertex -47.3141 28.9215 -8.05
      vertex -47.3141 28.9215 -10
    endloop
  endfacet
  facet normal 0.671478 0.741024 -0
    outer loop
      vertex -47.0785 28.6859 -10
      vertex -47.2021 28.7979 -8.05
      vertex -47.0785 28.6859 -8.05
    endloop
  endfacet
  facet normal 0.671478 0.741024 0
    outer loop
      vertex -47.2021 28.7979 -8.05
      vertex -47.0785 28.6859 -10
      vertex -47.2021 28.7979 -10
    endloop
  endfacet
  facet normal 0.904043 0.427442 0
    outer loop
      vertex -47.4993 29.1986 -8.05
      vertex -47.5706 29.3494 -10
      vertex -47.5706 29.3494 -8.05
    endloop
  endfacet
  facet normal 0.904043 0.427442 0
    outer loop
      vertex -47.5706 29.3494 -10
      vertex -47.4993 29.1986 -8.05
      vertex -47.4993 29.1986 -10
    endloop
  endfacet
  facet normal 0.970072 0.242818 0
    outer loop
      vertex -47.6268 29.5065 -8.05
      vertex -47.6673 29.6683 -10
      vertex -47.6673 29.6683 -8.05
    endloop
  endfacet
  facet normal 0.970072 0.242818 0
    outer loop
      vertex -47.6673 29.6683 -10
      vertex -47.6268 29.5065 -8.05
      vertex -47.6268 29.5065 -10
    endloop
  endfacet
  facet normal 0.595772 0.803154 -0
    outer loop
      vertex -46.9445 28.5865 -10
      vertex -47.0785 28.6859 -8.05
      vertex -46.9445 28.5865 -8.05
    endloop
  endfacet
  facet normal 0.595772 0.803154 0
    outer loop
      vertex -47.0785 28.6859 -8.05
      vertex -46.9445 28.5865 -10
      vertex -47.0785 28.6859 -10
    endloop
  endfacet
  facet normal 0.242818 0.970072 -0
    outer loop
      vertex -46.3317 28.3327 -10
      vertex -46.4935 28.3732 -8.05
      vertex -46.3317 28.3327 -8.05
    endloop
  endfacet
  facet normal 0.242818 0.970072 0
    outer loop
      vertex -46.4935 28.3732 -8.05
      vertex -46.3317 28.3327 -10
      vertex -46.4935 28.3732 -10
    endloop
  endfacet
  facet normal -0.33683 0.941566 0
    outer loop
      vertex -45.3494 28.4294 -10
      vertex -45.5065 28.3732 -8.05
      vertex -45.3494 28.4294 -8.05
    endloop
  endfacet
  facet normal -0.33683 0.941566 0
    outer loop
      vertex -45.5065 28.3732 -8.05
      vertex -45.3494 28.4294 -10
      vertex -45.5065 28.3732 -10
    endloop
  endfacet
  facet normal -0.242818 0.970072 0
    outer loop
      vertex -45.5065 28.3732 -10
      vertex -45.6683 28.3327 -8.05
      vertex -45.5065 28.3732 -8.05
    endloop
  endfacet
  facet normal -0.242818 0.970072 0
    outer loop
      vertex -45.6683 28.3327 -8.05
      vertex -45.5065 28.3732 -10
      vertex -45.6683 28.3327 -10
    endloop
  endfacet
  facet normal 0.514231 0.857652 -0
    outer loop
      vertex -46.8014 28.5007 -10
      vertex -46.9445 28.5865 -8.05
      vertex -46.8014 28.5007 -8.05
    endloop
  endfacet
  facet normal 0.514231 0.857652 0
    outer loop
      vertex -46.9445 28.5865 -8.05
      vertex -46.8014 28.5007 -10
      vertex -46.9445 28.5865 -10
    endloop
  endfacet
  facet normal 0.33683 0.941566 -0
    outer loop
      vertex -46.4935 28.3732 -10
      vertex -46.6506 28.4294 -8.05
      vertex -46.4935 28.3732 -8.05
    endloop
  endfacet
  facet normal 0.33683 0.941566 0
    outer loop
      vertex -46.6506 28.4294 -8.05
      vertex -46.4935 28.3732 -10
      vertex -46.6506 28.4294 -10
    endloop
  endfacet
  facet normal -0.595772 -0.803154 0
    outer loop
      vertex 46.9445 -28.5865 -10
      vertex 47.0785 -28.6859 -8.05
      vertex 46.9445 -28.5865 -8.05
    endloop
  endfacet
  facet normal -0.595772 -0.803154 -0
    outer loop
      vertex 47.0785 -28.6859 -8.05
      vertex 46.9445 -28.5865 -10
      vertex 47.0785 -28.6859 -10
    endloop
  endfacet
  facet normal 0.33683 -0.941566 0
    outer loop
      vertex 45.3494 -28.4294 -10
      vertex 45.5065 -28.3732 -8.05
      vertex 45.3494 -28.4294 -8.05
    endloop
  endfacet
  facet normal 0.33683 -0.941566 0
    outer loop
      vertex 45.5065 -28.3732 -8.05
      vertex 45.3494 -28.4294 -10
      vertex 45.5065 -28.3732 -10
    endloop
  endfacet
  facet normal 0.904043 -0.427442 0
    outer loop
      vertex 44.4294 -29.3494 -8.05
      vertex 44.5007 -29.1986 -10
      vertex 44.5007 -29.1986 -8.05
    endloop
  endfacet
  facet normal 0.904043 -0.427442 0
    outer loop
      vertex 44.5007 -29.1986 -10
      vertex 44.4294 -29.3494 -8.05
      vertex 44.4294 -29.3494 -10
    endloop
  endfacet
  facet normal -0.998791 0.0491602 0
    outer loop
      vertex 47.6918 -30.1666 -10
      vertex 47.7 -30 -8.05
      vertex 47.7 -30 -10
    endloop
  endfacet
  facet normal -0.998791 0.0491602 0
    outer loop
      vertex 47.7 -30 -8.05
      vertex 47.6918 -30.1666 -10
      vertex 47.6918 -30.1666 -8.05
    endloop
  endfacet
  facet normal 0.427442 0.904043 -0
    outer loop
      vertex 45.3494 -31.5706 -10
      vertex 45.1986 -31.4993 -8.05
      vertex 45.3494 -31.5706 -8.05
    endloop
  endfacet
  facet normal 0.427442 0.904043 0
    outer loop
      vertex 45.1986 -31.4993 -8.05
      vertex 45.3494 -31.5706 -10
      vertex 45.1986 -31.4993 -10
    endloop
  endfacet
  facet normal -0.904043 -0.427442 0
    outer loop
      vertex 47.5706 -29.3494 -10
      vertex 47.4993 -29.1986 -8.05
      vertex 47.4993 -29.1986 -10
    endloop
  endfacet
  facet normal -0.904043 -0.427442 0
    outer loop
      vertex 47.4993 -29.1986 -8.05
      vertex 47.5706 -29.3494 -10
      vertex 47.5706 -29.3494 -8.05
    endloop
  endfacet
  facet normal -0.857652 -0.514231 0
    outer loop
      vertex 47.4993 -29.1986 -10
      vertex 47.4135 -29.0555 -8.05
      vertex 47.4135 -29.0555 -10
    endloop
  endfacet
  facet normal -0.857652 -0.514231 0
    outer loop
      vertex 47.4135 -29.0555 -8.05
      vertex 47.4993 -29.1986 -10
      vertex 47.4993 -29.1986 -8.05
    endloop
  endfacet
  facet normal -0.427442 -0.904043 0
    outer loop
      vertex 46.6506 -28.4294 -10
      vertex 46.8014 -28.5007 -8.05
      vertex 46.6506 -28.4294 -8.05
    endloop
  endfacet
  facet normal -0.427442 -0.904043 -0
    outer loop
      vertex 46.8014 -28.5007 -8.05
      vertex 46.6506 -28.4294 -10
      vertex 46.8014 -28.5007 -10
    endloop
  endfacet
  facet normal -0.146788 -0.989168 0
    outer loop
      vertex 46.1666 -28.3082 -10
      vertex 46.3317 -28.3327 -8.05
      vertex 46.1666 -28.3082 -8.05
    endloop
  endfacet
  facet normal -0.146788 -0.989168 -0
    outer loop
      vertex 46.3317 -28.3327 -8.05
      vertex 46.1666 -28.3082 -10
      vertex 46.3317 -28.3327 -10
    endloop
  endfacet
  facet normal 0.989168 -0.146788 0
    outer loop
      vertex 44.3082 -29.8334 -8.05
      vertex 44.3327 -29.6683 -10
      vertex 44.3327 -29.6683 -8.05
    endloop
  endfacet
  facet normal 0.989168 -0.146788 0
    outer loop
      vertex 44.3327 -29.6683 -10
      vertex 44.3082 -29.8334 -8.05
      vertex 44.3082 -29.8334 -10
    endloop
  endfacet
  facet normal 0.741024 -0.671478 0
    outer loop
      vertex 44.6859 -28.9215 -8.05
      vertex 44.7979 -28.7979 -10
      vertex 44.7979 -28.7979 -8.05
    endloop
  endfacet
  facet normal 0.741024 -0.671478 0
    outer loop
      vertex 44.7979 -28.7979 -10
      vertex 44.6859 -28.9215 -8.05
      vertex 44.6859 -28.9215 -10
    endloop
  endfacet
  facet normal 0.146788 -0.989168 0
    outer loop
      vertex 45.6683 -28.3327 -10
      vertex 45.8334 -28.3082 -8.05
      vertex 45.6683 -28.3327 -8.05
    endloop
  endfacet
  facet normal 0.146788 -0.989168 0
    outer loop
      vertex 45.8334 -28.3082 -8.05
      vertex 45.6683 -28.3327 -10
      vertex 45.8334 -28.3082 -10
    endloop
  endfacet
  facet normal 0.146788 0.989168 -0
    outer loop
      vertex 45.8334 -31.6918 -10
      vertex 45.6683 -31.6673 -8.05
      vertex 45.8334 -31.6918 -8.05
    endloop
  endfacet
  facet normal 0.146788 0.989168 0
    outer loop
      vertex 45.6683 -31.6673 -8.05
      vertex 45.8334 -31.6918 -10
      vertex 45.6683 -31.6673 -10
    endloop
  endfacet
  facet normal 0.671478 0.741024 -0
    outer loop
      vertex 44.9215 -31.3141 -10
      vertex 44.7979 -31.2021 -8.05
      vertex 44.9215 -31.3141 -8.05
    endloop
  endfacet
  facet normal 0.671478 0.741024 0
    outer loop
      vertex 44.7979 -31.2021 -8.05
      vertex 44.9215 -31.3141 -10
      vertex 44.7979 -31.2021 -10
    endloop
  endfacet
  facet normal 0.989168 0.146788 0
    outer loop
      vertex 44.3327 -30.3317 -8.05
      vertex 44.3082 -30.1666 -10
      vertex 44.3082 -30.1666 -8.05
    endloop
  endfacet
  facet normal 0.989168 0.146788 0
    outer loop
      vertex 44.3082 -30.1666 -10
      vertex 44.3327 -30.3317 -8.05
      vertex 44.3327 -30.3317 -10
    endloop
  endfacet
  facet normal 0 0 1
    outer loop
      vertex 47.6918 -29.8334 -10
      vertex 47.6918 -30.1666 -10
      vertex 47.7 -30 -10
    endloop
  endfacet
  facet normal 0 0 1
    outer loop
      vertex 47.6673 -29.6683 -10
      vertex 47.6918 -30.1666 -10
      vertex 47.6918 -29.8334 -10
    endloop
  endfacet
  facet normal 0 0 1
    outer loop
      vertex 47.6673 -29.6683 -10
      vertex 47.6673 -30.3317 -10
      vertex 47.6918 -30.1666 -10
    endloop
  endfacet
  facet normal 0 0 1
    outer loop
      vertex 47.6268 -29.5065 -10
      vertex 47.6673 -30.3317 -10
      vertex 47.6673 -29.6683 -10
    endloop
  endfacet
  facet normal 0 0 1
    outer loop
      vertex 47.6268 -29.5065 -10
      vertex 47.6268 -30.4935 -10
      vertex 47.6673 -30.3317 -10
    endloop
  endfacet
  facet normal 0 0 1
    outer loop
      vertex 47.5706 -29.3494 -10
      vertex 47.6268 -30.4935 -10
      vertex 47.6268 -29.5065 -10
    endloop
  endfacet
  facet normal 0 0 1
    outer loop
      vertex 47.5706 -29.3494 -10
      vertex 47.5706 -30.6506 -10
      vertex 47.6268 -30.4935 -10
    endloop
  endfacet
  facet normal 0 0 1
    outer loop
      vertex 47.4993 -29.1986 -10
      vertex 47.5706 -30.6506 -10
      vertex 47.5706 -29.3494 -10
    endloop
  endfacet
  facet normal 0 0 1
    outer loop
      vertex 47.4993 -29.1986 -10
      vertex 47.4993 -30.8014 -10
      vertex 47.5706 -30.6506 -10
    endloop
  endfacet
  facet normal 0 0 1
    outer loop
      vertex 47.4135 -29.0555 -10
      vertex 47.4993 -30.8014 -10
      vertex 47.4993 -29.1986 -10
    endloop
  endfacet
  facet normal 0 0 1
    outer loop
      vertex 47.4135 -29.0555 -10
      vertex 47.4135 -30.9445 -10
      vertex 47.4993 -30.8014 -10
    endloop
  endfacet
  facet normal 0 0 1
    outer loop
      vertex 47.3141 -28.9215 -10
      vertex 47.4135 -30.9445 -10
      vertex 47.4135 -29.0555 -10
    endloop
  endfacet
  facet normal 0 0 1
    outer loop
      vertex 47.3141 -28.9215 -10
      vertex 47.3141 -31.0785 -10
      vertex 47.4135 -30.9445 -10
    endloop
  endfacet
  facet normal 0 0 1
    outer loop
      vertex 47.2021 -28.7979 -10
      vertex 47.3141 -31.0785 -10
      vertex 47.3141 -28.9215 -10
    endloop
  endfacet
  facet normal 0 0 1
    outer loop
      vertex 47.2021 -28.7979 -10
      vertex 47.2021 -31.2021 -10
      vertex 47.3141 -31.0785 -10
    endloop
  endfacet
  facet normal 0 0 1
    outer loop
      vertex 47.0785 -28.6859 -10
      vertex 47.2021 -31.2021 -10
      vertex 47.2021 -28.7979 -10
    endloop
  endfacet
  facet normal 0 0 1
    outer loop
      vertex 47.0785 -28.6859 -10
      vertex 47.0785 -31.3141 -10
      vertex 47.2021 -31.2021 -10
    endloop
  endfacet
  facet normal 0 0 1
    outer loop
      vertex 46.9445 -28.5865 -10
      vertex 47.0785 -31.3141 -10
      vertex 47.0785 -28.6859 -10
    endloop
  endfacet
  facet normal 0 0 1
    outer loop
      vertex 46.9445 -28.5865 -10
      vertex 46.9445 -31.4135 -10
      vertex 47.0785 -31.3141 -10
    endloop
  endfacet
  facet normal 0 0 1
    outer loop
      vertex 46.8014 -28.5007 -10
      vertex 46.9445 -31.4135 -10
      vertex 46.9445 -28.5865 -10
    endloop
  endfacet
  facet normal 0 0 1
    outer loop
      vertex 46.8014 -28.5007 -10
      vertex 46.8014 -31.4993 -10
      vertex 46.9445 -31.4135 -10
    endloop
  endfacet
  facet normal 0 0 1
    outer loop
      vertex 46.6506 -28.4294 -10
      vertex 46.8014 -31.4993 -10
      vertex 46.8014 -28.5007 -10
    endloop
  endfacet
  facet normal 0 0 1
    outer loop
      vertex 46.6506 -28.4294 -10
      vertex 46.6506 -31.5706 -10
      vertex 46.8014 -31.4993 -10
    endloop
  endfacet
  facet normal 0 0 1
    outer loop
      vertex 46.4935 -28.3732 -10
      vertex 46.6506 -31.5706 -10
      vertex 46.6506 -28.4294 -10
    endloop
  endfacet
  facet normal 0 0 1
    outer loop
      vertex 46.4935 -28.3732 -10
      vertex 46.4935 -31.6268 -10
      vertex 46.6506 -31.5706 -10
    endloop
  endfacet
  facet normal 0 0 1
    outer loop
      vertex 46.3317 -28.3327 -10
      vertex 46.4935 -31.6268 -10
      vertex 46.4935 -28.3732 -10
    endloop
  endfacet
  facet normal 0 0 1
    outer loop
      vertex 46.3317 -28.3327 -10
      vertex 46.3317 -31.6673 -10
      vertex 46.4935 -31.6268 -10
    endloop
  endfacet
  facet normal 0 0 1
    outer loop
      vertex 46.1666 -28.3082 -10
      vertex 46.3317 -31.6673 -10
      vertex 46.3317 -28.3327 -10
    endloop
  endfacet
  facet normal 0 0 1
    outer loop
      vertex 46.1666 -28.3082 -10
      vertex 46.1666 -31.6918 -10
      vertex 46.3317 -31.6673 -10
    endloop
  endfacet
  facet normal 0 0 1
    outer loop
      vertex 46 -28.3 -10
      vertex 46.1666 -31.6918 -10
      vertex 46.1666 -28.3082 -10
    endloop
  endfacet
  facet normal 0 0 1
    outer loop
      vertex 46 -28.3 -10
      vertex 46 -31.7 -10
      vertex 46.1666 -31.6918 -10
    endloop
  endfacet
  facet normal -0 0 1
    outer loop
      vertex 45.8334 -28.3082 -10
      vertex 46 -31.7 -10
      vertex 46 -28.3 -10
    endloop
  endfacet
  facet normal 0 0 1
    outer loop
      vertex 45.8334 -28.3082 -10
      vertex 45.8334 -31.6918 -10
      vertex 46 -31.7 -10
    endloop
  endfacet
  facet normal -0 0 1
    outer loop
      vertex 45.6683 -28.3327 -10
      vertex 45.8334 -31.6918 -10
      vertex 45.8334 -28.3082 -10
    endloop
  endfacet
  facet normal 0 0 1
    outer loop
      vertex 45.6683 -28.3327 -10
      vertex 45.6683 -31.6673 -10
      vertex 45.8334 -31.6918 -10
    endloop
  endfacet
  facet normal -0 0 1
    outer loop
      vertex 45.5065 -28.3732 -10
      vertex 45.6683 -31.6673 -10
      vertex 45.6683 -28.3327 -10
    endloop
  endfacet
  facet normal 0 0 1
    outer loop
      vertex 45.5065 -28.3732 -10
      vertex 45.5065 -31.6268 -10
      vertex 45.6683 -31.6673 -10
    endloop
  endfacet
  facet normal -0 0 1
    outer loop
      vertex 45.3494 -28.4294 -10
      vertex 45.5065 -31.6268 -10
      vertex 45.5065 -28.3732 -10
    endloop
  endfacet
  facet normal 0 0 1
    outer loop
      vertex 45.3494 -28.4294 -10
      vertex 45.3494 -31.5706 -10
      vertex 45.5065 -31.6268 -10
    endloop
  endfacet
  facet normal -0 0 1
    outer loop
      vertex 45.1986 -28.5007 -10
      vertex 45.3494 -31.5706 -10
      vertex 45.3494 -28.4294 -10
    endloop
  endfacet
  facet normal 0 0 1
    outer loop
      vertex 45.1986 -28.5007 -10
      vertex 45.1986 -31.4993 -10
      vertex 45.3494 -31.5706 -10
    endloop
  endfacet
  facet normal -0 0 1
    outer loop
      vertex 45.0555 -28.5865 -10
      vertex 45.1986 -31.4993 -10
      vertex 45.1986 -28.5007 -10
    endloop
  endfacet
  facet normal 0 0 1
    outer loop
      vertex 45.0555 -28.5865 -10
      vertex 45.0555 -31.4135 -10
      vertex 45.1986 -31.4993 -10
    endloop
  endfacet
  facet normal -0 0 1
    outer loop
      vertex 44.9215 -28.6859 -10
      vertex 45.0555 -31.4135 -10
      vertex 45.0555 -28.5865 -10
    endloop
  endfacet
  facet normal 0 0 1
    outer loop
      vertex 44.9215 -28.6859 -10
      vertex 44.9215 -31.3141 -10
      vertex 45.0555 -31.4135 -10
    endloop
  endfacet
  facet normal -0 0 1
    outer loop
      vertex 44.7979 -28.7979 -10
      vertex 44.9215 -31.3141 -10
      vertex 44.9215 -28.6859 -10
    endloop
  endfacet
  facet normal 0 0 1
    outer loop
      vertex 44.7979 -28.7979 -10
      vertex 44.7979 -31.2021 -10
      vertex 44.9215 -31.3141 -10
    endloop
  endfacet
  facet normal -0 0 1
    outer loop
      vertex 44.6859 -28.9215 -10
      vertex 44.7979 -31.2021 -10
      vertex 44.7979 -28.7979 -10
    endloop
  endfacet
  facet normal 0 0 1
    outer loop
      vertex 44.6859 -28.9215 -10
      vertex 44.6859 -31.0785 -10
      vertex 44.7979 -31.2021 -10
    endloop
  endfacet
  facet normal -0 0 1
    outer loop
      vertex 44.5865 -29.0555 -10
      vertex 44.6859 -31.0785 -10
      vertex 44.6859 -28.9215 -10
    endloop
  endfacet
  facet normal 0 0 1
    outer loop
      vertex 44.5865 -29.0555 -10
      vertex 44.5865 -30.9445 -10
      vertex 44.6859 -31.0785 -10
    endloop
  endfacet
  facet normal -0 0 1
    outer loop
      vertex 44.5007 -29.1986 -10
      vertex 44.5865 -30.9445 -10
      vertex 44.5865 -29.0555 -10
    endloop
  endfacet
  facet normal 0 0 1
    outer loop
      vertex 44.5007 -29.1986 -10
      vertex 44.5007 -30.8014 -10
      vertex 44.5865 -30.9445 -10
    endloop
  endfacet
  facet normal -0 0 1
    outer loop
      vertex 44.4294 -29.3494 -10
      vertex 44.5007 -30.8014 -10
      vertex 44.5007 -29.1986 -10
    endloop
  endfacet
  facet normal 0 0 1
    outer loop
      vertex 44.4294 -29.3494 -10
      vertex 44.4294 -30.6506 -10
      vertex 44.5007 -30.8014 -10
    endloop
  endfacet
  facet normal -0 0 1
    outer loop
      vertex 44.3732 -29.5065 -10
      vertex 44.4294 -30.6506 -10
      vertex 44.4294 -29.3494 -10
    endloop
  endfacet
  facet normal 0 0 1
    outer loop
      vertex 44.3732 -29.5065 -10
      vertex 44.3732 -30.4935 -10
      vertex 44.4294 -30.6506 -10
    endloop
  endfacet
  facet normal -0 0 1
    outer loop
      vertex 44.3327 -29.6683 -10
      vertex 44.3732 -30.4935 -10
      vertex 44.3732 -29.5065 -10
    endloop
  endfacet
  facet normal 0 0 1
    outer loop
      vertex 44.3327 -29.6683 -10
      vertex 44.3327 -30.3317 -10
      vertex 44.3732 -30.4935 -10
    endloop
  endfacet
  facet normal -0 0 1
    outer loop
      vertex 44.3082 -29.8334 -10
      vertex 44.3327 -30.3317 -10
      vertex 44.3327 -29.6683 -10
    endloop
  endfacet
  facet normal 0 0 1
    outer loop
      vertex 44.3082 -29.8334 -10
      vertex 44.3082 -30.1666 -10
      vertex 44.3327 -30.3317 -10
    endloop
  endfacet
  facet normal 0 -0 1
    outer loop
      vertex 44.3082 -30.1666 -10
      vertex 44.3082 -29.8334 -10
      vertex 44.3 -30 -10
    endloop
  endfacet
  facet normal 0.741024 0.671478 0
    outer loop
      vertex 44.7979 -31.2021 -8.05
      vertex 44.6859 -31.0785 -10
      vertex 44.6859 -31.0785 -8.05
    endloop
  endfacet
  facet normal 0.741024 0.671478 0
    outer loop
      vertex 44.6859 -31.0785 -10
      vertex 44.7979 -31.2021 -8.05
      vertex 44.7979 -31.2021 -10
    endloop
  endfacet
  facet normal -0.989168 -0.146788 0
    outer loop
      vertex 47.6918 -29.8334 -10
      vertex 47.6673 -29.6683 -8.05
      vertex 47.6673 -29.6683 -10
    endloop
  endfacet
  facet normal -0.989168 -0.146788 0
    outer loop
      vertex 47.6673 -29.6683 -8.05
      vertex 47.6918 -29.8334 -10
      vertex 47.6918 -29.8334 -8.05
    endloop
  endfacet
  facet normal -0.970072 -0.242818 0
    outer loop
      vertex 47.6673 -29.6683 -10
      vertex 47.6268 -29.5065 -8.05
      vertex 47.6268 -29.5065 -10
    endloop
  endfacet
  facet normal -0.970072 -0.242818 0
    outer loop
      vertex 47.6268 -29.5065 -8.05
      vertex 47.6673 -29.6683 -10
      vertex 47.6673 -29.6683 -8.05
    endloop
  endfacet
  facet normal -0.941566 -0.33683 0
    outer loop
      vertex 47.6268 -29.5065 -10
      vertex 47.5706 -29.3494 -8.05
      vertex 47.5706 -29.3494 -10
    endloop
  endfacet
  facet normal -0.941566 -0.33683 0
    outer loop
      vertex 47.5706 -29.3494 -8.05
      vertex 47.6268 -29.5065 -10
      vertex 47.6268 -29.5065 -8.05
    endloop
  endfacet
  facet normal -0.741024 -0.671478 0
    outer loop
      vertex 47.3141 -28.9215 -10
      vertex 47.2021 -28.7979 -8.05
      vertex 47.2021 -28.7979 -10
    endloop
  endfacet
  facet normal -0.741024 -0.671478 0
    outer loop
      vertex 47.2021 -28.7979 -8.05
      vertex 47.3141 -28.9215 -10
      vertex 47.3141 -28.9215 -8.05
    endloop
  endfacet
  facet normal -0.803154 -0.595772 0
    outer loop
      vertex 47.4135 -29.0555 -10
      vertex 47.3141 -28.9215 -8.05
      vertex 47.3141 -28.9215 -10
    endloop
  endfacet
  facet normal -0.803154 -0.595772 0
    outer loop
      vertex 47.3141 -28.9215 -8.05
      vertex 47.4135 -29.0555 -10
      vertex 47.4135 -29.0555 -8.05
    endloop
  endfacet
  facet normal -0.671478 -0.741024 0
    outer loop
      vertex 47.0785 -28.6859 -10
      vertex 47.2021 -28.7979 -8.05
      vertex 47.0785 -28.6859 -8.05
    endloop
  endfacet
  facet normal -0.671478 -0.741024 -0
    outer loop
      vertex 47.2021 -28.7979 -8.05
      vertex 47.0785 -28.6859 -10
      vertex 47.2021 -28.7979 -10
    endloop
  endfacet
  facet normal -0.514231 -0.857652 0
    outer loop
      vertex 46.8014 -28.5007 -10
      vertex 46.9445 -28.5865 -8.05
      vertex 46.8014 -28.5007 -8.05
    endloop
  endfacet
  facet normal -0.514231 -0.857652 -0
    outer loop
      vertex 46.9445 -28.5865 -8.05
      vertex 46.8014 -28.5007 -10
      vertex 46.9445 -28.5865 -10
    endloop
  endfacet
  facet normal -0.0491602 -0.998791 0
    outer loop
      vertex 46 -28.3 -10
      vertex 46.1666 -28.3082 -8.05
      vertex 46 -28.3 -8.05
    endloop
  endfacet
  facet normal -0.0491602 -0.998791 -0
    outer loop
      vertex 46.1666 -28.3082 -8.05
      vertex 46 -28.3 -10
      vertex 46.1666 -28.3082 -10
    endloop
  endfacet
  facet normal -0.33683 -0.941566 0
    outer loop
      vertex 46.4935 -28.3732 -10
      vertex 46.6506 -28.4294 -8.05
      vertex 46.4935 -28.3732 -8.05
    endloop
  endfacet
  facet normal -0.33683 -0.941566 -0
    outer loop
      vertex 46.6506 -28.4294 -8.05
      vertex 46.4935 -28.3732 -10
      vertex 46.6506 -28.4294 -10
    endloop
  endfacet
  facet normal -0.242818 -0.970072 0
    outer loop
      vertex 46.3317 -28.3327 -10
      vertex 46.4935 -28.3732 -8.05
      vertex 46.3317 -28.3327 -8.05
    endloop
  endfacet
  facet normal -0.242818 -0.970072 -0
    outer loop
      vertex 46.4935 -28.3732 -8.05
      vertex 46.3317 -28.3327 -10
      vertex 46.4935 -28.3732 -10
    endloop
  endfacet
  facet normal 0.998791 -0.0491602 0
    outer loop
      vertex 44.3 -30 -8.05
      vertex 44.3082 -29.8334 -10
      vertex 44.3082 -29.8334 -8.05
    endloop
  endfacet
  facet normal 0.998791 -0.0491602 0
    outer loop
      vertex 44.3082 -29.8334 -10
      vertex 44.3 -30 -8.05
      vertex 44.3 -30 -10
    endloop
  endfacet
  facet normal 0.941566 -0.33683 0
    outer loop
      vertex 44.3732 -29.5065 -8.05
      vertex 44.4294 -29.3494 -10
      vertex 44.4294 -29.3494 -8.05
    endloop
  endfacet
  facet normal 0.941566 -0.33683 0
    outer loop
      vertex 44.4294 -29.3494 -10
      vertex 44.3732 -29.5065 -8.05
      vertex 44.3732 -29.5065 -10
    endloop
  endfacet
  facet normal 0.970072 -0.242818 0
    outer loop
      vertex 44.3327 -29.6683 -8.05
      vertex 44.3732 -29.5065 -10
      vertex 44.3732 -29.5065 -8.05
    endloop
  endfacet
  facet normal 0.970072 -0.242818 0
    outer loop
      vertex 44.3732 -29.5065 -10
      vertex 44.3327 -29.6683 -8.05
      vertex 44.3327 -29.6683 -10
    endloop
  endfacet
  facet normal 0.857652 -0.514231 0
    outer loop
      vertex 44.5007 -29.1986 -8.05
      vertex 44.5865 -29.0555 -10
      vertex 44.5865 -29.0555 -8.05
    endloop
  endfacet
  facet normal 0.857652 -0.514231 0
    outer loop
      vertex 44.5865 -29.0555 -10
      vertex 44.5007 -29.1986 -8.05
      vertex 44.5007 -29.1986 -10
    endloop
  endfacet
  facet normal 0.803154 -0.595772 0
    outer loop
      vertex 44.5865 -29.0555 -8.05
      vertex 44.6859 -28.9215 -10
      vertex 44.6859 -28.9215 -8.05
    endloop
  endfacet
  facet normal 0.803154 -0.595772 0
    outer loop
      vertex 44.6859 -28.9215 -10
      vertex 44.5865 -29.0555 -8.05
      vertex 44.5865 -29.0555 -10
    endloop
  endfacet
  facet normal 0.242818 -0.970072 0
    outer loop
      vertex 45.5065 -28.3732 -10
      vertex 45.6683 -28.3327 -8.05
      vertex 45.5065 -28.3732 -8.05
    endloop
  endfacet
  facet normal 0.242818 -0.970072 0
    outer loop
      vertex 45.6683 -28.3327 -8.05
      vertex 45.5065 -28.3732 -10
      vertex 45.6683 -28.3327 -10
    endloop
  endfacet
  facet normal 0.0491602 -0.998791 0
    outer loop
      vertex 45.8334 -28.3082 -10
      vertex 46 -28.3 -8.05
      vertex 45.8334 -28.3082 -8.05
    endloop
  endfacet
  facet normal 0.0491602 -0.998791 0
    outer loop
      vertex 46 -28.3 -8.05
      vertex 45.8334 -28.3082 -10
      vertex 46 -28.3 -10
    endloop
  endfacet
  facet normal 0.514231 -0.857652 0
    outer loop
      vertex 45.0555 -28.5865 -10
      vertex 45.1986 -28.5007 -8.05
      vertex 45.0555 -28.5865 -8.05
    endloop
  endfacet
  facet normal 0.514231 -0.857652 0
    outer loop
      vertex 45.1986 -28.5007 -8.05
      vertex 45.0555 -28.5865 -10
      vertex 45.1986 -28.5007 -10
    endloop
  endfacet
  facet normal 0.595772 -0.803154 0
    outer loop
      vertex 44.9215 -28.6859 -10
      vertex 45.0555 -28.5865 -8.05
      vertex 44.9215 -28.6859 -8.05
    endloop
  endfacet
  facet normal 0.595772 -0.803154 0
    outer loop
      vertex 45.0555 -28.5865 -8.05
      vertex 44.9215 -28.6859 -10
      vertex 45.0555 -28.5865 -10
    endloop
  endfacet
  facet normal 0.427442 -0.904043 0
    outer loop
      vertex 45.1986 -28.5007 -10
      vertex 45.3494 -28.4294 -8.05
      vertex 45.1986 -28.5007 -8.05
    endloop
  endfacet
  facet normal 0.427442 -0.904043 0
    outer loop
      vertex 45.3494 -28.4294 -8.05
      vertex 45.1986 -28.5007 -10
      vertex 45.3494 -28.4294 -10
    endloop
  endfacet
  facet normal 0.671478 -0.741024 0
    outer loop
      vertex 44.7979 -28.7979 -10
      vertex 44.9215 -28.6859 -8.05
      vertex 44.7979 -28.7979 -8.05
    endloop
  endfacet
  facet normal 0.671478 -0.741024 0
    outer loop
      vertex 44.9215 -28.6859 -8.05
      vertex 44.7979 -28.7979 -10
      vertex 44.9215 -28.6859 -10
    endloop
  endfacet
  facet normal -0.998791 -0.0491602 0
    outer loop
      vertex 47.7 -30 -10
      vertex 47.6918 -29.8334 -8.05
      vertex 47.6918 -29.8334 -10
    endloop
  endfacet
  facet normal -0.998791 -0.0491602 0
    outer loop
      vertex 47.6918 -29.8334 -8.05
      vertex 47.7 -30 -10
      vertex 47.7 -30 -8.05
    endloop
  endfacet
  facet normal -0.0491602 0.998791 0
    outer loop
      vertex 46.1666 -31.6918 -10
      vertex 46 -31.7 -8.05
      vertex 46.1666 -31.6918 -8.05
    endloop
  endfacet
  facet normal -0.0491602 0.998791 0
    outer loop
      vertex 46 -31.7 -8.05
      vertex 46.1666 -31.6918 -10
      vertex 46 -31.7 -10
    endloop
  endfacet
  facet normal -0.970072 0.242818 0
    outer loop
      vertex 47.6268 -30.4935 -10
      vertex 47.6673 -30.3317 -8.05
      vertex 47.6673 -30.3317 -10
    endloop
  endfacet
  facet normal -0.970072 0.242818 0
    outer loop
      vertex 47.6673 -30.3317 -8.05
      vertex 47.6268 -30.4935 -10
      vertex 47.6268 -30.4935 -8.05
    endloop
  endfacet
  facet normal -0.904043 0.427442 0
    outer loop
      vertex 47.4993 -30.8014 -10
      vertex 47.5706 -30.6506 -8.05
      vertex 47.5706 -30.6506 -10
    endloop
  endfacet
  facet normal -0.904043 0.427442 0
    outer loop
      vertex 47.5706 -30.6506 -8.05
      vertex 47.4993 -30.8014 -10
      vertex 47.4993 -30.8014 -8.05
    endloop
  endfacet
  facet normal -0.146788 0.989168 0
    outer loop
      vertex 46.3317 -31.6673 -10
      vertex 46.1666 -31.6918 -8.05
      vertex 46.3317 -31.6673 -8.05
    endloop
  endfacet
  facet normal -0.146788 0.989168 0
    outer loop
      vertex 46.1666 -31.6918 -8.05
      vertex 46.3317 -31.6673 -10
      vertex 46.1666 -31.6918 -10
    endloop
  endfacet
  facet normal -0.741024 0.671478 0
    outer loop
      vertex 47.2021 -31.2021 -10
      vertex 47.3141 -31.0785 -8.05
      vertex 47.3141 -31.0785 -10
    endloop
  endfacet
  facet normal -0.741024 0.671478 0
    outer loop
      vertex 47.3141 -31.0785 -8.05
      vertex 47.2021 -31.2021 -10
      vertex 47.2021 -31.2021 -8.05
    endloop
  endfacet
  facet normal -0.671478 0.741024 0
    outer loop
      vertex 47.2021 -31.2021 -10
      vertex 47.0785 -31.3141 -8.05
      vertex 47.2021 -31.2021 -8.05
    endloop
  endfacet
  facet normal -0.671478 0.741024 0
    outer loop
      vertex 47.0785 -31.3141 -8.05
      vertex 47.2021 -31.2021 -10
      vertex 47.0785 -31.3141 -10
    endloop
  endfacet
  facet normal -0.514231 0.857652 0
    outer loop
      vertex 46.9445 -31.4135 -10
      vertex 46.8014 -31.4993 -8.05
      vertex 46.9445 -31.4135 -8.05
    endloop
  endfacet
  facet normal -0.514231 0.857652 0
    outer loop
      vertex 46.8014 -31.4993 -8.05
      vertex 46.9445 -31.4135 -10
      vertex 46.8014 -31.4993 -10
    endloop
  endfacet
  facet normal 0.0491602 0.998791 -0
    outer loop
      vertex 46 -31.7 -10
      vertex 45.8334 -31.6918 -8.05
      vertex 46 -31.7 -8.05
    endloop
  endfacet
  facet normal 0.0491602 0.998791 0
    outer loop
      vertex 45.8334 -31.6918 -8.05
      vertex 46 -31.7 -10
      vertex 45.8334 -31.6918 -10
    endloop
  endfacet
  facet normal 0.33683 0.941566 -0
    outer loop
      vertex 45.5065 -31.6268 -10
      vertex 45.3494 -31.5706 -8.05
      vertex 45.5065 -31.6268 -8.05
    endloop
  endfacet
  facet normal 0.33683 0.941566 0
    outer loop
      vertex 45.3494 -31.5706 -8.05
      vertex 45.5065 -31.6268 -10
      vertex 45.3494 -31.5706 -10
    endloop
  endfacet
  facet normal 0.514231 0.857652 -0
    outer loop
      vertex 45.1986 -31.4993 -10
      vertex 45.0555 -31.4135 -8.05
      vertex 45.1986 -31.4993 -8.05
    endloop
  endfacet
  facet normal 0.514231 0.857652 0
    outer loop
      vertex 45.0555 -31.4135 -8.05
      vertex 45.1986 -31.4993 -10
      vertex 45.0555 -31.4135 -10
    endloop
  endfacet
  facet normal 0.970072 0.242818 0
    outer loop
      vertex 44.3732 -30.4935 -8.05
      vertex 44.3327 -30.3317 -10
      vertex 44.3327 -30.3317 -8.05
    endloop
  endfacet
  facet normal 0.970072 0.242818 0
    outer loop
      vertex 44.3327 -30.3317 -10
      vertex 44.3732 -30.4935 -8.05
      vertex 44.3732 -30.4935 -10
    endloop
  endfacet
  facet normal 0.998791 0.0491602 0
    outer loop
      vertex 44.3082 -30.1666 -8.05
      vertex 44.3 -30 -10
      vertex 44.3 -30 -8.05
    endloop
  endfacet
  facet normal 0.998791 0.0491602 0
    outer loop
      vertex 44.3 -30 -10
      vertex 44.3082 -30.1666 -8.05
      vertex 44.3082 -30.1666 -10
    endloop
  endfacet
  facet normal 0.803154 0.595772 0
    outer loop
      vertex 44.6859 -31.0785 -8.05
      vertex 44.5865 -30.9445 -10
      vertex 44.5865 -30.9445 -8.05
    endloop
  endfacet
  facet normal 0.803154 0.595772 0
    outer loop
      vertex 44.5865 -30.9445 -10
      vertex 44.6859 -31.0785 -8.05
      vertex 44.6859 -31.0785 -10
    endloop
  endfacet
  facet normal 0.857652 0.514231 0
    outer loop
      vertex 44.5865 -30.9445 -8.05
      vertex 44.5007 -30.8014 -10
      vertex 44.5007 -30.8014 -8.05
    endloop
  endfacet
  facet normal 0.857652 0.514231 0
    outer loop
      vertex 44.5007 -30.8014 -10
      vertex 44.5865 -30.9445 -8.05
      vertex 44.5865 -30.9445 -10
    endloop
  endfacet
  facet normal 0.904043 0.427442 0
    outer loop
      vertex 44.5007 -30.8014 -8.05
      vertex 44.4294 -30.6506 -10
      vertex 44.4294 -30.6506 -8.05
    endloop
  endfacet
  facet normal 0.904043 0.427442 0
    outer loop
      vertex 44.4294 -30.6506 -10
      vertex 44.5007 -30.8014 -8.05
      vertex 44.5007 -30.8014 -10
    endloop
  endfacet
  facet normal -0.989168 0.146788 0
    outer loop
      vertex 47.6673 -30.3317 -10
      vertex 47.6918 -30.1666 -8.05
      vertex 47.6918 -30.1666 -10
    endloop
  endfacet
  facet normal -0.989168 0.146788 0
    outer loop
      vertex 47.6918 -30.1666 -8.05
      vertex 47.6673 -30.3317 -10
      vertex 47.6673 -30.3317 -8.05
    endloop
  endfacet
  facet normal -0.803154 0.595772 0
    outer loop
      vertex 47.3141 -31.0785 -10
      vertex 47.4135 -30.9445 -8.05
      vertex 47.4135 -30.9445 -10
    endloop
  endfacet
  facet normal -0.803154 0.595772 0
    outer loop
      vertex 47.4135 -30.9445 -8.05
      vertex 47.3141 -31.0785 -10
      vertex 47.3141 -31.0785 -8.05
    endloop
  endfacet
  facet normal -0.857652 0.514231 0
    outer loop
      vertex 47.4135 -30.9445 -10
      vertex 47.4993 -30.8014 -8.05
      vertex 47.4993 -30.8014 -10
    endloop
  endfacet
  facet normal -0.857652 0.514231 0
    outer loop
      vertex 47.4993 -30.8014 -8.05
      vertex 47.4135 -30.9445 -10
      vertex 47.4135 -30.9445 -8.05
    endloop
  endfacet
  facet normal -0.242818 0.970072 0
    outer loop
      vertex 46.4935 -31.6268 -10
      vertex 46.3317 -31.6673 -8.05
      vertex 46.4935 -31.6268 -8.05
    endloop
  endfacet
  facet normal -0.242818 0.970072 0
    outer loop
      vertex 46.3317 -31.6673 -8.05
      vertex 46.4935 -31.6268 -10
      vertex 46.3317 -31.6673 -10
    endloop
  endfacet
  facet normal -0.427442 0.904043 0
    outer loop
      vertex 46.8014 -31.4993 -10
      vertex 46.6506 -31.5706 -8.05
      vertex 46.8014 -31.4993 -8.05
    endloop
  endfacet
  facet normal -0.427442 0.904043 0
    outer loop
      vertex 46.6506 -31.5706 -8.05
      vertex 46.8014 -31.4993 -10
      vertex 46.6506 -31.5706 -10
    endloop
  endfacet
  facet normal -0.33683 0.941566 0
    outer loop
      vertex 46.6506 -31.5706 -10
      vertex 46.4935 -31.6268 -8.05
      vertex 46.6506 -31.5706 -8.05
    endloop
  endfacet
  facet normal -0.33683 0.941566 0
    outer loop
      vertex 46.4935 -31.6268 -8.05
      vertex 46.6506 -31.5706 -10
      vertex 46.4935 -31.6268 -10
    endloop
  endfacet
  facet normal -0.595772 0.803154 0
    outer loop
      vertex 47.0785 -31.3141 -10
      vertex 46.9445 -31.4135 -8.05
      vertex 47.0785 -31.3141 -8.05
    endloop
  endfacet
  facet normal -0.595772 0.803154 0
    outer loop
      vertex 46.9445 -31.4135 -8.05
      vertex 47.0785 -31.3141 -10
      vertex 46.9445 -31.4135 -10
    endloop
  endfacet
  facet normal 0.242818 0.970072 -0
    outer loop
      vertex 45.6683 -31.6673 -10
      vertex 45.5065 -31.6268 -8.05
      vertex 45.6683 -31.6673 -8.05
    endloop
  endfacet
  facet normal 0.242818 0.970072 0
    outer loop
      vertex 45.5065 -31.6268 -8.05
      vertex 45.6683 -31.6673 -10
      vertex 45.5065 -31.6268 -10
    endloop
  endfacet
  facet normal 0.595772 0.803154 -0
    outer loop
      vertex 45.0555 -31.4135 -10
      vertex 44.9215 -31.3141 -8.05
      vertex 45.0555 -31.4135 -8.05
    endloop
  endfacet
  facet normal 0.595772 0.803154 0
    outer loop
      vertex 44.9215 -31.3141 -8.05
      vertex 45.0555 -31.4135 -10
      vertex 44.9215 -31.3141 -10
    endloop
  endfacet
  facet normal 0.941566 0.33683 0
    outer loop
      vertex 44.4294 -30.6506 -8.05
      vertex 44.3732 -30.4935 -10
      vertex 44.3732 -30.4935 -8.05
    endloop
  endfacet
  facet normal 0.941566 0.33683 0
    outer loop
      vertex 44.3732 -30.4935 -10
      vertex 44.4294 -30.6506 -8.05
      vertex 44.4294 -30.6506 -10
    endloop
  endfacet
  facet normal -0.941566 0.33683 0
    outer loop
      vertex 47.5706 -30.6506 -10
      vertex 47.6268 -30.4935 -8.05
      vertex 47.6268 -30.4935 -10
    endloop
  endfacet
  facet normal -0.941566 0.33683 0
    outer loop
      vertex 47.6268 -30.4935 -8.05
      vertex 47.5706 -30.6506 -10
      vertex 47.5706 -30.6506 -8.05
    endloop
  endfacet
  facet normal -0.857652 -0.514231 0
    outer loop
      vertex 47.4993 30.8014 -10
      vertex 47.4135 30.9445 -8.05
      vertex 47.4135 30.9445 -10
    endloop
  endfacet
  facet normal -0.857652 -0.514231 0
    outer loop
      vertex 47.4135 30.9445 -8.05
      vertex 47.4993 30.8014 -10
      vertex 47.4993 30.8014 -8.05
    endloop
  endfacet
  facet normal -0.33683 -0.941566 0
    outer loop
      vertex 46.4935 31.6268 -10
      vertex 46.6506 31.5706 -8.05
      vertex 46.4935 31.6268 -8.05
    endloop
  endfacet
  facet normal -0.33683 -0.941566 -0
    outer loop
      vertex 46.6506 31.5706 -8.05
      vertex 46.4935 31.6268 -10
      vertex 46.6506 31.5706 -10
    endloop
  endfacet
  facet normal 0.427442 -0.904043 0
    outer loop
      vertex 45.1986 31.4993 -10
      vertex 45.3494 31.5706 -8.05
      vertex 45.1986 31.4993 -8.05
    endloop
  endfacet
  facet normal 0.427442 -0.904043 0
    outer loop
      vertex 45.3494 31.5706 -8.05
      vertex 45.1986 31.4993 -10
      vertex 45.3494 31.5706 -10
    endloop
  endfacet
  facet normal 0.941566 -0.33683 0
    outer loop
      vertex 44.3732 30.4935 -8.05
      vertex 44.4294 30.6506 -10
      vertex 44.4294 30.6506 -8.05
    endloop
  endfacet
  facet normal 0.941566 -0.33683 0
    outer loop
      vertex 44.4294 30.6506 -10
      vertex 44.3732 30.4935 -8.05
      vertex 44.3732 30.4935 -10
    endloop
  endfacet
  facet normal -0.998791 0.0491602 0
    outer loop
      vertex 47.6918 29.8334 -10
      vertex 47.7 30 -8.05
      vertex 47.7 30 -10
    endloop
  endfacet
  facet normal -0.998791 0.0491602 0
    outer loop
      vertex 47.7 30 -8.05
      vertex 47.6918 29.8334 -10
      vertex 47.6918 29.8334 -8.05
    endloop
  endfacet
  facet normal -0.427442 0.904043 0
    outer loop
      vertex 46.8014 28.5007 -10
      vertex 46.6506 28.4294 -8.05
      vertex 46.8014 28.5007 -8.05
    endloop
  endfacet
  facet normal -0.427442 0.904043 0
    outer loop
      vertex 46.6506 28.4294 -8.05
      vertex 46.8014 28.5007 -10
      vertex 46.6506 28.4294 -10
    endloop
  endfacet
  facet normal 0 0 1
    outer loop
      vertex 47.6918 30.1666 -10
      vertex 47.6918 29.8334 -10
      vertex 47.7 30 -10
    endloop
  endfacet
  facet normal 0 0 1
    outer loop
      vertex 47.6673 30.3317 -10
      vertex 47.6918 29.8334 -10
      vertex 47.6918 30.1666 -10
    endloop
  endfacet
  facet normal 0 0 1
    outer loop
      vertex 47.6673 30.3317 -10
      vertex 47.6673 29.6683 -10
      vertex 47.6918 29.8334 -10
    endloop
  endfacet
  facet normal 0 0 1
    outer loop
      vertex 47.6268 30.4935 -10
      vertex 47.6673 29.6683 -10
      vertex 47.6673 30.3317 -10
    endloop
  endfacet
  facet normal 0 0 1
    outer loop
      vertex 47.6268 30.4935 -10
      vertex 47.6268 29.5065 -10
      vertex 47.6673 29.6683 -10
    endloop
  endfacet
  facet normal 0 0 1
    outer loop
      vertex 47.5706 30.6506 -10
      vertex 47.6268 29.5065 -10
      vertex 47.6268 30.4935 -10
    endloop
  endfacet
  facet normal 0 0 1
    outer loop
      vertex 47.5706 30.6506 -10
      vertex 47.5706 29.3494 -10
      vertex 47.6268 29.5065 -10
    endloop
  endfacet
  facet normal 0 0 1
    outer loop
      vertex 47.4993 30.8014 -10
      vertex 47.5706 29.3494 -10
      vertex 47.5706 30.6506 -10
    endloop
  endfacet
  facet normal 0 0 1
    outer loop
      vertex 47.4993 30.8014 -10
      vertex 47.4993 29.1986 -10
      vertex 47.5706 29.3494 -10
    endloop
  endfacet
  facet normal 0 0 1
    outer loop
      vertex 47.4135 30.9445 -10
      vertex 47.4993 29.1986 -10
      vertex 47.4993 30.8014 -10
    endloop
  endfacet
  facet normal 0 0 1
    outer loop
      vertex 47.4135 30.9445 -10
      vertex 47.4135 29.0555 -10
      vertex 47.4993 29.1986 -10
    endloop
  endfacet
  facet normal 0 0 1
    outer loop
      vertex 47.3141 31.0785 -10
      vertex 47.4135 29.0555 -10
      vertex 47.4135 30.9445 -10
    endloop
  endfacet
  facet normal 0 0 1
    outer loop
      vertex 47.3141 31.0785 -10
      vertex 47.3141 28.9215 -10
      vertex 47.4135 29.0555 -10
    endloop
  endfacet
  facet normal 0 0 1
    outer loop
      vertex 47.2021 31.2021 -10
      vertex 47.3141 28.9215 -10
      vertex 47.3141 31.0785 -10
    endloop
  endfacet
  facet normal 0 0 1
    outer loop
      vertex 47.2021 31.2021 -10
      vertex 47.2021 28.7979 -10
      vertex 47.3141 28.9215 -10
    endloop
  endfacet
  facet normal 0 0 1
    outer loop
      vertex 47.0785 31.3141 -10
      vertex 47.2021 28.7979 -10
      vertex 47.2021 31.2021 -10
    endloop
  endfacet
  facet normal 0 0 1
    outer loop
      vertex 47.0785 31.3141 -10
      vertex 47.0785 28.6859 -10
      vertex 47.2021 28.7979 -10
    endloop
  endfacet
  facet normal 0 0 1
    outer loop
      vertex 46.9445 31.4135 -10
      vertex 47.0785 28.6859 -10
      vertex 47.0785 31.3141 -10
    endloop
  endfacet
  facet normal 0 0 1
    outer loop
      vertex 46.9445 31.4135 -10
      vertex 46.9445 28.5865 -10
      vertex 47.0785 28.6859 -10
    endloop
  endfacet
  facet normal 0 0 1
    outer loop
      vertex 46.8014 31.4993 -10
      vertex 46.9445 28.5865 -10
      vertex 46.9445 31.4135 -10
    endloop
  endfacet
  facet normal 0 0 1
    outer loop
      vertex 46.8014 31.4993 -10
      vertex 46.8014 28.5007 -10
      vertex 46.9445 28.5865 -10
    endloop
  endfacet
  facet normal 0 0 1
    outer loop
      vertex 46.6506 31.5706 -10
      vertex 46.8014 28.5007 -10
      vertex 46.8014 31.4993 -10
    endloop
  endfacet
  facet normal 0 0 1
    outer loop
      vertex 46.6506 31.5706 -10
      vertex 46.6506 28.4294 -10
      vertex 46.8014 28.5007 -10
    endloop
  endfacet
  facet normal 0 0 1
    outer loop
      vertex 46.4935 31.6268 -10
      vertex 46.6506 28.4294 -10
      vertex 46.6506 31.5706 -10
    endloop
  endfacet
  facet normal 0 0 1
    outer loop
      vertex 46.4935 31.6268 -10
      vertex 46.4935 28.3732 -10
      vertex 46.6506 28.4294 -10
    endloop
  endfacet
  facet normal 0 0 1
    outer loop
      vertex 46.3317 31.6673 -10
      vertex 46.4935 28.3732 -10
      vertex 46.4935 31.6268 -10
    endloop
  endfacet
  facet normal 0 0 1
    outer loop
      vertex 46.3317 31.6673 -10
      vertex 46.3317 28.3327 -10
      vertex 46.4935 28.3732 -10
    endloop
  endfacet
  facet normal 0 0 1
    outer loop
      vertex 46.1666 31.6918 -10
      vertex 46.3317 28.3327 -10
      vertex 46.3317 31.6673 -10
    endloop
  endfacet
  facet normal 0 0 1
    outer loop
      vertex 46.1666 31.6918 -10
      vertex 46.1666 28.3082 -10
      vertex 46.3317 28.3327 -10
    endloop
  endfacet
  facet normal 0 0 1
    outer loop
      vertex 46 31.7 -10
      vertex 46.1666 28.3082 -10
      vertex 46.1666 31.6918 -10
    endloop
  endfacet
  facet normal 0 0 1
    outer loop
      vertex 46 31.7 -10
      vertex 46 28.3 -10
      vertex 46.1666 28.3082 -10
    endloop
  endfacet
  facet normal -0 0 1
    outer loop
      vertex 45.8334 31.6918 -10
      vertex 46 28.3 -10
      vertex 46 31.7 -10
    endloop
  endfacet
  facet normal 0 0 1
    outer loop
      vertex 45.8334 31.6918 -10
      vertex 45.8334 28.3082 -10
      vertex 46 28.3 -10
    endloop
  endfacet
  facet normal -0 0 1
    outer loop
      vertex 45.6683 31.6673 -10
      vertex 45.8334 28.3082 -10
      vertex 45.8334 31.6918 -10
    endloop
  endfacet
  facet normal 0 0 1
    outer loop
      vertex 45.6683 31.6673 -10
      vertex 45.6683 28.3327 -10
      vertex 45.8334 28.3082 -10
    endloop
  endfacet
  facet normal -0 0 1
    outer loop
      vertex 45.5065 31.6268 -10
      vertex 45.6683 28.3327 -10
      vertex 45.6683 31.6673 -10
    endloop
  endfacet
  facet normal 0 0 1
    outer loop
      vertex 45.5065 31.6268 -10
      vertex 45.5065 28.3732 -10
      vertex 45.6683 28.3327 -10
    endloop
  endfacet
  facet normal -0 0 1
    outer loop
      vertex 45.3494 31.5706 -10
      vertex 45.5065 28.3732 -10
      vertex 45.5065 31.6268 -10
    endloop
  endfacet
  facet normal 0 0 1
    outer loop
      vertex 45.3494 31.5706 -10
      vertex 45.3494 28.4294 -10
      vertex 45.5065 28.3732 -10
    endloop
  endfacet
  facet normal -0 0 1
    outer loop
      vertex 45.1986 31.4993 -10
      vertex 45.3494 28.4294 -10
      vertex 45.3494 31.5706 -10
    endloop
  endfacet
  facet normal 0 0 1
    outer loop
      vertex 45.1986 31.4993 -10
      vertex 45.1986 28.5007 -10
      vertex 45.3494 28.4294 -10
    endloop
  endfacet
  facet normal -0 0 1
    outer loop
      vertex 45.0555 31.4135 -10
      vertex 45.1986 28.5007 -10
      vertex 45.1986 31.4993 -10
    endloop
  endfacet
  facet normal 0 0 1
    outer loop
      vertex 45.0555 31.4135 -10
      vertex 45.0555 28.5865 -10
      vertex 45.1986 28.5007 -10
    endloop
  endfacet
  facet normal -0 0 1
    outer loop
      vertex 44.9215 31.3141 -10
      vertex 45.0555 28.5865 -10
      vertex 45.0555 31.4135 -10
    endloop
  endfacet
  facet normal 0 0 1
    outer loop
      vertex 44.9215 31.3141 -10
      vertex 44.9215 28.6859 -10
      vertex 45.0555 28.5865 -10
    endloop
  endfacet
  facet normal -0 0 1
    outer loop
      vertex 44.7979 31.2021 -10
      vertex 44.9215 28.6859 -10
      vertex 44.9215 31.3141 -10
    endloop
  endfacet
  facet normal 0 0 1
    outer loop
      vertex 44.7979 31.2021 -10
      vertex 44.7979 28.7979 -10
      vertex 44.9215 28.6859 -10
    endloop
  endfacet
  facet normal -0 0 1
    outer loop
      vertex 44.6859 31.0785 -10
      vertex 44.7979 28.7979 -10
      vertex 44.7979 31.2021 -10
    endloop
  endfacet
  facet normal 0 0 1
    outer loop
      vertex 44.6859 31.0785 -10
      vertex 44.6859 28.9215 -10
      vertex 44.7979 28.7979 -10
    endloop
  endfacet
  facet normal -0 0 1
    outer loop
      vertex 44.5865 30.9445 -10
      vertex 44.6859 28.9215 -10
      vertex 44.6859 31.0785 -10
    endloop
  endfacet
  facet normal 0 0 1
    outer loop
      vertex 44.5865 30.9445 -10
      vertex 44.5865 29.0555 -10
      vertex 44.6859 28.9215 -10
    endloop
  endfacet
  facet normal -0 0 1
    outer loop
      vertex 44.5007 30.8014 -10
      vertex 44.5865 29.0555 -10
      vertex 44.5865 30.9445 -10
    endloop
  endfacet
  facet normal 0 0 1
    outer loop
      vertex 44.5007 30.8014 -10
      vertex 44.5007 29.1986 -10
      vertex 44.5865 29.0555 -10
    endloop
  endfacet
  facet normal -0 0 1
    outer loop
      vertex 44.4294 30.6506 -10
      vertex 44.5007 29.1986 -10
      vertex 44.5007 30.8014 -10
    endloop
  endfacet
  facet normal 0 0 1
    outer loop
      vertex 44.4294 30.6506 -10
      vertex 44.4294 29.3494 -10
      vertex 44.5007 29.1986 -10
    endloop
  endfacet
  facet normal -0 0 1
    outer loop
      vertex 44.3732 30.4935 -10
      vertex 44.4294 29.3494 -10
      vertex 44.4294 30.6506 -10
    endloop
  endfacet
  facet normal 0 0 1
    outer loop
      vertex 44.3732 30.4935 -10
      vertex 44.3732 29.5065 -10
      vertex 44.4294 29.3494 -10
    endloop
  endfacet
  facet normal -0 0 1
    outer loop
      vertex 44.3327 30.3317 -10
      vertex 44.3732 29.5065 -10
      vertex 44.3732 30.4935 -10
    endloop
  endfacet
  facet normal 0 0 1
    outer loop
      vertex 44.3327 30.3317 -10
      vertex 44.3327 29.6683 -10
      vertex 44.3732 29.5065 -10
    endloop
  endfacet
  facet normal -0 0 1
    outer loop
      vertex 44.3082 30.1666 -10
      vertex 44.3327 29.6683 -10
      vertex 44.3327 30.3317 -10
    endloop
  endfacet
  facet normal 0 0 1
    outer loop
      vertex 44.3082 30.1666 -10
      vertex 44.3082 29.8334 -10
      vertex 44.3327 29.6683 -10
    endloop
  endfacet
  facet normal 0 -0 1
    outer loop
      vertex 44.3082 29.8334 -10
      vertex 44.3082 30.1666 -10
      vertex 44.3 30 -10
    endloop
  endfacet
  facet normal 0.998791 0.0491602 0
    outer loop
      vertex 44.3082 29.8334 -8.05
      vertex 44.3 30 -10
      vertex 44.3 30 -8.05
    endloop
  endfacet
  facet normal 0.998791 0.0491602 0
    outer loop
      vertex 44.3 30 -10
      vertex 44.3082 29.8334 -8.05
      vertex 44.3082 29.8334 -10
    endloop
  endfacet
  facet normal 0.671478 -0.741024 0
    outer loop
      vertex 44.7979 31.2021 -10
      vertex 44.9215 31.3141 -8.05
      vertex 44.7979 31.2021 -8.05
    endloop
  endfacet
  facet normal 0.671478 -0.741024 0
    outer loop
      vertex 44.9215 31.3141 -8.05
      vertex 44.7979 31.2021 -10
      vertex 44.9215 31.3141 -10
    endloop
  endfacet
  facet normal -0.941566 0.33683 0
    outer loop
      vertex 47.5706 29.3494 -10
      vertex 47.6268 29.5065 -8.05
      vertex 47.6268 29.5065 -10
    endloop
  endfacet
  facet normal -0.941566 0.33683 0
    outer loop
      vertex 47.6268 29.5065 -8.05
      vertex 47.5706 29.3494 -10
      vertex 47.5706 29.3494 -8.05
    endloop
  endfacet
  facet normal -0.514231 0.857652 0
    outer loop
      vertex 46.9445 28.5865 -10
      vertex 46.8014 28.5007 -8.05
      vertex 46.9445 28.5865 -8.05
    endloop
  endfacet
  facet normal -0.514231 0.857652 0
    outer loop
      vertex 46.8014 28.5007 -8.05
      vertex 46.9445 28.5865 -10
      vertex 46.8014 28.5007 -10
    endloop
  endfacet
  facet normal -0.989168 -0.146788 0
    outer loop
      vertex 47.6918 30.1666 -10
      vertex 47.6673 30.3317 -8.05
      vertex 47.6673 30.3317 -10
    endloop
  endfacet
  facet normal -0.989168 -0.146788 0
    outer loop
      vertex 47.6673 30.3317 -8.05
      vertex 47.6918 30.1666 -10
      vertex 47.6918 30.1666 -8.05
    endloop
  endfacet
  facet normal -0.803154 -0.595772 0
    outer loop
      vertex 47.4135 30.9445 -10
      vertex 47.3141 31.0785 -8.05
      vertex 47.3141 31.0785 -10
    endloop
  endfacet
  facet normal -0.803154 -0.595772 0
    outer loop
      vertex 47.3141 31.0785 -8.05
      vertex 47.4135 30.9445 -10
      vertex 47.4135 30.9445 -8.05
    endloop
  endfacet
  facet normal -0.671478 -0.741024 0
    outer loop
      vertex 47.0785 31.3141 -10
      vertex 47.2021 31.2021 -8.05
      vertex 47.0785 31.3141 -8.05
    endloop
  endfacet
  facet normal -0.671478 -0.741024 -0
    outer loop
      vertex 47.2021 31.2021 -8.05
      vertex 47.0785 31.3141 -10
      vertex 47.2021 31.2021 -10
    endloop
  endfacet
  facet normal -0.741024 -0.671478 0
    outer loop
      vertex 47.3141 31.0785 -10
      vertex 47.2021 31.2021 -8.05
      vertex 47.2021 31.2021 -10
    endloop
  endfacet
  facet normal -0.741024 -0.671478 0
    outer loop
      vertex 47.2021 31.2021 -8.05
      vertex 47.3141 31.0785 -10
      vertex 47.3141 31.0785 -8.05
    endloop
  endfacet
  facet normal 0.0491602 -0.998791 0
    outer loop
      vertex 45.8334 31.6918 -10
      vertex 46 31.7 -8.05
      vertex 45.8334 31.6918 -8.05
    endloop
  endfacet
  facet normal 0.0491602 -0.998791 0
    outer loop
      vertex 46 31.7 -8.05
      vertex 45.8334 31.6918 -10
      vertex 46 31.7 -10
    endloop
  endfacet
  facet normal -0.146788 -0.989168 0
    outer loop
      vertex 46.1666 31.6918 -10
      vertex 46.3317 31.6673 -8.05
      vertex 46.1666 31.6918 -8.05
    endloop
  endfacet
  facet normal -0.146788 -0.989168 -0
    outer loop
      vertex 46.3317 31.6673 -8.05
      vertex 46.1666 31.6918 -10
      vertex 46.3317 31.6673 -10
    endloop
  endfacet
  facet normal -0.0491602 -0.998791 0
    outer loop
      vertex 46 31.7 -10
      vertex 46.1666 31.6918 -8.05
      vertex 46 31.7 -8.05
    endloop
  endfacet
  facet normal -0.0491602 -0.998791 -0
    outer loop
      vertex 46.1666 31.6918 -8.05
      vertex 46 31.7 -10
      vertex 46.1666 31.6918 -10
    endloop
  endfacet
  facet normal -0.595772 -0.803154 0
    outer loop
      vertex 46.9445 31.4135 -10
      vertex 47.0785 31.3141 -8.05
      vertex 46.9445 31.4135 -8.05
    endloop
  endfacet
  facet normal -0.595772 -0.803154 -0
    outer loop
      vertex 47.0785 31.3141 -8.05
      vertex 46.9445 31.4135 -10
      vertex 47.0785 31.3141 -10
    endloop
  endfacet
  facet normal -0.427442 -0.904043 0
    outer loop
      vertex 46.6506 31.5706 -10
      vertex 46.8014 31.4993 -8.05
      vertex 46.6506 31.5706 -8.05
    endloop
  endfacet
  facet normal -0.427442 -0.904043 -0
    outer loop
      vertex 46.8014 31.4993 -8.05
      vertex 46.6506 31.5706 -10
      vertex 46.8014 31.4993 -10
    endloop
  endfacet
  facet normal -0.514231 -0.857652 0
    outer loop
      vertex 46.8014 31.4993 -10
      vertex 46.9445 31.4135 -8.05
      vertex 46.8014 31.4993 -8.05
    endloop
  endfacet
  facet normal -0.514231 -0.857652 -0
    outer loop
      vertex 46.9445 31.4135 -8.05
      vertex 46.8014 31.4993 -10
      vertex 46.9445 31.4135 -10
    endloop
  endfacet
  facet normal 0.970072 -0.242818 0
    outer loop
      vertex 44.3327 30.3317 -8.05
      vertex 44.3732 30.4935 -10
      vertex 44.3732 30.4935 -8.05
    endloop
  endfacet
  facet normal 0.970072 -0.242818 0
    outer loop
      vertex 44.3732 30.4935 -10
      vertex 44.3327 30.3317 -8.05
      vertex 44.3327 30.3317 -10
    endloop
  endfacet
  facet normal 0.989168 -0.146788 0
    outer loop
      vertex 44.3082 30.1666 -8.05
      vertex 44.3327 30.3317 -10
      vertex 44.3327 30.3317 -8.05
    endloop
  endfacet
  facet normal 0.989168 -0.146788 0
    outer loop
      vertex 44.3327 30.3317 -10
      vertex 44.3082 30.1666 -8.05
      vertex 44.3082 30.1666 -10
    endloop
  endfacet
  facet normal 0.998791 -0.0491602 0
    outer loop
      vertex 44.3 30 -8.05
      vertex 44.3082 30.1666 -10
      vertex 44.3082 30.1666 -8.05
    endloop
  endfacet
  facet normal 0.998791 -0.0491602 0
    outer loop
      vertex 44.3082 30.1666 -10
      vertex 44.3 30 -8.05
      vertex 44.3 30 -10
    endloop
  endfacet
  facet normal 0.803154 -0.595772 0
    outer loop
      vertex 44.5865 30.9445 -8.05
      vertex 44.6859 31.0785 -10
      vertex 44.6859 31.0785 -8.05
    endloop
  endfacet
  facet normal 0.803154 -0.595772 0
    outer loop
      vertex 44.6859 31.0785 -10
      vertex 44.5865 30.9445 -8.05
      vertex 44.5865 30.9445 -10
    endloop
  endfacet
  facet normal 0.904043 -0.427442 0
    outer loop
      vertex 44.4294 30.6506 -8.05
      vertex 44.5007 30.8014 -10
      vertex 44.5007 30.8014 -8.05
    endloop
  endfacet
  facet normal 0.904043 -0.427442 0
    outer loop
      vertex 44.5007 30.8014 -10
      vertex 44.4294 30.6506 -8.05
      vertex 44.4294 30.6506 -10
    endloop
  endfacet
  facet normal 0.857652 -0.514231 0
    outer loop
      vertex 44.5007 30.8014 -8.05
      vertex 44.5865 30.9445 -10
      vertex 44.5865 30.9445 -8.05
    endloop
  endfacet
  facet normal 0.857652 -0.514231 0
    outer loop
      vertex 44.5865 30.9445 -10
      vertex 44.5007 30.8014 -8.05
      vertex 44.5007 30.8014 -10
    endloop
  endfacet
  facet normal 0.146788 -0.989168 0
    outer loop
      vertex 45.6683 31.6673 -10
      vertex 45.8334 31.6918 -8.05
      vertex 45.6683 31.6673 -8.05
    endloop
  endfacet
  facet normal 0.146788 -0.989168 0
    outer loop
      vertex 45.8334 31.6918 -8.05
      vertex 45.6683 31.6673 -10
      vertex 45.8334 31.6918 -10
    endloop
  endfacet
  facet normal 0.242818 -0.970072 0
    outer loop
      vertex 45.5065 31.6268 -10
      vertex 45.6683 31.6673 -8.05
      vertex 45.5065 31.6268 -8.05
    endloop
  endfacet
  facet normal 0.242818 -0.970072 0
    outer loop
      vertex 45.6683 31.6673 -8.05
      vertex 45.5065 31.6268 -10
      vertex 45.6683 31.6673 -10
    endloop
  endfacet
  facet normal 0.514231 -0.857652 0
    outer loop
      vertex 45.0555 31.4135 -10
      vertex 45.1986 31.4993 -8.05
      vertex 45.0555 31.4135 -8.05
    endloop
  endfacet
  facet normal 0.514231 -0.857652 0
    outer loop
      vertex 45.1986 31.4993 -8.05
      vertex 45.0555 31.4135 -10
      vertex 45.1986 31.4993 -10
    endloop
  endfacet
  facet normal 0.595772 -0.803154 0
    outer loop
      vertex 44.9215 31.3141 -10
      vertex 45.0555 31.4135 -8.05
      vertex 44.9215 31.3141 -8.05
    endloop
  endfacet
  facet normal 0.595772 -0.803154 0
    outer loop
      vertex 45.0555 31.4135 -8.05
      vertex 44.9215 31.3141 -10
      vertex 45.0555 31.4135 -10
    endloop
  endfacet
  facet normal 0.741024 -0.671478 0
    outer loop
      vertex 44.6859 31.0785 -8.05
      vertex 44.7979 31.2021 -10
      vertex 44.7979 31.2021 -8.05
    endloop
  endfacet
  facet normal 0.741024 -0.671478 0
    outer loop
      vertex 44.7979 31.2021 -10
      vertex 44.6859 31.0785 -8.05
      vertex 44.6859 31.0785 -10
    endloop
  endfacet
  facet normal -0.998791 -0.0491602 0
    outer loop
      vertex 47.7 30 -10
      vertex 47.6918 30.1666 -8.05
      vertex 47.6918 30.1666 -10
    endloop
  endfacet
  facet normal -0.998791 -0.0491602 0
    outer loop
      vertex 47.6918 30.1666 -8.05
      vertex 47.7 30 -10
      vertex 47.7 30 -8.05
    endloop
  endfacet
  facet normal 0.741024 0.671478 0
    outer loop
      vertex 44.7979 28.7979 -8.05
      vertex 44.6859 28.9215 -10
      vertex 44.6859 28.9215 -8.05
    endloop
  endfacet
  facet normal 0.741024 0.671478 0
    outer loop
      vertex 44.6859 28.9215 -10
      vertex 44.7979 28.7979 -8.05
      vertex 44.7979 28.7979 -10
    endloop
  endfacet
  facet normal 0.941566 0.33683 0
    outer loop
      vertex 44.4294 29.3494 -8.05
      vertex 44.3732 29.5065 -10
      vertex 44.3732 29.5065 -8.05
    endloop
  endfacet
  facet normal 0.941566 0.33683 0
    outer loop
      vertex 44.3732 29.5065 -10
      vertex 44.4294 29.3494 -8.05
      vertex 44.4294 29.3494 -10
    endloop
  endfacet
  facet normal -0.146788 0.989168 0
    outer loop
      vertex 46.3317 28.3327 -10
      vertex 46.1666 28.3082 -8.05
      vertex 46.3317 28.3327 -8.05
    endloop
  endfacet
  facet normal -0.146788 0.989168 0
    outer loop
      vertex 46.1666 28.3082 -8.05
      vertex 46.3317 28.3327 -10
      vertex 46.1666 28.3082 -10
    endloop
  endfacet
  facet normal -0.904043 -0.427442 0
    outer loop
      vertex 47.5706 30.6506 -10
      vertex 47.4993 30.8014 -8.05
      vertex 47.4993 30.8014 -10
    endloop
  endfacet
  facet normal -0.904043 -0.427442 0
    outer loop
      vertex 47.4993 30.8014 -8.05
      vertex 47.5706 30.6506 -10
      vertex 47.5706 30.6506 -8.05
    endloop
  endfacet
  facet normal -0.941566 -0.33683 0
    outer loop
      vertex 47.6268 30.4935 -10
      vertex 47.5706 30.6506 -8.05
      vertex 47.5706 30.6506 -10
    endloop
  endfacet
  facet normal -0.941566 -0.33683 0
    outer loop
      vertex 47.5706 30.6506 -8.05
      vertex 47.6268 30.4935 -10
      vertex 47.6268 30.4935 -8.05
    endloop
  endfacet
  facet normal -0.970072 -0.242818 0
    outer loop
      vertex 47.6673 30.3317 -10
      vertex 47.6268 30.4935 -8.05
      vertex 47.6268 30.4935 -10
    endloop
  endfacet
  facet normal -0.970072 -0.242818 0
    outer loop
      vertex 47.6268 30.4935 -8.05
      vertex 47.6673 30.3317 -10
      vertex 47.6673 30.3317 -8.05
    endloop
  endfacet
  facet normal -0.242818 -0.970072 0
    outer loop
      vertex 46.3317 31.6673 -10
      vertex 46.4935 31.6268 -8.05
      vertex 46.3317 31.6673 -8.05
    endloop
  endfacet
  facet normal -0.242818 -0.970072 -0
    outer loop
      vertex 46.4935 31.6268 -8.05
      vertex 46.3317 31.6673 -10
      vertex 46.4935 31.6268 -10
    endloop
  endfacet
  facet normal 0.33683 -0.941566 0
    outer loop
      vertex 45.3494 31.5706 -10
      vertex 45.5065 31.6268 -8.05
      vertex 45.3494 31.5706 -8.05
    endloop
  endfacet
  facet normal 0.33683 -0.941566 0
    outer loop
      vertex 45.5065 31.6268 -8.05
      vertex 45.3494 31.5706 -10
      vertex 45.5065 31.6268 -10
    endloop
  endfacet
  facet normal -0.989168 0.146788 0
    outer loop
      vertex 47.6673 29.6683 -10
      vertex 47.6918 29.8334 -8.05
      vertex 47.6918 29.8334 -10
    endloop
  endfacet
  facet normal -0.989168 0.146788 0
    outer loop
      vertex 47.6918 29.8334 -8.05
      vertex 47.6673 29.6683 -10
      vertex 47.6673 29.6683 -8.05
    endloop
  endfacet
  facet normal -0.970072 0.242818 0
    outer loop
      vertex 47.6268 29.5065 -10
      vertex 47.6673 29.6683 -8.05
      vertex 47.6673 29.6683 -10
    endloop
  endfacet
  facet normal -0.970072 0.242818 0
    outer loop
      vertex 47.6673 29.6683 -8.05
      vertex 47.6268 29.5065 -10
      vertex 47.6268 29.5065 -8.05
    endloop
  endfacet
  facet normal -0.671478 0.741024 0
    outer loop
      vertex 47.2021 28.7979 -10
      vertex 47.0785 28.6859 -8.05
      vertex 47.2021 28.7979 -8.05
    endloop
  endfacet
  facet normal -0.671478 0.741024 0
    outer loop
      vertex 47.0785 28.6859 -8.05
      vertex 47.2021 28.7979 -10
      vertex 47.0785 28.6859 -10
    endloop
  endfacet
  facet normal -0.904043 0.427442 0
    outer loop
      vertex 47.4993 29.1986 -10
      vertex 47.5706 29.3494 -8.05
      vertex 47.5706 29.3494 -10
    endloop
  endfacet
  facet normal -0.904043 0.427442 0
    outer loop
      vertex 47.5706 29.3494 -8.05
      vertex 47.4993 29.1986 -10
      vertex 47.4993 29.1986 -8.05
    endloop
  endfacet
  facet normal -0.803154 0.595772 0
    outer loop
      vertex 47.3141 28.9215 -10
      vertex 47.4135 29.0555 -8.05
      vertex 47.4135 29.0555 -10
    endloop
  endfacet
  facet normal -0.803154 0.595772 0
    outer loop
      vertex 47.4135 29.0555 -8.05
      vertex 47.3141 28.9215 -10
      vertex 47.3141 28.9215 -8.05
    endloop
  endfacet
  facet normal 0.595772 0.803154 -0
    outer loop
      vertex 45.0555 28.5865 -10
      vertex 44.9215 28.6859 -8.05
      vertex 45.0555 28.5865 -8.05
    endloop
  endfacet
  facet normal 0.595772 0.803154 0
    outer loop
      vertex 44.9215 28.6859 -8.05
      vertex 45.0555 28.5865 -10
      vertex 44.9215 28.6859 -10
    endloop
  endfacet
  facet normal -0.0491602 0.998791 0
    outer loop
      vertex 46.1666 28.3082 -10
      vertex 46 28.3 -8.05
      vertex 46.1666 28.3082 -8.05
    endloop
  endfacet
  facet normal -0.0491602 0.998791 0
    outer loop
      vertex 46 28.3 -8.05
      vertex 46.1666 28.3082 -10
      vertex 46 28.3 -10
    endloop
  endfacet
  facet normal 0.33683 0.941566 -0
    outer loop
      vertex 45.5065 28.3732 -10
      vertex 45.3494 28.4294 -8.05
      vertex 45.5065 28.3732 -8.05
    endloop
  endfacet
  facet normal 0.33683 0.941566 0
    outer loop
      vertex 45.3494 28.4294 -8.05
      vertex 45.5065 28.3732 -10
      vertex 45.3494 28.4294 -10
    endloop
  endfacet
  facet normal 0.989168 0.146788 0
    outer loop
      vertex 44.3327 29.6683 -8.05
      vertex 44.3082 29.8334 -10
      vertex 44.3082 29.8334 -8.05
    endloop
  endfacet
  facet normal 0.989168 0.146788 0
    outer loop
      vertex 44.3082 29.8334 -10
      vertex 44.3327 29.6683 -8.05
      vertex 44.3327 29.6683 -10
    endloop
  endfacet
  facet normal 0.904043 0.427442 0
    outer loop
      vertex 44.5007 29.1986 -8.05
      vertex 44.4294 29.3494 -10
      vertex 44.4294 29.3494 -8.05
    endloop
  endfacet
  facet normal 0.904043 0.427442 0
    outer loop
      vertex 44.4294 29.3494 -10
      vertex 44.5007 29.1986 -8.05
      vertex 44.5007 29.1986 -10
    endloop
  endfacet
  facet normal 0.671478 0.741024 -0
    outer loop
      vertex 44.9215 28.6859 -10
      vertex 44.7979 28.7979 -8.05
      vertex 44.9215 28.6859 -8.05
    endloop
  endfacet
  facet normal 0.671478 0.741024 0
    outer loop
      vertex 44.7979 28.7979 -8.05
      vertex 44.9215 28.6859 -10
      vertex 44.7979 28.7979 -10
    endloop
  endfacet
  facet normal -0.857652 0.514231 0
    outer loop
      vertex 47.4135 29.0555 -10
      vertex 47.4993 29.1986 -8.05
      vertex 47.4993 29.1986 -10
    endloop
  endfacet
  facet normal -0.857652 0.514231 0
    outer loop
      vertex 47.4993 29.1986 -8.05
      vertex 47.4135 29.0555 -10
      vertex 47.4135 29.0555 -8.05
    endloop
  endfacet
  facet normal 0.0491602 0.998791 -0
    outer loop
      vertex 46 28.3 -10
      vertex 45.8334 28.3082 -8.05
      vertex 46 28.3 -8.05
    endloop
  endfacet
  facet normal 0.0491602 0.998791 0
    outer loop
      vertex 45.8334 28.3082 -8.05
      vertex 46 28.3 -10
      vertex 45.8334 28.3082 -10
    endloop
  endfacet
  facet normal 0.427442 0.904043 -0
    outer loop
      vertex 45.3494 28.4294 -10
      vertex 45.1986 28.5007 -8.05
      vertex 45.3494 28.4294 -8.05
    endloop
  endfacet
  facet normal 0.427442 0.904043 0
    outer loop
      vertex 45.1986 28.5007 -8.05
      vertex 45.3494 28.4294 -10
      vertex 45.1986 28.5007 -10
    endloop
  endfacet
  facet normal 0.970072 0.242818 0
    outer loop
      vertex 44.3732 29.5065 -8.05
      vertex 44.3327 29.6683 -10
      vertex 44.3327 29.6683 -8.05
    endloop
  endfacet
  facet normal 0.970072 0.242818 0
    outer loop
      vertex 44.3327 29.6683 -10
      vertex 44.3732 29.5065 -8.05
      vertex 44.3732 29.5065 -10
    endloop
  endfacet
  facet normal 0.803154 0.595772 0
    outer loop
      vertex 44.6859 28.9215 -8.05
      vertex 44.5865 29.0555 -10
      vertex 44.5865 29.0555 -8.05
    endloop
  endfacet
  facet normal 0.803154 0.595772 0
    outer loop
      vertex 44.5865 29.0555 -10
      vertex 44.6859 28.9215 -8.05
      vertex 44.6859 28.9215 -10
    endloop
  endfacet
  facet normal 0.857652 0.514231 0
    outer loop
      vertex 44.5865 29.0555 -8.05
      vertex 44.5007 29.1986 -10
      vertex 44.5007 29.1986 -8.05
    endloop
  endfacet
  facet normal 0.857652 0.514231 0
    outer loop
      vertex 44.5007 29.1986 -10
      vertex 44.5865 29.0555 -8.05
      vertex 44.5865 29.0555 -10
    endloop
  endfacet
  facet normal -0.242818 0.970072 0
    outer loop
      vertex 46.4935 28.3732 -10
      vertex 46.3317 28.3327 -8.05
      vertex 46.4935 28.3732 -8.05
    endloop
  endfacet
  facet normal -0.242818 0.970072 0
    outer loop
      vertex 46.3317 28.3327 -8.05
      vertex 46.4935 28.3732 -10
      vertex 46.3317 28.3327 -10
    endloop
  endfacet
  facet normal -0.33683 0.941566 0
    outer loop
      vertex 46.6506 28.4294 -10
      vertex 46.4935 28.3732 -8.05
      vertex 46.6506 28.4294 -8.05
    endloop
  endfacet
  facet normal -0.33683 0.941566 0
    outer loop
      vertex 46.4935 28.3732 -8.05
      vertex 46.6506 28.4294 -10
      vertex 46.4935 28.3732 -10
    endloop
  endfacet
  facet normal -0.595772 0.803154 0
    outer loop
      vertex 47.0785 28.6859 -10
      vertex 46.9445 28.5865 -8.05
      vertex 47.0785 28.6859 -8.05
    endloop
  endfacet
  facet normal -0.595772 0.803154 0
    outer loop
      vertex 46.9445 28.5865 -8.05
      vertex 47.0785 28.6859 -10
      vertex 46.9445 28.5865 -10
    endloop
  endfacet
  facet normal -0.741024 0.671478 0
    outer loop
      vertex 47.2021 28.7979 -10
      vertex 47.3141 28.9215 -8.05
      vertex 47.3141 28.9215 -10
    endloop
  endfacet
  facet normal -0.741024 0.671478 0
    outer loop
      vertex 47.3141 28.9215 -8.05
      vertex 47.2021 28.7979 -10
      vertex 47.2021 28.7979 -8.05
    endloop
  endfacet
  facet normal 0.146788 0.989168 -0
    outer loop
      vertex 45.8334 28.3082 -10
      vertex 45.6683 28.3327 -8.05
      vertex 45.8334 28.3082 -8.05
    endloop
  endfacet
  facet normal 0.146788 0.989168 0
    outer loop
      vertex 45.6683 28.3327 -8.05
      vertex 45.8334 28.3082 -10
      vertex 45.6683 28.3327 -10
    endloop
  endfacet
  facet normal 0.242818 0.970072 -0
    outer loop
      vertex 45.6683 28.3327 -10
      vertex 45.5065 28.3732 -8.05
      vertex 45.6683 28.3327 -8.05
    endloop
  endfacet
  facet normal 0.242818 0.970072 0
    outer loop
      vertex 45.5065 28.3732 -8.05
      vertex 45.6683 28.3327 -10
      vertex 45.5065 28.3732 -10
    endloop
  endfacet
  facet normal 0.514231 0.857652 -0
    outer loop
      vertex 45.1986 28.5007 -10
      vertex 45.0555 28.5865 -8.05
      vertex 45.1986 28.5007 -8.05
    endloop
  endfacet
  facet normal 0.514231 0.857652 0
    outer loop
      vertex 45.0555 28.5865 -8.05
      vertex 45.1986 28.5007 -10
      vertex 45.0555 28.5865 -10
    endloop
  endfacet
  facet normal -0.989173 -0.146755 0
    outer loop
      vertex -51.4589 -31.8104 -11.05
      vertex -51.5309 -31.3251 11.05
      vertex -51.5309 -31.3251 -11.05
    endloop
  endfacet
  facet normal -0.989173 -0.146755 0
    outer loop
      vertex -51.5309 -31.3251 11.05
      vertex -51.4589 -31.8104 -11.05
      vertex -51.4589 -31.8104 11.05
    endloop
  endfacet
  facet normal -0.970047 -0.242919 0
    outer loop
      vertex -51.3397 -32.2864 -11.05
      vertex -51.4589 -31.8104 11.05
      vertex -51.4589 -31.8104 -11.05
    endloop
  endfacet
  facet normal -0.970047 -0.242919 0
    outer loop
      vertex -51.4589 -31.8104 11.05
      vertex -51.3397 -32.2864 -11.05
      vertex -51.3397 -32.2864 11.05
    endloop
  endfacet
  facet normal -0.998793 -0.0491143 0
    outer loop
      vertex -51.5309 -31.3251 -11.05
      vertex -51.555 -30.835 11.05
      vertex -51.555 -30.835 -11.05
    endloop
  endfacet
  facet normal -0.998793 -0.0491143 0
    outer loop
      vertex -51.555 -30.835 11.05
      vertex -51.5309 -31.3251 -11.05
      vertex -51.5309 -31.3251 11.05
    endloop
  endfacet
  facet normal 0 -1 0
    outer loop
      vertex -46.555 -35.835 -11.05
      vertex 46.555 -35.835 11.05
      vertex -46.555 -35.835 11.05
    endloop
  endfacet
  facet normal 0 -1 -0
    outer loop
      vertex 46.555 -35.835 11.05
      vertex -46.555 -35.835 -11.05
      vertex 46.555 -35.835 -11.05
    endloop
  endfacet
  facet normal 0.0491143 -0.998793 0
    outer loop
      vertex 46.555 -35.835 -11.05
      vertex 47.0451 -35.8109 11.05
      vertex 46.555 -35.835 11.05
    endloop
  endfacet
  facet normal 0.0491143 -0.998793 0
    outer loop
      vertex 47.0451 -35.8109 11.05
      vertex 46.555 -35.835 -11.05
      vertex 47.0451 -35.8109 -11.05
    endloop
  endfacet
  facet normal 0 0 1
    outer loop
      vertex 48.2505 30.3657 11.05
      vertex 51.555 30.835 11.05
      vertex 51.5309 31.3251 11.05
    endloop
  endfacet
  facet normal 0 0 1
    outer loop
      vertex 51.555 30.835 11.05
      vertex 48.555 28.835 11.05
      vertex 51.555 -30.835 11.05
    endloop
  endfacet
  facet normal 0 0 1
    outer loop
      vertex 48.2505 30.3657 11.05
      vertex 51.5309 31.3251 11.05
      vertex 51.4589 31.8104 11.05
    endloop
  endfacet
  facet normal -0 0 1
    outer loop
      vertex 48.555 -28.835 11.05
      vertex 51.555 -30.835 11.05
      vertex 48.555 28.835 11.05
    endloop
  endfacet
  facet normal 0 0 1
    outer loop
      vertex 48.0827 30.7206 11.05
      vertex 51.4589 31.8104 11.05
      vertex 51.3397 32.2864 11.05
    endloop
  endfacet
  facet normal -0 0 1
    outer loop
      vertex 48.5357 -29.2271 11.05
      vertex 51.555 -30.835 11.05
      vertex 48.555 -28.835 11.05
    endloop
  endfacet
  facet normal 0 0 1
    outer loop
      vertex 47.8809 31.0573 11.05
      vertex 51.3397 32.2864 11.05
      vertex 51.1744 32.7484 11.05
    endloop
  endfacet
  facet normal -0 0 1
    outer loop
      vertex 48.4781 -29.6154 11.05
      vertex 51.555 -30.835 11.05
      vertex 48.5357 -29.2271 11.05
    endloop
  endfacet
  facet normal 0 0 1
    outer loop
      vertex 47.8809 31.0573 11.05
      vertex 51.1744 32.7484 11.05
      vertex 50.9646 33.192 11.05
    endloop
  endfacet
  facet normal -0 0 1
    outer loop
      vertex 48.3828 -29.9961 11.05
      vertex 51.555 -30.835 11.05
      vertex 48.4781 -29.6154 11.05
    endloop
  endfacet
  facet normal 0 0 1
    outer loop
      vertex 47.647 31.3726 11.05
      vertex 50.9646 33.192 11.05
      vertex 50.7123 33.6128 11.05
    endloop
  endfacet
  facet normal -0 0 1
    outer loop
      vertex 48.2505 -30.3657 11.05
      vertex 51.555 -30.835 11.05
      vertex 48.3828 -29.9961 11.05
    endloop
  endfacet
  facet normal 0 0 1
    outer loop
      vertex 47.647 31.3726 11.05
      vertex 50.7123 33.6128 11.05
      vertex 50.42 34.007 11.05
    endloop
  endfacet
  facet normal 0 0 1
    outer loop
      vertex 51.555 -30.835 11.05
      vertex 48.2505 -30.3657 11.05
      vertex 51.5309 -31.3251 11.05
    endloop
  endfacet
  facet normal 0 0 1
    outer loop
      vertex 47.3834 31.6634 11.05
      vertex 50.42 34.007 11.05
      vertex 50.0905 34.3705 11.05
    endloop
  endfacet
  facet normal 0 0 1
    outer loop
      vertex 51.5309 -31.3251 11.05
      vertex 48.2505 -30.3657 11.05
      vertex 51.4589 -31.8104 11.05
    endloop
  endfacet
  facet normal 0 0 1
    outer loop
      vertex 47.3834 31.6634 11.05
      vertex 50.0905 34.3705 11.05
      vertex 49.727 34.7 11.05
    endloop
  endfacet
  facet normal -0 0 1
    outer loop
      vertex 48.0827 -30.7206 11.05
      vertex 51.4589 -31.8104 11.05
      vertex 48.2505 -30.3657 11.05
    endloop
  endfacet
  facet normal 0 0 1
    outer loop
      vertex 47.0926 31.927 11.05
      vertex 49.727 34.7 11.05
      vertex 49.3328 34.9923 11.05
    endloop
  endfacet
  facet normal 0 0 1
    outer loop
      vertex 51.4589 -31.8104 11.05
      vertex 48.0827 -30.7206 11.05
      vertex 51.3397 -32.2864 11.05
    endloop
  endfacet
  facet normal 0 0 1
    outer loop
      vertex 47.0926 31.927 11.05
      vertex 49.3328 34.9923 11.05
      vertex 48.912 35.2446 11.05
    endloop
  endfacet
  facet normal -0 0 1
    outer loop
      vertex 47.8809 -31.0573 11.05
      vertex 51.3397 -32.2864 11.05
      vertex 48.0827 -30.7206 11.05
    endloop
  endfacet
  facet normal 0 0 1
    outer loop
      vertex 51.3397 -32.2864 11.05
      vertex 47.8809 -31.0573 11.05
      vertex 51.1744 -32.7484 11.05
    endloop
  endfacet
  facet normal 0 0 1
    outer loop
      vertex 51.555 30.835 11.05
      vertex 48.5357 29.2271 11.05
      vertex 48.555 28.835 11.05
    endloop
  endfacet
  facet normal 0 0 1
    outer loop
      vertex 51.555 30.835 11.05
      vertex 48.4781 29.6154 11.05
      vertex 48.5357 29.2271 11.05
    endloop
  endfacet
  facet normal 0 0 1
    outer loop
      vertex 46.7773 32.1609 11.05
      vertex 48.912 35.2446 11.05
      vertex 48.4684 35.4544 11.05
    endloop
  endfacet
  facet normal 0 0 1
    outer loop
      vertex 51.555 30.835 11.05
      vertex 48.3828 29.9961 11.05
      vertex 48.4781 29.6154 11.05
    endloop
  endfacet
  facet normal 0 0 1
    outer loop
      vertex 51.555 30.835 11.05
      vertex 48.2505 30.3657 11.05
      vertex 48.3828 29.9961 11.05
    endloop
  endfacet
  facet normal 0 0 1
    outer loop
      vertex 51.4589 31.8104 11.05
      vertex 48.0827 30.7206 11.05
      vertex 48.2505 30.3657 11.05
    endloop
  endfacet
  facet normal 0 0 1
    outer loop
      vertex 46.7773 32.1609 11.05
      vertex 48.4684 35.4544 11.05
      vertex 48.0064 35.6197 11.05
    endloop
  endfacet
  facet normal 0 0 1
    outer loop
      vertex 51.3397 32.2864 11.05
      vertex 47.8809 31.0573 11.05
      vertex 48.0827 30.7206 11.05
    endloop
  endfacet
  facet normal 0 0 1
    outer loop
      vertex 50.9646 33.192 11.05
      vertex 47.647 31.3726 11.05
      vertex 47.8809 31.0573 11.05
    endloop
  endfacet
  facet normal 0 0 1
    outer loop
      vertex 46.4406 32.3627 11.05
      vertex 48.0064 35.6197 11.05
      vertex 47.5304 35.7389 11.05
    endloop
  endfacet
  facet normal 0 0 1
    outer loop
      vertex 50.42 34.007 11.05
      vertex 47.3834 31.6634 11.05
      vertex 47.647 31.3726 11.05
    endloop
  endfacet
  facet normal 0 0 1
    outer loop
      vertex 49.727 34.7 11.05
      vertex 47.0926 31.927 11.05
      vertex 47.3834 31.6634 11.05
    endloop
  endfacet
  facet normal 0 0 1
    outer loop
      vertex 46.4406 32.3627 11.05
      vertex 47.5304 35.7389 11.05
      vertex 47.0451 35.8109 11.05
    endloop
  endfacet
  facet normal 0 0 1
    outer loop
      vertex 48.912 35.2446 11.05
      vertex 46.7773 32.1609 11.05
      vertex 47.0926 31.927 11.05
    endloop
  endfacet
  facet normal 0 0 1
    outer loop
      vertex 46.0857 32.5305 11.05
      vertex 47.0451 35.8109 11.05
      vertex 46.555 35.835 11.05
    endloop
  endfacet
  facet normal 0 0 1
    outer loop
      vertex 48.0064 35.6197 11.05
      vertex 46.4406 32.3627 11.05
      vertex 46.7773 32.1609 11.05
    endloop
  endfacet
  facet normal 0 0 1
    outer loop
      vertex 47.0451 35.8109 11.05
      vertex 46.0857 32.5305 11.05
      vertex 46.4406 32.3627 11.05
    endloop
  endfacet
  facet normal 0 0 1
    outer loop
      vertex 46.555 35.835 11.05
      vertex 45.7161 32.6628 11.05
      vertex 46.0857 32.5305 11.05
    endloop
  endfacet
  facet normal 0 0 1
    outer loop
      vertex 46.555 35.835 11.05
      vertex 45.3354 32.7581 11.05
      vertex 45.7161 32.6628 11.05
    endloop
  endfacet
  facet normal 0 0 1
    outer loop
      vertex 46.555 35.835 11.05
      vertex 44.9471 32.8157 11.05
      vertex 45.3354 32.7581 11.05
    endloop
  endfacet
  facet normal 0 0 1
    outer loop
      vertex 46.555 35.835 11.05
      vertex 44.555 32.835 11.05
      vertex 44.9471 32.8157 11.05
    endloop
  endfacet
  facet normal 0 0 1
    outer loop
      vertex 46.555 35.835 11.05
      vertex -44.555 32.835 11.05
      vertex 44.555 32.835 11.05
    endloop
  endfacet
  facet normal -0 0 1
    outer loop
      vertex -46.555 35.835 11.05
      vertex -44.555 32.835 11.05
      vertex 46.555 35.835 11.05
    endloop
  endfacet
  facet normal 0 0 1
    outer loop
      vertex -46.555 35.835 11.05
      vertex -44.9471 32.8157 11.05
      vertex -44.555 32.835 11.05
    endloop
  endfacet
  facet normal 0 0 1
    outer loop
      vertex -46.555 35.835 11.05
      vertex -45.3354 32.7581 11.05
      vertex -44.9471 32.8157 11.05
    endloop
  endfacet
  facet normal 0 0 1
    outer loop
      vertex -46.555 35.835 11.05
      vertex -45.7161 32.6628 11.05
      vertex -45.3354 32.7581 11.05
    endloop
  endfacet
  facet normal 0 0 1
    outer loop
      vertex -46.555 35.835 11.05
      vertex -46.0857 32.5305 11.05
      vertex -45.7161 32.6628 11.05
    endloop
  endfacet
  facet normal -0 0 1
    outer loop
      vertex -47.0451 35.8109 11.05
      vertex -46.0857 32.5305 11.05
      vertex -46.555 35.835 11.05
    endloop
  endfacet
  facet normal 0 0 1
    outer loop
      vertex -46.0857 32.5305 11.05
      vertex -47.0451 35.8109 11.05
      vertex -46.4406 32.3627 11.05
    endloop
  endfacet
  facet normal -0 0 1
    outer loop
      vertex -47.5304 35.7389 11.05
      vertex -46.4406 32.3627 11.05
      vertex -47.0451 35.8109 11.05
    endloop
  endfacet
  facet normal -0 0 1
    outer loop
      vertex -48.0064 35.6197 11.05
      vertex -46.4406 32.3627 11.05
      vertex -47.5304 35.7389 11.05
    endloop
  endfacet
  facet normal 0 0 1
    outer loop
      vertex -46.4406 32.3627 11.05
      vertex -48.0064 35.6197 11.05
      vertex -46.7773 32.1609 11.05
    endloop
  endfacet
  facet normal -0 0 1
    outer loop
      vertex -48.4684 35.4544 11.05
      vertex -46.7773 32.1609 11.05
      vertex -48.0064 35.6197 11.05
    endloop
  endfacet
  facet normal -0 0 1
    outer loop
      vertex -48.912 35.2446 11.05
      vertex -46.7773 32.1609 11.05
      vertex -48.4684 35.4544 11.05
    endloop
  endfacet
  facet normal 0 0 1
    outer loop
      vertex -46.7773 32.1609 11.05
      vertex -48.912 35.2446 11.05
      vertex -47.0926 31.927 11.05
    endloop
  endfacet
  facet normal -0 0 1
    outer loop
      vertex -49.3328 34.9923 11.05
      vertex -47.0926 31.927 11.05
      vertex -48.912 35.2446 11.05
    endloop
  endfacet
  facet normal -0 0 1
    outer loop
      vertex -49.727 34.7 11.05
      vertex -47.0926 31.927 11.05
      vertex -49.3328 34.9923 11.05
    endloop
  endfacet
  facet normal 0 0 1
    outer loop
      vertex -47.0926 31.927 11.05
      vertex -49.727 34.7 11.05
      vertex -47.3834 31.6634 11.05
    endloop
  endfacet
  facet normal -0 0 1
    outer loop
      vertex -50.0905 34.3705 11.05
      vertex -47.3834 31.6634 11.05
      vertex -49.727 34.7 11.05
    endloop
  endfacet
  facet normal -0 0 1
    outer loop
      vertex -50.42 34.007 11.05
      vertex -47.3834 31.6634 11.05
      vertex -50.0905 34.3705 11.05
    endloop
  endfacet
  facet normal 0 0 1
    outer loop
      vertex -47.3834 31.6634 11.05
      vertex -50.42 34.007 11.05
      vertex -47.647 31.3726 11.05
    endloop
  endfacet
  facet normal -0 0 1
    outer loop
      vertex -50.7123 33.6128 11.05
      vertex -47.647 31.3726 11.05
      vertex -50.42 34.007 11.05
    endloop
  endfacet
  facet normal -0 0 1
    outer loop
      vertex -50.9646 33.192 11.05
      vertex -47.647 31.3726 11.05
      vertex -50.7123 33.6128 11.05
    endloop
  endfacet
  facet normal -0 0 1
    outer loop
      vertex -51.1744 32.7484 11.05
      vertex -47.8809 31.0573 11.05
      vertex -50.9646 33.192 11.05
    endloop
  endfacet
  facet normal 0 0 1
    outer loop
      vertex -47.647 31.3726 11.05
      vertex -50.9646 33.192 11.05
      vertex -47.8809 31.0573 11.05
    endloop
  endfacet
  facet normal 0 0 1
    outer loop
      vertex 51.1744 -32.7484 11.05
      vertex 47.8809 -31.0573 11.05
      vertex 50.9646 -33.192 11.05
    endloop
  endfacet
  facet normal -0 0 1
    outer loop
      vertex 47.647 -31.3726 11.05
      vertex 50.9646 -33.192 11.05
      vertex 47.8809 -31.0573 11.05
    endloop
  endfacet
  facet normal 0 0 1
    outer loop
      vertex 50.9646 -33.192 11.05
      vertex 47.647 -31.3726 11.05
      vertex 50.7123 -33.6128 11.05
    endloop
  endfacet
  facet normal 0 0 1
    outer loop
      vertex 50.7123 -33.6128 11.05
      vertex 47.647 -31.3726 11.05
      vertex 50.42 -34.007 11.05
    endloop
  endfacet
  facet normal -0 0 1
    outer loop
      vertex 47.3834 -31.6634 11.05
      vertex 50.42 -34.007 11.05
      vertex 47.647 -31.3726 11.05
    endloop
  endfacet
  facet normal 0 0 1
    outer loop
      vertex 50.42 -34.007 11.05
      vertex 47.3834 -31.6634 11.05
      vertex 50.0905 -34.3705 11.05
    endloop
  endfacet
  facet normal 0 0 1
    outer loop
      vertex 50.0905 -34.3705 11.05
      vertex 47.3834 -31.6634 11.05
      vertex 49.727 -34.7 11.05
    endloop
  endfacet
  facet normal -0 0 1
    outer loop
      vertex 47.0926 -31.927 11.05
      vertex 49.727 -34.7 11.05
      vertex 47.3834 -31.6634 11.05
    endloop
  endfacet
  facet normal 0 0 1
    outer loop
      vertex 49.727 -34.7 11.05
      vertex 47.0926 -31.927 11.05
      vertex 49.3328 -34.9923 11.05
    endloop
  endfacet
  facet normal 0 0 1
    outer loop
      vertex 49.3328 -34.9923 11.05
      vertex 47.0926 -31.927 11.05
      vertex 48.912 -35.2446 11.05
    endloop
  endfacet
  facet normal -0 0 1
    outer loop
      vertex 46.7773 -32.1609 11.05
      vertex 48.912 -35.2446 11.05
      vertex 47.0926 -31.927 11.05
    endloop
  endfacet
  facet normal 0 0 1
    outer loop
      vertex 48.912 -35.2446 11.05
      vertex 46.7773 -32.1609 11.05
      vertex 48.4684 -35.4544 11.05
    endloop
  endfacet
  facet normal 0 0 1
    outer loop
      vertex 48.4684 -35.4544 11.05
      vertex 46.7773 -32.1609 11.05
      vertex 48.0064 -35.6197 11.05
    endloop
  endfacet
  facet normal -0 0 1
    outer loop
      vertex 46.4406 -32.3627 11.05
      vertex 48.0064 -35.6197 11.05
      vertex 46.7773 -32.1609 11.05
    endloop
  endfacet
  facet normal 0 0 1
    outer loop
      vertex 48.0064 -35.6197 11.05
      vertex 46.4406 -32.3627 11.05
      vertex 47.5304 -35.7389 11.05
    endloop
  endfacet
  facet normal 0 0 1
    outer loop
      vertex 47.5304 -35.7389 11.05
      vertex 46.4406 -32.3627 11.05
      vertex 47.0451 -35.8109 11.05
    endloop
  endfacet
  facet normal -0 0 1
    outer loop
      vertex 46.0857 -32.5305 11.05
      vertex 47.0451 -35.8109 11.05
      vertex 46.4406 -32.3627 11.05
    endloop
  endfacet
  facet normal 0 0 1
    outer loop
      vertex 47.0451 -35.8109 11.05
      vertex 46.0857 -32.5305 11.05
      vertex 46.555 -35.835 11.05
    endloop
  endfacet
  facet normal -0 0 1
    outer loop
      vertex 45.7161 -32.6628 11.05
      vertex 46.555 -35.835 11.05
      vertex 46.0857 -32.5305 11.05
    endloop
  endfacet
  facet normal -0 0 1
    outer loop
      vertex 45.3354 -32.7581 11.05
      vertex 46.555 -35.835 11.05
      vertex 45.7161 -32.6628 11.05
    endloop
  endfacet
  facet normal -0 0 1
    outer loop
      vertex 44.9471 -32.8157 11.05
      vertex 46.555 -35.835 11.05
      vertex 45.3354 -32.7581 11.05
    endloop
  endfacet
  facet normal -0 0 1
    outer loop
      vertex 44.555 -32.835 11.05
      vertex 46.555 -35.835 11.05
      vertex 44.9471 -32.8157 11.05
    endloop
  endfacet
  facet normal -0 0 1
    outer loop
      vertex -44.555 -32.835 11.05
      vertex 46.555 -35.835 11.05
      vertex 44.555 -32.835 11.05
    endloop
  endfacet
  facet normal 0 0 1
    outer loop
      vertex -44.555 -32.835 11.05
      vertex -46.555 -35.835 11.05
      vertex 46.555 -35.835 11.05
    endloop
  endfacet
  facet normal 0 0 1
    outer loop
      vertex -44.9471 -32.8157 11.05
      vertex -46.555 -35.835 11.05
      vertex -44.555 -32.835 11.05
    endloop
  endfacet
  facet normal 0 0 1
    outer loop
      vertex -45.3354 -32.7581 11.05
      vertex -46.555 -35.835 11.05
      vertex -44.9471 -32.8157 11.05
    endloop
  endfacet
  facet normal 0 0 1
    outer loop
      vertex -45.7161 -32.6628 11.05
      vertex -46.555 -35.835 11.05
      vertex -45.3354 -32.7581 11.05
    endloop
  endfacet
  facet normal 0 0 1
    outer loop
      vertex -46.0857 -32.5305 11.05
      vertex -46.555 -35.835 11.05
      vertex -45.7161 -32.6628 11.05
    endloop
  endfacet
  facet normal 0 0 1
    outer loop
      vertex -47.0451 -35.8109 11.05
      vertex -46.0857 -32.5305 11.05
      vertex -46.4406 -32.3627 11.05
    endloop
  endfacet
  facet normal 0 0 1
    outer loop
      vertex -48.0064 -35.6197 11.05
      vertex -46.4406 -32.3627 11.05
      vertex -46.7773 -32.1609 11.05
    endloop
  endfacet
  facet normal 0 0 1
    outer loop
      vertex -46.0857 -32.5305 11.05
      vertex -47.0451 -35.8109 11.05
      vertex -46.555 -35.835 11.05
    endloop
  endfacet
  facet normal 0 0 1
    outer loop
      vertex -48.912 -35.2446 11.05
      vertex -46.7773 -32.1609 11.05
      vertex -47.0926 -31.927 11.05
    endloop
  endfacet
  facet normal 0 0 1
    outer loop
      vertex -49.727 -34.7 11.05
      vertex -47.0926 -31.927 11.05
      vertex -47.3834 -31.6634 11.05
    endloop
  endfacet
  facet normal 0 0 1
    outer loop
      vertex -46.4406 -32.3627 11.05
      vertex -47.5304 -35.7389 11.05
      vertex -47.0451 -35.8109 11.05
    endloop
  endfacet
  facet normal 0 0 1
    outer loop
      vertex -50.42 -34.007 11.05
      vertex -47.3834 -31.6634 11.05
      vertex -47.647 -31.3726 11.05
    endloop
  endfacet
  facet normal 0 0 1
    outer loop
      vertex -50.9646 -33.192 11.05
      vertex -47.647 -31.3726 11.05
      vertex -47.8809 -31.0573 11.05
    endloop
  endfacet
  facet normal 0 0 1
    outer loop
      vertex -46.4406 -32.3627 11.05
      vertex -48.0064 -35.6197 11.05
      vertex -47.5304 -35.7389 11.05
    endloop
  endfacet
  facet normal 0 0 1
    outer loop
      vertex -51.3397 -32.2864 11.05
      vertex -47.8809 -31.0573 11.05
      vertex -48.0827 -30.7206 11.05
    endloop
  endfacet
  facet normal 0 0 1
    outer loop
      vertex -51.4589 -31.8104 11.05
      vertex -48.0827 -30.7206 11.05
      vertex -48.2505 -30.3657 11.05
    endloop
  endfacet
  facet normal 0 0 1
    outer loop
      vertex -51.555 -30.835 11.05
      vertex -48.2505 -30.3657 11.05
      vertex -48.3828 -29.9961 11.05
    endloop
  endfacet
  facet normal 0 0 1
    outer loop
      vertex -46.7773 -32.1609 11.05
      vertex -48.4684 -35.4544 11.05
      vertex -48.0064 -35.6197 11.05
    endloop
  endfacet
  facet normal 0 0 1
    outer loop
      vertex -51.555 -30.835 11.05
      vertex -48.3828 -29.9961 11.05
      vertex -48.4781 -29.6154 11.05
    endloop
  endfacet
  facet normal 0 0 1
    outer loop
      vertex -51.555 -30.835 11.05
      vertex -48.4781 -29.6154 11.05
      vertex -48.5357 -29.2271 11.05
    endloop
  endfacet
  facet normal 0 0 1
    outer loop
      vertex -51.555 -30.835 11.05
      vertex -48.5357 -29.2271 11.05
      vertex -48.555 -28.835 11.05
    endloop
  endfacet
  facet normal 0 0 1
    outer loop
      vertex -46.7773 -32.1609 11.05
      vertex -48.912 -35.2446 11.05
      vertex -48.4684 -35.4544 11.05
    endloop
  endfacet
  facet normal 0 0 1
    outer loop
      vertex -48.555 28.835 11.05
      vertex -51.555 30.835 11.05
      vertex -48.555 -28.835 11.05
    endloop
  endfacet
  facet normal -0 0 1
    outer loop
      vertex -51.3397 32.2864 11.05
      vertex -47.8809 31.0573 11.05
      vertex -51.1744 32.7484 11.05
    endloop
  endfacet
  facet normal 0 0 1
    outer loop
      vertex -51.555 -30.835 11.05
      vertex -48.555 -28.835 11.05
      vertex -51.555 30.835 11.05
    endloop
  endfacet
  facet normal 0 0 1
    outer loop
      vertex -47.8809 31.0573 11.05
      vertex -51.3397 32.2864 11.05
      vertex -48.0827 30.7206 11.05
    endloop
  endfacet
  facet normal 0 0 1
    outer loop
      vertex -48.2505 -30.3657 11.05
      vertex -51.555 -30.835 11.05
      vertex -51.5309 -31.3251 11.05
    endloop
  endfacet
  facet normal -0 0 1
    outer loop
      vertex -51.4589 31.8104 11.05
      vertex -48.0827 30.7206 11.05
      vertex -51.3397 32.2864 11.05
    endloop
  endfacet
  facet normal 0 0 1
    outer loop
      vertex -47.0926 -31.927 11.05
      vertex -49.3328 -34.9923 11.05
      vertex -48.912 -35.2446 11.05
    endloop
  endfacet
  facet normal 0 0 1
    outer loop
      vertex -48.0827 30.7206 11.05
      vertex -51.4589 31.8104 11.05
      vertex -48.2505 30.3657 11.05
    endloop
  endfacet
  facet normal 0 0 1
    outer loop
      vertex -47.0926 -31.927 11.05
      vertex -49.727 -34.7 11.05
      vertex -49.3328 -34.9923 11.05
    endloop
  endfacet
  facet normal -0 0 1
    outer loop
      vertex -51.5309 31.3251 11.05
      vertex -48.2505 30.3657 11.05
      vertex -51.4589 31.8104 11.05
    endloop
  endfacet
  facet normal 0 0 1
    outer loop
      vertex -47.3834 -31.6634 11.05
      vertex -50.0905 -34.3705 11.05
      vertex -49.727 -34.7 11.05
    endloop
  endfacet
  facet normal -0 0 1
    outer loop
      vertex -51.555 30.835 11.05
      vertex -48.2505 30.3657 11.05
      vertex -51.5309 31.3251 11.05
    endloop
  endfacet
  facet normal 0 0 1
    outer loop
      vertex -47.3834 -31.6634 11.05
      vertex -50.42 -34.007 11.05
      vertex -50.0905 -34.3705 11.05
    endloop
  endfacet
  facet normal 0 0 1
    outer loop
      vertex -48.2505 30.3657 11.05
      vertex -51.555 30.835 11.05
      vertex -48.3828 29.9961 11.05
    endloop
  endfacet
  facet normal 0 0 1
    outer loop
      vertex -47.647 -31.3726 11.05
      vertex -50.7123 -33.6128 11.05
      vertex -50.42 -34.007 11.05
    endloop
  endfacet
  facet normal 0 0 1
    outer loop
      vertex -48.3828 29.9961 11.05
      vertex -51.555 30.835 11.05
      vertex -48.4781 29.6154 11.05
    endloop
  endfacet
  facet normal 0 0 1
    outer loop
      vertex -47.647 -31.3726 11.05
      vertex -50.9646 -33.192 11.05
      vertex -50.7123 -33.6128 11.05
    endloop
  endfacet
  facet normal 0 0 1
    outer loop
      vertex -48.4781 29.6154 11.05
      vertex -51.555 30.835 11.05
      vertex -48.5357 29.2271 11.05
    endloop
  endfacet
  facet normal 0 0 1
    outer loop
      vertex -47.8809 -31.0573 11.05
      vertex -51.1744 -32.7484 11.05
      vertex -50.9646 -33.192 11.05
    endloop
  endfacet
  facet normal 0 0 1
    outer loop
      vertex -48.5357 29.2271 11.05
      vertex -51.555 30.835 11.05
      vertex -48.555 28.835 11.05
    endloop
  endfacet
  facet normal 0 0 1
    outer loop
      vertex -47.8809 -31.0573 11.05
      vertex -51.3397 -32.2864 11.05
      vertex -51.1744 -32.7484 11.05
    endloop
  endfacet
  facet normal 0 0 1
    outer loop
      vertex -48.0827 -30.7206 11.05
      vertex -51.4589 -31.8104 11.05
      vertex -51.3397 -32.2864 11.05
    endloop
  endfacet
  facet normal 0 0 1
    outer loop
      vertex -48.2505 -30.3657 11.05
      vertex -51.5309 -31.3251 11.05
      vertex -51.4589 -31.8104 11.05
    endloop
  endfacet
  facet normal 1 -0 0
    outer loop
      vertex 51.555 -30.835 11.05
      vertex 51.555 30.835 -11.05
      vertex 51.555 30.835 11.05
    endloop
  endfacet
  facet normal 1 0 0
    outer loop
      vertex 51.555 30.835 -11.05
      vertex 51.555 -30.835 11.05
      vertex 51.555 -30.835 -11.05
    endloop
  endfacet
  facet normal -1 0 0
    outer loop
      vertex -51.555 -30.835 -11.05
      vertex -51.555 30.835 11.05
      vertex -51.555 30.835 -11.05
    endloop
  endfacet
  facet normal -1 -0 0
    outer loop
      vertex -51.555 30.835 11.05
      vertex -51.555 -30.835 -11.05
      vertex -51.555 -30.835 11.05
    endloop
  endfacet
  facet normal 0 0 -1
    outer loop
      vertex 46.555 -35.835 -11.05
      vertex 51.555 -30.835 -11.05
      vertex 51.5309 -31.3251 -11.05
    endloop
  endfacet
  facet normal -0 0 -1
    outer loop
      vertex 51.555 -30.835 -11.05
      vertex 46.555 -35.835 -11.05
      vertex 51.555 30.835 -11.05
    endloop
  endfacet
  facet normal 0 0 -1
    outer loop
      vertex 46.555 -35.835 -11.05
      vertex 51.5309 -31.3251 -11.05
      vertex 51.4589 -31.8104 -11.05
    endloop
  endfacet
  facet normal 0 0 -1
    outer loop
      vertex 46.555 35.835 -11.05
      vertex 51.555 30.835 -11.05
      vertex 46.555 -35.835 -11.05
    endloop
  endfacet
  facet normal 0 0 -1
    outer loop
      vertex 46.555 -35.835 -11.05
      vertex 51.4589 -31.8104 -11.05
      vertex 51.3397 -32.2864 -11.05
    endloop
  endfacet
  facet normal 0 0 -1
    outer loop
      vertex 51.555 30.835 -11.05
      vertex 46.555 35.835 -11.05
      vertex 51.5309 31.3251 -11.05
    endloop
  endfacet
  facet normal 0 0 -1
    outer loop
      vertex 46.555 -35.835 -11.05
      vertex 51.3397 -32.2864 -11.05
      vertex 51.1744 -32.7484 -11.05
    endloop
  endfacet
  facet normal 0 0 -1
    outer loop
      vertex 51.5309 31.3251 -11.05
      vertex 46.555 35.835 -11.05
      vertex 51.4589 31.8104 -11.05
    endloop
  endfacet
  facet normal 0 0 -1
    outer loop
      vertex 46.555 -35.835 -11.05
      vertex 51.1744 -32.7484 -11.05
      vertex 50.9646 -33.192 -11.05
    endloop
  endfacet
  facet normal 0 0 -1
    outer loop
      vertex 51.4589 31.8104 -11.05
      vertex 46.555 35.835 -11.05
      vertex 51.3397 32.2864 -11.05
    endloop
  endfacet
  facet normal 0 0 -1
    outer loop
      vertex 46.555 -35.835 -11.05
      vertex 50.9646 -33.192 -11.05
      vertex 50.7123 -33.6128 -11.05
    endloop
  endfacet
  facet normal 0 0 -1
    outer loop
      vertex 51.3397 32.2864 -11.05
      vertex 46.555 35.835 -11.05
      vertex 51.1744 32.7484 -11.05
    endloop
  endfacet
  facet normal 0 0 -1
    outer loop
      vertex 46.555 -35.835 -11.05
      vertex 50.7123 -33.6128 -11.05
      vertex 50.42 -34.007 -11.05
    endloop
  endfacet
  facet normal 0 0 -1
    outer loop
      vertex 51.1744 32.7484 -11.05
      vertex 46.555 35.835 -11.05
      vertex 50.9646 33.192 -11.05
    endloop
  endfacet
  facet normal 0 0 -1
    outer loop
      vertex 46.555 -35.835 -11.05
      vertex 50.42 -34.007 -11.05
      vertex 50.0905 -34.3705 -11.05
    endloop
  endfacet
  facet normal 0 0 -1
    outer loop
      vertex 50.9646 33.192 -11.05
      vertex 46.555 35.835 -11.05
      vertex 50.7123 33.6128 -11.05
    endloop
  endfacet
  facet normal 0 0 -1
    outer loop
      vertex 46.555 -35.835 -11.05
      vertex 50.0905 -34.3705 -11.05
      vertex 49.727 -34.7 -11.05
    endloop
  endfacet
  facet normal 0 0 -1
    outer loop
      vertex 50.7123 33.6128 -11.05
      vertex 46.555 35.835 -11.05
      vertex 50.42 34.007 -11.05
    endloop
  endfacet
  facet normal 0 0 -1
    outer loop
      vertex 46.555 -35.835 -11.05
      vertex 49.727 -34.7 -11.05
      vertex 49.3328 -34.9923 -11.05
    endloop
  endfacet
  facet normal 0 0 -1
    outer loop
      vertex 50.42 34.007 -11.05
      vertex 46.555 35.835 -11.05
      vertex 50.0905 34.3705 -11.05
    endloop
  endfacet
  facet normal 0 0 -1
    outer loop
      vertex 46.555 -35.835 -11.05
      vertex 49.3328 -34.9923 -11.05
      vertex 48.912 -35.2446 -11.05
    endloop
  endfacet
  facet normal 0 0 -1
    outer loop
      vertex 50.0905 34.3705 -11.05
      vertex 46.555 35.835 -11.05
      vertex 49.727 34.7 -11.05
    endloop
  endfacet
  facet normal 0 0 -1
    outer loop
      vertex 46.555 -35.835 -11.05
      vertex 48.912 -35.2446 -11.05
      vertex 48.4684 -35.4544 -11.05
    endloop
  endfacet
  facet normal 0 0 -1
    outer loop
      vertex 49.727 34.7 -11.05
      vertex 46.555 35.835 -11.05
      vertex 49.3328 34.9923 -11.05
    endloop
  endfacet
  facet normal 0 0 -1
    outer loop
      vertex 46.555 -35.835 -11.05
      vertex 48.4684 -35.4544 -11.05
      vertex 48.0064 -35.6197 -11.05
    endloop
  endfacet
  facet normal 0 0 -1
    outer loop
      vertex 49.3328 34.9923 -11.05
      vertex 46.555 35.835 -11.05
      vertex 48.912 35.2446 -11.05
    endloop
  endfacet
  facet normal 0 0 -1
    outer loop
      vertex 46.555 -35.835 -11.05
      vertex 48.0064 -35.6197 -11.05
      vertex 47.5304 -35.7389 -11.05
    endloop
  endfacet
  facet normal 0 0 -1
    outer loop
      vertex 48.912 35.2446 -11.05
      vertex 46.555 35.835 -11.05
      vertex 48.4684 35.4544 -11.05
    endloop
  endfacet
  facet normal 0 0 -1
    outer loop
      vertex 46.555 -35.835 -11.05
      vertex 47.5304 -35.7389 -11.05
      vertex 47.0451 -35.8109 -11.05
    endloop
  endfacet
  facet normal 0 0 -1
    outer loop
      vertex 48.4684 35.4544 -11.05
      vertex 46.555 35.835 -11.05
      vertex 48.0064 35.6197 -11.05
    endloop
  endfacet
  facet normal 0 0 -1
    outer loop
      vertex 48.0064 35.6197 -11.05
      vertex 46.555 35.835 -11.05
      vertex 47.5304 35.7389 -11.05
    endloop
  endfacet
  facet normal 0 0 -1
    outer loop
      vertex 47.5304 35.7389 -11.05
      vertex 46.555 35.835 -11.05
      vertex 47.0451 35.8109 -11.05
    endloop
  endfacet
  facet normal 0 0 -1
    outer loop
      vertex -46.555 -35.835 -11.05
      vertex 46.555 35.835 -11.05
      vertex 46.555 -35.835 -11.05
    endloop
  endfacet
  facet normal 0 0 -1
    outer loop
      vertex -46.555 -35.835 -11.05
      vertex -46.555 35.835 -11.05
      vertex 46.555 35.835 -11.05
    endloop
  endfacet
  facet normal 0 0 -1
    outer loop
      vertex -51.555 -30.835 -11.05
      vertex -46.555 -35.835 -11.05
      vertex -47.0451 -35.8109 -11.05
    endloop
  endfacet
  facet normal 0 0 -1
    outer loop
      vertex -46.555 -35.835 -11.05
      vertex -51.555 -30.835 -11.05
      vertex -46.555 35.835 -11.05
    endloop
  endfacet
  facet normal 0 0 -1
    outer loop
      vertex -51.555 -30.835 -11.05
      vertex -47.0451 -35.8109 -11.05
      vertex -47.5304 -35.7389 -11.05
    endloop
  endfacet
  facet normal 0 0 -1
    outer loop
      vertex -51.555 30.835 -11.05
      vertex -46.555 35.835 -11.05
      vertex -51.555 -30.835 -11.05
    endloop
  endfacet
  facet normal 0 0 -1
    outer loop
      vertex -51.555 -30.835 -11.05
      vertex -47.5304 -35.7389 -11.05
      vertex -48.0064 -35.6197 -11.05
    endloop
  endfacet
  facet normal 0 0 -1
    outer loop
      vertex -46.555 35.835 -11.05
      vertex -51.555 30.835 -11.05
      vertex -47.0451 35.8109 -11.05
    endloop
  endfacet
  facet normal 0 0 -1
    outer loop
      vertex -51.555 -30.835 -11.05
      vertex -48.0064 -35.6197 -11.05
      vertex -48.4684 -35.4544 -11.05
    endloop
  endfacet
  facet normal 0 0 -1
    outer loop
      vertex -47.0451 35.8109 -11.05
      vertex -51.555 30.835 -11.05
      vertex -47.5304 35.7389 -11.05
    endloop
  endfacet
  facet normal 0 0 -1
    outer loop
      vertex -51.555 -30.835 -11.05
      vertex -48.4684 -35.4544 -11.05
      vertex -48.912 -35.2446 -11.05
    endloop
  endfacet
  facet normal 0 0 -1
    outer loop
      vertex -47.5304 35.7389 -11.05
      vertex -51.555 30.835 -11.05
      vertex -48.0064 35.6197 -11.05
    endloop
  endfacet
  facet normal 0 0 -1
    outer loop
      vertex -51.555 -30.835 -11.05
      vertex -48.912 -35.2446 -11.05
      vertex -49.3328 -34.9923 -11.05
    endloop
  endfacet
  facet normal 0 0 -1
    outer loop
      vertex -48.0064 35.6197 -11.05
      vertex -51.555 30.835 -11.05
      vertex -48.4684 35.4544 -11.05
    endloop
  endfacet
  facet normal 0 0 -1
    outer loop
      vertex -51.555 -30.835 -11.05
      vertex -49.3328 -34.9923 -11.05
      vertex -49.727 -34.7 -11.05
    endloop
  endfacet
  facet normal 0 0 -1
    outer loop
      vertex -48.4684 35.4544 -11.05
      vertex -51.555 30.835 -11.05
      vertex -48.912 35.2446 -11.05
    endloop
  endfacet
  facet normal 0 0 -1
    outer loop
      vertex -51.555 -30.835 -11.05
      vertex -49.727 -34.7 -11.05
      vertex -50.0905 -34.3705 -11.05
    endloop
  endfacet
  facet normal 0 0 -1
    outer loop
      vertex -48.912 35.2446 -11.05
      vertex -51.555 30.835 -11.05
      vertex -49.3328 34.9923 -11.05
    endloop
  endfacet
  facet normal 0 0 -1
    outer loop
      vertex -51.555 -30.835 -11.05
      vertex -50.0905 -34.3705 -11.05
      vertex -50.42 -34.007 -11.05
    endloop
  endfacet
  facet normal 0 0 -1
    outer loop
      vertex -49.3328 34.9923 -11.05
      vertex -51.555 30.835 -11.05
      vertex -49.727 34.7 -11.05
    endloop
  endfacet
  facet normal 0 0 -1
    outer loop
      vertex -51.555 -30.835 -11.05
      vertex -50.42 -34.007 -11.05
      vertex -50.7123 -33.6128 -11.05
    endloop
  endfacet
  facet normal 0 0 -1
    outer loop
      vertex -49.727 34.7 -11.05
      vertex -51.555 30.835 -11.05
      vertex -50.0905 34.3705 -11.05
    endloop
  endfacet
  facet normal 0 0 -1
    outer loop
      vertex -51.555 -30.835 -11.05
      vertex -50.7123 -33.6128 -11.05
      vertex -50.9646 -33.192 -11.05
    endloop
  endfacet
  facet normal 0 0 -1
    outer loop
      vertex -50.0905 34.3705 -11.05
      vertex -51.555 30.835 -11.05
      vertex -50.42 34.007 -11.05
    endloop
  endfacet
  facet normal 0 0 -1
    outer loop
      vertex -51.555 -30.835 -11.05
      vertex -50.9646 -33.192 -11.05
      vertex -51.1744 -32.7484 -11.05
    endloop
  endfacet
  facet normal 0 0 -1
    outer loop
      vertex -50.42 34.007 -11.05
      vertex -51.555 30.835 -11.05
      vertex -50.7123 33.6128 -11.05
    endloop
  endfacet
  facet normal 0 0 -1
    outer loop
      vertex -51.555 -30.835 -11.05
      vertex -51.1744 -32.7484 -11.05
      vertex -51.3397 -32.2864 -11.05
    endloop
  endfacet
  facet normal 0 0 -1
    outer loop
      vertex -50.7123 33.6128 -11.05
      vertex -51.555 30.835 -11.05
      vertex -50.9646 33.192 -11.05
    endloop
  endfacet
  facet normal 0 0 -1
    outer loop
      vertex -51.555 -30.835 -11.05
      vertex -51.3397 -32.2864 -11.05
      vertex -51.4589 -31.8104 -11.05
    endloop
  endfacet
  facet normal 0 0 -1
    outer loop
      vertex -50.9646 33.192 -11.05
      vertex -51.555 30.835 -11.05
      vertex -51.1744 32.7484 -11.05
    endloop
  endfacet
  facet normal 0 0 -1
    outer loop
      vertex -51.555 -30.835 -11.05
      vertex -51.4589 -31.8104 -11.05
      vertex -51.5309 -31.3251 -11.05
    endloop
  endfacet
  facet normal 0 0 -1
    outer loop
      vertex -51.1744 32.7484 -11.05
      vertex -51.555 30.835 -11.05
      vertex -51.3397 32.2864 -11.05
    endloop
  endfacet
  facet normal 0 0 -1
    outer loop
      vertex -51.3397 32.2864 -11.05
      vertex -51.555 30.835 -11.05
      vertex -51.4589 31.8104 -11.05
    endloop
  endfacet
  facet normal 0 0 -1
    outer loop
      vertex -51.4589 31.8104 -11.05
      vertex -51.555 30.835 -11.05
      vertex -51.5309 31.3251 -11.05
    endloop
  endfacet
  facet normal 0.0491143 0.998793 -0
    outer loop
      vertex 47.0451 35.8109 -11.05
      vertex 46.555 35.835 11.05
      vertex 47.0451 35.8109 11.05
    endloop
  endfacet
  facet normal 0.0491143 0.998793 0
    outer loop
      vertex 46.555 35.835 11.05
      vertex 47.0451 35.8109 -11.05
      vertex 46.555 35.835 -11.05
    endloop
  endfacet
  facet normal 0 1 -0
    outer loop
      vertex 46.555 35.835 -11.05
      vertex -46.555 35.835 11.05
      vertex 46.555 35.835 11.05
    endloop
  endfacet
  facet normal 0 1 0
    outer loop
      vertex -46.555 35.835 11.05
      vertex 46.555 35.835 -11.05
      vertex -46.555 35.835 -11.05
    endloop
  endfacet
  facet normal 0.989173 0.146755 0
    outer loop
      vertex 51.5309 31.3251 11.05
      vertex 51.4589 31.8104 -11.05
      vertex 51.4589 31.8104 11.05
    endloop
  endfacet
  facet normal 0.989173 0.146755 0
    outer loop
      vertex 51.4589 31.8104 -11.05
      vertex 51.5309 31.3251 11.05
      vertex 51.5309 31.3251 -11.05
    endloop
  endfacet
  facet normal 0.998793 0.0491143 0
    outer loop
      vertex 51.555 30.835 11.05
      vertex 51.5309 31.3251 -11.05
      vertex 51.5309 31.3251 11.05
    endloop
  endfacet
  facet normal 0.998793 0.0491143 0
    outer loop
      vertex 51.5309 31.3251 -11.05
      vertex 51.555 30.835 11.05
      vertex 51.555 30.835 -11.05
    endloop
  endfacet
  facet normal 0.514226 -0.857655 0
    outer loop
      vertex 48.912 -35.2446 -11.05
      vertex 49.3328 -34.9923 11.05
      vertex 48.912 -35.2446 11.05
    endloop
  endfacet
  facet normal 0.514226 -0.857655 0
    outer loop
      vertex 49.3328 -34.9923 11.05
      vertex 48.912 -35.2446 -11.05
      vertex 49.3328 -34.9923 -11.05
    endloop
  endfacet
  facet normal -0.0491143 -0.998793 0
    outer loop
      vertex -47.0451 -35.8109 -11.05
      vertex -46.555 -35.835 11.05
      vertex -47.0451 -35.8109 11.05
    endloop
  endfacet
  facet normal -0.0491143 -0.998793 -0
    outer loop
      vertex -46.555 -35.835 11.05
      vertex -47.0451 -35.8109 -11.05
      vertex -46.555 -35.835 -11.05
    endloop
  endfacet
  facet normal -0.595622 -0.803265 0
    outer loop
      vertex -49.727 -34.7 -11.05
      vertex -49.3328 -34.9923 11.05
      vertex -49.727 -34.7 11.05
    endloop
  endfacet
  facet normal -0.595622 -0.803265 -0
    outer loop
      vertex -49.3328 -34.9923 11.05
      vertex -49.727 -34.7 -11.05
      vertex -49.3328 -34.9923 -11.05
    endloop
  endfacet
  facet normal -0.941548 -0.336879 0
    outer loop
      vertex -51.1744 -32.7484 -11.05
      vertex -51.3397 -32.2864 11.05
      vertex -51.3397 -32.2864 -11.05
    endloop
  endfacet
  facet normal -0.941548 -0.336879 0
    outer loop
      vertex -51.3397 -32.2864 11.05
      vertex -51.1744 -32.7484 -11.05
      vertex -51.1744 -32.7484 11.05
    endloop
  endfacet
  facet normal -0.857655 0.514226 0
    outer loop
      vertex -50.9646 33.192 -11.05
      vertex -50.7123 33.6128 11.05
      vertex -50.7123 33.6128 -11.05
    endloop
  endfacet
  facet normal -0.857655 0.514226 0
    outer loop
      vertex -50.7123 33.6128 11.05
      vertex -50.9646 33.192 -11.05
      vertex -50.9646 33.192 11.05
    endloop
  endfacet
  facet normal -0.998793 0.0491143 0
    outer loop
      vertex -51.555 30.835 -11.05
      vertex -51.5309 31.3251 11.05
      vertex -51.5309 31.3251 -11.05
    endloop
  endfacet
  facet normal -0.998793 0.0491143 0
    outer loop
      vertex -51.5309 31.3251 11.05
      vertex -51.555 30.835 -11.05
      vertex -51.555 30.835 11.05
    endloop
  endfacet
  facet normal 0.671607 0.740908 -0
    outer loop
      vertex 50.0905 34.3705 -11.05
      vertex 49.727 34.7 11.05
      vertex 50.0905 34.3705 11.05
    endloop
  endfacet
  facet normal 0.671607 0.740908 0
    outer loop
      vertex 49.727 34.7 11.05
      vertex 50.0905 34.3705 -11.05
      vertex 49.727 34.7 -11.05
    endloop
  endfacet
  facet normal 0.857655 -0.514226 0
    outer loop
      vertex 50.7123 -33.6128 11.05
      vertex 50.9646 -33.192 -11.05
      vertex 50.9646 -33.192 11.05
    endloop
  endfacet
  facet normal 0.857655 -0.514226 0
    outer loop
      vertex 50.9646 -33.192 -11.05
      vertex 50.7123 -33.6128 11.05
      vertex 50.7123 -33.6128 -11.05
    endloop
  endfacet
  facet normal 0.336879 -0.941548 0
    outer loop
      vertex 48.0064 -35.6197 -11.05
      vertex 48.4684 -35.4544 11.05
      vertex 48.0064 -35.6197 11.05
    endloop
  endfacet
  facet normal 0.336879 -0.941548 0
    outer loop
      vertex 48.4684 -35.4544 11.05
      vertex 48.0064 -35.6197 -11.05
      vertex 48.4684 -35.4544 -11.05
    endloop
  endfacet
  facet normal 0.595622 -0.803265 0
    outer loop
      vertex 49.3328 -34.9923 -11.05
      vertex 49.727 -34.7 11.05
      vertex 49.3328 -34.9923 11.05
    endloop
  endfacet
  facet normal 0.595622 -0.803265 0
    outer loop
      vertex 49.727 -34.7 11.05
      vertex 49.3328 -34.9923 -11.05
      vertex 49.727 -34.7 -11.05
    endloop
  endfacet
  facet normal -0.857655 -0.514226 0
    outer loop
      vertex -50.7123 -33.6128 -11.05
      vertex -50.9646 -33.192 11.05
      vertex -50.9646 -33.192 -11.05
    endloop
  endfacet
  facet normal -0.857655 -0.514226 0
    outer loop
      vertex -50.9646 -33.192 11.05
      vertex -50.7123 -33.6128 -11.05
      vertex -50.7123 -33.6128 11.05
    endloop
  endfacet
  facet normal -0.671607 0.740908 0
    outer loop
      vertex -49.727 34.7 -11.05
      vertex -50.0905 34.3705 11.05
      vertex -49.727 34.7 11.05
    endloop
  endfacet
  facet normal -0.671607 0.740908 0
    outer loop
      vertex -50.0905 34.3705 11.05
      vertex -49.727 34.7 -11.05
      vertex -50.0905 34.3705 -11.05
    endloop
  endfacet
  facet normal -0.595622 0.803265 0
    outer loop
      vertex -49.3328 34.9923 -11.05
      vertex -49.727 34.7 11.05
      vertex -49.3328 34.9923 11.05
    endloop
  endfacet
  facet normal -0.595622 0.803265 0
    outer loop
      vertex -49.727 34.7 11.05
      vertex -49.3328 34.9923 -11.05
      vertex -49.727 34.7 -11.05
    endloop
  endfacet
  facet normal -0.970047 0.242919 0
    outer loop
      vertex -51.4589 31.8104 -11.05
      vertex -51.3397 32.2864 11.05
      vertex -51.3397 32.2864 -11.05
    endloop
  endfacet
  facet normal -0.970047 0.242919 0
    outer loop
      vertex -51.3397 32.2864 11.05
      vertex -51.4589 31.8104 -11.05
      vertex -51.4589 31.8104 11.05
    endloop
  endfacet
  facet normal -0.903995 0.427543 0
    outer loop
      vertex -51.1744 32.7484 -11.05
      vertex -50.9646 33.192 11.05
      vertex -50.9646 33.192 -11.05
    endloop
  endfacet
  facet normal -0.903995 0.427543 0
    outer loop
      vertex -50.9646 33.192 11.05
      vertex -51.1744 32.7484 -11.05
      vertex -51.1744 32.7484 11.05
    endloop
  endfacet
  facet normal -0.989173 0.146755 0
    outer loop
      vertex -51.5309 31.3251 -11.05
      vertex -51.4589 31.8104 11.05
      vertex -51.4589 31.8104 -11.05
    endloop
  endfacet
  facet normal -0.989173 0.146755 0
    outer loop
      vertex -51.4589 31.8104 11.05
      vertex -51.5309 31.3251 -11.05
      vertex -51.5309 31.3251 11.05
    endloop
  endfacet
  facet normal 0.595622 0.803265 -0
    outer loop
      vertex 49.727 34.7 -11.05
      vertex 49.3328 34.9923 11.05
      vertex 49.727 34.7 11.05
    endloop
  endfacet
  facet normal 0.595622 0.803265 0
    outer loop
      vertex 49.3328 34.9923 11.05
      vertex 49.727 34.7 -11.05
      vertex 49.3328 34.9923 -11.05
    endloop
  endfacet
  facet normal 0.427543 0.903995 -0
    outer loop
      vertex 48.912 35.2446 -11.05
      vertex 48.4684 35.4544 11.05
      vertex 48.912 35.2446 11.05
    endloop
  endfacet
  facet normal 0.427543 0.903995 0
    outer loop
      vertex 48.4684 35.4544 11.05
      vertex 48.912 35.2446 -11.05
      vertex 48.4684 35.4544 -11.05
    endloop
  endfacet
  facet normal 0.857655 0.514226 0
    outer loop
      vertex 50.9646 33.192 11.05
      vertex 50.7123 33.6128 -11.05
      vertex 50.7123 33.6128 11.05
    endloop
  endfacet
  facet normal 0.857655 0.514226 0
    outer loop
      vertex 50.7123 33.6128 -11.05
      vertex 50.9646 33.192 11.05
      vertex 50.9646 33.192 -11.05
    endloop
  endfacet
  facet normal -0.242919 0.970047 0
    outer loop
      vertex -47.5304 35.7389 -11.05
      vertex -48.0064 35.6197 11.05
      vertex -47.5304 35.7389 11.05
    endloop
  endfacet
  facet normal -0.242919 0.970047 0
    outer loop
      vertex -48.0064 35.6197 11.05
      vertex -47.5304 35.7389 -11.05
      vertex -48.0064 35.6197 -11.05
    endloop
  endfacet
  facet normal -0.336879 0.941548 0
    outer loop
      vertex -48.0064 35.6197 -11.05
      vertex -48.4684 35.4544 11.05
      vertex -48.0064 35.6197 11.05
    endloop
  endfacet
  facet normal -0.336879 0.941548 0
    outer loop
      vertex -48.4684 35.4544 11.05
      vertex -48.0064 35.6197 -11.05
      vertex -48.4684 35.4544 -11.05
    endloop
  endfacet
  facet normal -0.514226 0.857655 0
    outer loop
      vertex -48.912 35.2446 -11.05
      vertex -49.3328 34.9923 11.05
      vertex -48.912 35.2446 11.05
    endloop
  endfacet
  facet normal -0.514226 0.857655 0
    outer loop
      vertex -49.3328 34.9923 11.05
      vertex -48.912 35.2446 -11.05
      vertex -49.3328 34.9923 -11.05
    endloop
  endfacet
  facet normal 0.989173 -0.146755 0
    outer loop
      vertex 51.4589 -31.8104 11.05
      vertex 51.5309 -31.3251 -11.05
      vertex 51.5309 -31.3251 11.05
    endloop
  endfacet
  facet normal 0.989173 -0.146755 0
    outer loop
      vertex 51.5309 -31.3251 -11.05
      vertex 51.4589 -31.8104 11.05
      vertex 51.4589 -31.8104 -11.05
    endloop
  endfacet
  facet normal 0.427543 -0.903995 0
    outer loop
      vertex 48.4684 -35.4544 -11.05
      vertex 48.912 -35.2446 11.05
      vertex 48.4684 -35.4544 11.05
    endloop
  endfacet
  facet normal 0.427543 -0.903995 0
    outer loop
      vertex 48.912 -35.2446 11.05
      vertex 48.4684 -35.4544 -11.05
      vertex 48.912 -35.2446 -11.05
    endloop
  endfacet
  facet normal -0.146755 -0.989173 0
    outer loop
      vertex -47.5304 -35.7389 -11.05
      vertex -47.0451 -35.8109 11.05
      vertex -47.5304 -35.7389 11.05
    endloop
  endfacet
  facet normal -0.146755 -0.989173 -0
    outer loop
      vertex -47.0451 -35.8109 11.05
      vertex -47.5304 -35.7389 -11.05
      vertex -47.0451 -35.8109 -11.05
    endloop
  endfacet
  facet normal -0.671607 -0.740908 0
    outer loop
      vertex -50.0905 -34.3705 -11.05
      vertex -49.727 -34.7 11.05
      vertex -50.0905 -34.3705 11.05
    endloop
  endfacet
  facet normal -0.671607 -0.740908 -0
    outer loop
      vertex -49.727 -34.7 11.05
      vertex -50.0905 -34.3705 -11.05
      vertex -49.727 -34.7 -11.05
    endloop
  endfacet
  facet normal -0.803265 0.595622 0
    outer loop
      vertex -50.7123 33.6128 -11.05
      vertex -50.42 34.007 11.05
      vertex -50.42 34.007 -11.05
    endloop
  endfacet
  facet normal -0.803265 0.595622 0
    outer loop
      vertex -50.42 34.007 11.05
      vertex -50.7123 33.6128 -11.05
      vertex -50.7123 33.6128 11.05
    endloop
  endfacet
  facet normal -0.740908 0.671607 0
    outer loop
      vertex -50.42 34.007 -11.05
      vertex -50.0905 34.3705 11.05
      vertex -50.0905 34.3705 -11.05
    endloop
  endfacet
  facet normal -0.740908 0.671607 0
    outer loop
      vertex -50.0905 34.3705 11.05
      vertex -50.42 34.007 -11.05
      vertex -50.42 34.007 11.05
    endloop
  endfacet
  facet normal -0.941548 0.336879 0
    outer loop
      vertex -51.3397 32.2864 -11.05
      vertex -51.1744 32.7484 11.05
      vertex -51.1744 32.7484 -11.05
    endloop
  endfacet
  facet normal -0.941548 0.336879 0
    outer loop
      vertex -51.1744 32.7484 11.05
      vertex -51.3397 32.2864 -11.05
      vertex -51.3397 32.2864 11.05
    endloop
  endfacet
  facet normal 0.146755 0.989173 -0
    outer loop
      vertex 47.5304 35.7389 -11.05
      vertex 47.0451 35.8109 11.05
      vertex 47.5304 35.7389 11.05
    endloop
  endfacet
  facet normal 0.146755 0.989173 0
    outer loop
      vertex 47.0451 35.8109 11.05
      vertex 47.5304 35.7389 -11.05
      vertex 47.0451 35.8109 -11.05
    endloop
  endfacet
  facet normal 0.242919 0.970047 -0
    outer loop
      vertex 48.0064 35.6197 -11.05
      vertex 47.5304 35.7389 11.05
      vertex 48.0064 35.6197 11.05
    endloop
  endfacet
  facet normal 0.242919 0.970047 0
    outer loop
      vertex 47.5304 35.7389 11.05
      vertex 48.0064 35.6197 -11.05
      vertex 47.5304 35.7389 -11.05
    endloop
  endfacet
  facet normal 0.336879 0.941548 -0
    outer loop
      vertex 48.4684 35.4544 -11.05
      vertex 48.0064 35.6197 11.05
      vertex 48.4684 35.4544 11.05
    endloop
  endfacet
  facet normal 0.336879 0.941548 0
    outer loop
      vertex 48.0064 35.6197 11.05
      vertex 48.4684 35.4544 -11.05
      vertex 48.0064 35.6197 -11.05
    endloop
  endfacet
  facet normal 0.514226 0.857655 -0
    outer loop
      vertex 49.3328 34.9923 -11.05
      vertex 48.912 35.2446 11.05
      vertex 49.3328 34.9923 11.05
    endloop
  endfacet
  facet normal 0.514226 0.857655 0
    outer loop
      vertex 48.912 35.2446 11.05
      vertex 49.3328 34.9923 -11.05
      vertex 48.912 35.2446 -11.05
    endloop
  endfacet
  facet normal 0.740908 0.671607 0
    outer loop
      vertex 50.42 34.007 11.05
      vertex 50.0905 34.3705 -11.05
      vertex 50.0905 34.3705 11.05
    endloop
  endfacet
  facet normal 0.740908 0.671607 0
    outer loop
      vertex 50.0905 34.3705 -11.05
      vertex 50.42 34.007 11.05
      vertex 50.42 34.007 -11.05
    endloop
  endfacet
  facet normal 0.803265 0.595622 0
    outer loop
      vertex 50.7123 33.6128 11.05
      vertex 50.42 34.007 -11.05
      vertex 50.42 34.007 11.05
    endloop
  endfacet
  facet normal 0.803265 0.595622 0
    outer loop
      vertex 50.42 34.007 -11.05
      vertex 50.7123 33.6128 11.05
      vertex 50.7123 33.6128 -11.05
    endloop
  endfacet
  facet normal 0.903995 0.427543 0
    outer loop
      vertex 51.1744 32.7484 11.05
      vertex 50.9646 33.192 -11.05
      vertex 50.9646 33.192 11.05
    endloop
  endfacet
  facet normal 0.903995 0.427543 0
    outer loop
      vertex 50.9646 33.192 -11.05
      vertex 51.1744 32.7484 11.05
      vertex 51.1744 32.7484 -11.05
    endloop
  endfacet
  facet normal 0.941548 0.336879 0
    outer loop
      vertex 51.3397 32.2864 11.05
      vertex 51.1744 32.7484 -11.05
      vertex 51.1744 32.7484 11.05
    endloop
  endfacet
  facet normal 0.941548 0.336879 0
    outer loop
      vertex 51.1744 32.7484 -11.05
      vertex 51.3397 32.2864 11.05
      vertex 51.3397 32.2864 -11.05
    endloop
  endfacet
  facet normal 0.970047 0.242919 0
    outer loop
      vertex 51.4589 31.8104 11.05
      vertex 51.3397 32.2864 -11.05
      vertex 51.3397 32.2864 11.05
    endloop
  endfacet
  facet normal 0.970047 0.242919 0
    outer loop
      vertex 51.3397 32.2864 -11.05
      vertex 51.4589 31.8104 11.05
      vertex 51.4589 31.8104 -11.05
    endloop
  endfacet
  facet normal -0.146755 0.989173 0
    outer loop
      vertex -47.0451 35.8109 -11.05
      vertex -47.5304 35.7389 11.05
      vertex -47.0451 35.8109 11.05
    endloop
  endfacet
  facet normal -0.146755 0.989173 0
    outer loop
      vertex -47.5304 35.7389 11.05
      vertex -47.0451 35.8109 -11.05
      vertex -47.5304 35.7389 -11.05
    endloop
  endfacet
  facet normal -0.0491143 0.998793 0
    outer loop
      vertex -46.555 35.835 -11.05
      vertex -47.0451 35.8109 11.05
      vertex -46.555 35.835 11.05
    endloop
  endfacet
  facet normal -0.0491143 0.998793 0
    outer loop
      vertex -47.0451 35.8109 11.05
      vertex -46.555 35.835 -11.05
      vertex -47.0451 35.8109 -11.05
    endloop
  endfacet
  facet normal -0.427543 0.903995 0
    outer loop
      vertex -48.4684 35.4544 -11.05
      vertex -48.912 35.2446 11.05
      vertex -48.4684 35.4544 11.05
    endloop
  endfacet
  facet normal -0.427543 0.903995 0
    outer loop
      vertex -48.912 35.2446 11.05
      vertex -48.4684 35.4544 -11.05
      vertex -48.912 35.2446 -11.05
    endloop
  endfacet
  facet normal 0.998793 -0.0491143 0
    outer loop
      vertex 51.5309 -31.3251 11.05
      vertex 51.555 -30.835 -11.05
      vertex 51.555 -30.835 11.05
    endloop
  endfacet
  facet normal 0.998793 -0.0491143 0
    outer loop
      vertex 51.555 -30.835 -11.05
      vertex 51.5309 -31.3251 11.05
      vertex 51.5309 -31.3251 -11.05
    endloop
  endfacet
  facet normal 0.941548 -0.336879 0
    outer loop
      vertex 51.1744 -32.7484 11.05
      vertex 51.3397 -32.2864 -11.05
      vertex 51.3397 -32.2864 11.05
    endloop
  endfacet
  facet normal 0.941548 -0.336879 0
    outer loop
      vertex 51.3397 -32.2864 -11.05
      vertex 51.1744 -32.7484 11.05
      vertex 51.1744 -32.7484 -11.05
    endloop
  endfacet
  facet normal 0.740908 -0.671607 0
    outer loop
      vertex 50.0905 -34.3705 11.05
      vertex 50.42 -34.007 -11.05
      vertex 50.42 -34.007 11.05
    endloop
  endfacet
  facet normal 0.740908 -0.671607 0
    outer loop
      vertex 50.42 -34.007 -11.05
      vertex 50.0905 -34.3705 11.05
      vertex 50.0905 -34.3705 -11.05
    endloop
  endfacet
  facet normal 0.903995 -0.427543 0
    outer loop
      vertex 50.9646 -33.192 11.05
      vertex 51.1744 -32.7484 -11.05
      vertex 51.1744 -32.7484 11.05
    endloop
  endfacet
  facet normal 0.903995 -0.427543 0
    outer loop
      vertex 51.1744 -32.7484 -11.05
      vertex 50.9646 -33.192 11.05
      vertex 50.9646 -33.192 -11.05
    endloop
  endfacet
  facet normal 0.242919 -0.970047 0
    outer loop
      vertex 47.5304 -35.7389 -11.05
      vertex 48.0064 -35.6197 11.05
      vertex 47.5304 -35.7389 11.05
    endloop
  endfacet
  facet normal 0.242919 -0.970047 0
    outer loop
      vertex 48.0064 -35.6197 11.05
      vertex 47.5304 -35.7389 -11.05
      vertex 48.0064 -35.6197 -11.05
    endloop
  endfacet
  facet normal 0.146755 -0.989173 0
    outer loop
      vertex 47.0451 -35.8109 -11.05
      vertex 47.5304 -35.7389 11.05
      vertex 47.0451 -35.8109 11.05
    endloop
  endfacet
  facet normal 0.146755 -0.989173 0
    outer loop
      vertex 47.5304 -35.7389 11.05
      vertex 47.0451 -35.8109 -11.05
      vertex 47.5304 -35.7389 -11.05
    endloop
  endfacet
  facet normal 0.671607 -0.740908 0
    outer loop
      vertex 49.727 -34.7 -11.05
      vertex 50.0905 -34.3705 11.05
      vertex 49.727 -34.7 11.05
    endloop
  endfacet
  facet normal 0.671607 -0.740908 0
    outer loop
      vertex 50.0905 -34.3705 11.05
      vertex 49.727 -34.7 -11.05
      vertex 50.0905 -34.3705 -11.05
    endloop
  endfacet
  facet normal -0.336879 -0.941548 0
    outer loop
      vertex -48.4684 -35.4544 -11.05
      vertex -48.0064 -35.6197 11.05
      vertex -48.4684 -35.4544 11.05
    endloop
  endfacet
  facet normal -0.336879 -0.941548 -0
    outer loop
      vertex -48.0064 -35.6197 11.05
      vertex -48.4684 -35.4544 -11.05
      vertex -48.0064 -35.6197 -11.05
    endloop
  endfacet
  facet normal -0.740908 -0.671607 0
    outer loop
      vertex -50.0905 -34.3705 -11.05
      vertex -50.42 -34.007 11.05
      vertex -50.42 -34.007 -11.05
    endloop
  endfacet
  facet normal -0.740908 -0.671607 0
    outer loop
      vertex -50.42 -34.007 11.05
      vertex -50.0905 -34.3705 -11.05
      vertex -50.0905 -34.3705 11.05
    endloop
  endfacet
  facet normal 0.970047 -0.242919 0
    outer loop
      vertex 51.3397 -32.2864 11.05
      vertex 51.4589 -31.8104 -11.05
      vertex 51.4589 -31.8104 11.05
    endloop
  endfacet
  facet normal 0.970047 -0.242919 0
    outer loop
      vertex 51.4589 -31.8104 -11.05
      vertex 51.3397 -32.2864 11.05
      vertex 51.3397 -32.2864 -11.05
    endloop
  endfacet
  facet normal 0.803265 -0.595622 0
    outer loop
      vertex 50.42 -34.007 11.05
      vertex 50.7123 -33.6128 -11.05
      vertex 50.7123 -33.6128 11.05
    endloop
  endfacet
  facet normal 0.803265 -0.595622 0
    outer loop
      vertex 50.7123 -33.6128 -11.05
      vertex 50.42 -34.007 11.05
      vertex 50.42 -34.007 -11.05
    endloop
  endfacet
  facet normal -0.242919 -0.970047 0
    outer loop
      vertex -48.0064 -35.6197 -11.05
      vertex -47.5304 -35.7389 11.05
      vertex -48.0064 -35.6197 11.05
    endloop
  endfacet
  facet normal -0.242919 -0.970047 -0
    outer loop
      vertex -47.5304 -35.7389 11.05
      vertex -48.0064 -35.6197 -11.05
      vertex -47.5304 -35.7389 -11.05
    endloop
  endfacet
  facet normal -0.514226 -0.857655 0
    outer loop
      vertex -49.3328 -34.9923 -11.05
      vertex -48.912 -35.2446 11.05
      vertex -49.3328 -34.9923 11.05
    endloop
  endfacet
  facet normal -0.514226 -0.857655 -0
    outer loop
      vertex -48.912 -35.2446 11.05
      vertex -49.3328 -34.9923 -11.05
      vertex -48.912 -35.2446 -11.05
    endloop
  endfacet
  facet normal -0.803265 -0.595622 0
    outer loop
      vertex -50.42 -34.007 -11.05
      vertex -50.7123 -33.6128 11.05
      vertex -50.7123 -33.6128 -11.05
    endloop
  endfacet
  facet normal -0.803265 -0.595622 0
    outer loop
      vertex -50.7123 -33.6128 11.05
      vertex -50.42 -34.007 -11.05
      vertex -50.42 -34.007 11.05
    endloop
  endfacet
  facet normal -0.427543 -0.903995 0
    outer loop
      vertex -48.912 -35.2446 -11.05
      vertex -48.4684 -35.4544 11.05
      vertex -48.912 -35.2446 11.05
    endloop
  endfacet
  facet normal -0.427543 -0.903995 -0
    outer loop
      vertex -48.4684 -35.4544 11.05
      vertex -48.912 -35.2446 -11.05
      vertex -48.4684 -35.4544 -11.05
    endloop
  endfacet
  facet normal -0.903995 -0.427543 0
    outer loop
      vertex -50.9646 -33.192 -11.05
      vertex -51.1744 -32.7484 11.05
      vertex -51.1744 -32.7484 -11.05
    endloop
  endfacet
  facet normal -0.903995 -0.427543 0
    outer loop
      vertex -51.1744 -32.7484 11.05
      vertex -50.9646 -33.192 -11.05
      vertex -50.9646 -33.192 11.05
    endloop
  endfacet
  facet normal 0 0 1
    outer loop
      vertex 44.4294 29.3494 -8.05
      vertex -44.4294 29.3494 -8.05
      vertex 44.5007 29.1986 -8.05
    endloop
  endfacet
  facet normal 0 0 1
    outer loop
      vertex 44.5865 -29.0555 -8.05
      vertex -44.3082 -29.8334 -8.05
      vertex -44.3 -30 -8.05
    endloop
  endfacet
  facet normal 0 0 1
    outer loop
      vertex -44.5007 29.1986 -8.05
      vertex 44.5007 29.1986 -8.05
      vertex -44.4294 29.3494 -8.05
    endloop
  endfacet
  facet normal 0 0 1
    outer loop
      vertex 44.5865 -29.0555 -8.05
      vertex -44.3327 -29.6683 -8.05
      vertex -44.3082 -29.8334 -8.05
    endloop
  endfacet
  facet normal 0 0 1
    outer loop
      vertex 44.5007 29.1986 -8.05
      vertex -44.5007 29.1986 -8.05
      vertex 44.5865 29.0555 -8.05
    endloop
  endfacet
  facet normal 0 0 1
    outer loop
      vertex 44.5865 -29.0555 -8.05
      vertex -44.3732 -29.5065 -8.05
      vertex -44.3327 -29.6683 -8.05
    endloop
  endfacet
  facet normal 0 0 1
    outer loop
      vertex -44.5865 29.0555 -8.05
      vertex 44.5865 29.0555 -8.05
      vertex -44.5007 29.1986 -8.05
    endloop
  endfacet
  facet normal 0 0 1
    outer loop
      vertex 44.5865 -29.0555 -8.05
      vertex -44.4294 -29.3494 -8.05
      vertex -44.3732 -29.5065 -8.05
    endloop
  endfacet
  facet normal 0 0 1
    outer loop
      vertex 44.5865 29.0555 -8.05
      vertex -44.5865 29.0555 -8.05
      vertex 44.5865 -29.0555 -8.05
    endloop
  endfacet
  facet normal 0 0 1
    outer loop
      vertex 44.5865 -29.0555 -8.05
      vertex -44.5007 -29.1986 -8.05
      vertex -44.4294 -29.3494 -8.05
    endloop
  endfacet
  facet normal 0 0 1
    outer loop
      vertex -44.5865 -29.0555 -8.05
      vertex 44.5865 -29.0555 -8.05
      vertex -44.5865 29.0555 -8.05
    endloop
  endfacet
  facet normal 0 0 1
    outer loop
      vertex 44.5865 -29.0555 -8.05
      vertex -44.5865 -29.0555 -8.05
      vertex -44.5007 -29.1986 -8.05
    endloop
  endfacet
  facet normal -0 0 1
    outer loop
      vertex -44.6859 28.9215 -8.05
      vertex -44.5865 -29.0555 -8.05
      vertex -44.5865 29.0555 -8.05
    endloop
  endfacet
  facet normal 0 0 1
    outer loop
      vertex -44.6859 28.9215 -8.05
      vertex -44.6859 -28.9215 -8.05
      vertex -44.5865 -29.0555 -8.05
    endloop
  endfacet
  facet normal -0 0 1
    outer loop
      vertex -44.7979 28.7979 -8.05
      vertex -44.6859 -28.9215 -8.05
      vertex -44.6859 28.9215 -8.05
    endloop
  endfacet
  facet normal 0 0 1
    outer loop
      vertex -44.7979 28.7979 -8.05
      vertex -44.7979 -28.7979 -8.05
      vertex -44.6859 -28.9215 -8.05
    endloop
  endfacet
  facet normal -0 0 1
    outer loop
      vertex -44.9215 28.6859 -8.05
      vertex -44.7979 -28.7979 -8.05
      vertex -44.7979 28.7979 -8.05
    endloop
  endfacet
  facet normal 0 0 1
    outer loop
      vertex -44.9215 28.6859 -8.05
      vertex -44.9215 -28.6859 -8.05
      vertex -44.7979 -28.7979 -8.05
    endloop
  endfacet
  facet normal -0 0 1
    outer loop
      vertex -45.0555 28.5865 -8.05
      vertex -44.9215 -28.6859 -8.05
      vertex -44.9215 28.6859 -8.05
    endloop
  endfacet
  facet normal 0 0 1
    outer loop
      vertex -45.0555 28.5865 -8.05
      vertex -45.0555 -28.5865 -8.05
      vertex -44.9215 -28.6859 -8.05
    endloop
  endfacet
  facet normal -0 0 1
    outer loop
      vertex -45.1986 28.5007 -8.05
      vertex -45.0555 -28.5865 -8.05
      vertex -45.0555 28.5865 -8.05
    endloop
  endfacet
  facet normal 0 0 1
    outer loop
      vertex -45.1986 28.5007 -8.05
      vertex -45.1986 -28.5007 -8.05
      vertex -45.0555 -28.5865 -8.05
    endloop
  endfacet
  facet normal -0 0 1
    outer loop
      vertex -45.3494 28.4294 -8.05
      vertex -45.1986 -28.5007 -8.05
      vertex -45.1986 28.5007 -8.05
    endloop
  endfacet
  facet normal 0 0 1
    outer loop
      vertex -45.3494 28.4294 -8.05
      vertex -45.3494 -28.4294 -8.05
      vertex -45.1986 -28.5007 -8.05
    endloop
  endfacet
  facet normal -0 0 1
    outer loop
      vertex -45.5065 28.3732 -8.05
      vertex -45.3494 -28.4294 -8.05
      vertex -45.3494 28.4294 -8.05
    endloop
  endfacet
  facet normal 0 0 1
    outer loop
      vertex -45.5065 28.3732 -8.05
      vertex -45.5065 -28.3732 -8.05
      vertex -45.3494 -28.4294 -8.05
    endloop
  endfacet
  facet normal -0 0 1
    outer loop
      vertex -45.6683 28.3327 -8.05
      vertex -45.5065 -28.3732 -8.05
      vertex -45.5065 28.3732 -8.05
    endloop
  endfacet
  facet normal 0 0 1
    outer loop
      vertex -45.6683 28.3327 -8.05
      vertex -45.6683 -28.3327 -8.05
      vertex -45.5065 -28.3732 -8.05
    endloop
  endfacet
  facet normal -0 0 1
    outer loop
      vertex -45.8334 28.3082 -8.05
      vertex -45.6683 -28.3327 -8.05
      vertex -45.6683 28.3327 -8.05
    endloop
  endfacet
  facet normal 0 0 1
    outer loop
      vertex -45.8334 28.3082 -8.05
      vertex -45.8334 -28.3082 -8.05
      vertex -45.6683 -28.3327 -8.05
    endloop
  endfacet
  facet normal -0 0 1
    outer loop
      vertex -46 28.3 -8.05
      vertex -45.8334 -28.3082 -8.05
      vertex -45.8334 28.3082 -8.05
    endloop
  endfacet
  facet normal 0 0 1
    outer loop
      vertex -46 28.3 -8.05
      vertex -46 -28.3 -8.05
      vertex -45.8334 -28.3082 -8.05
    endloop
  endfacet
  facet normal 0 0 1
    outer loop
      vertex -46.1666 28.3082 -8.05
      vertex -46 -28.3 -8.05
      vertex -46 28.3 -8.05
    endloop
  endfacet
  facet normal 0 0 1
    outer loop
      vertex -46.1666 28.3082 -8.05
      vertex -46.1666 -28.3082 -8.05
      vertex -46 -28.3 -8.05
    endloop
  endfacet
  facet normal 0 0 1
    outer loop
      vertex -46.3317 28.3327 -8.05
      vertex -46.1666 -28.3082 -8.05
      vertex -46.1666 28.3082 -8.05
    endloop
  endfacet
  facet normal 0 0 1
    outer loop
      vertex -46.3317 28.3327 -8.05
      vertex -46.3317 -28.3327 -8.05
      vertex -46.1666 -28.3082 -8.05
    endloop
  endfacet
  facet normal 0 0 1
    outer loop
      vertex -46.4935 28.3732 -8.05
      vertex -46.3317 -28.3327 -8.05
      vertex -46.3317 28.3327 -8.05
    endloop
  endfacet
  facet normal 0 0 1
    outer loop
      vertex -46.4935 28.3732 -8.05
      vertex -46.4935 -28.3732 -8.05
      vertex -46.3317 -28.3327 -8.05
    endloop
  endfacet
  facet normal 0 0 1
    outer loop
      vertex -48.555 28.835 -8.05
      vertex -46.4935 28.3732 -8.05
      vertex -46.6506 28.4294 -8.05
    endloop
  endfacet
  facet normal 0 0 1
    outer loop
      vertex -46.4935 28.3732 -8.05
      vertex -48.555 28.835 -8.05
      vertex -46.4935 -28.3732 -8.05
    endloop
  endfacet
  facet normal 0 0 1
    outer loop
      vertex -48.555 28.835 -8.05
      vertex -46.6506 28.4294 -8.05
      vertex -46.8014 28.5007 -8.05
    endloop
  endfacet
  facet normal 0 0 1
    outer loop
      vertex -48.555 -28.835 -8.05
      vertex -46.4935 -28.3732 -8.05
      vertex -48.555 28.835 -8.05
    endloop
  endfacet
  facet normal 0 0 1
    outer loop
      vertex -48.555 28.835 -8.05
      vertex -46.8014 28.5007 -8.05
      vertex -46.9445 28.5865 -8.05
    endloop
  endfacet
  facet normal 0 0 1
    outer loop
      vertex -46.4935 -28.3732 -8.05
      vertex -48.555 -28.835 -8.05
      vertex -46.6506 -28.4294 -8.05
    endloop
  endfacet
  facet normal 0 0 1
    outer loop
      vertex -48.555 28.835 -8.05
      vertex -46.9445 28.5865 -8.05
      vertex -47.0785 28.6859 -8.05
    endloop
  endfacet
  facet normal 0 0 1
    outer loop
      vertex -46.6506 -28.4294 -8.05
      vertex -48.555 -28.835 -8.05
      vertex -46.8014 -28.5007 -8.05
    endloop
  endfacet
  facet normal 0 0 1
    outer loop
      vertex -48.555 28.835 -8.05
      vertex -47.0785 28.6859 -8.05
      vertex -47.2021 28.7979 -8.05
    endloop
  endfacet
  facet normal 0 0 1
    outer loop
      vertex -46.8014 -28.5007 -8.05
      vertex -48.555 -28.835 -8.05
      vertex -46.9445 -28.5865 -8.05
    endloop
  endfacet
  facet normal -0 0 1
    outer loop
      vertex -48.555 28.835 -8.05
      vertex -47.2021 28.7979 -8.05
      vertex -47.3141 28.9215 -8.05
    endloop
  endfacet
  facet normal 0 0 1
    outer loop
      vertex -46.9445 -28.5865 -8.05
      vertex -48.555 -28.835 -8.05
      vertex -47.0785 -28.6859 -8.05
    endloop
  endfacet
  facet normal 0 0 1
    outer loop
      vertex -48.555 28.835 -8.05
      vertex -47.3141 28.9215 -8.05
      vertex -47.4135 29.0555 -8.05
    endloop
  endfacet
  facet normal 0 0 1
    outer loop
      vertex -47.0785 -28.6859 -8.05
      vertex -48.555 -28.835 -8.05
      vertex -47.2021 -28.7979 -8.05
    endloop
  endfacet
  facet normal 0 0 1
    outer loop
      vertex -48.555 28.835 -8.05
      vertex -47.4135 29.0555 -8.05
      vertex -47.4993 29.1986 -8.05
    endloop
  endfacet
  facet normal 0 0 1
    outer loop
      vertex -47.2021 -28.7979 -8.05
      vertex -48.555 -28.835 -8.05
      vertex -47.3141 -28.9215 -8.05
    endloop
  endfacet
  facet normal -0 0 1
    outer loop
      vertex -48.5357 29.2271 -8.05
      vertex -47.4993 29.1986 -8.05
      vertex -47.5706 29.3494 -8.05
    endloop
  endfacet
  facet normal 0 0 1
    outer loop
      vertex -47.3141 -28.9215 -8.05
      vertex -48.555 -28.835 -8.05
      vertex -47.4135 -29.0555 -8.05
    endloop
  endfacet
  facet normal 0 0 1
    outer loop
      vertex -48.5357 29.2271 -8.05
      vertex -47.5706 29.3494 -8.05
      vertex -47.6268 29.5065 -8.05
    endloop
  endfacet
  facet normal 0 0 1
    outer loop
      vertex -47.4135 -29.0555 -8.05
      vertex -48.555 -28.835 -8.05
      vertex -47.4993 -29.1986 -8.05
    endloop
  endfacet
  facet normal -0 0 1
    outer loop
      vertex -48.4781 29.6154 -8.05
      vertex -47.6268 29.5065 -8.05
      vertex -47.6673 29.6683 -8.05
    endloop
  endfacet
  facet normal 0 -0 1
    outer loop
      vertex -48.5357 -29.2271 -8.05
      vertex -47.4993 -29.1986 -8.05
      vertex -48.555 -28.835 -8.05
    endloop
  endfacet
  facet normal 0 0 1
    outer loop
      vertex -48.4781 29.6154 -8.05
      vertex -47.6673 29.6683 -8.05
      vertex -47.6918 29.8334 -8.05
    endloop
  endfacet
  facet normal 0 0 1
    outer loop
      vertex -47.4993 -29.1986 -8.05
      vertex -48.5357 -29.2271 -8.05
      vertex -47.5706 -29.3494 -8.05
    endloop
  endfacet
  facet normal -0 0 1
    outer loop
      vertex -48.3828 29.9961 -8.05
      vertex -47.6918 29.8334 -8.05
      vertex -47.7 30 -8.05
    endloop
  endfacet
  facet normal 0 0 1
    outer loop
      vertex -47.5706 -29.3494 -8.05
      vertex -48.5357 -29.2271 -8.05
      vertex -47.6268 -29.5065 -8.05
    endloop
  endfacet
  facet normal -0 0 1
    outer loop
      vertex 47.5706 29.3494 -8.05
      vertex 48.5357 29.2271 -8.05
      vertex 47.6268 29.5065 -8.05
    endloop
  endfacet
  facet normal 0 0 1
    outer loop
      vertex 48.555 -28.835 -8.05
      vertex 47.6918 -29.8334 -8.05
      vertex 47.7 -30 -8.05
    endloop
  endfacet
  facet normal 0 0 1
    outer loop
      vertex 47.4993 29.1986 -8.05
      vertex 48.5357 29.2271 -8.05
      vertex 47.5706 29.3494 -8.05
    endloop
  endfacet
  facet normal 0 0 1
    outer loop
      vertex 48.555 -28.835 -8.05
      vertex 47.6673 -29.6683 -8.05
      vertex 47.6918 -29.8334 -8.05
    endloop
  endfacet
  facet normal 0 0 1
    outer loop
      vertex 48.5357 29.2271 -8.05
      vertex 47.4993 29.1986 -8.05
      vertex 48.555 28.835 -8.05
    endloop
  endfacet
  facet normal 0 0 1
    outer loop
      vertex 48.555 -28.835 -8.05
      vertex 47.6268 -29.5065 -8.05
      vertex 47.6673 -29.6683 -8.05
    endloop
  endfacet
  facet normal -0 0 1
    outer loop
      vertex 47.4135 29.0555 -8.05
      vertex 48.555 28.835 -8.05
      vertex 47.4993 29.1986 -8.05
    endloop
  endfacet
  facet normal 0 0 1
    outer loop
      vertex 48.555 -28.835 -8.05
      vertex 47.5706 -29.3494 -8.05
      vertex 47.6268 -29.5065 -8.05
    endloop
  endfacet
  facet normal -0 0 1
    outer loop
      vertex 47.3141 28.9215 -8.05
      vertex 48.555 28.835 -8.05
      vertex 47.4135 29.0555 -8.05
    endloop
  endfacet
  facet normal 0 0 1
    outer loop
      vertex 48.555 -28.835 -8.05
      vertex 47.4993 -29.1986 -8.05
      vertex 47.5706 -29.3494 -8.05
    endloop
  endfacet
  facet normal 0 0 1
    outer loop
      vertex 47.2021 28.7979 -8.05
      vertex 48.555 28.835 -8.05
      vertex 47.3141 28.9215 -8.05
    endloop
  endfacet
  facet normal 0 0 1
    outer loop
      vertex 48.555 -28.835 -8.05
      vertex 47.4135 -29.0555 -8.05
      vertex 47.4993 -29.1986 -8.05
    endloop
  endfacet
  facet normal 0 0 1
    outer loop
      vertex 47.0785 28.6859 -8.05
      vertex 48.555 28.835 -8.05
      vertex 47.2021 28.7979 -8.05
    endloop
  endfacet
  facet normal 0 0 1
    outer loop
      vertex 48.555 -28.835 -8.05
      vertex 47.3141 -28.9215 -8.05
      vertex 47.4135 -29.0555 -8.05
    endloop
  endfacet
  facet normal 0 0 1
    outer loop
      vertex 46.9445 28.5865 -8.05
      vertex 48.555 28.835 -8.05
      vertex 47.0785 28.6859 -8.05
    endloop
  endfacet
  facet normal 0 0 1
    outer loop
      vertex 48.555 -28.835 -8.05
      vertex 47.2021 -28.7979 -8.05
      vertex 47.3141 -28.9215 -8.05
    endloop
  endfacet
  facet normal 0 0 1
    outer loop
      vertex 46.8014 28.5007 -8.05
      vertex 48.555 28.835 -8.05
      vertex 46.9445 28.5865 -8.05
    endloop
  endfacet
  facet normal 0 0 1
    outer loop
      vertex 48.555 -28.835 -8.05
      vertex 47.0785 -28.6859 -8.05
      vertex 47.2021 -28.7979 -8.05
    endloop
  endfacet
  facet normal 0 0 1
    outer loop
      vertex 46.6506 28.4294 -8.05
      vertex 48.555 28.835 -8.05
      vertex 46.8014 28.5007 -8.05
    endloop
  endfacet
  facet normal 0 0 1
    outer loop
      vertex 48.555 -28.835 -8.05
      vertex 46.9445 -28.5865 -8.05
      vertex 47.0785 -28.6859 -8.05
    endloop
  endfacet
  facet normal 0 0 1
    outer loop
      vertex 46.4935 28.3732 -8.05
      vertex 48.555 28.835 -8.05
      vertex 46.6506 28.4294 -8.05
    endloop
  endfacet
  facet normal 0 0 1
    outer loop
      vertex 48.555 -28.835 -8.05
      vertex 46.8014 -28.5007 -8.05
      vertex 46.9445 -28.5865 -8.05
    endloop
  endfacet
  facet normal 0 0 1
    outer loop
      vertex 48.555 28.835 -8.05
      vertex 46.4935 28.3732 -8.05
      vertex 48.555 -28.835 -8.05
    endloop
  endfacet
  facet normal 0 0 1
    outer loop
      vertex 48.555 -28.835 -8.05
      vertex 46.6506 -28.4294 -8.05
      vertex 46.8014 -28.5007 -8.05
    endloop
  endfacet
  facet normal -0 0 1
    outer loop
      vertex 46.4935 -28.3732 -8.05
      vertex 48.555 -28.835 -8.05
      vertex 46.4935 28.3732 -8.05
    endloop
  endfacet
  facet normal 0 0 1
    outer loop
      vertex 48.555 -28.835 -8.05
      vertex 46.4935 -28.3732 -8.05
      vertex 46.6506 -28.4294 -8.05
    endloop
  endfacet
  facet normal -0 0 1
    outer loop
      vertex 46.3317 28.3327 -8.05
      vertex 46.4935 -28.3732 -8.05
      vertex 46.4935 28.3732 -8.05
    endloop
  endfacet
  facet normal 0 0 1
    outer loop
      vertex 46.3317 28.3327 -8.05
      vertex 46.3317 -28.3327 -8.05
      vertex 46.4935 -28.3732 -8.05
    endloop
  endfacet
  facet normal -0 0 1
    outer loop
      vertex 46.1666 28.3082 -8.05
      vertex 46.3317 -28.3327 -8.05
      vertex 46.3317 28.3327 -8.05
    endloop
  endfacet
  facet normal 0 0 1
    outer loop
      vertex 46.1666 28.3082 -8.05
      vertex 46.1666 -28.3082 -8.05
      vertex 46.3317 -28.3327 -8.05
    endloop
  endfacet
  facet normal -0 0 1
    outer loop
      vertex 46 28.3 -8.05
      vertex 46.1666 -28.3082 -8.05
      vertex 46.1666 28.3082 -8.05
    endloop
  endfacet
  facet normal 0 0 1
    outer loop
      vertex 46 28.3 -8.05
      vertex 46 -28.3 -8.05
      vertex 46.1666 -28.3082 -8.05
    endloop
  endfacet
  facet normal 0 0 1
    outer loop
      vertex 45.8334 28.3082 -8.05
      vertex 46 -28.3 -8.05
      vertex 46 28.3 -8.05
    endloop
  endfacet
  facet normal 0 0 1
    outer loop
      vertex 45.8334 28.3082 -8.05
      vertex 45.8334 -28.3082 -8.05
      vertex 46 -28.3 -8.05
    endloop
  endfacet
  facet normal 0 0 1
    outer loop
      vertex 45.6683 28.3327 -8.05
      vertex 45.8334 -28.3082 -8.05
      vertex 45.8334 28.3082 -8.05
    endloop
  endfacet
  facet normal 0 0 1
    outer loop
      vertex 45.6683 28.3327 -8.05
      vertex 45.6683 -28.3327 -8.05
      vertex 45.8334 -28.3082 -8.05
    endloop
  endfacet
  facet normal 0 0 1
    outer loop
      vertex 45.5065 28.3732 -8.05
      vertex 45.6683 -28.3327 -8.05
      vertex 45.6683 28.3327 -8.05
    endloop
  endfacet
  facet normal 0 0 1
    outer loop
      vertex 45.5065 28.3732 -8.05
      vertex 45.5065 -28.3732 -8.05
      vertex 45.6683 -28.3327 -8.05
    endloop
  endfacet
  facet normal 0 0 1
    outer loop
      vertex 45.3494 28.4294 -8.05
      vertex 45.5065 -28.3732 -8.05
      vertex 45.5065 28.3732 -8.05
    endloop
  endfacet
  facet normal 0 0 1
    outer loop
      vertex 45.3494 28.4294 -8.05
      vertex 45.3494 -28.4294 -8.05
      vertex 45.5065 -28.3732 -8.05
    endloop
  endfacet
  facet normal 0 0 1
    outer loop
      vertex 45.1986 28.5007 -8.05
      vertex 45.3494 -28.4294 -8.05
      vertex 45.3494 28.4294 -8.05
    endloop
  endfacet
  facet normal 0 0 1
    outer loop
      vertex 45.1986 28.5007 -8.05
      vertex 45.1986 -28.5007 -8.05
      vertex 45.3494 -28.4294 -8.05
    endloop
  endfacet
  facet normal 0 0 1
    outer loop
      vertex 45.0555 28.5865 -8.05
      vertex 45.1986 -28.5007 -8.05
      vertex 45.1986 28.5007 -8.05
    endloop
  endfacet
  facet normal 0 0 1
    outer loop
      vertex 45.0555 28.5865 -8.05
      vertex 45.0555 -28.5865 -8.05
      vertex 45.1986 -28.5007 -8.05
    endloop
  endfacet
  facet normal 0 0 1
    outer loop
      vertex 44.9215 28.6859 -8.05
      vertex 45.0555 -28.5865 -8.05
      vertex 45.0555 28.5865 -8.05
    endloop
  endfacet
  facet normal 0 0 1
    outer loop
      vertex 44.9215 28.6859 -8.05
      vertex 44.9215 -28.6859 -8.05
      vertex 45.0555 -28.5865 -8.05
    endloop
  endfacet
  facet normal 0 0 1
    outer loop
      vertex 44.7979 28.7979 -8.05
      vertex 44.9215 -28.6859 -8.05
      vertex 44.9215 28.6859 -8.05
    endloop
  endfacet
  facet normal 0 0 1
    outer loop
      vertex 44.7979 28.7979 -8.05
      vertex 44.7979 -28.7979 -8.05
      vertex 44.9215 -28.6859 -8.05
    endloop
  endfacet
  facet normal 0 0 1
    outer loop
      vertex 44.6859 28.9215 -8.05
      vertex 44.7979 -28.7979 -8.05
      vertex 44.7979 28.7979 -8.05
    endloop
  endfacet
  facet normal 0 0 1
    outer loop
      vertex 44.6859 28.9215 -8.05
      vertex 44.6859 -28.9215 -8.05
      vertex 44.7979 -28.7979 -8.05
    endloop
  endfacet
  facet normal 0 0 1
    outer loop
      vertex 44.5865 29.0555 -8.05
      vertex 44.6859 -28.9215 -8.05
      vertex 44.6859 28.9215 -8.05
    endloop
  endfacet
  facet normal 0 0 1
    outer loop
      vertex 44.5865 29.0555 -8.05
      vertex 44.5865 -29.0555 -8.05
      vertex 44.6859 -28.9215 -8.05
    endloop
  endfacet
  facet normal 0 0 1
    outer loop
      vertex -44.3732 29.5065 -8.05
      vertex 44.3732 29.5065 -8.05
      vertex -44.3327 29.6683 -8.05
    endloop
  endfacet
  facet normal 0 0 1
    outer loop
      vertex 44.3732 29.5065 -8.05
      vertex -44.3732 29.5065 -8.05
      vertex 44.4294 29.3494 -8.05
    endloop
  endfacet
  facet normal 0 0 1
    outer loop
      vertex 44.3327 29.6683 -8.05
      vertex -44.3327 29.6683 -8.05
      vertex 44.3732 29.5065 -8.05
    endloop
  endfacet
  facet normal 0 0 1
    outer loop
      vertex -44.4294 29.3494 -8.05
      vertex 44.4294 29.3494 -8.05
      vertex -44.3732 29.5065 -8.05
    endloop
  endfacet
  facet normal 0 0 1
    outer loop
      vertex -44.3327 29.6683 -8.05
      vertex 44.3327 29.6683 -8.05
      vertex -44.3082 29.8334 -8.05
    endloop
  endfacet
  facet normal 0 0 1
    outer loop
      vertex 44.5865 -29.0555 -8.05
      vertex -44.3 -30 -8.05
      vertex 44.5007 -29.1986 -8.05
    endloop
  endfacet
  facet normal 0 0 1
    outer loop
      vertex 44.3082 29.8334 -8.05
      vertex -44.3082 29.8334 -8.05
      vertex 44.3327 29.6683 -8.05
    endloop
  endfacet
  facet normal 0 0 1
    outer loop
      vertex 44.5007 -29.1986 -8.05
      vertex -44.3 -30 -8.05
      vertex 44.4294 -29.3494 -8.05
    endloop
  endfacet
  facet normal 0 0 1
    outer loop
      vertex -44.3082 29.8334 -8.05
      vertex 44.3082 29.8334 -8.05
      vertex -44.3 30 -8.05
    endloop
  endfacet
  facet normal 0 0 1
    outer loop
      vertex 44.4294 -29.3494 -8.05
      vertex -44.3 -30 -8.05
      vertex 44.3732 -29.5065 -8.05
    endloop
  endfacet
  facet normal -0 0 1
    outer loop
      vertex -44.3 30 -8.05
      vertex 44.3082 29.8334 -8.05
      vertex 44.3 30 -8.05
    endloop
  endfacet
  facet normal 0 0 1
    outer loop
      vertex 44.3732 -29.5065 -8.05
      vertex -44.3 -30 -8.05
      vertex 44.3327 -29.6683 -8.05
    endloop
  endfacet
  facet normal -0 0 1
    outer loop
      vertex 47.6673 29.6683 -8.05
      vertex 48.4781 29.6154 -8.05
      vertex 47.6918 29.8334 -8.05
    endloop
  endfacet
  facet normal 0 0 1
    outer loop
      vertex 47.6268 29.5065 -8.05
      vertex 48.4781 29.6154 -8.05
      vertex 47.6673 29.6683 -8.05
    endloop
  endfacet
  facet normal 0 0 1
    outer loop
      vertex 48.3828 29.9961 -8.05
      vertex 47.6918 29.8334 -8.05
      vertex 48.4781 29.6154 -8.05
    endloop
  endfacet
  facet normal 0 0 1
    outer loop
      vertex 48.4781 29.6154 -8.05
      vertex 47.6268 29.5065 -8.05
      vertex 48.5357 29.2271 -8.05
    endloop
  endfacet
  facet normal 0 0 1
    outer loop
      vertex 47.6918 29.8334 -8.05
      vertex 48.3828 29.9961 -8.05
      vertex 47.7 30 -8.05
    endloop
  endfacet
  facet normal 0 0 1
    outer loop
      vertex 48.555 -28.835 -8.05
      vertex 47.7 -30 -8.05
      vertex 48.5357 -29.2271 -8.05
    endloop
  endfacet
  facet normal -0 0 1
    outer loop
      vertex 47.7 30 -8.05
      vertex 48.3828 29.9961 -8.05
      vertex 48.2505 30.3657 -8.05
    endloop
  endfacet
  facet normal 0 0 1
    outer loop
      vertex 48.5357 -29.2271 -8.05
      vertex 47.7 -30 -8.05
      vertex 48.4781 -29.6154 -8.05
    endloop
  endfacet
  facet normal 0 0 1
    outer loop
      vertex 47.6673 30.3317 -8.05
      vertex 48.2505 30.3657 -8.05
      vertex 48.0827 30.7206 -8.05
    endloop
  endfacet
  facet normal 0 0 1
    outer loop
      vertex 48.4781 -29.6154 -8.05
      vertex 47.7 -30 -8.05
      vertex 48.3828 -29.9961 -8.05
    endloop
  endfacet
  facet normal 0 0 1
    outer loop
      vertex 47.5706 30.6506 -8.05
      vertex 48.0827 30.7206 -8.05
      vertex 47.8809 31.0573 -8.05
    endloop
  endfacet
  facet normal 0 0 1
    outer loop
      vertex 48.3828 -29.9961 -8.05
      vertex 47.7 -30 -8.05
      vertex 48.2505 -30.3657 -8.05
    endloop
  endfacet
  facet normal -0 0 1
    outer loop
      vertex 47.6918 -30.1666 -8.05
      vertex 48.2505 -30.3657 -8.05
      vertex 47.7 -30 -8.05
    endloop
  endfacet
  facet normal 0 0 1
    outer loop
      vertex 48.2505 30.3657 -8.05
      vertex 47.6918 30.1666 -8.05
      vertex 47.7 30 -8.05
    endloop
  endfacet
  facet normal 0 0 1
    outer loop
      vertex 48.2505 30.3657 -8.05
      vertex 47.6673 30.3317 -8.05
      vertex 47.6918 30.1666 -8.05
    endloop
  endfacet
  facet normal 0 0 1
    outer loop
      vertex 47.4135 30.9445 -8.05
      vertex 47.8809 31.0573 -8.05
      vertex 47.647 31.3726 -8.05
    endloop
  endfacet
  facet normal 0 0 1
    outer loop
      vertex 48.0827 30.7206 -8.05
      vertex 47.6268 30.4935 -8.05
      vertex 47.6673 30.3317 -8.05
    endloop
  endfacet
  facet normal 0 0 1
    outer loop
      vertex 48.0827 30.7206 -8.05
      vertex 47.5706 30.6506 -8.05
      vertex 47.6268 30.4935 -8.05
    endloop
  endfacet
  facet normal 0 0 1
    outer loop
      vertex 47.8809 31.0573 -8.05
      vertex 47.4993 30.8014 -8.05
      vertex 47.5706 30.6506 -8.05
    endloop
  endfacet
  facet normal 0 0 1
    outer loop
      vertex 47.8809 31.0573 -8.05
      vertex 47.4135 30.9445 -8.05
      vertex 47.4993 30.8014 -8.05
    endloop
  endfacet
  facet normal 0 0 1
    outer loop
      vertex 47.2021 31.2021 -8.05
      vertex 47.647 31.3726 -8.05
      vertex 47.3834 31.6634 -8.05
    endloop
  endfacet
  facet normal 0 0 1
    outer loop
      vertex 47.647 31.3726 -8.05
      vertex 47.3141 31.0785 -8.05
      vertex 47.4135 30.9445 -8.05
    endloop
  endfacet
  facet normal 0 0 1
    outer loop
      vertex 47.647 31.3726 -8.05
      vertex 47.2021 31.2021 -8.05
      vertex 47.3141 31.0785 -8.05
    endloop
  endfacet
  facet normal 0 0 1
    outer loop
      vertex 46.9445 31.4135 -8.05
      vertex 47.3834 31.6634 -8.05
      vertex 47.0926 31.927 -8.05
    endloop
  endfacet
  facet normal 0 0 1
    outer loop
      vertex 47.3834 31.6634 -8.05
      vertex 47.0785 31.3141 -8.05
      vertex 47.2021 31.2021 -8.05
    endloop
  endfacet
  facet normal 0 0 1
    outer loop
      vertex 47.3834 31.6634 -8.05
      vertex 46.9445 31.4135 -8.05
      vertex 47.0785 31.3141 -8.05
    endloop
  endfacet
  facet normal 0 0 1
    outer loop
      vertex 47.0926 31.927 -8.05
      vertex 46.8014 31.4993 -8.05
      vertex 46.9445 31.4135 -8.05
    endloop
  endfacet
  facet normal 0 0 1
    outer loop
      vertex 46.6506 31.5706 -8.05
      vertex 47.0926 31.927 -8.05
      vertex 46.7773 32.1609 -8.05
    endloop
  endfacet
  facet normal 0 0 1
    outer loop
      vertex 47.0926 31.927 -8.05
      vertex 46.6506 31.5706 -8.05
      vertex 46.8014 31.4993 -8.05
    endloop
  endfacet
  facet normal 0 0 1
    outer loop
      vertex 46.7773 32.1609 -8.05
      vertex 46.4935 31.6268 -8.05
      vertex 46.6506 31.5706 -8.05
    endloop
  endfacet
  facet normal 0 0 1
    outer loop
      vertex 46.3317 31.6673 -8.05
      vertex 46.7773 32.1609 -8.05
      vertex 46.4406 32.3627 -8.05
    endloop
  endfacet
  facet normal 0 0 1
    outer loop
      vertex 46.7773 32.1609 -8.05
      vertex 46.3317 31.6673 -8.05
      vertex 46.4935 31.6268 -8.05
    endloop
  endfacet
  facet normal 0 0 1
    outer loop
      vertex 46.4406 32.3627 -8.05
      vertex 46.1666 31.6918 -8.05
      vertex 46.3317 31.6673 -8.05
    endloop
  endfacet
  facet normal 0 0 1
    outer loop
      vertex 46.0857 32.5305 -8.05
      vertex 46.1666 31.6918 -8.05
      vertex 46.4406 32.3627 -8.05
    endloop
  endfacet
  facet normal 0 0 1
    outer loop
      vertex 46.0857 32.5305 -8.05
      vertex 46 31.7 -8.05
      vertex 46.1666 31.6918 -8.05
    endloop
  endfacet
  facet normal 0 0 1
    outer loop
      vertex 46.0857 32.5305 -8.05
      vertex 45.8334 31.6918 -8.05
      vertex 46 31.7 -8.05
    endloop
  endfacet
  facet normal 0 0 1
    outer loop
      vertex 45.7161 32.6628 -8.05
      vertex 45.8334 31.6918 -8.05
      vertex 46.0857 32.5305 -8.05
    endloop
  endfacet
  facet normal 0 0 1
    outer loop
      vertex 45.7161 32.6628 -8.05
      vertex 45.6683 31.6673 -8.05
      vertex 45.8334 31.6918 -8.05
    endloop
  endfacet
  facet normal 0 0 1
    outer loop
      vertex 45.7161 32.6628 -8.05
      vertex 45.5065 31.6268 -8.05
      vertex 45.6683 31.6673 -8.05
    endloop
  endfacet
  facet normal 0 0 1
    outer loop
      vertex 45.3354 32.7581 -8.05
      vertex 45.5065 31.6268 -8.05
      vertex 45.7161 32.6628 -8.05
    endloop
  endfacet
  facet normal 0 0 1
    outer loop
      vertex 45.5065 31.6268 -8.05
      vertex 45.3354 32.7581 -8.05
      vertex 45.3494 31.5706 -8.05
    endloop
  endfacet
  facet normal 0 0 1
    outer loop
      vertex 44.9471 32.8157 -8.05
      vertex 45.3494 31.5706 -8.05
      vertex 45.3354 32.7581 -8.05
    endloop
  endfacet
  facet normal 0 0 1
    outer loop
      vertex 45.3494 31.5706 -8.05
      vertex 44.9471 32.8157 -8.05
      vertex 45.1986 31.4993 -8.05
    endloop
  endfacet
  facet normal 0 0 1
    outer loop
      vertex 45.1986 31.4993 -8.05
      vertex 44.9471 32.8157 -8.05
      vertex 45.0555 31.4135 -8.05
    endloop
  endfacet
  facet normal 0 0 1
    outer loop
      vertex 44.555 32.835 -8.05
      vertex 45.0555 31.4135 -8.05
      vertex 44.9471 32.8157 -8.05
    endloop
  endfacet
  facet normal 0 0 1
    outer loop
      vertex 45.0555 31.4135 -8.05
      vertex 44.555 32.835 -8.05
      vertex 44.9215 31.3141 -8.05
    endloop
  endfacet
  facet normal 0 0 1
    outer loop
      vertex 44.9215 31.3141 -8.05
      vertex 44.555 32.835 -8.05
      vertex 44.7979 31.2021 -8.05
    endloop
  endfacet
  facet normal 0 0 1
    outer loop
      vertex 44.7979 31.2021 -8.05
      vertex 44.555 32.835 -8.05
      vertex 44.6859 31.0785 -8.05
    endloop
  endfacet
  facet normal 0 0 1
    outer loop
      vertex 44.6859 31.0785 -8.05
      vertex 44.555 32.835 -8.05
      vertex 44.5865 30.9445 -8.05
    endloop
  endfacet
  facet normal 0 0 1
    outer loop
      vertex 44.555 32.835 -8.05
      vertex 44.5007 30.8014 -8.05
      vertex 44.5865 30.9445 -8.05
    endloop
  endfacet
  facet normal 0 0 1
    outer loop
      vertex 44.555 32.835 -8.05
      vertex 44.4294 30.6506 -8.05
      vertex 44.5007 30.8014 -8.05
    endloop
  endfacet
  facet normal 0 0 1
    outer loop
      vertex 44.555 32.835 -8.05
      vertex 44.3732 30.4935 -8.05
      vertex 44.4294 30.6506 -8.05
    endloop
  endfacet
  facet normal 0 0 1
    outer loop
      vertex 44.555 32.835 -8.05
      vertex 44.3327 30.3317 -8.05
      vertex 44.3732 30.4935 -8.05
    endloop
  endfacet
  facet normal 0 0 1
    outer loop
      vertex 44.555 32.835 -8.05
      vertex 44.3082 30.1666 -8.05
      vertex 44.3327 30.3317 -8.05
    endloop
  endfacet
  facet normal 0 0 1
    outer loop
      vertex 44.3327 -29.6683 -8.05
      vertex -44.3 -30 -8.05
      vertex 44.3082 -29.8334 -8.05
    endloop
  endfacet
  facet normal 0 0 1
    outer loop
      vertex 44.3082 30.1666 -8.05
      vertex -44.3 30 -8.05
      vertex 44.3 30 -8.05
    endloop
  endfacet
  facet normal 0 0 1
    outer loop
      vertex -44.3082 30.1666 -8.05
      vertex 44.3082 30.1666 -8.05
      vertex 44.555 32.835 -8.05
    endloop
  endfacet
  facet normal 0 0 1
    outer loop
      vertex 44.3082 30.1666 -8.05
      vertex -44.3082 30.1666 -8.05
      vertex -44.3 30 -8.05
    endloop
  endfacet
  facet normal -0 0 1
    outer loop
      vertex -44.555 32.835 -8.05
      vertex -44.3082 30.1666 -8.05
      vertex 44.555 32.835 -8.05
    endloop
  endfacet
  facet normal 0 0 1
    outer loop
      vertex -44.3082 30.1666 -8.05
      vertex -44.555 32.835 -8.05
      vertex -44.3327 30.3317 -8.05
    endloop
  endfacet
  facet normal 0 0 1
    outer loop
      vertex -44.3327 30.3317 -8.05
      vertex -44.555 32.835 -8.05
      vertex -44.3732 30.4935 -8.05
    endloop
  endfacet
  facet normal 0 0 1
    outer loop
      vertex -44.3732 30.4935 -8.05
      vertex -44.555 32.835 -8.05
      vertex -44.4294 30.6506 -8.05
    endloop
  endfacet
  facet normal 0 0 1
    outer loop
      vertex -44.4294 30.6506 -8.05
      vertex -44.555 32.835 -8.05
      vertex -44.5007 30.8014 -8.05
    endloop
  endfacet
  facet normal 0 0 1
    outer loop
      vertex -44.555 32.835 -8.05
      vertex -44.5865 30.9445 -8.05
      vertex -44.5007 30.8014 -8.05
    endloop
  endfacet
  facet normal 0 0 1
    outer loop
      vertex -44.555 32.835 -8.05
      vertex -44.6859 31.0785 -8.05
      vertex -44.5865 30.9445 -8.05
    endloop
  endfacet
  facet normal 0 0 1
    outer loop
      vertex -44.555 32.835 -8.05
      vertex -44.7979 31.2021 -8.05
      vertex -44.6859 31.0785 -8.05
    endloop
  endfacet
  facet normal 0 0 1
    outer loop
      vertex -44.555 32.835 -8.05
      vertex -44.9215 31.3141 -8.05
      vertex -44.7979 31.2021 -8.05
    endloop
  endfacet
  facet normal 0 0 1
    outer loop
      vertex -45.0555 31.4135 -8.05
      vertex -44.555 32.835 -8.05
      vertex -44.9471 32.8157 -8.05
    endloop
  endfacet
  facet normal 0 0 1
    outer loop
      vertex -44.555 32.835 -8.05
      vertex -45.0555 31.4135 -8.05
      vertex -44.9215 31.3141 -8.05
    endloop
  endfacet
  facet normal 0 0 1
    outer loop
      vertex -44.9471 32.8157 -8.05
      vertex -45.1986 31.4993 -8.05
      vertex -45.0555 31.4135 -8.05
    endloop
  endfacet
  facet normal 0 0 1
    outer loop
      vertex -45.3494 31.5706 -8.05
      vertex -44.9471 32.8157 -8.05
      vertex -45.3354 32.7581 -8.05
    endloop
  endfacet
  facet normal 0 0 1
    outer loop
      vertex -44.9471 32.8157 -8.05
      vertex -45.3494 31.5706 -8.05
      vertex -45.1986 31.4993 -8.05
    endloop
  endfacet
  facet normal 0 0 1
    outer loop
      vertex -45.3354 32.7581 -8.05
      vertex -45.5065 31.6268 -8.05
      vertex -45.3494 31.5706 -8.05
    endloop
  endfacet
  facet normal -0 0 1
    outer loop
      vertex -45.7161 32.6628 -8.05
      vertex -45.5065 31.6268 -8.05
      vertex -45.3354 32.7581 -8.05
    endloop
  endfacet
  facet normal 0 0 1
    outer loop
      vertex -45.5065 31.6268 -8.05
      vertex -45.7161 32.6628 -8.05
      vertex -45.6683 31.6673 -8.05
    endloop
  endfacet
  facet normal 0 0 1
    outer loop
      vertex -45.7161 32.6628 -8.05
      vertex -45.8334 31.6918 -8.05
      vertex -45.6683 31.6673 -8.05
    endloop
  endfacet
  facet normal -0 0 1
    outer loop
      vertex -46.0857 32.5305 -8.05
      vertex -45.8334 31.6918 -8.05
      vertex -45.7161 32.6628 -8.05
    endloop
  endfacet
  facet normal 0 0 1
    outer loop
      vertex -45.8334 31.6918 -8.05
      vertex -46.0857 32.5305 -8.05
      vertex -46 31.7 -8.05
    endloop
  endfacet
  facet normal 0 0 1
    outer loop
      vertex -46.0857 32.5305 -8.05
      vertex -46.1666 31.6918 -8.05
      vertex -46 31.7 -8.05
    endloop
  endfacet
  facet normal -0 0 1
    outer loop
      vertex -46.4406 32.3627 -8.05
      vertex -46.1666 31.6918 -8.05
      vertex -46.0857 32.5305 -8.05
    endloop
  endfacet
  facet normal 0 0 1
    outer loop
      vertex -46.1666 31.6918 -8.05
      vertex -46.4406 32.3627 -8.05
      vertex -46.3317 31.6673 -8.05
    endloop
  endfacet
  facet normal -0 0 1
    outer loop
      vertex -46.7773 32.1609 -8.05
      vertex -46.3317 31.6673 -8.05
      vertex -46.4406 32.3627 -8.05
    endloop
  endfacet
  facet normal 0 0 1
    outer loop
      vertex -46.3317 31.6673 -8.05
      vertex -46.7773 32.1609 -8.05
      vertex -46.4935 31.6268 -8.05
    endloop
  endfacet
  facet normal 0 0 1
    outer loop
      vertex -46.4935 31.6268 -8.05
      vertex -46.7773 32.1609 -8.05
      vertex -46.6506 31.5706 -8.05
    endloop
  endfacet
  facet normal -0 0 1
    outer loop
      vertex -47.0926 31.927 -8.05
      vertex -46.6506 31.5706 -8.05
      vertex -46.7773 32.1609 -8.05
    endloop
  endfacet
  facet normal 0 0 1
    outer loop
      vertex -46.6506 31.5706 -8.05
      vertex -47.0926 31.927 -8.05
      vertex -46.8014 31.4993 -8.05
    endloop
  endfacet
  facet normal 0 0 1
    outer loop
      vertex -46.8014 31.4993 -8.05
      vertex -47.0926 31.927 -8.05
      vertex -46.9445 31.4135 -8.05
    endloop
  endfacet
  facet normal -0 0 1
    outer loop
      vertex -47.3834 31.6634 -8.05
      vertex -46.9445 31.4135 -8.05
      vertex -47.0926 31.927 -8.05
    endloop
  endfacet
  facet normal 0 0 1
    outer loop
      vertex -46.9445 31.4135 -8.05
      vertex -47.3834 31.6634 -8.05
      vertex -47.0785 31.3141 -8.05
    endloop
  endfacet
  facet normal 0 0 1
    outer loop
      vertex -47.0785 31.3141 -8.05
      vertex -47.3834 31.6634 -8.05
      vertex -47.2021 31.2021 -8.05
    endloop
  endfacet
  facet normal -0 0 1
    outer loop
      vertex -47.647 31.3726 -8.05
      vertex -47.2021 31.2021 -8.05
      vertex -47.3834 31.6634 -8.05
    endloop
  endfacet
  facet normal 0 0 1
    outer loop
      vertex -47.2021 31.2021 -8.05
      vertex -47.647 31.3726 -8.05
      vertex -47.3141 31.0785 -8.05
    endloop
  endfacet
  facet normal 0 0 1
    outer loop
      vertex -47.3141 31.0785 -8.05
      vertex -47.647 31.3726 -8.05
      vertex -47.4135 30.9445 -8.05
    endloop
  endfacet
  facet normal -0 0 1
    outer loop
      vertex -47.8809 31.0573 -8.05
      vertex -47.4135 30.9445 -8.05
      vertex -47.647 31.3726 -8.05
    endloop
  endfacet
  facet normal 0 0 1
    outer loop
      vertex -47.4135 30.9445 -8.05
      vertex -47.8809 31.0573 -8.05
      vertex -47.4993 30.8014 -8.05
    endloop
  endfacet
  facet normal 0 0 1
    outer loop
      vertex -47.4993 30.8014 -8.05
      vertex -47.8809 31.0573 -8.05
      vertex -47.5706 30.6506 -8.05
    endloop
  endfacet
  facet normal -0 0 1
    outer loop
      vertex -48.0827 30.7206 -8.05
      vertex -47.5706 30.6506 -8.05
      vertex -47.8809 31.0573 -8.05
    endloop
  endfacet
  facet normal 0 0 1
    outer loop
      vertex -47.5706 30.6506 -8.05
      vertex -48.0827 30.7206 -8.05
      vertex -47.6268 30.4935 -8.05
    endloop
  endfacet
  facet normal 0 0 1
    outer loop
      vertex -47.6268 30.4935 -8.05
      vertex -48.0827 30.7206 -8.05
      vertex -47.6673 30.3317 -8.05
    endloop
  endfacet
  facet normal 0 0 1
    outer loop
      vertex -47.6673 30.3317 -8.05
      vertex -48.2505 30.3657 -8.05
      vertex -47.6918 30.1666 -8.05
    endloop
  endfacet
  facet normal -0 0 1
    outer loop
      vertex -48.2505 30.3657 -8.05
      vertex -47.6673 30.3317 -8.05
      vertex -48.0827 30.7206 -8.05
    endloop
  endfacet
  facet normal -0 0 1
    outer loop
      vertex 47.6673 -30.3317 -8.05
      vertex 48.2505 -30.3657 -8.05
      vertex 47.6918 -30.1666 -8.05
    endloop
  endfacet
  facet normal 0 0 1
    outer loop
      vertex 48.2505 -30.3657 -8.05
      vertex 47.6673 -30.3317 -8.05
      vertex 48.0827 -30.7206 -8.05
    endloop
  endfacet
  facet normal -0 0 1
    outer loop
      vertex 47.6268 -30.4935 -8.05
      vertex 48.0827 -30.7206 -8.05
      vertex 47.6673 -30.3317 -8.05
    endloop
  endfacet
  facet normal -0 0 1
    outer loop
      vertex 47.5706 -30.6506 -8.05
      vertex 48.0827 -30.7206 -8.05
      vertex 47.6268 -30.4935 -8.05
    endloop
  endfacet
  facet normal 0 0 1
    outer loop
      vertex 48.0827 -30.7206 -8.05
      vertex 47.5706 -30.6506 -8.05
      vertex 47.8809 -31.0573 -8.05
    endloop
  endfacet
  facet normal -0 0 1
    outer loop
      vertex 47.4993 -30.8014 -8.05
      vertex 47.8809 -31.0573 -8.05
      vertex 47.5706 -30.6506 -8.05
    endloop
  endfacet
  facet normal -0 0 1
    outer loop
      vertex 47.4135 -30.9445 -8.05
      vertex 47.8809 -31.0573 -8.05
      vertex 47.4993 -30.8014 -8.05
    endloop
  endfacet
  facet normal 0 0 1
    outer loop
      vertex 47.8809 -31.0573 -8.05
      vertex 47.4135 -30.9445 -8.05
      vertex 47.647 -31.3726 -8.05
    endloop
  endfacet
  facet normal -0 0 1
    outer loop
      vertex 47.3141 -31.0785 -8.05
      vertex 47.647 -31.3726 -8.05
      vertex 47.4135 -30.9445 -8.05
    endloop
  endfacet
  facet normal -0 0 1
    outer loop
      vertex 47.2021 -31.2021 -8.05
      vertex 47.647 -31.3726 -8.05
      vertex 47.3141 -31.0785 -8.05
    endloop
  endfacet
  facet normal 0 0 1
    outer loop
      vertex 47.647 -31.3726 -8.05
      vertex 47.2021 -31.2021 -8.05
      vertex 47.3834 -31.6634 -8.05
    endloop
  endfacet
  facet normal -0 0 1
    outer loop
      vertex 47.0785 -31.3141 -8.05
      vertex 47.3834 -31.6634 -8.05
      vertex 47.2021 -31.2021 -8.05
    endloop
  endfacet
  facet normal -0 0 1
    outer loop
      vertex 46.9445 -31.4135 -8.05
      vertex 47.3834 -31.6634 -8.05
      vertex 47.0785 -31.3141 -8.05
    endloop
  endfacet
  facet normal 0 0 1
    outer loop
      vertex 47.3834 -31.6634 -8.05
      vertex 46.9445 -31.4135 -8.05
      vertex 47.0926 -31.927 -8.05
    endloop
  endfacet
  facet normal -0 0 1
    outer loop
      vertex 46.8014 -31.4993 -8.05
      vertex 47.0926 -31.927 -8.05
      vertex 46.9445 -31.4135 -8.05
    endloop
  endfacet
  facet normal -0 0 1
    outer loop
      vertex 46.6506 -31.5706 -8.05
      vertex 47.0926 -31.927 -8.05
      vertex 46.8014 -31.4993 -8.05
    endloop
  endfacet
  facet normal 0 0 1
    outer loop
      vertex 47.0926 -31.927 -8.05
      vertex 46.6506 -31.5706 -8.05
      vertex 46.7773 -32.1609 -8.05
    endloop
  endfacet
  facet normal -0 0 1
    outer loop
      vertex 46.4935 -31.6268 -8.05
      vertex 46.7773 -32.1609 -8.05
      vertex 46.6506 -31.5706 -8.05
    endloop
  endfacet
  facet normal -0 0 1
    outer loop
      vertex 46.3317 -31.6673 -8.05
      vertex 46.7773 -32.1609 -8.05
      vertex 46.4935 -31.6268 -8.05
    endloop
  endfacet
  facet normal 0 0 1
    outer loop
      vertex 46.7773 -32.1609 -8.05
      vertex 46.3317 -31.6673 -8.05
      vertex 46.4406 -32.3627 -8.05
    endloop
  endfacet
  facet normal -0 0 1
    outer loop
      vertex 46.1666 -31.6918 -8.05
      vertex 46.4406 -32.3627 -8.05
      vertex 46.3317 -31.6673 -8.05
    endloop
  endfacet
  facet normal 0 0 1
    outer loop
      vertex 46.1666 -31.6918 -8.05
      vertex 46.0857 -32.5305 -8.05
      vertex 46.4406 -32.3627 -8.05
    endloop
  endfacet
  facet normal -0 0 1
    outer loop
      vertex 46 -31.7 -8.05
      vertex 46.0857 -32.5305 -8.05
      vertex 46.1666 -31.6918 -8.05
    endloop
  endfacet
  facet normal 0 0 1
    outer loop
      vertex 45.8334 -31.6918 -8.05
      vertex 46.0857 -32.5305 -8.05
      vertex 46 -31.7 -8.05
    endloop
  endfacet
  facet normal 0 0 1
    outer loop
      vertex 45.8334 -31.6918 -8.05
      vertex 45.7161 -32.6628 -8.05
      vertex 46.0857 -32.5305 -8.05
    endloop
  endfacet
  facet normal 0 0 1
    outer loop
      vertex 45.6683 -31.6673 -8.05
      vertex 45.7161 -32.6628 -8.05
      vertex 45.8334 -31.6918 -8.05
    endloop
  endfacet
  facet normal 0 0 1
    outer loop
      vertex 45.5065 -31.6268 -8.05
      vertex 45.7161 -32.6628 -8.05
      vertex 45.6683 -31.6673 -8.05
    endloop
  endfacet
  facet normal 0 0 1
    outer loop
      vertex 45.3354 -32.7581 -8.05
      vertex 45.5065 -31.6268 -8.05
      vertex 45.3494 -31.5706 -8.05
    endloop
  endfacet
  facet normal 0 0 1
    outer loop
      vertex 45.5065 -31.6268 -8.05
      vertex 45.3354 -32.7581 -8.05
      vertex 45.7161 -32.6628 -8.05
    endloop
  endfacet
  facet normal 0 0 1
    outer loop
      vertex 44.9471 -32.8157 -8.05
      vertex 45.3494 -31.5706 -8.05
      vertex 45.1986 -31.4993 -8.05
    endloop
  endfacet
  facet normal 0 0 1
    outer loop
      vertex 44.9471 -32.8157 -8.05
      vertex 45.1986 -31.4993 -8.05
      vertex 45.0555 -31.4135 -8.05
    endloop
  endfacet
  facet normal 0 0 1
    outer loop
      vertex 45.3494 -31.5706 -8.05
      vertex 44.9471 -32.8157 -8.05
      vertex 45.3354 -32.7581 -8.05
    endloop
  endfacet
  facet normal 0 0 1
    outer loop
      vertex 44.555 -32.835 -8.05
      vertex 45.0555 -31.4135 -8.05
      vertex 44.9215 -31.3141 -8.05
    endloop
  endfacet
  facet normal 0 0 1
    outer loop
      vertex 44.555 -32.835 -8.05
      vertex 44.9215 -31.3141 -8.05
      vertex 44.7979 -31.2021 -8.05
    endloop
  endfacet
  facet normal 0 0 1
    outer loop
      vertex 44.555 -32.835 -8.05
      vertex 44.7979 -31.2021 -8.05
      vertex 44.6859 -31.0785 -8.05
    endloop
  endfacet
  facet normal 0 0 1
    outer loop
      vertex 44.555 -32.835 -8.05
      vertex 44.6859 -31.0785 -8.05
      vertex 44.5865 -30.9445 -8.05
    endloop
  endfacet
  facet normal 0 0 1
    outer loop
      vertex 45.0555 -31.4135 -8.05
      vertex 44.555 -32.835 -8.05
      vertex 44.9471 -32.8157 -8.05
    endloop
  endfacet
  facet normal 0 0 1
    outer loop
      vertex 44.5007 -30.8014 -8.05
      vertex 44.555 -32.835 -8.05
      vertex 44.5865 -30.9445 -8.05
    endloop
  endfacet
  facet normal 0 0 1
    outer loop
      vertex 44.4294 -30.6506 -8.05
      vertex 44.555 -32.835 -8.05
      vertex 44.5007 -30.8014 -8.05
    endloop
  endfacet
  facet normal 0 0 1
    outer loop
      vertex 44.3732 -30.4935 -8.05
      vertex 44.555 -32.835 -8.05
      vertex 44.4294 -30.6506 -8.05
    endloop
  endfacet
  facet normal 0 0 1
    outer loop
      vertex 44.3327 -30.3317 -8.05
      vertex 44.555 -32.835 -8.05
      vertex 44.3732 -30.4935 -8.05
    endloop
  endfacet
  facet normal 0 0 1
    outer loop
      vertex 44.3082 -30.1666 -8.05
      vertex 44.555 -32.835 -8.05
      vertex 44.3327 -30.3317 -8.05
    endloop
  endfacet
  facet normal 0 0 1
    outer loop
      vertex 44.3082 -29.8334 -8.05
      vertex -44.3 -30 -8.05
      vertex 44.3 -30 -8.05
    endloop
  endfacet
  facet normal 0 0 1
    outer loop
      vertex 44.3 -30 -8.05
      vertex -44.3 -30 -8.05
      vertex 44.3082 -30.1666 -8.05
    endloop
  endfacet
  facet normal 0 0 1
    outer loop
      vertex -44.3082 -30.1666 -8.05
      vertex 44.3082 -30.1666 -8.05
      vertex -44.3 -30 -8.05
    endloop
  endfacet
  facet normal 0 0 1
    outer loop
      vertex 44.3082 -30.1666 -8.05
      vertex -44.3082 -30.1666 -8.05
      vertex 44.555 -32.835 -8.05
    endloop
  endfacet
  facet normal 0 0 1
    outer loop
      vertex -44.555 -32.835 -8.05
      vertex -44.3082 -30.1666 -8.05
      vertex -44.3327 -30.3317 -8.05
    endloop
  endfacet
  facet normal 0 0 1
    outer loop
      vertex -44.555 -32.835 -8.05
      vertex -44.3327 -30.3317 -8.05
      vertex -44.3732 -30.4935 -8.05
    endloop
  endfacet
  facet normal 0 0 1
    outer loop
      vertex -44.555 -32.835 -8.05
      vertex -44.3732 -30.4935 -8.05
      vertex -44.4294 -30.6506 -8.05
    endloop
  endfacet
  facet normal 0 0 1
    outer loop
      vertex -44.555 -32.835 -8.05
      vertex -44.4294 -30.6506 -8.05
      vertex -44.5007 -30.8014 -8.05
    endloop
  endfacet
  facet normal 0 0 1
    outer loop
      vertex -44.3082 -30.1666 -8.05
      vertex -44.555 -32.835 -8.05
      vertex 44.555 -32.835 -8.05
    endloop
  endfacet
  facet normal -0 0 1
    outer loop
      vertex -44.5865 -30.9445 -8.05
      vertex -44.555 -32.835 -8.05
      vertex -44.5007 -30.8014 -8.05
    endloop
  endfacet
  facet normal -0 0 1
    outer loop
      vertex -44.6859 -31.0785 -8.05
      vertex -44.555 -32.835 -8.05
      vertex -44.5865 -30.9445 -8.05
    endloop
  endfacet
  facet normal -0 0 1
    outer loop
      vertex -44.7979 -31.2021 -8.05
      vertex -44.555 -32.835 -8.05
      vertex -44.6859 -31.0785 -8.05
    endloop
  endfacet
  facet normal -0 0 1
    outer loop
      vertex -44.9215 -31.3141 -8.05
      vertex -44.555 -32.835 -8.05
      vertex -44.7979 -31.2021 -8.05
    endloop
  endfacet
  facet normal -0 0 1
    outer loop
      vertex -45.0555 -31.4135 -8.05
      vertex -44.555 -32.835 -8.05
      vertex -44.9215 -31.3141 -8.05
    endloop
  endfacet
  facet normal 0 0 1
    outer loop
      vertex -44.555 -32.835 -8.05
      vertex -45.0555 -31.4135 -8.05
      vertex -44.9471 -32.8157 -8.05
    endloop
  endfacet
  facet normal -0 0 1
    outer loop
      vertex -45.1986 -31.4993 -8.05
      vertex -44.9471 -32.8157 -8.05
      vertex -45.0555 -31.4135 -8.05
    endloop
  endfacet
  facet normal -0 0 1
    outer loop
      vertex -45.3494 -31.5706 -8.05
      vertex -44.9471 -32.8157 -8.05
      vertex -45.1986 -31.4993 -8.05
    endloop
  endfacet
  facet normal 0 0 1
    outer loop
      vertex -44.9471 -32.8157 -8.05
      vertex -45.3494 -31.5706 -8.05
      vertex -45.3354 -32.7581 -8.05
    endloop
  endfacet
  facet normal -0 0 1
    outer loop
      vertex -45.5065 -31.6268 -8.05
      vertex -45.3354 -32.7581 -8.05
      vertex -45.3494 -31.5706 -8.05
    endloop
  endfacet
  facet normal 0 0 1
    outer loop
      vertex -45.7161 -32.6628 -8.05
      vertex -45.5065 -31.6268 -8.05
      vertex -45.6683 -31.6673 -8.05
    endloop
  endfacet
  facet normal 0 0 1
    outer loop
      vertex -45.5065 -31.6268 -8.05
      vertex -45.7161 -32.6628 -8.05
      vertex -45.3354 -32.7581 -8.05
    endloop
  endfacet
  facet normal -0 0 1
    outer loop
      vertex -45.8334 -31.6918 -8.05
      vertex -45.7161 -32.6628 -8.05
      vertex -45.6683 -31.6673 -8.05
    endloop
  endfacet
  facet normal 0 0 1
    outer loop
      vertex -46.0857 -32.5305 -8.05
      vertex -45.8334 -31.6918 -8.05
      vertex -46 -31.7 -8.05
    endloop
  endfacet
  facet normal 0 0 1
    outer loop
      vertex -45.8334 -31.6918 -8.05
      vertex -46.0857 -32.5305 -8.05
      vertex -45.7161 -32.6628 -8.05
    endloop
  endfacet
  facet normal 0 0 1
    outer loop
      vertex -46.1666 -31.6918 -8.05
      vertex -46.0857 -32.5305 -8.05
      vertex -46 -31.7 -8.05
    endloop
  endfacet
  facet normal 0 0 1
    outer loop
      vertex -46.4406 -32.3627 -8.05
      vertex -46.1666 -31.6918 -8.05
      vertex -46.3317 -31.6673 -8.05
    endloop
  endfacet
  facet normal 0 0 1
    outer loop
      vertex -46.1666 -31.6918 -8.05
      vertex -46.4406 -32.3627 -8.05
      vertex -46.0857 -32.5305 -8.05
    endloop
  endfacet
  facet normal 0 0 1
    outer loop
      vertex -46.7773 -32.1609 -8.05
      vertex -46.3317 -31.6673 -8.05
      vertex -46.4935 -31.6268 -8.05
    endloop
  endfacet
  facet normal 0 0 1
    outer loop
      vertex -46.7773 -32.1609 -8.05
      vertex -46.4935 -31.6268 -8.05
      vertex -46.6506 -31.5706 -8.05
    endloop
  endfacet
  facet normal 0 0 1
    outer loop
      vertex -46.3317 -31.6673 -8.05
      vertex -46.7773 -32.1609 -8.05
      vertex -46.4406 -32.3627 -8.05
    endloop
  endfacet
  facet normal 0 0 1
    outer loop
      vertex -47.0926 -31.927 -8.05
      vertex -46.6506 -31.5706 -8.05
      vertex -46.8014 -31.4993 -8.05
    endloop
  endfacet
  facet normal 0 0 1
    outer loop
      vertex -47.0926 -31.927 -8.05
      vertex -46.8014 -31.4993 -8.05
      vertex -46.9445 -31.4135 -8.05
    endloop
  endfacet
  facet normal 0 0 1
    outer loop
      vertex -47.3834 -31.6634 -8.05
      vertex -46.9445 -31.4135 -8.05
      vertex -47.0785 -31.3141 -8.05
    endloop
  endfacet
  facet normal 0 0 1
    outer loop
      vertex -46.6506 -31.5706 -8.05
      vertex -47.0926 -31.927 -8.05
      vertex -46.7773 -32.1609 -8.05
    endloop
  endfacet
  facet normal 0 0 1
    outer loop
      vertex -47.3834 -31.6634 -8.05
      vertex -47.0785 -31.3141 -8.05
      vertex -47.2021 -31.2021 -8.05
    endloop
  endfacet
  facet normal 0 0 1
    outer loop
      vertex -47.647 -31.3726 -8.05
      vertex -47.2021 -31.2021 -8.05
      vertex -47.3141 -31.0785 -8.05
    endloop
  endfacet
  facet normal 0 0 1
    outer loop
      vertex -46.9445 -31.4135 -8.05
      vertex -47.3834 -31.6634 -8.05
      vertex -47.0926 -31.927 -8.05
    endloop
  endfacet
  facet normal 0 0 1
    outer loop
      vertex -47.647 -31.3726 -8.05
      vertex -47.3141 -31.0785 -8.05
      vertex -47.4135 -30.9445 -8.05
    endloop
  endfacet
  facet normal 0 0 1
    outer loop
      vertex -47.8809 -31.0573 -8.05
      vertex -47.4135 -30.9445 -8.05
      vertex -47.4993 -30.8014 -8.05
    endloop
  endfacet
  facet normal 0 0 1
    outer loop
      vertex -47.8809 -31.0573 -8.05
      vertex -47.4993 -30.8014 -8.05
      vertex -47.5706 -30.6506 -8.05
    endloop
  endfacet
  facet normal 0 0 1
    outer loop
      vertex -48.0827 -30.7206 -8.05
      vertex -47.5706 -30.6506 -8.05
      vertex -47.6268 -30.4935 -8.05
    endloop
  endfacet
  facet normal 0 0 1
    outer loop
      vertex -47.2021 -31.2021 -8.05
      vertex -47.647 -31.3726 -8.05
      vertex -47.3834 -31.6634 -8.05
    endloop
  endfacet
  facet normal 0 0 1
    outer loop
      vertex -48.0827 -30.7206 -8.05
      vertex -47.6268 -30.4935 -8.05
      vertex -47.6673 -30.3317 -8.05
    endloop
  endfacet
  facet normal 0 0 1
    outer loop
      vertex -48.2505 -30.3657 -8.05
      vertex -47.6673 -30.3317 -8.05
      vertex -47.6918 -30.1666 -8.05
    endloop
  endfacet
  facet normal 0 0 1
    outer loop
      vertex -48.2505 -30.3657 -8.05
      vertex -47.6918 -30.1666 -8.05
      vertex -47.7 -30 -8.05
    endloop
  endfacet
  facet normal 0 0 1
    outer loop
      vertex -47.4135 -30.9445 -8.05
      vertex -47.8809 -31.0573 -8.05
      vertex -47.647 -31.3726 -8.05
    endloop
  endfacet
  facet normal 0 -0 1
    outer loop
      vertex -48.4781 -29.6154 -8.05
      vertex -47.6268 -29.5065 -8.05
      vertex -48.5357 -29.2271 -8.05
    endloop
  endfacet
  facet normal 0 0 1
    outer loop
      vertex -47.6918 30.1666 -8.05
      vertex -48.2505 30.3657 -8.05
      vertex -47.7 30 -8.05
    endloop
  endfacet
  facet normal 0 0 1
    outer loop
      vertex -47.6268 -29.5065 -8.05
      vertex -48.4781 -29.6154 -8.05
      vertex -47.6673 -29.6683 -8.05
    endloop
  endfacet
  facet normal 0 0 1
    outer loop
      vertex -48.3828 29.9961 -8.05
      vertex -47.7 30 -8.05
      vertex -48.2505 30.3657 -8.05
    endloop
  endfacet
  facet normal 0 0 1
    outer loop
      vertex -47.6673 -29.6683 -8.05
      vertex -48.4781 -29.6154 -8.05
      vertex -47.6918 -29.8334 -8.05
    endloop
  endfacet
  facet normal 0 0 1
    outer loop
      vertex -47.6918 29.8334 -8.05
      vertex -48.3828 29.9961 -8.05
      vertex -48.4781 29.6154 -8.05
    endloop
  endfacet
  facet normal 0 0 1
    outer loop
      vertex -47.5706 -30.6506 -8.05
      vertex -48.0827 -30.7206 -8.05
      vertex -47.8809 -31.0573 -8.05
    endloop
  endfacet
  facet normal 0 0 1
    outer loop
      vertex -47.6268 29.5065 -8.05
      vertex -48.4781 29.6154 -8.05
      vertex -48.5357 29.2271 -8.05
    endloop
  endfacet
  facet normal 0 0 1
    outer loop
      vertex -47.6673 -30.3317 -8.05
      vertex -48.2505 -30.3657 -8.05
      vertex -48.0827 -30.7206 -8.05
    endloop
  endfacet
  facet normal 0 0 1
    outer loop
      vertex -47.4993 29.1986 -8.05
      vertex -48.5357 29.2271 -8.05
      vertex -48.555 28.835 -8.05
    endloop
  endfacet
  facet normal 0 0 1
    outer loop
      vertex -47.7 -30 -8.05
      vertex -48.3828 -29.9961 -8.05
      vertex -48.2505 -30.3657 -8.05
    endloop
  endfacet
  facet normal 0 0 1
    outer loop
      vertex -47.6918 -29.8334 -8.05
      vertex -48.3828 -29.9961 -8.05
      vertex -47.7 -30 -8.05
    endloop
  endfacet
  facet normal 0 -0 1
    outer loop
      vertex -48.3828 -29.9961 -8.05
      vertex -47.6918 -29.8334 -8.05
      vertex -48.4781 -29.6154 -8.05
    endloop
  endfacet
  facet normal 0.989176 0.146733 0
    outer loop
      vertex -48.4781 -29.6154 11.05
      vertex -48.5357 -29.2271 -8.05
      vertex -48.5357 -29.2271 11.05
    endloop
  endfacet
  facet normal 0.989176 0.146733 0
    outer loop
      vertex -48.5357 -29.2271 -8.05
      vertex -48.4781 -29.6154 11.05
      vertex -48.4781 -29.6154 -8.05
    endloop
  endfacet
  facet normal 1 -0 0
    outer loop
      vertex -48.555 -28.835 11.05
      vertex -48.555 28.835 -8.05
      vertex -48.555 28.835 11.05
    endloop
  endfacet
  facet normal 1 0 0
    outer loop
      vertex -48.555 28.835 -8.05
      vertex -48.555 -28.835 11.05
      vertex -48.555 -28.835 -8.05
    endloop
  endfacet
  facet normal -0.998791 -0.0491626 0
    outer loop
      vertex 48.555 28.835 -8.05
      vertex 48.5357 29.2271 11.05
      vertex 48.5357 29.2271 -8.05
    endloop
  endfacet
  facet normal -0.998791 -0.0491626 0
    outer loop
      vertex 48.5357 29.2271 11.05
      vertex 48.555 28.835 -8.05
      vertex 48.555 28.835 11.05
    endloop
  endfacet
  facet normal 0.998791 0.0491626 0
    outer loop
      vertex -48.5357 -29.2271 11.05
      vertex -48.555 -28.835 -8.05
      vertex -48.555 -28.835 11.05
    endloop
  endfacet
  facet normal 0.998791 0.0491626 0
    outer loop
      vertex -48.555 -28.835 -8.05
      vertex -48.5357 -29.2271 11.05
      vertex -48.5357 -29.2271 -8.05
    endloop
  endfacet
  facet normal 0.42744 -0.904044 0
    outer loop
      vertex -46.4406 32.3627 -8.05
      vertex -46.0857 32.5305 11.05
      vertex -46.4406 32.3627 11.05
    endloop
  endfacet
  facet normal 0.42744 -0.904044 0
    outer loop
      vertex -46.0857 32.5305 11.05
      vertex -46.4406 32.3627 -8.05
      vertex -46.0857 32.5305 -8.05
    endloop
  endfacet
  facet normal -0.0491626 -0.998791 0
    outer loop
      vertex 44.555 32.835 -8.05
      vertex 44.9471 32.8157 11.05
      vertex 44.555 32.835 11.05
    endloop
  endfacet
  facet normal -0.0491626 -0.998791 -0
    outer loop
      vertex 44.9471 32.8157 11.05
      vertex 44.555 32.835 -8.05
      vertex 44.9471 32.8157 -8.05
    endloop
  endfacet
  facet normal 0 -1 0
    outer loop
      vertex -44.555 32.835 -8.05
      vertex 44.555 32.835 11.05
      vertex -44.555 32.835 11.05
    endloop
  endfacet
  facet normal 0 -1 -0
    outer loop
      vertex 44.555 32.835 11.05
      vertex -44.555 32.835 -8.05
      vertex 44.555 32.835 -8.05
    endloop
  endfacet
  facet normal 0.998791 -0.0491626 0
    outer loop
      vertex -48.555 28.835 11.05
      vertex -48.5357 29.2271 -8.05
      vertex -48.5357 29.2271 11.05
    endloop
  endfacet
  facet normal 0.998791 -0.0491626 0
    outer loop
      vertex -48.5357 29.2271 -8.05
      vertex -48.555 28.835 11.05
      vertex -48.555 28.835 -8.05
    endloop
  endfacet
  facet normal -1 0 0
    outer loop
      vertex 48.555 -28.835 -8.05
      vertex 48.555 28.835 11.05
      vertex 48.555 28.835 -8.05
    endloop
  endfacet
  facet normal -1 -0 0
    outer loop
      vertex 48.555 28.835 11.05
      vertex 48.555 -28.835 -8.05
      vertex 48.555 -28.835 11.05
    endloop
  endfacet
  facet normal 0 1 -0
    outer loop
      vertex 44.555 -32.835 -8.05
      vertex -44.555 -32.835 11.05
      vertex 44.555 -32.835 11.05
    endloop
  endfacet
  facet normal 0 1 0
    outer loop
      vertex -44.555 -32.835 11.05
      vertex 44.555 -32.835 -8.05
      vertex -44.555 -32.835 -8.05
    endloop
  endfacet
  facet normal -0.740908 -0.671607 0
    outer loop
      vertex 47.647 31.3726 -8.05
      vertex 47.3834 31.6634 11.05
      vertex 47.3834 31.6634 -8.05
    endloop
  endfacet
  facet normal -0.740908 -0.671607 0
    outer loop
      vertex 47.3834 31.6634 11.05
      vertex 47.647 31.3726 -8.05
      vertex 47.647 31.3726 11.05
    endloop
  endfacet
  facet normal 0.803137 -0.595794 0
    outer loop
      vertex -47.8809 31.0573 11.05
      vertex -47.647 31.3726 -8.05
      vertex -47.647 31.3726 11.05
    endloop
  endfacet
  facet normal 0.803137 -0.595794 0
    outer loop
      vertex -47.647 31.3726 -8.05
      vertex -47.8809 31.0573 11.05
      vertex -47.8809 31.0573 -8.05
    endloop
  endfacet
  facet normal -0.904044 -0.42744 0
    outer loop
      vertex 48.2505 30.3657 -8.05
      vertex 48.0827 30.7206 11.05
      vertex 48.0827 30.7206 -8.05
    endloop
  endfacet
  facet normal -0.904044 -0.42744 0
    outer loop
      vertex 48.0827 30.7206 11.05
      vertex 48.2505 30.3657 -8.05
      vertex 48.2505 30.3657 11.05
    endloop
  endfacet
  facet normal -0.85774 -0.514084 0
    outer loop
      vertex 48.0827 30.7206 -8.05
      vertex 47.8809 31.0573 11.05
      vertex 47.8809 31.0573 -8.05
    endloop
  endfacet
  facet normal -0.85774 -0.514084 0
    outer loop
      vertex 47.8809 31.0573 11.05
      vertex 48.0827 30.7206 -8.05
      vertex 48.0827 30.7206 11.05
    endloop
  endfacet
  facet normal -0.42744 -0.904044 0
    outer loop
      vertex 46.0857 32.5305 -8.05
      vertex 46.4406 32.3627 11.05
      vertex 46.0857 32.5305 11.05
    endloop
  endfacet
  facet normal -0.42744 -0.904044 -0
    outer loop
      vertex 46.4406 32.3627 11.05
      vertex 46.0857 32.5305 -8.05
      vertex 46.4406 32.3627 -8.05
    endloop
  endfacet
  facet normal -0.595794 -0.803137 0
    outer loop
      vertex 46.7773 32.1609 -8.05
      vertex 47.0926 31.927 11.05
      vertex 46.7773 32.1609 11.05
    endloop
  endfacet
  facet normal -0.595794 -0.803137 -0
    outer loop
      vertex 47.0926 31.927 11.05
      vertex 46.7773 32.1609 -8.05
      vertex 47.0926 31.927 -8.05
    endloop
  endfacet
  facet normal 0.146733 -0.989176 0
    outer loop
      vertex -45.3354 32.7581 -8.05
      vertex -44.9471 32.8157 11.05
      vertex -45.3354 32.7581 11.05
    endloop
  endfacet
  facet normal 0.146733 -0.989176 0
    outer loop
      vertex -44.9471 32.8157 11.05
      vertex -45.3354 32.7581 -8.05
      vertex -44.9471 32.8157 -8.05
    endloop
  endfacet
  facet normal 0.0491626 -0.998791 0
    outer loop
      vertex -44.9471 32.8157 -8.05
      vertex -44.555 32.835 11.05
      vertex -44.9471 32.8157 11.05
    endloop
  endfacet
  facet normal 0.0491626 -0.998791 0
    outer loop
      vertex -44.555 32.835 11.05
      vertex -44.9471 32.8157 -8.05
      vertex -44.555 32.835 -8.05
    endloop
  endfacet
  facet normal 0.671607 -0.740908 0
    outer loop
      vertex -47.3834 31.6634 -8.05
      vertex -47.0926 31.927 11.05
      vertex -47.3834 31.6634 11.05
    endloop
  endfacet
  facet normal 0.671607 -0.740908 0
    outer loop
      vertex -47.0926 31.927 11.05
      vertex -47.3834 31.6634 -8.05
      vertex -47.0926 31.927 -8.05
    endloop
  endfacet
  facet normal 0.514084 -0.85774 0
    outer loop
      vertex -46.7773 32.1609 -8.05
      vertex -46.4406 32.3627 11.05
      vertex -46.7773 32.1609 11.05
    endloop
  endfacet
  facet normal 0.514084 -0.85774 0
    outer loop
      vertex -46.4406 32.3627 11.05
      vertex -46.7773 32.1609 -8.05
      vertex -46.4406 32.3627 -8.05
    endloop
  endfacet
  facet normal 0.740908 -0.671607 0
    outer loop
      vertex -47.647 31.3726 11.05
      vertex -47.3834 31.6634 -8.05
      vertex -47.3834 31.6634 11.05
    endloop
  endfacet
  facet normal 0.740908 -0.671607 0
    outer loop
      vertex -47.3834 31.6634 -8.05
      vertex -47.647 31.3726 11.05
      vertex -47.647 31.3726 -8.05
    endloop
  endfacet
  facet normal 0.9415 -0.337014 0
    outer loop
      vertex -48.3828 29.9961 11.05
      vertex -48.2505 30.3657 -8.05
      vertex -48.2505 30.3657 11.05
    endloop
  endfacet
  facet normal 0.9415 -0.337014 0
    outer loop
      vertex -48.2505 30.3657 -8.05
      vertex -48.3828 29.9961 11.05
      vertex -48.3828 29.9961 -8.05
    endloop
  endfacet
  facet normal 0.85774 -0.514084 0
    outer loop
      vertex -48.0827 30.7206 11.05
      vertex -47.8809 31.0573 -8.05
      vertex -47.8809 31.0573 11.05
    endloop
  endfacet
  facet normal 0.85774 -0.514084 0
    outer loop
      vertex -47.8809 31.0573 -8.05
      vertex -48.0827 30.7206 11.05
      vertex -48.0827 30.7206 -8.05
    endloop
  endfacet
  facet normal -0.595794 0.803137 0
    outer loop
      vertex 47.0926 -31.927 -8.05
      vertex 46.7773 -32.1609 11.05
      vertex 47.0926 -31.927 11.05
    endloop
  endfacet
  facet normal -0.595794 0.803137 0
    outer loop
      vertex 46.7773 -32.1609 11.05
      vertex 47.0926 -31.927 -8.05
      vertex 46.7773 -32.1609 -8.05
    endloop
  endfacet
  facet normal -0.989176 0.146733 0
    outer loop
      vertex 48.4781 -29.6154 -8.05
      vertex 48.5357 -29.2271 11.05
      vertex 48.5357 -29.2271 -8.05
    endloop
  endfacet
  facet normal -0.989176 0.146733 0
    outer loop
      vertex 48.5357 -29.2271 11.05
      vertex 48.4781 -29.6154 -8.05
      vertex 48.4781 -29.6154 11.05
    endloop
  endfacet
  facet normal -0.0491626 0.998791 0
    outer loop
      vertex 44.9471 -32.8157 -8.05
      vertex 44.555 -32.835 11.05
      vertex 44.9471 -32.8157 11.05
    endloop
  endfacet
  facet normal -0.0491626 0.998791 0
    outer loop
      vertex 44.555 -32.835 11.05
      vertex 44.9471 -32.8157 -8.05
      vertex 44.555 -32.835 -8.05
    endloop
  endfacet
  facet normal -0.337014 0.9415 0
    outer loop
      vertex 46.0857 -32.5305 -8.05
      vertex 45.7161 -32.6628 11.05
      vertex 46.0857 -32.5305 11.05
    endloop
  endfacet
  facet normal -0.337014 0.9415 0
    outer loop
      vertex 45.7161 -32.6628 11.05
      vertex 46.0857 -32.5305 -8.05
      vertex 45.7161 -32.6628 -8.05
    endloop
  endfacet
  facet normal 0.595794 0.803137 -0
    outer loop
      vertex -46.7773 -32.1609 -8.05
      vertex -47.0926 -31.927 11.05
      vertex -46.7773 -32.1609 11.05
    endloop
  endfacet
  facet normal 0.595794 0.803137 0
    outer loop
      vertex -47.0926 -31.927 11.05
      vertex -46.7773 -32.1609 -8.05
      vertex -47.0926 -31.927 -8.05
    endloop
  endfacet
  facet normal -0.970068 -0.242835 0
    outer loop
      vertex 48.4781 29.6154 -8.05
      vertex 48.3828 29.9961 11.05
      vertex 48.3828 29.9961 -8.05
    endloop
  endfacet
  facet normal -0.970068 -0.242835 0
    outer loop
      vertex 48.3828 29.9961 11.05
      vertex 48.4781 29.6154 -8.05
      vertex 48.4781 29.6154 11.05
    endloop
  endfacet
  facet normal -0.989176 -0.146733 0
    outer loop
      vertex 48.5357 29.2271 -8.05
      vertex 48.4781 29.6154 11.05
      vertex 48.4781 29.6154 -8.05
    endloop
  endfacet
  facet normal -0.989176 -0.146733 0
    outer loop
      vertex 48.4781 29.6154 11.05
      vertex 48.5357 29.2271 -8.05
      vertex 48.5357 29.2271 11.05
    endloop
  endfacet
  facet normal -0.9415 -0.337014 0
    outer loop
      vertex 48.3828 29.9961 -8.05
      vertex 48.2505 30.3657 11.05
      vertex 48.2505 30.3657 -8.05
    endloop
  endfacet
  facet normal -0.9415 -0.337014 0
    outer loop
      vertex 48.2505 30.3657 11.05
      vertex 48.3828 29.9961 -8.05
      vertex 48.3828 29.9961 11.05
    endloop
  endfacet
  facet normal -0.803137 -0.595794 0
    outer loop
      vertex 47.8809 31.0573 -8.05
      vertex 47.647 31.3726 11.05
      vertex 47.647 31.3726 -8.05
    endloop
  endfacet
  facet normal -0.803137 -0.595794 0
    outer loop
      vertex 47.647 31.3726 11.05
      vertex 47.8809 31.0573 -8.05
      vertex 47.8809 31.0573 11.05
    endloop
  endfacet
  facet normal -0.242835 -0.970068 0
    outer loop
      vertex 45.3354 32.7581 -8.05
      vertex 45.7161 32.6628 11.05
      vertex 45.3354 32.7581 11.05
    endloop
  endfacet
  facet normal -0.242835 -0.970068 -0
    outer loop
      vertex 45.7161 32.6628 11.05
      vertex 45.3354 32.7581 -8.05
      vertex 45.7161 32.6628 -8.05
    endloop
  endfacet
  facet normal -0.337014 -0.9415 0
    outer loop
      vertex 45.7161 32.6628 -8.05
      vertex 46.0857 32.5305 11.05
      vertex 45.7161 32.6628 11.05
    endloop
  endfacet
  facet normal -0.337014 -0.9415 -0
    outer loop
      vertex 46.0857 32.5305 11.05
      vertex 45.7161 32.6628 -8.05
      vertex 46.0857 32.5305 -8.05
    endloop
  endfacet
  facet normal -0.146733 -0.989176 0
    outer loop
      vertex 44.9471 32.8157 -8.05
      vertex 45.3354 32.7581 11.05
      vertex 44.9471 32.8157 11.05
    endloop
  endfacet
  facet normal -0.146733 -0.989176 -0
    outer loop
      vertex 45.3354 32.7581 11.05
      vertex 44.9471 32.8157 -8.05
      vertex 45.3354 32.7581 -8.05
    endloop
  endfacet
  facet normal -0.514084 -0.85774 0
    outer loop
      vertex 46.4406 32.3627 -8.05
      vertex 46.7773 32.1609 11.05
      vertex 46.4406 32.3627 11.05
    endloop
  endfacet
  facet normal -0.514084 -0.85774 -0
    outer loop
      vertex 46.7773 32.1609 11.05
      vertex 46.4406 32.3627 -8.05
      vertex 46.7773 32.1609 -8.05
    endloop
  endfacet
  facet normal -0.671607 -0.740908 0
    outer loop
      vertex 47.0926 31.927 -8.05
      vertex 47.3834 31.6634 11.05
      vertex 47.0926 31.927 11.05
    endloop
  endfacet
  facet normal -0.671607 -0.740908 -0
    outer loop
      vertex 47.3834 31.6634 11.05
      vertex 47.0926 31.927 -8.05
      vertex 47.3834 31.6634 -8.05
    endloop
  endfacet
  facet normal 0.242835 -0.970068 0
    outer loop
      vertex -45.7161 32.6628 -8.05
      vertex -45.3354 32.7581 11.05
      vertex -45.7161 32.6628 11.05
    endloop
  endfacet
  facet normal 0.242835 -0.970068 0
    outer loop
      vertex -45.3354 32.7581 11.05
      vertex -45.7161 32.6628 -8.05
      vertex -45.3354 32.7581 -8.05
    endloop
  endfacet
  facet normal 0.337014 -0.9415 0
    outer loop
      vertex -46.0857 32.5305 -8.05
      vertex -45.7161 32.6628 11.05
      vertex -46.0857 32.5305 11.05
    endloop
  endfacet
  facet normal 0.337014 -0.9415 0
    outer loop
      vertex -45.7161 32.6628 11.05
      vertex -46.0857 32.5305 -8.05
      vertex -45.7161 32.6628 -8.05
    endloop
  endfacet
  facet normal 0.595794 -0.803137 0
    outer loop
      vertex -47.0926 31.927 -8.05
      vertex -46.7773 32.1609 11.05
      vertex -47.0926 31.927 11.05
    endloop
  endfacet
  facet normal 0.595794 -0.803137 0
    outer loop
      vertex -46.7773 32.1609 11.05
      vertex -47.0926 31.927 -8.05
      vertex -46.7773 32.1609 -8.05
    endloop
  endfacet
  facet normal 0.970068 -0.242835 0
    outer loop
      vertex -48.4781 29.6154 11.05
      vertex -48.3828 29.9961 -8.05
      vertex -48.3828 29.9961 11.05
    endloop
  endfacet
  facet normal 0.970068 -0.242835 0
    outer loop
      vertex -48.3828 29.9961 -8.05
      vertex -48.4781 29.6154 11.05
      vertex -48.4781 29.6154 -8.05
    endloop
  endfacet
  facet normal 0.989176 -0.146733 0
    outer loop
      vertex -48.5357 29.2271 11.05
      vertex -48.4781 29.6154 -8.05
      vertex -48.4781 29.6154 11.05
    endloop
  endfacet
  facet normal 0.989176 -0.146733 0
    outer loop
      vertex -48.4781 29.6154 -8.05
      vertex -48.5357 29.2271 11.05
      vertex -48.5357 29.2271 -8.05
    endloop
  endfacet
  facet normal 0.904044 -0.42744 0
    outer loop
      vertex -48.2505 30.3657 11.05
      vertex -48.0827 30.7206 -8.05
      vertex -48.0827 30.7206 11.05
    endloop
  endfacet
  facet normal 0.904044 -0.42744 0
    outer loop
      vertex -48.0827 30.7206 -8.05
      vertex -48.2505 30.3657 11.05
      vertex -48.2505 30.3657 -8.05
    endloop
  endfacet
  facet normal -0.671607 0.740908 0
    outer loop
      vertex 47.3834 -31.6634 -8.05
      vertex 47.0926 -31.927 11.05
      vertex 47.3834 -31.6634 11.05
    endloop
  endfacet
  facet normal -0.671607 0.740908 0
    outer loop
      vertex 47.0926 -31.927 11.05
      vertex 47.3834 -31.6634 -8.05
      vertex 47.0926 -31.927 -8.05
    endloop
  endfacet
  facet normal -0.85774 0.514084 0
    outer loop
      vertex 47.8809 -31.0573 -8.05
      vertex 48.0827 -30.7206 11.05
      vertex 48.0827 -30.7206 -8.05
    endloop
  endfacet
  facet normal -0.85774 0.514084 0
    outer loop
      vertex 48.0827 -30.7206 11.05
      vertex 47.8809 -31.0573 -8.05
      vertex 47.8809 -31.0573 11.05
    endloop
  endfacet
  facet normal -0.740908 0.671607 0
    outer loop
      vertex 47.3834 -31.6634 -8.05
      vertex 47.647 -31.3726 11.05
      vertex 47.647 -31.3726 -8.05
    endloop
  endfacet
  facet normal -0.740908 0.671607 0
    outer loop
      vertex 47.647 -31.3726 11.05
      vertex 47.3834 -31.6634 -8.05
      vertex 47.3834 -31.6634 11.05
    endloop
  endfacet
  facet normal -0.998791 0.0491626 0
    outer loop
      vertex 48.5357 -29.2271 -8.05
      vertex 48.555 -28.835 11.05
      vertex 48.555 -28.835 -8.05
    endloop
  endfacet
  facet normal -0.998791 0.0491626 0
    outer loop
      vertex 48.555 -28.835 11.05
      vertex 48.5357 -29.2271 -8.05
      vertex 48.5357 -29.2271 11.05
    endloop
  endfacet
  facet normal -0.970068 0.242835 0
    outer loop
      vertex 48.3828 -29.9961 -8.05
      vertex 48.4781 -29.6154 11.05
      vertex 48.4781 -29.6154 -8.05
    endloop
  endfacet
  facet normal -0.970068 0.242835 0
    outer loop
      vertex 48.4781 -29.6154 11.05
      vertex 48.3828 -29.9961 -8.05
      vertex 48.3828 -29.9961 11.05
    endloop
  endfacet
  facet normal -0.904044 0.42744 0
    outer loop
      vertex 48.0827 -30.7206 -8.05
      vertex 48.2505 -30.3657 11.05
      vertex 48.2505 -30.3657 -8.05
    endloop
  endfacet
  facet normal -0.904044 0.42744 0
    outer loop
      vertex 48.2505 -30.3657 11.05
      vertex 48.0827 -30.7206 -8.05
      vertex 48.0827 -30.7206 11.05
    endloop
  endfacet
  facet normal -0.146733 0.989176 0
    outer loop
      vertex 45.3354 -32.7581 -8.05
      vertex 44.9471 -32.8157 11.05
      vertex 45.3354 -32.7581 11.05
    endloop
  endfacet
  facet normal -0.146733 0.989176 0
    outer loop
      vertex 44.9471 -32.8157 11.05
      vertex 45.3354 -32.7581 -8.05
      vertex 44.9471 -32.8157 -8.05
    endloop
  endfacet
  facet normal -0.42744 0.904044 0
    outer loop
      vertex 46.4406 -32.3627 -8.05
      vertex 46.0857 -32.5305 11.05
      vertex 46.4406 -32.3627 11.05
    endloop
  endfacet
  facet normal -0.42744 0.904044 0
    outer loop
      vertex 46.0857 -32.5305 11.05
      vertex 46.4406 -32.3627 -8.05
      vertex 46.0857 -32.5305 -8.05
    endloop
  endfacet
  facet normal 0.514084 0.85774 -0
    outer loop
      vertex -46.4406 -32.3627 -8.05
      vertex -46.7773 -32.1609 11.05
      vertex -46.4406 -32.3627 11.05
    endloop
  endfacet
  facet normal 0.514084 0.85774 0
    outer loop
      vertex -46.7773 -32.1609 11.05
      vertex -46.4406 -32.3627 -8.05
      vertex -46.7773 -32.1609 -8.05
    endloop
  endfacet
  facet normal 0.242835 0.970068 -0
    outer loop
      vertex -45.3354 -32.7581 -8.05
      vertex -45.7161 -32.6628 11.05
      vertex -45.3354 -32.7581 11.05
    endloop
  endfacet
  facet normal 0.242835 0.970068 0
    outer loop
      vertex -45.7161 -32.6628 11.05
      vertex -45.3354 -32.7581 -8.05
      vertex -45.7161 -32.6628 -8.05
    endloop
  endfacet
  facet normal 0.337014 0.9415 -0
    outer loop
      vertex -45.7161 -32.6628 -8.05
      vertex -46.0857 -32.5305 11.05
      vertex -45.7161 -32.6628 11.05
    endloop
  endfacet
  facet normal 0.337014 0.9415 0
    outer loop
      vertex -46.0857 -32.5305 11.05
      vertex -45.7161 -32.6628 -8.05
      vertex -46.0857 -32.5305 -8.05
    endloop
  endfacet
  facet normal 0.146733 0.989176 -0
    outer loop
      vertex -44.9471 -32.8157 -8.05
      vertex -45.3354 -32.7581 11.05
      vertex -44.9471 -32.8157 11.05
    endloop
  endfacet
  facet normal 0.146733 0.989176 0
    outer loop
      vertex -45.3354 -32.7581 11.05
      vertex -44.9471 -32.8157 -8.05
      vertex -45.3354 -32.7581 -8.05
    endloop
  endfacet
  facet normal 0.740908 0.671607 0
    outer loop
      vertex -47.3834 -31.6634 11.05
      vertex -47.647 -31.3726 -8.05
      vertex -47.647 -31.3726 11.05
    endloop
  endfacet
  facet normal 0.740908 0.671607 0
    outer loop
      vertex -47.647 -31.3726 -8.05
      vertex -47.3834 -31.6634 11.05
      vertex -47.3834 -31.6634 -8.05
    endloop
  endfacet
  facet normal 0.803137 0.595794 0
    outer loop
      vertex -47.647 -31.3726 11.05
      vertex -47.8809 -31.0573 -8.05
      vertex -47.8809 -31.0573 11.05
    endloop
  endfacet
  facet normal 0.803137 0.595794 0
    outer loop
      vertex -47.8809 -31.0573 -8.05
      vertex -47.647 -31.3726 11.05
      vertex -47.647 -31.3726 -8.05
    endloop
  endfacet
  facet normal 0.671607 0.740908 -0
    outer loop
      vertex -47.0926 -31.927 -8.05
      vertex -47.3834 -31.6634 11.05
      vertex -47.0926 -31.927 11.05
    endloop
  endfacet
  facet normal 0.671607 0.740908 0
    outer loop
      vertex -47.3834 -31.6634 11.05
      vertex -47.0926 -31.927 -8.05
      vertex -47.3834 -31.6634 -8.05
    endloop
  endfacet
  facet normal 0.904044 0.42744 0
    outer loop
      vertex -48.0827 -30.7206 11.05
      vertex -48.2505 -30.3657 -8.05
      vertex -48.2505 -30.3657 11.05
    endloop
  endfacet
  facet normal 0.904044 0.42744 0
    outer loop
      vertex -48.2505 -30.3657 -8.05
      vertex -48.0827 -30.7206 11.05
      vertex -48.0827 -30.7206 -8.05
    endloop
  endfacet
  facet normal 0.85774 0.514084 0
    outer loop
      vertex -47.8809 -31.0573 11.05
      vertex -48.0827 -30.7206 -8.05
      vertex -48.0827 -30.7206 11.05
    endloop
  endfacet
  facet normal 0.85774 0.514084 0
    outer loop
      vertex -48.0827 -30.7206 -8.05
      vertex -47.8809 -31.0573 11.05
      vertex -47.8809 -31.0573 -8.05
    endloop
  endfacet
  facet normal 0.970068 0.242835 0
    outer loop
      vertex -48.3828 -29.9961 11.05
      vertex -48.4781 -29.6154 -8.05
      vertex -48.4781 -29.6154 11.05
    endloop
  endfacet
  facet normal 0.970068 0.242835 0
    outer loop
      vertex -48.4781 -29.6154 -8.05
      vertex -48.3828 -29.9961 11.05
      vertex -48.3828 -29.9961 -8.05
    endloop
  endfacet
  facet normal -0.803137 0.595794 0
    outer loop
      vertex 47.647 -31.3726 -8.05
      vertex 47.8809 -31.0573 11.05
      vertex 47.8809 -31.0573 -8.05
    endloop
  endfacet
  facet normal -0.803137 0.595794 0
    outer loop
      vertex 47.8809 -31.0573 11.05
      vertex 47.647 -31.3726 -8.05
      vertex 47.647 -31.3726 11.05
    endloop
  endfacet
  facet normal -0.9415 0.337014 0
    outer loop
      vertex 48.2505 -30.3657 -8.05
      vertex 48.3828 -29.9961 11.05
      vertex 48.3828 -29.9961 -8.05
    endloop
  endfacet
  facet normal -0.9415 0.337014 0
    outer loop
      vertex 48.3828 -29.9961 11.05
      vertex 48.2505 -30.3657 -8.05
      vertex 48.2505 -30.3657 11.05
    endloop
  endfacet
  facet normal -0.242835 0.970068 0
    outer loop
      vertex 45.7161 -32.6628 -8.05
      vertex 45.3354 -32.7581 11.05
      vertex 45.7161 -32.6628 11.05
    endloop
  endfacet
  facet normal -0.242835 0.970068 0
    outer loop
      vertex 45.3354 -32.7581 11.05
      vertex 45.7161 -32.6628 -8.05
      vertex 45.3354 -32.7581 -8.05
    endloop
  endfacet
  facet normal -0.514084 0.85774 0
    outer loop
      vertex 46.7773 -32.1609 -8.05
      vertex 46.4406 -32.3627 11.05
      vertex 46.7773 -32.1609 11.05
    endloop
  endfacet
  facet normal -0.514084 0.85774 0
    outer loop
      vertex 46.4406 -32.3627 11.05
      vertex 46.7773 -32.1609 -8.05
      vertex 46.4406 -32.3627 -8.05
    endloop
  endfacet
  facet normal 0.42744 0.904044 -0
    outer loop
      vertex -46.0857 -32.5305 -8.05
      vertex -46.4406 -32.3627 11.05
      vertex -46.0857 -32.5305 11.05
    endloop
  endfacet
  facet normal 0.42744 0.904044 0
    outer loop
      vertex -46.4406 -32.3627 11.05
      vertex -46.0857 -32.5305 -8.05
      vertex -46.4406 -32.3627 -8.05
    endloop
  endfacet
  facet normal 0.0491626 0.998791 -0
    outer loop
      vertex -44.555 -32.835 -8.05
      vertex -44.9471 -32.8157 11.05
      vertex -44.555 -32.835 11.05
    endloop
  endfacet
  facet normal 0.0491626 0.998791 0
    outer loop
      vertex -44.9471 -32.8157 11.05
      vertex -44.555 -32.835 -8.05
      vertex -44.9471 -32.8157 -8.05
    endloop
  endfacet
  facet normal 0.9415 0.337014 0
    outer loop
      vertex -48.2505 -30.3657 11.05
      vertex -48.3828 -29.9961 -8.05
      vertex -48.3828 -29.9961 11.05
    endloop
  endfacet
  facet normal 0.9415 0.337014 0
    outer loop
      vertex -48.3828 -29.9961 -8.05
      vertex -48.2505 -30.3657 11.05
      vertex -48.2505 -30.3657 -8.05
    endloop
  endfacet
endsolid OpenSCAD_Model
