solid OpenSCAD_Model
  facet normal 0 -0.0491004 0.998794
    outer loop
      vertex -2.5 -42.8334 -1.69181
      vertex 2.5 -43 -1.7
      vertex 2.5 -42.8334 -1.69181
    endloop
  endfacet
  facet normal 0 -0.0491004 0.998794
    outer loop
      vertex 2.5 -43 -1.7
      vertex -2.5 -42.8334 -1.69181
      vertex -2.5 -43 -1.7
    endloop
  endfacet
  facet normal 0 -0.0491004 -0.998794
    outer loop
      vertex -2.5 -43 1.7
      vertex 2.5 -42.8334 1.69181
      vertex 2.5 -43 1.7
    endloop
  endfacet
  facet normal -0 -0.0491004 -0.998794
    outer loop
      vertex 2.5 -42.8334 1.69181
      vertex -2.5 -43 1.7
      vertex -2.5 -42.8334 1.69181
    endloop
  endfacet
  facet normal 0 0.998791 -0.0491516
    outer loop
      vertex 2.5 -44.7 0
      vertex -2.5 -44.6918 0.166629
      vertex 2.5 -44.6918 0.166629
    endloop
  endfacet
  facet normal 0 0.998791 -0.0491516
    outer loop
      vertex -2.5 -44.6918 0.166629
      vertex 2.5 -44.7 0
      vertex -2.5 -44.7 0
    endloop
  endfacet
  facet normal 0 0.67161 -0.740905
    outer loop
      vertex -2.5 -44.2021 1.20208
      vertex 2.5 -44.0785 1.31412
      vertex 2.5 -44.2021 1.20208
    endloop
  endfacet
  facet normal 0 0.67161 -0.740905
    outer loop
      vertex 2.5 -44.0785 1.31412
      vertex -2.5 -44.2021 1.20208
      vertex -2.5 -44.0785 1.31412
    endloop
  endfacet
  facet normal 0 -0.741051 -0.671448
    outer loop
      vertex -2.5 -41.6859 1.07847
      vertex 2.5 -41.7979 1.20208
      vertex -2.5 -41.7979 1.20208
    endloop
  endfacet
  facet normal 0 -0.741051 -0.671448
    outer loop
      vertex 2.5 -41.7979 1.20208
      vertex -2.5 -41.6859 1.07847
      vertex 2.5 -41.6859 1.07847
    endloop
  endfacet
  facet normal 0 -0.94155 -0.336874
    outer loop
      vertex -2.5 -41.3732 0.493484
      vertex 2.5 -41.4294 0.650561
      vertex -2.5 -41.4294 0.650561
    endloop
  endfacet
  facet normal 0 -0.94155 -0.336874
    outer loop
      vertex 2.5 -41.4294 0.650561
      vertex -2.5 -41.3732 0.493484
      vertex 2.5 -41.3732 0.493484
    endloop
  endfacet
  facet normal 0 0.336883 -0.941546
    outer loop
      vertex -2.5 -43.6506 1.57059
      vertex 2.5 -43.4935 1.6268
      vertex 2.5 -43.6506 1.57059
    endloop
  endfacet
  facet normal 0 0.336883 -0.941546
    outer loop
      vertex 2.5 -43.4935 1.6268
      vertex -2.5 -43.6506 1.57059
      vertex -2.5 -43.4935 1.6268
    endloop
  endfacet
  facet normal 0 -0.42754 -0.903996
    outer loop
      vertex -2.5 -42.3494 1.57059
      vertex 2.5 -42.1986 1.49927
      vertex 2.5 -42.3494 1.57059
    endloop
  endfacet
  facet normal -0 -0.42754 -0.903996
    outer loop
      vertex 2.5 -42.1986 1.49927
      vertex -2.5 -42.3494 1.57059
      vertex -2.5 -42.1986 1.49927
    endloop
  endfacet
  facet normal 0 -0.989158 -0.146854
    outer loop
      vertex -2.5 -41.3082 0.166629
      vertex 2.5 -41.3327 0.331653
      vertex -2.5 -41.3327 0.331653
    endloop
  endfacet
  facet normal 0 -0.989158 -0.146854
    outer loop
      vertex 2.5 -41.3327 0.331653
      vertex -2.5 -41.3082 0.166629
      vertex 2.5 -41.3082 0.166629
    endloop
  endfacet
  facet normal 0 0.904057 -0.427412
    outer loop
      vertex 2.5 -44.5706 0.650561
      vertex -2.5 -44.4993 0.801374
      vertex 2.5 -44.4993 0.801374
    endloop
  endfacet
  facet normal 0 0.904057 -0.427412
    outer loop
      vertex -2.5 -44.4993 0.801374
      vertex 2.5 -44.5706 0.650561
      vertex -2.5 -44.5706 0.650561
    endloop
  endfacet
  facet normal 0 0.14667 -0.989185
    outer loop
      vertex -2.5 -43.3317 1.66733
      vertex 2.5 -43.1666 1.69181
      vertex 2.5 -43.3317 1.66733
    endloop
  endfacet
  facet normal 0 0.14667 -0.989185
    outer loop
      vertex 2.5 -43.1666 1.69181
      vertex -2.5 -43.3317 1.66733
      vertex -2.5 -43.1666 1.69181
    endloop
  endfacet
  facet normal 0 -0.14667 0.989185
    outer loop
      vertex -2.5 -42.6683 -1.66733
      vertex 2.5 -42.8334 -1.69181
      vertex 2.5 -42.6683 -1.66733
    endloop
  endfacet
  facet normal 0 -0.14667 0.989185
    outer loop
      vertex 2.5 -42.8334 -1.69181
      vertex -2.5 -42.6683 -1.66733
      vertex -2.5 -42.8334 -1.69181
    endloop
  endfacet
  facet normal 0 -0.336883 0.941546
    outer loop
      vertex -2.5 -42.3494 -1.57059
      vertex 2.5 -42.5065 -1.6268
      vertex 2.5 -42.3494 -1.57059
    endloop
  endfacet
  facet normal 0 -0.336883 0.941546
    outer loop
      vertex 2.5 -42.5065 -1.6268
      vertex -2.5 -42.3494 -1.57059
      vertex -2.5 -42.5065 -1.6268
    endloop
  endfacet
  facet normal 0 -0.67161 0.740905
    outer loop
      vertex -2.5 -41.7979 -1.20208
      vertex 2.5 -41.9215 -1.31412
      vertex 2.5 -41.7979 -1.20208
    endloop
  endfacet
  facet normal 0 -0.67161 0.740905
    outer loop
      vertex 2.5 -41.9215 -1.31412
      vertex -2.5 -41.7979 -1.20208
      vertex -2.5 -41.9215 -1.31412
    endloop
  endfacet
  facet normal 0 -0.514099 0.857731
    outer loop
      vertex -2.5 -42.0555 -1.4135
      vertex 2.5 -42.1986 -1.49927
      vertex 2.5 -42.0555 -1.4135
    endloop
  endfacet
  facet normal 0 -0.514099 0.857731
    outer loop
      vertex 2.5 -42.1986 -1.49927
      vertex -2.5 -42.0555 -1.4135
      vertex -2.5 -42.1986 -1.49927
    endloop
  endfacet
  facet normal 0 -0.94155 0.336874
    outer loop
      vertex -2.5 -41.4294 -0.650561
      vertex 2.5 -41.3732 -0.493484
      vertex -2.5 -41.3732 -0.493484
    endloop
  endfacet
  facet normal 0 -0.94155 0.336874
    outer loop
      vertex 2.5 -41.3732 -0.493484
      vertex -2.5 -41.4294 -0.650561
      vertex 2.5 -41.4294 -0.650561
    endloop
  endfacet
  facet normal 0 -0.989158 0.146854
    outer loop
      vertex -2.5 -41.3327 -0.331653
      vertex 2.5 -41.3082 -0.166629
      vertex -2.5 -41.3082 -0.166629
    endloop
  endfacet
  facet normal 0 -0.989158 0.146854
    outer loop
      vertex 2.5 -41.3082 -0.166629
      vertex -2.5 -41.3327 -0.331653
      vertex 2.5 -41.3327 -0.331653
    endloop
  endfacet
  facet normal 0 -0.904057 0.427412
    outer loop
      vertex -2.5 -41.5007 -0.801374
      vertex 2.5 -41.4294 -0.650561
      vertex -2.5 -41.4294 -0.650561
    endloop
  endfacet
  facet normal 0 -0.904057 0.427412
    outer loop
      vertex 2.5 -41.4294 -0.650561
      vertex -2.5 -41.5007 -0.801374
      vertex 2.5 -41.5007 -0.801374
    endloop
  endfacet
  facet normal 0 -0.803158 0.595766
    outer loop
      vertex -2.5 -41.6859 -1.07847
      vertex 2.5 -41.5865 -0.944468
      vertex -2.5 -41.5865 -0.944468
    endloop
  endfacet
  facet normal 0 -0.803158 0.595766
    outer loop
      vertex 2.5 -41.5865 -0.944468
      vertex -2.5 -41.6859 -1.07847
      vertex 2.5 -41.6859 -1.07847
    endloop
  endfacet
  facet normal 0 -0.242987 -0.97003
    outer loop
      vertex -2.5 -42.6683 1.66733
      vertex 2.5 -42.5065 1.6268
      vertex 2.5 -42.6683 1.66733
    endloop
  endfacet
  facet normal -0 -0.242987 -0.97003
    outer loop
      vertex 2.5 -42.5065 1.6268
      vertex -2.5 -42.6683 1.66733
      vertex -2.5 -42.5065 1.6268
    endloop
  endfacet
  facet normal 0 -0.595695 -0.803211
    outer loop
      vertex -2.5 -42.0555 1.4135
      vertex 2.5 -41.9215 1.31412
      vertex 2.5 -42.0555 1.4135
    endloop
  endfacet
  facet normal -0 -0.595695 -0.803211
    outer loop
      vertex 2.5 -41.9215 1.31412
      vertex -2.5 -42.0555 1.4135
      vertex -2.5 -41.9215 1.31412
    endloop
  endfacet
  facet normal 0 -0.67161 -0.740905
    outer loop
      vertex -2.5 -41.9215 1.31412
      vertex 2.5 -41.7979 1.20208
      vertex 2.5 -41.9215 1.31412
    endloop
  endfacet
  facet normal -0 -0.67161 -0.740905
    outer loop
      vertex 2.5 -41.7979 1.20208
      vertex -2.5 -41.9215 1.31412
      vertex -2.5 -41.7979 1.20208
    endloop
  endfacet
  facet normal 0 -0.514099 -0.857731
    outer loop
      vertex -2.5 -42.1986 1.49927
      vertex 2.5 -42.0555 1.4135
      vertex 2.5 -42.1986 1.49927
    endloop
  endfacet
  facet normal -0 -0.514099 -0.857731
    outer loop
      vertex 2.5 -42.0555 1.4135
      vertex -2.5 -42.1986 1.49927
      vertex -2.5 -42.0555 1.4135
    endloop
  endfacet
  facet normal 0 -0.336883 -0.941546
    outer loop
      vertex -2.5 -42.5065 1.6268
      vertex 2.5 -42.3494 1.57059
      vertex 2.5 -42.5065 1.6268
    endloop
  endfacet
  facet normal -0 -0.336883 -0.941546
    outer loop
      vertex 2.5 -42.3494 1.57059
      vertex -2.5 -42.5065 1.6268
      vertex -2.5 -42.3494 1.57059
    endloop
  endfacet
  facet normal 0 -0.14667 -0.989185
    outer loop
      vertex -2.5 -42.8334 1.69181
      vertex 2.5 -42.6683 1.66733
      vertex 2.5 -42.8334 1.69181
    endloop
  endfacet
  facet normal -0 -0.14667 -0.989185
    outer loop
      vertex 2.5 -42.6683 1.66733
      vertex -2.5 -42.8334 1.69181
      vertex -2.5 -42.6683 1.66733
    endloop
  endfacet
  facet normal 0 -0.857642 -0.514247
    outer loop
      vertex -2.5 -41.5007 0.801374
      vertex 2.5 -41.5865 0.944468
      vertex -2.5 -41.5865 0.944468
    endloop
  endfacet
  facet normal 0 -0.857642 -0.514247
    outer loop
      vertex 2.5 -41.5865 0.944468
      vertex -2.5 -41.5007 0.801374
      vertex 2.5 -41.5007 0.801374
    endloop
  endfacet
  facet normal 0 -0.904057 -0.427412
    outer loop
      vertex -2.5 -41.4294 0.650561
      vertex 2.5 -41.5007 0.801374
      vertex -2.5 -41.5007 0.801374
    endloop
  endfacet
  facet normal 0 -0.904057 -0.427412
    outer loop
      vertex 2.5 -41.5007 0.801374
      vertex -2.5 -41.4294 0.650561
      vertex 2.5 -41.4294 0.650561
    endloop
  endfacet
  facet normal 0 -0.803158 -0.595766
    outer loop
      vertex -2.5 -41.5865 0.944468
      vertex 2.5 -41.6859 1.07847
      vertex -2.5 -41.6859 1.07847
    endloop
  endfacet
  facet normal 0 -0.803158 -0.595766
    outer loop
      vertex 2.5 -41.6859 1.07847
      vertex -2.5 -41.5865 0.944468
      vertex 2.5 -41.5865 0.944468
    endloop
  endfacet
  facet normal 0 -0.970083 -0.242774
    outer loop
      vertex -2.5 -41.3327 0.331653
      vertex 2.5 -41.3732 0.493484
      vertex -2.5 -41.3732 0.493484
    endloop
  endfacet
  facet normal 0 -0.970083 -0.242774
    outer loop
      vertex 2.5 -41.3732 0.493484
      vertex -2.5 -41.3327 0.331653
      vertex 2.5 -41.3327 0.331653
    endloop
  endfacet
  facet normal 0 -0.998791 -0.0491516
    outer loop
      vertex -2.5 -41.3 0
      vertex 2.5 -41.3082 0.166629
      vertex -2.5 -41.3082 0.166629
    endloop
  endfacet
  facet normal 0 -0.998791 -0.0491516
    outer loop
      vertex 2.5 -41.3082 0.166629
      vertex -2.5 -41.3 0
      vertex 2.5 -41.3 0
    endloop
  endfacet
  facet normal -0 0.0491004 0.998794
    outer loop
      vertex -2.5 -43 -1.7
      vertex 2.5 -43.1666 -1.69181
      vertex 2.5 -43 -1.7
    endloop
  endfacet
  facet normal 0 0.0491004 0.998794
    outer loop
      vertex 2.5 -43.1666 -1.69181
      vertex -2.5 -43 -1.7
      vertex -2.5 -43.1666 -1.69181
    endloop
  endfacet
  facet normal 0 0.998791 0.0491516
    outer loop
      vertex 2.5 -44.6918 -0.166629
      vertex -2.5 -44.7 0
      vertex 2.5 -44.7 0
    endloop
  endfacet
  facet normal 0 0.998791 0.0491516
    outer loop
      vertex -2.5 -44.7 0
      vertex 2.5 -44.6918 -0.166629
      vertex -2.5 -44.6918 -0.166629
    endloop
  endfacet
  facet normal 0 0.741051 0.671448
    outer loop
      vertex 2.5 -44.2021 -1.20208
      vertex -2.5 -44.3141 -1.07847
      vertex 2.5 -44.3141 -1.07847
    endloop
  endfacet
  facet normal 0 0.741051 0.671448
    outer loop
      vertex -2.5 -44.3141 -1.07847
      vertex 2.5 -44.2021 -1.20208
      vertex -2.5 -44.2021 -1.20208
    endloop
  endfacet
  facet normal 0 0.857642 0.514247
    outer loop
      vertex 2.5 -44.4135 -0.944468
      vertex -2.5 -44.4993 -0.801374
      vertex 2.5 -44.4993 -0.801374
    endloop
  endfacet
  facet normal 0 0.857642 0.514247
    outer loop
      vertex -2.5 -44.4993 -0.801374
      vertex 2.5 -44.4135 -0.944468
      vertex -2.5 -44.4135 -0.944468
    endloop
  endfacet
  facet normal -0 0.595695 0.803211
    outer loop
      vertex -2.5 -43.9445 -1.4135
      vertex 2.5 -44.0785 -1.31412
      vertex 2.5 -43.9445 -1.4135
    endloop
  endfacet
  facet normal 0 0.595695 0.803211
    outer loop
      vertex 2.5 -44.0785 -1.31412
      vertex -2.5 -43.9445 -1.4135
      vertex -2.5 -44.0785 -1.31412
    endloop
  endfacet
  facet normal -0 0.42754 0.903996
    outer loop
      vertex -2.5 -43.6506 -1.57059
      vertex 2.5 -43.8014 -1.49927
      vertex 2.5 -43.6506 -1.57059
    endloop
  endfacet
  facet normal 0 0.42754 0.903996
    outer loop
      vertex 2.5 -43.8014 -1.49927
      vertex -2.5 -43.6506 -1.57059
      vertex -2.5 -43.8014 -1.49927
    endloop
  endfacet
  facet normal 0 0.970083 -0.242774
    outer loop
      vertex 2.5 -44.6673 0.331653
      vertex -2.5 -44.6268 0.493484
      vertex 2.5 -44.6268 0.493484
    endloop
  endfacet
  facet normal 0 0.970083 -0.242774
    outer loop
      vertex -2.5 -44.6268 0.493484
      vertex 2.5 -44.6673 0.331653
      vertex -2.5 -44.6673 0.331653
    endloop
  endfacet
  facet normal 0 0.803158 -0.595766
    outer loop
      vertex 2.5 -44.4135 0.944468
      vertex -2.5 -44.3141 1.07847
      vertex 2.5 -44.3141 1.07847
    endloop
  endfacet
  facet normal 0 0.803158 -0.595766
    outer loop
      vertex -2.5 -44.3141 1.07847
      vertex 2.5 -44.4135 0.944468
      vertex -2.5 -44.4135 0.944468
    endloop
  endfacet
  facet normal 0 0.741051 -0.671448
    outer loop
      vertex 2.5 -44.3141 1.07847
      vertex -2.5 -44.2021 1.20208
      vertex 2.5 -44.2021 1.20208
    endloop
  endfacet
  facet normal 0 0.741051 -0.671448
    outer loop
      vertex -2.5 -44.2021 1.20208
      vertex 2.5 -44.3141 1.07847
      vertex -2.5 -44.3141 1.07847
    endloop
  endfacet
  facet normal 0 0.857642 -0.514247
    outer loop
      vertex 2.5 -44.4993 0.801374
      vertex -2.5 -44.4135 0.944468
      vertex 2.5 -44.4135 0.944468
    endloop
  endfacet
  facet normal 0 0.857642 -0.514247
    outer loop
      vertex -2.5 -44.4135 0.944468
      vertex 2.5 -44.4993 0.801374
      vertex -2.5 -44.4993 0.801374
    endloop
  endfacet
  facet normal 0 0.94155 -0.336874
    outer loop
      vertex 2.5 -44.6268 0.493484
      vertex -2.5 -44.5706 0.650561
      vertex 2.5 -44.5706 0.650561
    endloop
  endfacet
  facet normal 0 0.94155 -0.336874
    outer loop
      vertex -2.5 -44.5706 0.650561
      vertex 2.5 -44.6268 0.493484
      vertex -2.5 -44.6268 0.493484
    endloop
  endfacet
  facet normal 0 0.989158 -0.146854
    outer loop
      vertex 2.5 -44.6918 0.166629
      vertex -2.5 -44.6673 0.331653
      vertex 2.5 -44.6673 0.331653
    endloop
  endfacet
  facet normal 0 0.989158 -0.146854
    outer loop
      vertex -2.5 -44.6673 0.331653
      vertex 2.5 -44.6918 0.166629
      vertex -2.5 -44.6918 0.166629
    endloop
  endfacet
  facet normal 0 0.514099 -0.857731
    outer loop
      vertex -2.5 -43.9445 1.4135
      vertex 2.5 -43.8014 1.49927
      vertex 2.5 -43.9445 1.4135
    endloop
  endfacet
  facet normal 0 0.514099 -0.857731
    outer loop
      vertex 2.5 -43.8014 1.49927
      vertex -2.5 -43.9445 1.4135
      vertex -2.5 -43.8014 1.49927
    endloop
  endfacet
  facet normal 0 0.42754 -0.903996
    outer loop
      vertex -2.5 -43.8014 1.49927
      vertex 2.5 -43.6506 1.57059
      vertex 2.5 -43.8014 1.49927
    endloop
  endfacet
  facet normal 0 0.42754 -0.903996
    outer loop
      vertex 2.5 -43.6506 1.57059
      vertex -2.5 -43.8014 1.49927
      vertex -2.5 -43.6506 1.57059
    endloop
  endfacet
  facet normal 0 0.595695 -0.803211
    outer loop
      vertex -2.5 -44.0785 1.31412
      vertex 2.5 -43.9445 1.4135
      vertex 2.5 -44.0785 1.31412
    endloop
  endfacet
  facet normal 0 0.595695 -0.803211
    outer loop
      vertex 2.5 -43.9445 1.4135
      vertex -2.5 -44.0785 1.31412
      vertex -2.5 -43.9445 1.4135
    endloop
  endfacet
  facet normal 0 0.242987 -0.97003
    outer loop
      vertex -2.5 -43.4935 1.6268
      vertex 2.5 -43.3317 1.66733
      vertex 2.5 -43.4935 1.6268
    endloop
  endfacet
  facet normal 0 0.242987 -0.97003
    outer loop
      vertex 2.5 -43.3317 1.66733
      vertex -2.5 -43.4935 1.6268
      vertex -2.5 -43.3317 1.66733
    endloop
  endfacet
  facet normal 0 0.0491004 -0.998794
    outer loop
      vertex -2.5 -43.1666 1.69181
      vertex 2.5 -43 1.7
      vertex 2.5 -43.1666 1.69181
    endloop
  endfacet
  facet normal 0 0.0491004 -0.998794
    outer loop
      vertex 2.5 -43 1.7
      vertex -2.5 -43.1666 1.69181
      vertex -2.5 -43 1.7
    endloop
  endfacet
  facet normal 0 -0.242987 0.97003
    outer loop
      vertex -2.5 -42.5065 -1.6268
      vertex 2.5 -42.6683 -1.66733
      vertex 2.5 -42.5065 -1.6268
    endloop
  endfacet
  facet normal 0 -0.242987 0.97003
    outer loop
      vertex 2.5 -42.6683 -1.66733
      vertex -2.5 -42.5065 -1.6268
      vertex -2.5 -42.6683 -1.66733
    endloop
  endfacet
  facet normal 0 -0.42754 0.903996
    outer loop
      vertex -2.5 -42.1986 -1.49927
      vertex 2.5 -42.3494 -1.57059
      vertex 2.5 -42.1986 -1.49927
    endloop
  endfacet
  facet normal 0 -0.42754 0.903996
    outer loop
      vertex 2.5 -42.3494 -1.57059
      vertex -2.5 -42.1986 -1.49927
      vertex -2.5 -42.3494 -1.57059
    endloop
  endfacet
  facet normal 0 -0.741051 0.671448
    outer loop
      vertex -2.5 -41.7979 -1.20208
      vertex 2.5 -41.6859 -1.07847
      vertex -2.5 -41.6859 -1.07847
    endloop
  endfacet
  facet normal 0 -0.741051 0.671448
    outer loop
      vertex 2.5 -41.6859 -1.07847
      vertex -2.5 -41.7979 -1.20208
      vertex 2.5 -41.7979 -1.20208
    endloop
  endfacet
  facet normal 0 -0.595695 0.803211
    outer loop
      vertex -2.5 -41.9215 -1.31412
      vertex 2.5 -42.0555 -1.4135
      vertex 2.5 -41.9215 -1.31412
    endloop
  endfacet
  facet normal 0 -0.595695 0.803211
    outer loop
      vertex 2.5 -42.0555 -1.4135
      vertex -2.5 -41.9215 -1.31412
      vertex -2.5 -42.0555 -1.4135
    endloop
  endfacet
  facet normal 0 -0.970083 0.242774
    outer loop
      vertex -2.5 -41.3732 -0.493484
      vertex 2.5 -41.3327 -0.331653
      vertex -2.5 -41.3327 -0.331653
    endloop
  endfacet
  facet normal 0 -0.970083 0.242774
    outer loop
      vertex 2.5 -41.3327 -0.331653
      vertex -2.5 -41.3732 -0.493484
      vertex 2.5 -41.3732 -0.493484
    endloop
  endfacet
  facet normal 0 -0.998791 0.0491516
    outer loop
      vertex -2.5 -41.3082 -0.166629
      vertex 2.5 -41.3 0
      vertex -2.5 -41.3 0
    endloop
  endfacet
  facet normal 0 -0.998791 0.0491516
    outer loop
      vertex 2.5 -41.3 0
      vertex -2.5 -41.3082 -0.166629
      vertex 2.5 -41.3082 -0.166629
    endloop
  endfacet
  facet normal 0 -0.857642 0.514247
    outer loop
      vertex -2.5 -41.5865 -0.944468
      vertex 2.5 -41.5007 -0.801374
      vertex -2.5 -41.5007 -0.801374
    endloop
  endfacet
  facet normal 0 -0.857642 0.514247
    outer loop
      vertex 2.5 -41.5007 -0.801374
      vertex -2.5 -41.5865 -0.944468
      vertex 2.5 -41.5865 -0.944468
    endloop
  endfacet
  facet normal 0 0.989158 0.146854
    outer loop
      vertex 2.5 -44.6673 -0.331653
      vertex -2.5 -44.6918 -0.166629
      vertex 2.5 -44.6918 -0.166629
    endloop
  endfacet
  facet normal 0 0.989158 0.146854
    outer loop
      vertex -2.5 -44.6918 -0.166629
      vertex 2.5 -44.6673 -0.331653
      vertex -2.5 -44.6673 -0.331653
    endloop
  endfacet
  facet normal 0 0.904057 0.427412
    outer loop
      vertex 2.5 -44.4993 -0.801374
      vertex -2.5 -44.5706 -0.650561
      vertex 2.5 -44.5706 -0.650561
    endloop
  endfacet
  facet normal 0 0.904057 0.427412
    outer loop
      vertex -2.5 -44.5706 -0.650561
      vertex 2.5 -44.4993 -0.801374
      vertex -2.5 -44.4993 -0.801374
    endloop
  endfacet
  facet normal 0 0.970083 0.242774
    outer loop
      vertex 2.5 -44.6268 -0.493484
      vertex -2.5 -44.6673 -0.331653
      vertex 2.5 -44.6673 -0.331653
    endloop
  endfacet
  facet normal 0 0.970083 0.242774
    outer loop
      vertex -2.5 -44.6673 -0.331653
      vertex 2.5 -44.6268 -0.493484
      vertex -2.5 -44.6268 -0.493484
    endloop
  endfacet
  facet normal -0 0.67161 0.740905
    outer loop
      vertex -2.5 -44.0785 -1.31412
      vertex 2.5 -44.2021 -1.20208
      vertex 2.5 -44.0785 -1.31412
    endloop
  endfacet
  facet normal 0 0.67161 0.740905
    outer loop
      vertex 2.5 -44.2021 -1.20208
      vertex -2.5 -44.0785 -1.31412
      vertex -2.5 -44.2021 -1.20208
    endloop
  endfacet
  facet normal 0 0.803158 0.595766
    outer loop
      vertex 2.5 -44.3141 -1.07847
      vertex -2.5 -44.4135 -0.944468
      vertex 2.5 -44.4135 -0.944468
    endloop
  endfacet
  facet normal 0 0.803158 0.595766
    outer loop
      vertex -2.5 -44.4135 -0.944468
      vertex 2.5 -44.3141 -1.07847
      vertex -2.5 -44.3141 -1.07847
    endloop
  endfacet
  facet normal -0 0.514099 0.857731
    outer loop
      vertex -2.5 -43.8014 -1.49927
      vertex 2.5 -43.9445 -1.4135
      vertex 2.5 -43.8014 -1.49927
    endloop
  endfacet
  facet normal 0 0.514099 0.857731
    outer loop
      vertex 2.5 -43.9445 -1.4135
      vertex -2.5 -43.8014 -1.49927
      vertex -2.5 -43.9445 -1.4135
    endloop
  endfacet
  facet normal -0 0.336883 0.941546
    outer loop
      vertex -2.5 -43.4935 -1.6268
      vertex 2.5 -43.6506 -1.57059
      vertex 2.5 -43.4935 -1.6268
    endloop
  endfacet
  facet normal 0 0.336883 0.941546
    outer loop
      vertex 2.5 -43.6506 -1.57059
      vertex -2.5 -43.4935 -1.6268
      vertex -2.5 -43.6506 -1.57059
    endloop
  endfacet
  facet normal -0 0.14667 0.989185
    outer loop
      vertex -2.5 -43.1666 -1.69181
      vertex 2.5 -43.3317 -1.66733
      vertex 2.5 -43.1666 -1.69181
    endloop
  endfacet
  facet normal 0 0.14667 0.989185
    outer loop
      vertex 2.5 -43.3317 -1.66733
      vertex -2.5 -43.1666 -1.69181
      vertex -2.5 -43.3317 -1.66733
    endloop
  endfacet
  facet normal -0 0.242987 0.97003
    outer loop
      vertex -2.5 -43.3317 -1.66733
      vertex 2.5 -43.4935 -1.6268
      vertex 2.5 -43.3317 -1.66733
    endloop
  endfacet
  facet normal 0 0.242987 0.97003
    outer loop
      vertex 2.5 -43.4935 -1.6268
      vertex -2.5 -43.3317 -1.66733
      vertex -2.5 -43.4935 -1.6268
    endloop
  endfacet
  facet normal 0 0.94155 0.336874
    outer loop
      vertex 2.5 -44.5706 -0.650561
      vertex -2.5 -44.6268 -0.493484
      vertex 2.5 -44.6268 -0.493484
    endloop
  endfacet
  facet normal 0 0.94155 0.336874
    outer loop
      vertex -2.5 -44.6268 -0.493484
      vertex 2.5 -44.5706 -0.650561
      vertex -2.5 -44.5706 -0.650561
    endloop
  endfacet
  facet normal 0 -0.0491004 0.998794
    outer loop
      vertex -2.5 43.1666 -1.69181
      vertex 2.5 43 -1.7
      vertex 2.5 43.1666 -1.69181
    endloop
  endfacet
  facet normal 0 -0.0491004 0.998794
    outer loop
      vertex 2.5 43 -1.7
      vertex -2.5 43.1666 -1.69181
      vertex -2.5 43 -1.7
    endloop
  endfacet
  facet normal 0 0.0491004 -0.998794
    outer loop
      vertex -2.5 42.8334 1.69181
      vertex 2.5 43 1.7
      vertex 2.5 42.8334 1.69181
    endloop
  endfacet
  facet normal 0 0.0491004 -0.998794
    outer loop
      vertex 2.5 43 1.7
      vertex -2.5 42.8334 1.69181
      vertex -2.5 43 1.7
    endloop
  endfacet
  facet normal 0 -0.998791 -0.0491516
    outer loop
      vertex -2.5 44.7 0
      vertex 2.5 44.6918 0.166629
      vertex -2.5 44.6918 0.166629
    endloop
  endfacet
  facet normal 0 -0.998791 -0.0491516
    outer loop
      vertex 2.5 44.6918 0.166629
      vertex -2.5 44.7 0
      vertex 2.5 44.7 0
    endloop
  endfacet
  facet normal 0 0.998791 0.0491516
    outer loop
      vertex 2.5 41.3082 -0.166629
      vertex -2.5 41.3 0
      vertex 2.5 41.3 0
    endloop
  endfacet
  facet normal 0 0.998791 0.0491516
    outer loop
      vertex -2.5 41.3 0
      vertex 2.5 41.3082 -0.166629
      vertex -2.5 41.3082 -0.166629
    endloop
  endfacet
  facet normal 0 -0.67161 -0.740905
    outer loop
      vertex -2.5 44.0785 1.31412
      vertex 2.5 44.2021 1.20208
      vertex 2.5 44.0785 1.31412
    endloop
  endfacet
  facet normal -0 -0.67161 -0.740905
    outer loop
      vertex 2.5 44.2021 1.20208
      vertex -2.5 44.0785 1.31412
      vertex -2.5 44.2021 1.20208
    endloop
  endfacet
  facet normal 0 -0.904057 -0.427412
    outer loop
      vertex -2.5 44.5706 0.650561
      vertex 2.5 44.4993 0.801374
      vertex -2.5 44.4993 0.801374
    endloop
  endfacet
  facet normal 0 -0.904057 -0.427412
    outer loop
      vertex 2.5 44.4993 0.801374
      vertex -2.5 44.5706 0.650561
      vertex 2.5 44.5706 0.650561
    endloop
  endfacet
  facet normal 0 -0.42754 -0.903996
    outer loop
      vertex -2.5 43.6506 1.57059
      vertex 2.5 43.8014 1.49927
      vertex 2.5 43.6506 1.57059
    endloop
  endfacet
  facet normal -0 -0.42754 -0.903996
    outer loop
      vertex 2.5 43.8014 1.49927
      vertex -2.5 43.6506 1.57059
      vertex -2.5 43.8014 1.49927
    endloop
  endfacet
  facet normal 0 -0.514099 -0.857731
    outer loop
      vertex -2.5 43.8014 1.49927
      vertex 2.5 43.9445 1.4135
      vertex 2.5 43.8014 1.49927
    endloop
  endfacet
  facet normal -0 -0.514099 -0.857731
    outer loop
      vertex 2.5 43.9445 1.4135
      vertex -2.5 43.8014 1.49927
      vertex -2.5 43.9445 1.4135
    endloop
  endfacet
  facet normal 0 -0.970083 -0.242774
    outer loop
      vertex -2.5 44.6673 0.331653
      vertex 2.5 44.6268 0.493484
      vertex -2.5 44.6268 0.493484
    endloop
  endfacet
  facet normal 0 -0.970083 -0.242774
    outer loop
      vertex 2.5 44.6268 0.493484
      vertex -2.5 44.6673 0.331653
      vertex 2.5 44.6673 0.331653
    endloop
  endfacet
  facet normal 0 0.989158 0.146854
    outer loop
      vertex 2.5 41.3327 -0.331653
      vertex -2.5 41.3082 -0.166629
      vertex 2.5 41.3082 -0.166629
    endloop
  endfacet
  facet normal 0 0.989158 0.146854
    outer loop
      vertex -2.5 41.3082 -0.166629
      vertex 2.5 41.3327 -0.331653
      vertex -2.5 41.3327 -0.331653
    endloop
  endfacet
  facet normal 0 -0.14667 0.989185
    outer loop
      vertex -2.5 43.3317 -1.66733
      vertex 2.5 43.1666 -1.69181
      vertex 2.5 43.3317 -1.66733
    endloop
  endfacet
  facet normal 0 -0.14667 0.989185
    outer loop
      vertex 2.5 43.1666 -1.69181
      vertex -2.5 43.3317 -1.66733
      vertex -2.5 43.1666 -1.69181
    endloop
  endfacet
  facet normal 0 -0.336883 0.941546
    outer loop
      vertex -2.5 43.6506 -1.57059
      vertex 2.5 43.4935 -1.6268
      vertex 2.5 43.6506 -1.57059
    endloop
  endfacet
  facet normal 0 -0.336883 0.941546
    outer loop
      vertex 2.5 43.4935 -1.6268
      vertex -2.5 43.6506 -1.57059
      vertex -2.5 43.4935 -1.6268
    endloop
  endfacet
  facet normal 0 -0.67161 0.740905
    outer loop
      vertex -2.5 44.2021 -1.20208
      vertex 2.5 44.0785 -1.31412
      vertex 2.5 44.2021 -1.20208
    endloop
  endfacet
  facet normal 0 -0.67161 0.740905
    outer loop
      vertex 2.5 44.0785 -1.31412
      vertex -2.5 44.2021 -1.20208
      vertex -2.5 44.0785 -1.31412
    endloop
  endfacet
  facet normal 0 -0.595695 0.803211
    outer loop
      vertex -2.5 44.0785 -1.31412
      vertex 2.5 43.9445 -1.4135
      vertex 2.5 44.0785 -1.31412
    endloop
  endfacet
  facet normal 0 -0.595695 0.803211
    outer loop
      vertex 2.5 43.9445 -1.4135
      vertex -2.5 44.0785 -1.31412
      vertex -2.5 43.9445 -1.4135
    endloop
  endfacet
  facet normal 0 -0.514099 0.857731
    outer loop
      vertex -2.5 43.9445 -1.4135
      vertex 2.5 43.8014 -1.49927
      vertex 2.5 43.9445 -1.4135
    endloop
  endfacet
  facet normal 0 -0.514099 0.857731
    outer loop
      vertex 2.5 43.8014 -1.49927
      vertex -2.5 43.9445 -1.4135
      vertex -2.5 43.8014 -1.49927
    endloop
  endfacet
  facet normal 0 -0.989158 0.146854
    outer loop
      vertex -2.5 44.6673 -0.331653
      vertex 2.5 44.6918 -0.166629
      vertex -2.5 44.6918 -0.166629
    endloop
  endfacet
  facet normal 0 -0.989158 0.146854
    outer loop
      vertex 2.5 44.6918 -0.166629
      vertex -2.5 44.6673 -0.331653
      vertex 2.5 44.6673 -0.331653
    endloop
  endfacet
  facet normal 0 -0.970083 0.242774
    outer loop
      vertex -2.5 44.6268 -0.493484
      vertex 2.5 44.6673 -0.331653
      vertex -2.5 44.6673 -0.331653
    endloop
  endfacet
  facet normal 0 -0.970083 0.242774
    outer loop
      vertex 2.5 44.6673 -0.331653
      vertex -2.5 44.6268 -0.493484
      vertex 2.5 44.6268 -0.493484
    endloop
  endfacet
  facet normal 0 -0.998791 0.0491516
    outer loop
      vertex -2.5 44.6918 -0.166629
      vertex 2.5 44.7 0
      vertex -2.5 44.7 0
    endloop
  endfacet
  facet normal 0 -0.998791 0.0491516
    outer loop
      vertex 2.5 44.7 0
      vertex -2.5 44.6918 -0.166629
      vertex 2.5 44.6918 -0.166629
    endloop
  endfacet
  facet normal 0 -0.904057 0.427412
    outer loop
      vertex -2.5 44.4993 -0.801374
      vertex 2.5 44.5706 -0.650561
      vertex -2.5 44.5706 -0.650561
    endloop
  endfacet
  facet normal 0 -0.904057 0.427412
    outer loop
      vertex 2.5 44.5706 -0.650561
      vertex -2.5 44.4993 -0.801374
      vertex 2.5 44.4993 -0.801374
    endloop
  endfacet
  facet normal 0 -0.94155 0.336874
    outer loop
      vertex -2.5 44.5706 -0.650561
      vertex 2.5 44.6268 -0.493484
      vertex -2.5 44.6268 -0.493484
    endloop
  endfacet
  facet normal 0 -0.94155 0.336874
    outer loop
      vertex 2.5 44.6268 -0.493484
      vertex -2.5 44.5706 -0.650561
      vertex 2.5 44.5706 -0.650561
    endloop
  endfacet
  facet normal 0 -0.803158 0.595766
    outer loop
      vertex -2.5 44.3141 -1.07847
      vertex 2.5 44.4135 -0.944468
      vertex -2.5 44.4135 -0.944468
    endloop
  endfacet
  facet normal 0 -0.803158 0.595766
    outer loop
      vertex 2.5 44.4135 -0.944468
      vertex -2.5 44.3141 -1.07847
      vertex 2.5 44.3141 -1.07847
    endloop
  endfacet
  facet normal 0 -0.14667 -0.989185
    outer loop
      vertex -2.5 43.1666 1.69181
      vertex 2.5 43.3317 1.66733
      vertex 2.5 43.1666 1.69181
    endloop
  endfacet
  facet normal -0 -0.14667 -0.989185
    outer loop
      vertex 2.5 43.3317 1.66733
      vertex -2.5 43.1666 1.69181
      vertex -2.5 43.3317 1.66733
    endloop
  endfacet
  facet normal 0 -0.595695 -0.803211
    outer loop
      vertex -2.5 43.9445 1.4135
      vertex 2.5 44.0785 1.31412
      vertex 2.5 43.9445 1.4135
    endloop
  endfacet
  facet normal -0 -0.595695 -0.803211
    outer loop
      vertex 2.5 44.0785 1.31412
      vertex -2.5 43.9445 1.4135
      vertex -2.5 44.0785 1.31412
    endloop
  endfacet
  facet normal 0 -0.336883 -0.941546
    outer loop
      vertex -2.5 43.4935 1.6268
      vertex 2.5 43.6506 1.57059
      vertex 2.5 43.4935 1.6268
    endloop
  endfacet
  facet normal -0 -0.336883 -0.941546
    outer loop
      vertex 2.5 43.6506 1.57059
      vertex -2.5 43.4935 1.6268
      vertex -2.5 43.6506 1.57059
    endloop
  endfacet
  facet normal 0 -0.242987 -0.97003
    outer loop
      vertex -2.5 43.3317 1.66733
      vertex 2.5 43.4935 1.6268
      vertex 2.5 43.3317 1.66733
    endloop
  endfacet
  facet normal -0 -0.242987 -0.97003
    outer loop
      vertex 2.5 43.4935 1.6268
      vertex -2.5 43.3317 1.66733
      vertex -2.5 43.4935 1.6268
    endloop
  endfacet
  facet normal 0 -0.0491004 -0.998794
    outer loop
      vertex -2.5 43 1.7
      vertex 2.5 43.1666 1.69181
      vertex 2.5 43 1.7
    endloop
  endfacet
  facet normal -0 -0.0491004 -0.998794
    outer loop
      vertex 2.5 43.1666 1.69181
      vertex -2.5 43 1.7
      vertex -2.5 43.1666 1.69181
    endloop
  endfacet
  facet normal 0 -0.857642 -0.514247
    outer loop
      vertex -2.5 44.4993 0.801374
      vertex 2.5 44.4135 0.944468
      vertex -2.5 44.4135 0.944468
    endloop
  endfacet
  facet normal 0 -0.857642 -0.514247
    outer loop
      vertex 2.5 44.4135 0.944468
      vertex -2.5 44.4993 0.801374
      vertex 2.5 44.4993 0.801374
    endloop
  endfacet
  facet normal 0 -0.803158 -0.595766
    outer loop
      vertex -2.5 44.4135 0.944468
      vertex 2.5 44.3141 1.07847
      vertex -2.5 44.3141 1.07847
    endloop
  endfacet
  facet normal 0 -0.803158 -0.595766
    outer loop
      vertex 2.5 44.3141 1.07847
      vertex -2.5 44.4135 0.944468
      vertex 2.5 44.4135 0.944468
    endloop
  endfacet
  facet normal 0 -0.741051 -0.671448
    outer loop
      vertex -2.5 44.3141 1.07847
      vertex 2.5 44.2021 1.20208
      vertex -2.5 44.2021 1.20208
    endloop
  endfacet
  facet normal 0 -0.741051 -0.671448
    outer loop
      vertex 2.5 44.2021 1.20208
      vertex -2.5 44.3141 1.07847
      vertex 2.5 44.3141 1.07847
    endloop
  endfacet
  facet normal 0 -0.94155 -0.336874
    outer loop
      vertex -2.5 44.6268 0.493484
      vertex 2.5 44.5706 0.650561
      vertex -2.5 44.5706 0.650561
    endloop
  endfacet
  facet normal 0 -0.94155 -0.336874
    outer loop
      vertex 2.5 44.5706 0.650561
      vertex -2.5 44.6268 0.493484
      vertex 2.5 44.6268 0.493484
    endloop
  endfacet
  facet normal 0 -0.989158 -0.146854
    outer loop
      vertex -2.5 44.6918 0.166629
      vertex 2.5 44.6673 0.331653
      vertex -2.5 44.6673 0.331653
    endloop
  endfacet
  facet normal 0 -0.989158 -0.146854
    outer loop
      vertex 2.5 44.6673 0.331653
      vertex -2.5 44.6918 0.166629
      vertex 2.5 44.6918 0.166629
    endloop
  endfacet
  facet normal -0 0.0491004 0.998794
    outer loop
      vertex -2.5 43 -1.7
      vertex 2.5 42.8334 -1.69181
      vertex 2.5 43 -1.7
    endloop
  endfacet
  facet normal 0 0.0491004 0.998794
    outer loop
      vertex 2.5 42.8334 -1.69181
      vertex -2.5 43 -1.7
      vertex -2.5 42.8334 -1.69181
    endloop
  endfacet
  facet normal -0 0.67161 0.740905
    outer loop
      vertex -2.5 41.9215 -1.31412
      vertex 2.5 41.7979 -1.20208
      vertex 2.5 41.9215 -1.31412
    endloop
  endfacet
  facet normal 0 0.67161 0.740905
    outer loop
      vertex 2.5 41.7979 -1.20208
      vertex -2.5 41.9215 -1.31412
      vertex -2.5 41.7979 -1.20208
    endloop
  endfacet
  facet normal 0 0.94155 -0.336874
    outer loop
      vertex 2.5 41.3732 0.493484
      vertex -2.5 41.4294 0.650561
      vertex 2.5 41.4294 0.650561
    endloop
  endfacet
  facet normal 0 0.94155 -0.336874
    outer loop
      vertex -2.5 41.4294 0.650561
      vertex 2.5 41.3732 0.493484
      vertex -2.5 41.3732 0.493484
    endloop
  endfacet
  facet normal 0 0.904057 0.427412
    outer loop
      vertex 2.5 41.5007 -0.801374
      vertex -2.5 41.4294 -0.650561
      vertex 2.5 41.4294 -0.650561
    endloop
  endfacet
  facet normal 0 0.904057 0.427412
    outer loop
      vertex -2.5 41.4294 -0.650561
      vertex 2.5 41.5007 -0.801374
      vertex -2.5 41.5007 -0.801374
    endloop
  endfacet
  facet normal 0 -0.242987 0.97003
    outer loop
      vertex -2.5 43.4935 -1.6268
      vertex 2.5 43.3317 -1.66733
      vertex 2.5 43.4935 -1.6268
    endloop
  endfacet
  facet normal 0 -0.242987 0.97003
    outer loop
      vertex 2.5 43.3317 -1.66733
      vertex -2.5 43.4935 -1.6268
      vertex -2.5 43.3317 -1.66733
    endloop
  endfacet
  facet normal 0 -0.42754 0.903996
    outer loop
      vertex -2.5 43.8014 -1.49927
      vertex 2.5 43.6506 -1.57059
      vertex 2.5 43.8014 -1.49927
    endloop
  endfacet
  facet normal 0 -0.42754 0.903996
    outer loop
      vertex 2.5 43.6506 -1.57059
      vertex -2.5 43.8014 -1.49927
      vertex -2.5 43.6506 -1.57059
    endloop
  endfacet
  facet normal 0 -0.741051 0.671448
    outer loop
      vertex -2.5 44.2021 -1.20208
      vertex 2.5 44.3141 -1.07847
      vertex -2.5 44.3141 -1.07847
    endloop
  endfacet
  facet normal 0 -0.741051 0.671448
    outer loop
      vertex 2.5 44.3141 -1.07847
      vertex -2.5 44.2021 -1.20208
      vertex 2.5 44.2021 -1.20208
    endloop
  endfacet
  facet normal 0 -0.857642 0.514247
    outer loop
      vertex -2.5 44.4135 -0.944468
      vertex 2.5 44.4993 -0.801374
      vertex -2.5 44.4993 -0.801374
    endloop
  endfacet
  facet normal 0 -0.857642 0.514247
    outer loop
      vertex 2.5 44.4993 -0.801374
      vertex -2.5 44.4135 -0.944468
      vertex 2.5 44.4135 -0.944468
    endloop
  endfacet
  facet normal -0 0.242987 0.97003
    outer loop
      vertex -2.5 42.6683 -1.66733
      vertex 2.5 42.5065 -1.6268
      vertex 2.5 42.6683 -1.66733
    endloop
  endfacet
  facet normal 0 0.242987 0.97003
    outer loop
      vertex 2.5 42.5065 -1.6268
      vertex -2.5 42.6683 -1.66733
      vertex -2.5 42.5065 -1.6268
    endloop
  endfacet
  facet normal -0 0.14667 0.989185
    outer loop
      vertex -2.5 42.8334 -1.69181
      vertex 2.5 42.6683 -1.66733
      vertex 2.5 42.8334 -1.69181
    endloop
  endfacet
  facet normal 0 0.14667 0.989185
    outer loop
      vertex 2.5 42.6683 -1.66733
      vertex -2.5 42.8334 -1.69181
      vertex -2.5 42.6683 -1.66733
    endloop
  endfacet
  facet normal 0 0.741051 0.671448
    outer loop
      vertex 2.5 41.7979 -1.20208
      vertex -2.5 41.6859 -1.07847
      vertex 2.5 41.6859 -1.07847
    endloop
  endfacet
  facet normal 0 0.741051 0.671448
    outer loop
      vertex -2.5 41.6859 -1.07847
      vertex 2.5 41.7979 -1.20208
      vertex -2.5 41.7979 -1.20208
    endloop
  endfacet
  facet normal -0 0.42754 0.903996
    outer loop
      vertex -2.5 42.3494 -1.57059
      vertex 2.5 42.1986 -1.49927
      vertex 2.5 42.3494 -1.57059
    endloop
  endfacet
  facet normal 0 0.42754 0.903996
    outer loop
      vertex 2.5 42.1986 -1.49927
      vertex -2.5 42.3494 -1.57059
      vertex -2.5 42.1986 -1.49927
    endloop
  endfacet
  facet normal -0 0.595695 0.803211
    outer loop
      vertex -2.5 42.0555 -1.4135
      vertex 2.5 41.9215 -1.31412
      vertex 2.5 42.0555 -1.4135
    endloop
  endfacet
  facet normal 0 0.595695 0.803211
    outer loop
      vertex 2.5 41.9215 -1.31412
      vertex -2.5 42.0555 -1.4135
      vertex -2.5 41.9215 -1.31412
    endloop
  endfacet
  facet normal 0 0.42754 -0.903996
    outer loop
      vertex -2.5 42.1986 1.49927
      vertex 2.5 42.3494 1.57059
      vertex 2.5 42.1986 1.49927
    endloop
  endfacet
  facet normal 0 0.42754 -0.903996
    outer loop
      vertex 2.5 42.3494 1.57059
      vertex -2.5 42.1986 1.49927
      vertex -2.5 42.3494 1.57059
    endloop
  endfacet
  facet normal 0 0.857642 0.514247
    outer loop
      vertex 2.5 41.5865 -0.944468
      vertex -2.5 41.5007 -0.801374
      vertex 2.5 41.5007 -0.801374
    endloop
  endfacet
  facet normal 0 0.857642 0.514247
    outer loop
      vertex -2.5 41.5007 -0.801374
      vertex 2.5 41.5865 -0.944468
      vertex -2.5 41.5865 -0.944468
    endloop
  endfacet
  facet normal 0 0.803158 0.595766
    outer loop
      vertex 2.5 41.6859 -1.07847
      vertex -2.5 41.5865 -0.944468
      vertex 2.5 41.5865 -0.944468
    endloop
  endfacet
  facet normal 0 0.803158 0.595766
    outer loop
      vertex -2.5 41.5865 -0.944468
      vertex 2.5 41.6859 -1.07847
      vertex -2.5 41.6859 -1.07847
    endloop
  endfacet
  facet normal -0 0.336883 0.941546
    outer loop
      vertex -2.5 42.5065 -1.6268
      vertex 2.5 42.3494 -1.57059
      vertex 2.5 42.5065 -1.6268
    endloop
  endfacet
  facet normal 0 0.336883 0.941546
    outer loop
      vertex 2.5 42.3494 -1.57059
      vertex -2.5 42.5065 -1.6268
      vertex -2.5 42.3494 -1.57059
    endloop
  endfacet
  facet normal -0 0.514099 0.857731
    outer loop
      vertex -2.5 42.1986 -1.49927
      vertex 2.5 42.0555 -1.4135
      vertex 2.5 42.1986 -1.49927
    endloop
  endfacet
  facet normal 0 0.514099 0.857731
    outer loop
      vertex 2.5 42.0555 -1.4135
      vertex -2.5 42.1986 -1.49927
      vertex -2.5 42.0555 -1.4135
    endloop
  endfacet
  facet normal 0 0.998791 -0.0491516
    outer loop
      vertex 2.5 41.3 0
      vertex -2.5 41.3082 0.166629
      vertex 2.5 41.3082 0.166629
    endloop
  endfacet
  facet normal 0 0.998791 -0.0491516
    outer loop
      vertex -2.5 41.3082 0.166629
      vertex 2.5 41.3 0
      vertex -2.5 41.3 0
    endloop
  endfacet
  facet normal 0 0.741051 -0.671448
    outer loop
      vertex 2.5 41.6859 1.07847
      vertex -2.5 41.7979 1.20208
      vertex 2.5 41.7979 1.20208
    endloop
  endfacet
  facet normal 0 0.741051 -0.671448
    outer loop
      vertex -2.5 41.7979 1.20208
      vertex 2.5 41.6859 1.07847
      vertex -2.5 41.6859 1.07847
    endloop
  endfacet
  facet normal 0 0.67161 -0.740905
    outer loop
      vertex -2.5 41.7979 1.20208
      vertex 2.5 41.9215 1.31412
      vertex 2.5 41.7979 1.20208
    endloop
  endfacet
  facet normal 0 0.67161 -0.740905
    outer loop
      vertex 2.5 41.9215 1.31412
      vertex -2.5 41.7979 1.20208
      vertex -2.5 41.9215 1.31412
    endloop
  endfacet
  facet normal 0 0.595695 -0.803211
    outer loop
      vertex -2.5 41.9215 1.31412
      vertex 2.5 42.0555 1.4135
      vertex 2.5 41.9215 1.31412
    endloop
  endfacet
  facet normal 0 0.595695 -0.803211
    outer loop
      vertex 2.5 42.0555 1.4135
      vertex -2.5 41.9215 1.31412
      vertex -2.5 42.0555 1.4135
    endloop
  endfacet
  facet normal 0 0.514099 -0.857731
    outer loop
      vertex -2.5 42.0555 1.4135
      vertex 2.5 42.1986 1.49927
      vertex 2.5 42.0555 1.4135
    endloop
  endfacet
  facet normal 0 0.514099 -0.857731
    outer loop
      vertex 2.5 42.1986 1.49927
      vertex -2.5 42.0555 1.4135
      vertex -2.5 42.1986 1.49927
    endloop
  endfacet
  facet normal 0 0.336883 -0.941546
    outer loop
      vertex -2.5 42.3494 1.57059
      vertex 2.5 42.5065 1.6268
      vertex 2.5 42.3494 1.57059
    endloop
  endfacet
  facet normal 0 0.336883 -0.941546
    outer loop
      vertex 2.5 42.5065 1.6268
      vertex -2.5 42.3494 1.57059
      vertex -2.5 42.5065 1.6268
    endloop
  endfacet
  facet normal 0 0.242987 -0.97003
    outer loop
      vertex -2.5 42.5065 1.6268
      vertex 2.5 42.6683 1.66733
      vertex 2.5 42.5065 1.6268
    endloop
  endfacet
  facet normal 0 0.242987 -0.97003
    outer loop
      vertex 2.5 42.6683 1.66733
      vertex -2.5 42.5065 1.6268
      vertex -2.5 42.6683 1.66733
    endloop
  endfacet
  facet normal 0 0.14667 -0.989185
    outer loop
      vertex -2.5 42.6683 1.66733
      vertex 2.5 42.8334 1.69181
      vertex 2.5 42.6683 1.66733
    endloop
  endfacet
  facet normal 0 0.14667 -0.989185
    outer loop
      vertex 2.5 42.8334 1.69181
      vertex -2.5 42.6683 1.66733
      vertex -2.5 42.8334 1.69181
    endloop
  endfacet
  facet normal 0 0.970083 0.242774
    outer loop
      vertex 2.5 41.3732 -0.493484
      vertex -2.5 41.3327 -0.331653
      vertex 2.5 41.3327 -0.331653
    endloop
  endfacet
  facet normal 0 0.970083 0.242774
    outer loop
      vertex -2.5 41.3327 -0.331653
      vertex 2.5 41.3732 -0.493484
      vertex -2.5 41.3732 -0.493484
    endloop
  endfacet
  facet normal 0 0.94155 0.336874
    outer loop
      vertex 2.5 41.4294 -0.650561
      vertex -2.5 41.3732 -0.493484
      vertex 2.5 41.3732 -0.493484
    endloop
  endfacet
  facet normal 0 0.94155 0.336874
    outer loop
      vertex -2.5 41.3732 -0.493484
      vertex 2.5 41.4294 -0.650561
      vertex -2.5 41.4294 -0.650561
    endloop
  endfacet
  facet normal 0 0.857642 -0.514247
    outer loop
      vertex 2.5 41.5007 0.801374
      vertex -2.5 41.5865 0.944468
      vertex 2.5 41.5865 0.944468
    endloop
  endfacet
  facet normal 0 0.857642 -0.514247
    outer loop
      vertex -2.5 41.5865 0.944468
      vertex 2.5 41.5007 0.801374
      vertex -2.5 41.5007 0.801374
    endloop
  endfacet
  facet normal 0 0.989158 -0.146854
    outer loop
      vertex 2.5 41.3082 0.166629
      vertex -2.5 41.3327 0.331653
      vertex 2.5 41.3327 0.331653
    endloop
  endfacet
  facet normal 0 0.989158 -0.146854
    outer loop
      vertex -2.5 41.3327 0.331653
      vertex 2.5 41.3082 0.166629
      vertex -2.5 41.3082 0.166629
    endloop
  endfacet
  facet normal 0 0.970083 -0.242774
    outer loop
      vertex 2.5 41.3327 0.331653
      vertex -2.5 41.3732 0.493484
      vertex 2.5 41.3732 0.493484
    endloop
  endfacet
  facet normal 0 0.970083 -0.242774
    outer loop
      vertex -2.5 41.3732 0.493484
      vertex 2.5 41.3327 0.331653
      vertex -2.5 41.3327 0.331653
    endloop
  endfacet
  facet normal 0 0.904057 -0.427412
    outer loop
      vertex 2.5 41.4294 0.650561
      vertex -2.5 41.5007 0.801374
      vertex 2.5 41.5007 0.801374
    endloop
  endfacet
  facet normal 0 0.904057 -0.427412
    outer loop
      vertex -2.5 41.5007 0.801374
      vertex 2.5 41.4294 0.650561
      vertex -2.5 41.4294 0.650561
    endloop
  endfacet
  facet normal 0 0.803158 -0.595766
    outer loop
      vertex 2.5 41.5865 0.944468
      vertex -2.5 41.6859 1.07847
      vertex 2.5 41.6859 1.07847
    endloop
  endfacet
  facet normal 0 0.803158 -0.595766
    outer loop
      vertex -2.5 41.6859 1.07847
      vertex 2.5 41.5865 0.944468
      vertex -2.5 41.5865 0.944468
    endloop
  endfacet
  facet normal -1 0 0
    outer loop
      vertex -2.5 -41.5007 0.801374
      vertex -2.5 -22.5581 4.48708
      vertex -2.5 -41.4294 0.650561
    endloop
  endfacet
  facet normal -1 0 0
    outer loop
      vertex -2.5 -41.5865 0.944468
      vertex -2.5 -22.5581 4.48708
      vertex -2.5 -41.5007 0.801374
    endloop
  endfacet
  facet normal -1 0 0
    outer loop
      vertex -2.5 -41.6859 1.07847
      vertex -2.5 -22.5581 4.48708
      vertex -2.5 -41.5865 0.944468
    endloop
  endfacet
  facet normal -1 -0 0
    outer loop
      vertex -2.5 -22.5581 4.48708
      vertex -2.5 -41.6859 1.07847
      vertex -2.5 -22.0096 6.67654
    endloop
  endfacet
  facet normal -1 0 0
    outer loop
      vertex -2.5 -41.7979 1.20208
      vertex -2.5 -22.0096 6.67654
      vertex -2.5 -41.6859 1.07847
    endloop
  endfacet
  facet normal -1 0 0
    outer loop
      vertex -2.5 -41.9215 1.31412
      vertex -2.5 -22.0096 6.67654
      vertex -2.5 -41.7979 1.20208
    endloop
  endfacet
  facet normal -1 0 0
    outer loop
      vertex -2.5 -42.0555 1.4135
      vertex -2.5 -22.0096 6.67654
      vertex -2.5 -41.9215 1.31412
    endloop
  endfacet
  facet normal -1 -0 0
    outer loop
      vertex -2.5 -22.0096 6.67654
      vertex -2.5 -42.0555 1.4135
      vertex -2.5 -21.2492 8.80171
    endloop
  endfacet
  facet normal -1 0 0
    outer loop
      vertex -2.5 -42.1986 1.49927
      vertex -2.5 -21.2492 8.80171
      vertex -2.5 -42.0555 1.4135
    endloop
  endfacet
  facet normal -1 -0 0
    outer loop
      vertex -2.5 -21.2492 8.80171
      vertex -2.5 -42.1986 1.49927
      vertex -2.5 -37.6576 28.4428
    endloop
  endfacet
  facet normal -1 0 0
    outer loop
      vertex -2.5 -37.6576 28.4428
      vertex -2.5 -42.1986 1.49927
      vertex -2.5 -40.4182 27.7513
    endloop
  endfacet
  facet normal -1 0 0
    outer loop
      vertex -2.5 -42.3494 1.57059
      vertex -2.5 -40.4182 27.7513
      vertex -2.5 -42.1986 1.49927
    endloop
  endfacet
  facet normal -1 0 0
    outer loop
      vertex -2.5 -43.0978 26.7925
      vertex -2.5 -42.3494 1.57059
      vertex -2.5 -42.5065 1.6268
    endloop
  endfacet
  facet normal -1 0 0
    outer loop
      vertex -2.5 -45.6705 25.5757
      vertex -2.5 -42.5065 1.6268
      vertex -2.5 -42.6683 1.66733
    endloop
  endfacet
  facet normal -1 0 0
    outer loop
      vertex -2.5 -48.1115 24.1126
      vertex -2.5 -42.6683 1.66733
      vertex -2.5 -42.8334 1.69181
    endloop
  endfacet
  facet normal -1 0 0
    outer loop
      vertex -2.5 -50.3974 22.4173
      vertex -2.5 -42.8334 1.69181
      vertex -2.5 -43 1.7
    endloop
  endfacet
  facet normal -1 0 0
    outer loop
      vertex -2.5 -42.3494 1.57059
      vertex -2.5 -43.0978 26.7925
      vertex -2.5 -40.4182 27.7513
    endloop
  endfacet
  facet normal -1 0 0
    outer loop
      vertex -2.5 -50.3974 22.4173
      vertex -2.5 -43 1.7
      vertex -2.5 -43.1666 1.69181
    endloop
  endfacet
  facet normal -1 0 0
    outer loop
      vertex -2.5 -52.5061 20.5061
      vertex -2.5 -43.1666 1.69181
      vertex -2.5 -43.3317 1.66733
    endloop
  endfacet
  facet normal -1 0 0
    outer loop
      vertex -2.5 -54.4173 18.3974
      vertex -2.5 -43.3317 1.66733
      vertex -2.5 -43.4935 1.6268
    endloop
  endfacet
  facet normal -1 0 0
    outer loop
      vertex -2.5 -54.4173 18.3974
      vertex -2.5 -43.4935 1.6268
      vertex -2.5 -43.6506 1.57059
    endloop
  endfacet
  facet normal -1 0 0
    outer loop
      vertex -2.5 -56.1126 16.1115
      vertex -2.5 -43.6506 1.57059
      vertex -2.5 -43.8014 1.49927
    endloop
  endfacet
  facet normal -1 0 0
    outer loop
      vertex -2.5 -57.5757 13.6705
      vertex -2.5 -43.8014 1.49927
      vertex -2.5 -43.9445 1.4135
    endloop
  endfacet
  facet normal -1 0 0
    outer loop
      vertex -2.5 -57.5757 13.6705
      vertex -2.5 -43.9445 1.4135
      vertex -2.5 -44.0785 1.31412
    endloop
  endfacet
  facet normal -1 0 0
    outer loop
      vertex -2.5 -58.7925 11.0978
      vertex -2.5 -44.0785 1.31412
      vertex -2.5 -44.2021 1.20208
    endloop
  endfacet
  facet normal -1 0 0
    outer loop
      vertex -2.5 -58.7925 11.0978
      vertex -2.5 -44.2021 1.20208
      vertex -2.5 -44.3141 1.07847
    endloop
  endfacet
  facet normal -1 0 0
    outer loop
      vertex -2.5 -59.7513 8.41824
      vertex -2.5 -44.3141 1.07847
      vertex -2.5 -44.4135 0.944468
    endloop
  endfacet
  facet normal -1 0 0
    outer loop
      vertex -2.5 -59.7513 8.41824
      vertex -2.5 -44.4135 0.944468
      vertex -2.5 -44.4993 0.801374
    endloop
  endfacet
  facet normal -1 0 0
    outer loop
      vertex -2.5 -60.4428 5.65761
      vertex -2.5 -44.4993 0.801374
      vertex -2.5 -44.5706 0.650561
    endloop
  endfacet
  facet normal -1 0 0
    outer loop
      vertex -2.5 -60.4428 5.65761
      vertex -2.5 -44.5706 0.650561
      vertex -2.5 -44.6268 0.493484
    endloop
  endfacet
  facet normal -1 0 0
    outer loop
      vertex -2.5 -60.8604 2.84248
      vertex -2.5 -44.6268 0.493484
      vertex -2.5 -44.6673 0.331653
    endloop
  endfacet
  facet normal -1 0 0
    outer loop
      vertex -2.5 -60.8604 2.84248
      vertex -2.5 -44.6673 0.331653
      vertex -2.5 -44.6918 0.166629
    endloop
  endfacet
  facet normal -1 0 0
    outer loop
      vertex -2.5 -42.5065 1.6268
      vertex -2.5 -45.6705 25.5757
      vertex -2.5 -43.0978 26.7925
    endloop
  endfacet
  facet normal -1 0 0
    outer loop
      vertex -2.5 -61 0
      vertex -2.5 -44.6918 0.166629
      vertex -2.5 -44.7 0
    endloop
  endfacet
  facet normal -1 0 0
    outer loop
      vertex -2.5 -59.7513 -8.41824
      vertex -2.5 -44.3141 -1.07847
      vertex -2.5 -58.7925 -11.0978
    endloop
  endfacet
  facet normal -1 -0 0
    outer loop
      vertex -2.5 -44.3141 -1.07847
      vertex -2.5 -59.7513 -8.41824
      vertex -2.5 -44.4135 -0.944468
    endloop
  endfacet
  facet normal -1 0 0
    outer loop
      vertex -2.5 -42.6683 1.66733
      vertex -2.5 -48.1115 24.1126
      vertex -2.5 -45.6705 25.5757
    endloop
  endfacet
  facet normal -1 -0 0
    outer loop
      vertex -2.5 -44.4135 -0.944468
      vertex -2.5 -59.7513 -8.41824
      vertex -2.5 -44.4993 -0.801374
    endloop
  endfacet
  facet normal -1 0 0
    outer loop
      vertex -2.5 -42.8334 1.69181
      vertex -2.5 -50.3974 22.4173
      vertex -2.5 -48.1115 24.1126
    endloop
  endfacet
  facet normal -1 0 0
    outer loop
      vertex -2.5 -60.4428 -5.65761
      vertex -2.5 -44.4993 -0.801374
      vertex -2.5 -59.7513 -8.41824
    endloop
  endfacet
  facet normal -1 0 0
    outer loop
      vertex -2.5 -43.1666 1.69181
      vertex -2.5 -52.5061 20.5061
      vertex -2.5 -50.3974 22.4173
    endloop
  endfacet
  facet normal -1 -0 0
    outer loop
      vertex -2.5 -44.4993 -0.801374
      vertex -2.5 -60.4428 -5.65761
      vertex -2.5 -44.5706 -0.650561
    endloop
  endfacet
  facet normal -1 0 0
    outer loop
      vertex -2.5 -43.3317 1.66733
      vertex -2.5 -54.4173 18.3974
      vertex -2.5 -52.5061 20.5061
    endloop
  endfacet
  facet normal -1 -0 0
    outer loop
      vertex -2.5 -44.5706 -0.650561
      vertex -2.5 -60.4428 -5.65761
      vertex -2.5 -44.6268 -0.493484
    endloop
  endfacet
  facet normal -1 0 0
    outer loop
      vertex -2.5 -43.6506 1.57059
      vertex -2.5 -56.1126 16.1115
      vertex -2.5 -54.4173 18.3974
    endloop
  endfacet
  facet normal -1 0 0
    outer loop
      vertex -2.5 -60.8604 -2.84248
      vertex -2.5 -44.6268 -0.493484
      vertex -2.5 -60.4428 -5.65761
    endloop
  endfacet
  facet normal -1 0 0
    outer loop
      vertex -2.5 -43.8014 1.49927
      vertex -2.5 -57.5757 13.6705
      vertex -2.5 -56.1126 16.1115
    endloop
  endfacet
  facet normal -1 -0 0
    outer loop
      vertex -2.5 -44.6268 -0.493484
      vertex -2.5 -60.8604 -2.84248
      vertex -2.5 -44.6673 -0.331653
    endloop
  endfacet
  facet normal -1 0 0
    outer loop
      vertex -2.5 -44.0785 1.31412
      vertex -2.5 -58.7925 11.0978
      vertex -2.5 -57.5757 13.6705
    endloop
  endfacet
  facet normal -1 -0 0
    outer loop
      vertex -2.5 -44.6673 -0.331653
      vertex -2.5 -60.8604 -2.84248
      vertex -2.5 -44.6918 -0.166629
    endloop
  endfacet
  facet normal -1 0 0
    outer loop
      vertex -2.5 -44.3141 1.07847
      vertex -2.5 -59.7513 8.41824
      vertex -2.5 -58.7925 11.0978
    endloop
  endfacet
  facet normal -1 0 0
    outer loop
      vertex -2.5 -61 0
      vertex -2.5 -44.6918 -0.166629
      vertex -2.5 -60.8604 -2.84248
    endloop
  endfacet
  facet normal -1 0 0
    outer loop
      vertex -2.5 -44.4993 0.801374
      vertex -2.5 -60.4428 5.65761
      vertex -2.5 -59.7513 8.41824
    endloop
  endfacet
  facet normal -1 0 0
    outer loop
      vertex -2.5 -44.6918 -0.166629
      vertex -2.5 -61 0
      vertex -2.5 -44.7 0
    endloop
  endfacet
  facet normal -1 0 0
    outer loop
      vertex -2.5 -44.6268 0.493484
      vertex -2.5 -60.8604 2.84248
      vertex -2.5 -60.4428 5.65761
    endloop
  endfacet
  facet normal -1 -0 0
    outer loop
      vertex -2.5 -44.6918 0.166629
      vertex -2.5 -61 0
      vertex -2.5 -60.8604 2.84248
    endloop
  endfacet
  facet normal -1 0 0
    outer loop
      vertex -2.5 41.9215 1.31412
      vertex -2.5 22.0096 6.67654
      vertex -2.5 42.0555 1.4135
    endloop
  endfacet
  facet normal -1 0 0
    outer loop
      vertex -2.5 21.2492 8.80171
      vertex -2.5 42.0555 1.4135
      vertex -2.5 22.0096 6.67654
    endloop
  endfacet
  facet normal -1 0 0
    outer loop
      vertex -2.5 42.0555 1.4135
      vertex -2.5 21.2492 8.80171
      vertex -2.5 34.8425 28.8604
    endloop
  endfacet
  facet normal -1 -0 0
    outer loop
      vertex -2.5 34.8425 28.8604
      vertex -2.5 21.2492 8.80171
      vertex -2.5 32 29
    endloop
  endfacet
  facet normal -1 0 0
    outer loop
      vertex -2.5 20.2842 10.8421
      vertex -2.5 32 29
      vertex -2.5 21.2492 8.80171
    endloop
  endfacet
  facet normal -1 0 0
    outer loop
      vertex -2.5 19.1238 12.7781
      vertex -2.5 32 29
      vertex -2.5 20.2842 10.8421
    endloop
  endfacet
  facet normal -1 0 0
    outer loop
      vertex -2.5 17.7792 14.591
      vertex -2.5 32 29
      vertex -2.5 19.1238 12.7781
    endloop
  endfacet
  facet normal -1 0 0
    outer loop
      vertex -2.5 16.2634 16.2634
      vertex -2.5 32 29
      vertex -2.5 17.7792 14.591
    endloop
  endfacet
  facet normal -1 0 0
    outer loop
      vertex -2.5 14.591 17.7792
      vertex -2.5 32 29
      vertex -2.5 16.2634 16.2634
    endloop
  endfacet
  facet normal -1 0 0
    outer loop
      vertex -2.5 12.7781 19.1238
      vertex -2.5 32 29
      vertex -2.5 14.591 17.7792
    endloop
  endfacet
  facet normal -1 0 0
    outer loop
      vertex -2.5 10.8421 20.2842
      vertex -2.5 32 29
      vertex -2.5 12.7781 19.1238
    endloop
  endfacet
  facet normal -1 0 0
    outer loop
      vertex -2.5 8.80171 21.2492
      vertex -2.5 32 29
      vertex -2.5 10.8421 20.2842
    endloop
  endfacet
  facet normal -1 0 0
    outer loop
      vertex -2.5 6.67654 22.0096
      vertex -2.5 32 29
      vertex -2.5 8.80171 21.2492
    endloop
  endfacet
  facet normal -1 0 0
    outer loop
      vertex -2.5 4.48708 22.5581
      vertex -2.5 32 29
      vertex -2.5 6.67654 22.0096
    endloop
  endfacet
  facet normal -1 0 0
    outer loop
      vertex -2.5 2.25438 22.8892
      vertex -2.5 32 29
      vertex -2.5 4.48708 22.5581
    endloop
  endfacet
  facet normal -1 0 0
    outer loop
      vertex -2.5 0 23
      vertex -2.5 32 29
      vertex -2.5 2.25438 22.8892
    endloop
  endfacet
  facet normal -1 0 0
    outer loop
      vertex -2.5 -32 29
      vertex -2.5 0 23
      vertex -2.5 -2.25438 22.8892
    endloop
  endfacet
  facet normal -1 0 0
    outer loop
      vertex -2.5 -32 29
      vertex -2.5 -2.25438 22.8892
      vertex -2.5 -4.48708 22.5581
    endloop
  endfacet
  facet normal -1 0 0
    outer loop
      vertex -2.5 -22.0096 -6.67654
      vertex -2.5 -41.6859 -1.07847
      vertex -2.5 -22.5581 -4.48708
    endloop
  endfacet
  facet normal -1 0 -0
    outer loop
      vertex -2.5 -41.5007 -0.801374
      vertex -2.5 -22.5581 -4.48708
      vertex -2.5 -41.5865 -0.944468
    endloop
  endfacet
  facet normal -1 0 0
    outer loop
      vertex -2.5 -22.5581 -4.48708
      vertex -2.5 -41.4294 -0.650561
      vertex -2.5 -22.8892 -2.25438
    endloop
  endfacet
  facet normal -1 0 0
    outer loop
      vertex -2.5 0 23
      vertex -2.5 -32 29
      vertex -2.5 32 29
    endloop
  endfacet
  facet normal -1 0 0
    outer loop
      vertex -2.5 -6.67654 22.0096
      vertex -2.5 -32 29
      vertex -2.5 -4.48708 22.5581
    endloop
  endfacet
  facet normal -1 0 0
    outer loop
      vertex -2.5 -8.80171 21.2492
      vertex -2.5 -32 29
      vertex -2.5 -6.67654 22.0096
    endloop
  endfacet
  facet normal -1 0 0
    outer loop
      vertex -2.5 -10.8421 20.2842
      vertex -2.5 -32 29
      vertex -2.5 -8.80171 21.2492
    endloop
  endfacet
  facet normal -1 0 0
    outer loop
      vertex -2.5 -12.7781 19.1238
      vertex -2.5 -32 29
      vertex -2.5 -10.8421 20.2842
    endloop
  endfacet
  facet normal -1 0 0
    outer loop
      vertex -2.5 -14.591 17.7792
      vertex -2.5 -32 29
      vertex -2.5 -12.7781 19.1238
    endloop
  endfacet
  facet normal -1 0 0
    outer loop
      vertex -2.5 -16.2634 16.2634
      vertex -2.5 -32 29
      vertex -2.5 -14.591 17.7792
    endloop
  endfacet
  facet normal -1 0 0
    outer loop
      vertex -2.5 -17.7792 14.591
      vertex -2.5 -32 29
      vertex -2.5 -16.2634 16.2634
    endloop
  endfacet
  facet normal -1 0 0
    outer loop
      vertex -2.5 -19.1238 12.7781
      vertex -2.5 -32 29
      vertex -2.5 -17.7792 14.591
    endloop
  endfacet
  facet normal -1 0 0
    outer loop
      vertex -2.5 -20.2842 10.8421
      vertex -2.5 -32 29
      vertex -2.5 -19.1238 12.7781
    endloop
  endfacet
  facet normal -1 0 0
    outer loop
      vertex -2.5 -21.2492 8.80171
      vertex -2.5 -32 29
      vertex -2.5 -20.2842 10.8421
    endloop
  endfacet
  facet normal -1 0 0
    outer loop
      vertex -2.5 -41.3732 0.493484
      vertex -2.5 -22.8892 2.25438
      vertex -2.5 -41.3327 0.331653
    endloop
  endfacet
  facet normal -1 0 -0
    outer loop
      vertex -2.5 -41.3327 -0.331653
      vertex -2.5 -22.8892 -2.25438
      vertex -2.5 -41.3732 -0.493484
    endloop
  endfacet
  facet normal -1 0 0
    outer loop
      vertex -2.5 -41.9215 -1.31412
      vertex -2.5 -32 -29
      vertex -2.5 -34.8425 -28.8604
    endloop
  endfacet
  facet normal -1 0 0
    outer loop
      vertex -2.5 -41.4294 0.650561
      vertex -2.5 -22.8892 2.25438
      vertex -2.5 -41.3732 0.493484
    endloop
  endfacet
  facet normal -1 0 0
    outer loop
      vertex -2.5 -42.0555 -1.4135
      vertex -2.5 -34.8425 -28.8604
      vertex -2.5 -37.6576 -28.4428
    endloop
  endfacet
  facet normal -1 0 0
    outer loop
      vertex -2.5 -21.2492 8.80171
      vertex -2.5 -34.8425 28.8604
      vertex -2.5 -32 29
    endloop
  endfacet
  facet normal -1 0 0
    outer loop
      vertex -2.5 -42.1986 -1.49927
      vertex -2.5 -37.6576 -28.4428
      vertex -2.5 -40.4182 -27.7513
    endloop
  endfacet
  facet normal -1 0 0
    outer loop
      vertex -2.5 -21.2492 8.80171
      vertex -2.5 -37.6576 28.4428
      vertex -2.5 -34.8425 28.8604
    endloop
  endfacet
  facet normal -1 -0 0
    outer loop
      vertex -2.5 -22.8892 2.25438
      vertex -2.5 -41.4294 0.650561
      vertex -2.5 -22.5581 4.48708
    endloop
  endfacet
  facet normal -1 0 0
    outer loop
      vertex -2.5 -41.3327 0.331653
      vertex -2.5 -22.8892 2.25438
      vertex -2.5 -41.3082 0.166629
    endloop
  endfacet
  facet normal -1 0 0
    outer loop
      vertex -2.5 -23 0
      vertex -2.5 -41.3082 0.166629
      vertex -2.5 -22.8892 2.25438
    endloop
  endfacet
  facet normal -1 0 0
    outer loop
      vertex -2.5 -41.3082 0.166629
      vertex -2.5 -23 0
      vertex -2.5 -41.3 0
    endloop
  endfacet
  facet normal -1 0 -0
    outer loop
      vertex -2.5 -41.3 0
      vertex -2.5 -23 0
      vertex -2.5 -41.3082 -0.166629
    endloop
  endfacet
  facet normal -1 0 -0
    outer loop
      vertex -2.5 -41.3082 -0.166629
      vertex -2.5 -23 0
      vertex -2.5 -41.3327 -0.331653
    endloop
  endfacet
  facet normal -1 0 0
    outer loop
      vertex -2.5 -22.8892 -2.25438
      vertex -2.5 -41.3327 -0.331653
      vertex -2.5 -23 0
    endloop
  endfacet
  facet normal -1 0 -0
    outer loop
      vertex -2.5 -41.3732 -0.493484
      vertex -2.5 -22.8892 -2.25438
      vertex -2.5 -41.4294 -0.650561
    endloop
  endfacet
  facet normal -1 0 -0
    outer loop
      vertex -2.5 -41.4294 -0.650561
      vertex -2.5 -22.5581 -4.48708
      vertex -2.5 -41.5007 -0.801374
    endloop
  endfacet
  facet normal -1 0 -0
    outer loop
      vertex -2.5 -41.5865 -0.944468
      vertex -2.5 -22.5581 -4.48708
      vertex -2.5 -41.6859 -1.07847
    endloop
  endfacet
  facet normal -1 0 0
    outer loop
      vertex -2.5 -34.8425 -28.8604
      vertex -2.5 -42.0555 -1.4135
      vertex -2.5 -41.9215 -1.31412
    endloop
  endfacet
  facet normal -1 0 0
    outer loop
      vertex -2.5 -37.6576 -28.4428
      vertex -2.5 -42.1986 -1.49927
      vertex -2.5 -42.0555 -1.4135
    endloop
  endfacet
  facet normal -1 0 0
    outer loop
      vertex -2.5 -40.4182 -27.7513
      vertex -2.5 -42.3494 -1.57059
      vertex -2.5 -42.1986 -1.49927
    endloop
  endfacet
  facet normal -1 0 0
    outer loop
      vertex -2.5 -43.0978 -26.7925
      vertex -2.5 -42.3494 -1.57059
      vertex -2.5 -40.4182 -27.7513
    endloop
  endfacet
  facet normal -1 0 0
    outer loop
      vertex -2.5 -42.3494 -1.57059
      vertex -2.5 -43.0978 -26.7925
      vertex -2.5 -42.5065 -1.6268
    endloop
  endfacet
  facet normal -1 0 0
    outer loop
      vertex -2.5 -45.6705 -25.5757
      vertex -2.5 -42.5065 -1.6268
      vertex -2.5 -43.0978 -26.7925
    endloop
  endfacet
  facet normal -1 0 0
    outer loop
      vertex -2.5 -42.5065 -1.6268
      vertex -2.5 -45.6705 -25.5757
      vertex -2.5 -42.6683 -1.66733
    endloop
  endfacet
  facet normal -1 0 0
    outer loop
      vertex -2.5 -48.1115 -24.1126
      vertex -2.5 -42.6683 -1.66733
      vertex -2.5 -45.6705 -25.5757
    endloop
  endfacet
  facet normal -1 0 0
    outer loop
      vertex -2.5 -42.6683 -1.66733
      vertex -2.5 -48.1115 -24.1126
      vertex -2.5 -42.8334 -1.69181
    endloop
  endfacet
  facet normal -1 0 0
    outer loop
      vertex -2.5 -50.3974 -22.4173
      vertex -2.5 -42.8334 -1.69181
      vertex -2.5 -48.1115 -24.1126
    endloop
  endfacet
  facet normal -1 0 0
    outer loop
      vertex -2.5 -42.8334 -1.69181
      vertex -2.5 -50.3974 -22.4173
      vertex -2.5 -43 -1.7
    endloop
  endfacet
  facet normal -1 -0 0
    outer loop
      vertex -2.5 -43 -1.7
      vertex -2.5 -50.3974 -22.4173
      vertex -2.5 -43.1666 -1.69181
    endloop
  endfacet
  facet normal -1 0 0
    outer loop
      vertex -2.5 -52.5061 -20.5061
      vertex -2.5 -43.1666 -1.69181
      vertex -2.5 -50.3974 -22.4173
    endloop
  endfacet
  facet normal -1 -0 0
    outer loop
      vertex -2.5 -43.1666 -1.69181
      vertex -2.5 -52.5061 -20.5061
      vertex -2.5 -43.3317 -1.66733
    endloop
  endfacet
  facet normal -1 0 0
    outer loop
      vertex -2.5 -54.4173 -18.3974
      vertex -2.5 -43.3317 -1.66733
      vertex -2.5 -52.5061 -20.5061
    endloop
  endfacet
  facet normal -1 -0 0
    outer loop
      vertex -2.5 -43.3317 -1.66733
      vertex -2.5 -54.4173 -18.3974
      vertex -2.5 -43.4935 -1.6268
    endloop
  endfacet
  facet normal -1 -0 0
    outer loop
      vertex -2.5 -43.4935 -1.6268
      vertex -2.5 -54.4173 -18.3974
      vertex -2.5 -43.6506 -1.57059
    endloop
  endfacet
  facet normal -1 0 0
    outer loop
      vertex -2.5 -56.1126 -16.1115
      vertex -2.5 -43.6506 -1.57059
      vertex -2.5 -54.4173 -18.3974
    endloop
  endfacet
  facet normal -1 -0 0
    outer loop
      vertex -2.5 -43.6506 -1.57059
      vertex -2.5 -56.1126 -16.1115
      vertex -2.5 -43.8014 -1.49927
    endloop
  endfacet
  facet normal -1 0 0
    outer loop
      vertex -2.5 -57.5757 -13.6705
      vertex -2.5 -43.8014 -1.49927
      vertex -2.5 -56.1126 -16.1115
    endloop
  endfacet
  facet normal -1 -0 0
    outer loop
      vertex -2.5 -43.8014 -1.49927
      vertex -2.5 -57.5757 -13.6705
      vertex -2.5 -43.9445 -1.4135
    endloop
  endfacet
  facet normal -1 -0 0
    outer loop
      vertex -2.5 -43.9445 -1.4135
      vertex -2.5 -57.5757 -13.6705
      vertex -2.5 -44.0785 -1.31412
    endloop
  endfacet
  facet normal -1 0 0
    outer loop
      vertex -2.5 -58.7925 -11.0978
      vertex -2.5 -44.0785 -1.31412
      vertex -2.5 -57.5757 -13.6705
    endloop
  endfacet
  facet normal -1 -0 0
    outer loop
      vertex -2.5 -44.2021 -1.20208
      vertex -2.5 -58.7925 -11.0978
      vertex -2.5 -44.3141 -1.07847
    endloop
  endfacet
  facet normal -1 -0 0
    outer loop
      vertex -2.5 -44.0785 -1.31412
      vertex -2.5 -58.7925 -11.0978
      vertex -2.5 -44.2021 -1.20208
    endloop
  endfacet
  facet normal -1 0 0
    outer loop
      vertex -2.5 44.6918 -0.166629
      vertex -2.5 61 0
      vertex -2.5 60.8604 -2.84248
    endloop
  endfacet
  facet normal -1 0 0
    outer loop
      vertex -2.5 44.6268 -0.493484
      vertex -2.5 60.8604 -2.84248
      vertex -2.5 60.4428 -5.65761
    endloop
  endfacet
  facet normal -1 -0 0
    outer loop
      vertex -2.5 61 0
      vertex -2.5 44.6918 -0.166629
      vertex -2.5 44.7 0
    endloop
  endfacet
  facet normal -1 0 0
    outer loop
      vertex -2.5 44.4993 -0.801374
      vertex -2.5 60.4428 -5.65761
      vertex -2.5 59.7513 -8.41824
    endloop
  endfacet
  facet normal -1 0 0
    outer loop
      vertex -2.5 44.6918 0.166629
      vertex -2.5 61 0
      vertex -2.5 44.7 0
    endloop
  endfacet
  facet normal -1 0 0
    outer loop
      vertex -2.5 44.3141 -1.07847
      vertex -2.5 59.7513 -8.41824
      vertex -2.5 58.7925 -11.0978
    endloop
  endfacet
  facet normal -1 0 0
    outer loop
      vertex -2.5 61 0
      vertex -2.5 44.6918 0.166629
      vertex -2.5 60.8604 2.84248
    endloop
  endfacet
  facet normal -1 0 0
    outer loop
      vertex -2.5 44.0785 -1.31412
      vertex -2.5 58.7925 -11.0978
      vertex -2.5 57.5757 -13.6705
    endloop
  endfacet
  facet normal -1 0 0
    outer loop
      vertex -2.5 44.6673 0.331653
      vertex -2.5 60.8604 2.84248
      vertex -2.5 44.6918 0.166629
    endloop
  endfacet
  facet normal -1 0 0
    outer loop
      vertex -2.5 43.8014 -1.49927
      vertex -2.5 57.5757 -13.6705
      vertex -2.5 56.1126 -16.1115
    endloop
  endfacet
  facet normal -1 0 0
    outer loop
      vertex -2.5 44.6268 0.493484
      vertex -2.5 60.8604 2.84248
      vertex -2.5 44.6673 0.331653
    endloop
  endfacet
  facet normal -1 0 0
    outer loop
      vertex -2.5 43.6506 -1.57059
      vertex -2.5 56.1126 -16.1115
      vertex -2.5 54.4173 -18.3974
    endloop
  endfacet
  facet normal -1 -0 0
    outer loop
      vertex -2.5 60.8604 2.84248
      vertex -2.5 44.6268 0.493484
      vertex -2.5 60.4428 5.65761
    endloop
  endfacet
  facet normal -1 0 0
    outer loop
      vertex -2.5 43.3317 -1.66733
      vertex -2.5 54.4173 -18.3974
      vertex -2.5 52.5061 -20.5061
    endloop
  endfacet
  facet normal -1 0 0
    outer loop
      vertex -2.5 44.5706 0.650561
      vertex -2.5 60.4428 5.65761
      vertex -2.5 44.6268 0.493484
    endloop
  endfacet
  facet normal -1 0 0
    outer loop
      vertex -2.5 43.1666 -1.69181
      vertex -2.5 52.5061 -20.5061
      vertex -2.5 50.3974 -22.4173
    endloop
  endfacet
  facet normal -1 0 0
    outer loop
      vertex -2.5 44.4993 0.801374
      vertex -2.5 60.4428 5.65761
      vertex -2.5 44.5706 0.650561
    endloop
  endfacet
  facet normal -1 0 0
    outer loop
      vertex -2.5 42.8334 -1.69181
      vertex -2.5 50.3974 -22.4173
      vertex -2.5 48.1115 -24.1126
    endloop
  endfacet
  facet normal -1 0 0
    outer loop
      vertex -2.5 44.4135 0.944468
      vertex -2.5 59.7513 8.41824
      vertex -2.5 44.4993 0.801374
    endloop
  endfacet
  facet normal -1 0 0
    outer loop
      vertex -2.5 42.6683 -1.66733
      vertex -2.5 48.1115 -24.1126
      vertex -2.5 45.6705 -25.5757
    endloop
  endfacet
  facet normal -1 0 0
    outer loop
      vertex -2.5 44.3141 1.07847
      vertex -2.5 59.7513 8.41824
      vertex -2.5 44.4135 0.944468
    endloop
  endfacet
  facet normal -1 -0 0
    outer loop
      vertex -2.5 59.7513 8.41824
      vertex -2.5 44.3141 1.07847
      vertex -2.5 58.7925 11.0978
    endloop
  endfacet
  facet normal -1 -0 0
    outer loop
      vertex -2.5 60.4428 5.65761
      vertex -2.5 44.4993 0.801374
      vertex -2.5 59.7513 8.41824
    endloop
  endfacet
  facet normal -1 0 0
    outer loop
      vertex -2.5 60.8604 -2.84248
      vertex -2.5 44.6673 -0.331653
      vertex -2.5 44.6918 -0.166629
    endloop
  endfacet
  facet normal -1 0 0
    outer loop
      vertex -2.5 60.8604 -2.84248
      vertex -2.5 44.6268 -0.493484
      vertex -2.5 44.6673 -0.331653
    endloop
  endfacet
  facet normal -1 0 0
    outer loop
      vertex -2.5 60.4428 -5.65761
      vertex -2.5 44.5706 -0.650561
      vertex -2.5 44.6268 -0.493484
    endloop
  endfacet
  facet normal -1 0 0
    outer loop
      vertex -2.5 60.4428 -5.65761
      vertex -2.5 44.4993 -0.801374
      vertex -2.5 44.5706 -0.650561
    endloop
  endfacet
  facet normal -1 0 0
    outer loop
      vertex -2.5 59.7513 -8.41824
      vertex -2.5 44.4135 -0.944468
      vertex -2.5 44.4993 -0.801374
    endloop
  endfacet
  facet normal -1 0 0
    outer loop
      vertex -2.5 59.7513 -8.41824
      vertex -2.5 44.3141 -1.07847
      vertex -2.5 44.4135 -0.944468
    endloop
  endfacet
  facet normal -1 0 0
    outer loop
      vertex -2.5 58.7925 -11.0978
      vertex -2.5 44.2021 -1.20208
      vertex -2.5 44.3141 -1.07847
    endloop
  endfacet
  facet normal -1 0 0
    outer loop
      vertex -2.5 58.7925 -11.0978
      vertex -2.5 44.0785 -1.31412
      vertex -2.5 44.2021 -1.20208
    endloop
  endfacet
  facet normal -1 0 0
    outer loop
      vertex -2.5 57.5757 -13.6705
      vertex -2.5 43.9445 -1.4135
      vertex -2.5 44.0785 -1.31412
    endloop
  endfacet
  facet normal -1 0 0
    outer loop
      vertex -2.5 57.5757 -13.6705
      vertex -2.5 43.8014 -1.49927
      vertex -2.5 43.9445 -1.4135
    endloop
  endfacet
  facet normal -1 0 0
    outer loop
      vertex -2.5 56.1126 -16.1115
      vertex -2.5 43.6506 -1.57059
      vertex -2.5 43.8014 -1.49927
    endloop
  endfacet
  facet normal -1 0 0
    outer loop
      vertex -2.5 54.4173 -18.3974
      vertex -2.5 43.4935 -1.6268
      vertex -2.5 43.6506 -1.57059
    endloop
  endfacet
  facet normal -1 0 0
    outer loop
      vertex -2.5 54.4173 -18.3974
      vertex -2.5 43.3317 -1.66733
      vertex -2.5 43.4935 -1.6268
    endloop
  endfacet
  facet normal -1 0 0
    outer loop
      vertex -2.5 52.5061 -20.5061
      vertex -2.5 43.1666 -1.69181
      vertex -2.5 43.3317 -1.66733
    endloop
  endfacet
  facet normal -1 0 0
    outer loop
      vertex -2.5 42.5065 -1.6268
      vertex -2.5 45.6705 -25.5757
      vertex -2.5 43.0978 -26.7925
    endloop
  endfacet
  facet normal -1 0 0
    outer loop
      vertex -2.5 50.3974 -22.4173
      vertex -2.5 43 -1.7
      vertex -2.5 43.1666 -1.69181
    endloop
  endfacet
  facet normal -1 0 0
    outer loop
      vertex -2.5 50.3974 -22.4173
      vertex -2.5 42.8334 -1.69181
      vertex -2.5 43 -1.7
    endloop
  endfacet
  facet normal -1 0 0
    outer loop
      vertex -2.5 48.1115 -24.1126
      vertex -2.5 42.6683 -1.66733
      vertex -2.5 42.8334 -1.69181
    endloop
  endfacet
  facet normal -1 0 0
    outer loop
      vertex -2.5 45.6705 -25.5757
      vertex -2.5 42.5065 -1.6268
      vertex -2.5 42.6683 -1.66733
    endloop
  endfacet
  facet normal -1 0 0
    outer loop
      vertex -2.5 43.0978 -26.7925
      vertex -2.5 42.3494 -1.57059
      vertex -2.5 42.5065 -1.6268
    endloop
  endfacet
  facet normal -1 0 0
    outer loop
      vertex -2.5 40.4182 -27.7513
      vertex -2.5 42.3494 -1.57059
      vertex -2.5 43.0978 -26.7925
    endloop
  endfacet
  facet normal -1 -0 0
    outer loop
      vertex -2.5 42.3494 -1.57059
      vertex -2.5 40.4182 -27.7513
      vertex -2.5 42.1986 -1.49927
    endloop
  endfacet
  facet normal -1 0 0
    outer loop
      vertex -2.5 37.6576 -28.4428
      vertex -2.5 42.1986 -1.49927
      vertex -2.5 40.4182 -27.7513
    endloop
  endfacet
  facet normal -1 0 0
    outer loop
      vertex -2.5 21.2492 -8.80171
      vertex -2.5 42.1986 -1.49927
      vertex -2.5 37.6576 -28.4428
    endloop
  endfacet
  facet normal -1 -0 0
    outer loop
      vertex -2.5 42.1986 -1.49927
      vertex -2.5 21.2492 -8.80171
      vertex -2.5 42.0555 -1.4135
    endloop
  endfacet
  facet normal -1 0 -0
    outer loop
      vertex -2.5 22.0096 -6.67654
      vertex -2.5 42.0555 -1.4135
      vertex -2.5 21.2492 -8.80171
    endloop
  endfacet
  facet normal -1 -0 0
    outer loop
      vertex -2.5 42.0555 -1.4135
      vertex -2.5 22.0096 -6.67654
      vertex -2.5 41.9215 -1.31412
    endloop
  endfacet
  facet normal -1 -0 0
    outer loop
      vertex -2.5 41.9215 -1.31412
      vertex -2.5 22.0096 -6.67654
      vertex -2.5 41.7979 -1.20208
    endloop
  endfacet
  facet normal -1 -0 0
    outer loop
      vertex -2.5 41.7979 -1.20208
      vertex -2.5 22.0096 -6.67654
      vertex -2.5 41.6859 -1.07847
    endloop
  endfacet
  facet normal -1 0 -0
    outer loop
      vertex -2.5 22.5581 -4.48708
      vertex -2.5 41.6859 -1.07847
      vertex -2.5 22.0096 -6.67654
    endloop
  endfacet
  facet normal -1 -0 0
    outer loop
      vertex -2.5 41.6859 -1.07847
      vertex -2.5 22.5581 -4.48708
      vertex -2.5 41.5865 -0.944468
    endloop
  endfacet
  facet normal -1 -0 0
    outer loop
      vertex -2.5 41.5007 -0.801374
      vertex -2.5 22.5581 -4.48708
      vertex -2.5 41.4294 -0.650561
    endloop
  endfacet
  facet normal -1 -0 0
    outer loop
      vertex -2.5 41.5865 -0.944468
      vertex -2.5 22.5581 -4.48708
      vertex -2.5 41.5007 -0.801374
    endloop
  endfacet
  facet normal -1 0 0
    outer loop
      vertex -2.5 44.2021 1.20208
      vertex -2.5 58.7925 11.0978
      vertex -2.5 44.3141 1.07847
    endloop
  endfacet
  facet normal -1 0 0
    outer loop
      vertex -2.5 44.0785 1.31412
      vertex -2.5 58.7925 11.0978
      vertex -2.5 44.2021 1.20208
    endloop
  endfacet
  facet normal -1 -0 0
    outer loop
      vertex -2.5 58.7925 11.0978
      vertex -2.5 44.0785 1.31412
      vertex -2.5 57.5757 13.6705
    endloop
  endfacet
  facet normal -1 0 0
    outer loop
      vertex -2.5 43.9445 1.4135
      vertex -2.5 57.5757 13.6705
      vertex -2.5 44.0785 1.31412
    endloop
  endfacet
  facet normal -1 0 0
    outer loop
      vertex -2.5 43.8014 1.49927
      vertex -2.5 57.5757 13.6705
      vertex -2.5 43.9445 1.4135
    endloop
  endfacet
  facet normal -1 -0 0
    outer loop
      vertex -2.5 57.5757 13.6705
      vertex -2.5 43.8014 1.49927
      vertex -2.5 56.1126 16.1115
    endloop
  endfacet
  facet normal -1 0 0
    outer loop
      vertex -2.5 43.6506 1.57059
      vertex -2.5 56.1126 16.1115
      vertex -2.5 43.8014 1.49927
    endloop
  endfacet
  facet normal -1 -0 0
    outer loop
      vertex -2.5 56.1126 16.1115
      vertex -2.5 43.6506 1.57059
      vertex -2.5 54.4173 18.3974
    endloop
  endfacet
  facet normal -1 0 0
    outer loop
      vertex -2.5 43.4935 1.6268
      vertex -2.5 54.4173 18.3974
      vertex -2.5 43.6506 1.57059
    endloop
  endfacet
  facet normal -1 0 0
    outer loop
      vertex -2.5 43.3317 1.66733
      vertex -2.5 54.4173 18.3974
      vertex -2.5 43.4935 1.6268
    endloop
  endfacet
  facet normal -1 -0 0
    outer loop
      vertex -2.5 54.4173 18.3974
      vertex -2.5 43.3317 1.66733
      vertex -2.5 52.5061 20.5061
    endloop
  endfacet
  facet normal -1 0 0
    outer loop
      vertex -2.5 43.1666 1.69181
      vertex -2.5 52.5061 20.5061
      vertex -2.5 43.3317 1.66733
    endloop
  endfacet
  facet normal -1 -0 0
    outer loop
      vertex -2.5 52.5061 20.5061
      vertex -2.5 43.1666 1.69181
      vertex -2.5 50.3974 22.4173
    endloop
  endfacet
  facet normal -1 0 0
    outer loop
      vertex -2.5 43 1.7
      vertex -2.5 50.3974 22.4173
      vertex -2.5 43.1666 1.69181
    endloop
  endfacet
  facet normal -1 0 0
    outer loop
      vertex -2.5 42.8334 1.69181
      vertex -2.5 50.3974 22.4173
      vertex -2.5 43 1.7
    endloop
  endfacet
  facet normal -1 -0 0
    outer loop
      vertex -2.5 50.3974 22.4173
      vertex -2.5 42.8334 1.69181
      vertex -2.5 48.1115 24.1126
    endloop
  endfacet
  facet normal -1 0 0
    outer loop
      vertex -2.5 42.6683 1.66733
      vertex -2.5 48.1115 24.1126
      vertex -2.5 42.8334 1.69181
    endloop
  endfacet
  facet normal -1 -0 0
    outer loop
      vertex -2.5 48.1115 24.1126
      vertex -2.5 42.6683 1.66733
      vertex -2.5 45.6705 25.5757
    endloop
  endfacet
  facet normal -1 0 0
    outer loop
      vertex -2.5 42.5065 1.6268
      vertex -2.5 45.6705 25.5757
      vertex -2.5 42.6683 1.66733
    endloop
  endfacet
  facet normal -1 -0 0
    outer loop
      vertex -2.5 45.6705 25.5757
      vertex -2.5 42.5065 1.6268
      vertex -2.5 43.0978 26.7925
    endloop
  endfacet
  facet normal -1 0 0
    outer loop
      vertex -2.5 42.3494 1.57059
      vertex -2.5 43.0978 26.7925
      vertex -2.5 42.5065 1.6268
    endloop
  endfacet
  facet normal -1 0 0
    outer loop
      vertex -2.5 40.4182 27.7513
      vertex -2.5 42.3494 1.57059
      vertex -2.5 42.1986 1.49927
    endloop
  endfacet
  facet normal -1 0 0
    outer loop
      vertex -2.5 37.6576 28.4428
      vertex -2.5 42.1986 1.49927
      vertex -2.5 42.0555 1.4135
    endloop
  endfacet
  facet normal -1 0 0
    outer loop
      vertex -2.5 41.7979 1.20208
      vertex -2.5 22.0096 6.67654
      vertex -2.5 41.9215 1.31412
    endloop
  endfacet
  facet normal -1 0 0
    outer loop
      vertex -2.5 41.5865 0.944468
      vertex -2.5 22.5581 4.48708
      vertex -2.5 41.6859 1.07847
    endloop
  endfacet
  facet normal -1 0 0
    outer loop
      vertex -2.5 41.5007 0.801374
      vertex -2.5 22.5581 4.48708
      vertex -2.5 41.5865 0.944468
    endloop
  endfacet
  facet normal -1 0 0
    outer loop
      vertex -2.5 41.4294 0.650561
      vertex -2.5 22.5581 4.48708
      vertex -2.5 41.5007 0.801374
    endloop
  endfacet
  facet normal -1 0 0
    outer loop
      vertex -2.5 22.5581 4.48708
      vertex -2.5 41.4294 0.650561
      vertex -2.5 22.8892 2.25438
    endloop
  endfacet
  facet normal -1 0 0
    outer loop
      vertex -2.5 41.3732 0.493484
      vertex -2.5 22.8892 2.25438
      vertex -2.5 41.4294 0.650561
    endloop
  endfacet
  facet normal -1 0 0
    outer loop
      vertex -2.5 41.3327 0.331653
      vertex -2.5 22.8892 2.25438
      vertex -2.5 41.3732 0.493484
    endloop
  endfacet
  facet normal -1 0 0
    outer loop
      vertex -2.5 22.8892 2.25438
      vertex -2.5 41.3327 0.331653
      vertex -2.5 23 0
    endloop
  endfacet
  facet normal -1 0 0
    outer loop
      vertex -2.5 23 0
      vertex -2.5 41.3327 0.331653
      vertex -2.5 41.3082 0.166629
    endloop
  endfacet
  facet normal -1 0 0
    outer loop
      vertex -2.5 42.3494 1.57059
      vertex -2.5 40.4182 27.7513
      vertex -2.5 43.0978 26.7925
    endloop
  endfacet
  facet normal -1 0 0
    outer loop
      vertex -2.5 23 0
      vertex -2.5 41.3082 0.166629
      vertex -2.5 41.3 0
    endloop
  endfacet
  facet normal -1 -0 0
    outer loop
      vertex -2.5 41.4294 -0.650561
      vertex -2.5 22.8892 -2.25438
      vertex -2.5 41.3732 -0.493484
    endloop
  endfacet
  facet normal -1 0 -0
    outer loop
      vertex -2.5 22.8892 -2.25438
      vertex -2.5 41.4294 -0.650561
      vertex -2.5 22.5581 -4.48708
    endloop
  endfacet
  facet normal -1 0 0
    outer loop
      vertex -2.5 22.0096 6.67654
      vertex -2.5 41.6859 1.07847
      vertex -2.5 22.5581 4.48708
    endloop
  endfacet
  facet normal -1 0 0
    outer loop
      vertex -2.5 21.2492 -8.80171
      vertex -2.5 37.6576 -28.4428
      vertex -2.5 34.8425 -28.8604
    endloop
  endfacet
  facet normal -1 0 0
    outer loop
      vertex -2.5 42.1986 1.49927
      vertex -2.5 37.6576 28.4428
      vertex -2.5 40.4182 27.7513
    endloop
  endfacet
  facet normal -1 0 0
    outer loop
      vertex -2.5 21.2492 -8.80171
      vertex -2.5 34.8425 -28.8604
      vertex -2.5 32 -29
    endloop
  endfacet
  facet normal -1 0 0
    outer loop
      vertex -2.5 42.0555 1.4135
      vertex -2.5 34.8425 28.8604
      vertex -2.5 37.6576 28.4428
    endloop
  endfacet
  facet normal -1 0 0
    outer loop
      vertex -2.5 41.6859 1.07847
      vertex -2.5 22.0096 6.67654
      vertex -2.5 41.7979 1.20208
    endloop
  endfacet
  facet normal -1 0 0
    outer loop
      vertex -2.5 41.3082 -0.166629
      vertex -2.5 23 0
      vertex -2.5 41.3 0
    endloop
  endfacet
  facet normal -1 0 -0
    outer loop
      vertex -2.5 23 0
      vertex -2.5 41.3082 -0.166629
      vertex -2.5 22.8892 -2.25438
    endloop
  endfacet
  facet normal -1 -0 0
    outer loop
      vertex -2.5 41.3327 -0.331653
      vertex -2.5 22.8892 -2.25438
      vertex -2.5 41.3082 -0.166629
    endloop
  endfacet
  facet normal -1 -0 0
    outer loop
      vertex -2.5 41.3732 -0.493484
      vertex -2.5 22.8892 -2.25438
      vertex -2.5 41.3327 -0.331653
    endloop
  endfacet
  facet normal -1 0 0
    outer loop
      vertex -2.5 32 -29
      vertex -2.5 20.2842 -10.8421
      vertex -2.5 21.2492 -8.80171
    endloop
  endfacet
  facet normal -1 0 0
    outer loop
      vertex -2.5 32 -29
      vertex -2.5 19.1238 -12.7781
      vertex -2.5 20.2842 -10.8421
    endloop
  endfacet
  facet normal -1 0 0
    outer loop
      vertex -2.5 32 -29
      vertex -2.5 17.7792 -14.591
      vertex -2.5 19.1238 -12.7781
    endloop
  endfacet
  facet normal -1 0 0
    outer loop
      vertex -2.5 32 -29
      vertex -2.5 16.2634 -16.2634
      vertex -2.5 17.7792 -14.591
    endloop
  endfacet
  facet normal -1 0 0
    outer loop
      vertex -2.5 32 -29
      vertex -2.5 14.591 -17.7792
      vertex -2.5 16.2634 -16.2634
    endloop
  endfacet
  facet normal -1 0 0
    outer loop
      vertex -2.5 32 -29
      vertex -2.5 12.7781 -19.1238
      vertex -2.5 14.591 -17.7792
    endloop
  endfacet
  facet normal -1 0 0
    outer loop
      vertex -2.5 32 -29
      vertex -2.5 10.8421 -20.2842
      vertex -2.5 12.7781 -19.1238
    endloop
  endfacet
  facet normal -1 0 0
    outer loop
      vertex -2.5 32 -29
      vertex -2.5 8.80171 -21.2492
      vertex -2.5 10.8421 -20.2842
    endloop
  endfacet
  facet normal -1 0 0
    outer loop
      vertex -2.5 32 -29
      vertex -2.5 6.67654 -22.0096
      vertex -2.5 8.80171 -21.2492
    endloop
  endfacet
  facet normal -1 0 0
    outer loop
      vertex -2.5 32 -29
      vertex -2.5 4.48708 -22.5581
      vertex -2.5 6.67654 -22.0096
    endloop
  endfacet
  facet normal -1 0 0
    outer loop
      vertex -2.5 32 -29
      vertex -2.5 2.25438 -22.8892
      vertex -2.5 4.48708 -22.5581
    endloop
  endfacet
  facet normal -1 0 0
    outer loop
      vertex -2.5 32 -29
      vertex -2.5 0 -23
      vertex -2.5 2.25438 -22.8892
    endloop
  endfacet
  facet normal -1 0 0
    outer loop
      vertex -2.5 -32 -29
      vertex -2.5 0 -23
      vertex -2.5 32 -29
    endloop
  endfacet
  facet normal -1 -0 0
    outer loop
      vertex -2.5 0 -23
      vertex -2.5 -32 -29
      vertex -2.5 -2.25438 -22.8892
    endloop
  endfacet
  facet normal -1 0 -0
    outer loop
      vertex -2.5 -41.6859 -1.07847
      vertex -2.5 -22.0096 -6.67654
      vertex -2.5 -41.7979 -1.20208
    endloop
  endfacet
  facet normal -1 0 -0
    outer loop
      vertex -2.5 -41.7979 -1.20208
      vertex -2.5 -22.0096 -6.67654
      vertex -2.5 -41.9215 -1.31412
    endloop
  endfacet
  facet normal -1 0 0
    outer loop
      vertex -2.5 -21.2492 -8.80171
      vertex -2.5 -41.9215 -1.31412
      vertex -2.5 -22.0096 -6.67654
    endloop
  endfacet
  facet normal -1 0 0
    outer loop
      vertex -2.5 -41.9215 -1.31412
      vertex -2.5 -21.2492 -8.80171
      vertex -2.5 -32 -29
    endloop
  endfacet
  facet normal -1 -0 0
    outer loop
      vertex -2.5 -20.2842 -10.8421
      vertex -2.5 -32 -29
      vertex -2.5 -21.2492 -8.80171
    endloop
  endfacet
  facet normal -1 -0 0
    outer loop
      vertex -2.5 -19.1238 -12.7781
      vertex -2.5 -32 -29
      vertex -2.5 -20.2842 -10.8421
    endloop
  endfacet
  facet normal -1 -0 0
    outer loop
      vertex -2.5 -17.7792 -14.591
      vertex -2.5 -32 -29
      vertex -2.5 -19.1238 -12.7781
    endloop
  endfacet
  facet normal -1 -0 0
    outer loop
      vertex -2.5 -16.2634 -16.2634
      vertex -2.5 -32 -29
      vertex -2.5 -17.7792 -14.591
    endloop
  endfacet
  facet normal -1 -0 0
    outer loop
      vertex -2.5 -14.591 -17.7792
      vertex -2.5 -32 -29
      vertex -2.5 -16.2634 -16.2634
    endloop
  endfacet
  facet normal -1 -0 0
    outer loop
      vertex -2.5 -12.7781 -19.1238
      vertex -2.5 -32 -29
      vertex -2.5 -14.591 -17.7792
    endloop
  endfacet
  facet normal -1 -0 0
    outer loop
      vertex -2.5 -10.8421 -20.2842
      vertex -2.5 -32 -29
      vertex -2.5 -12.7781 -19.1238
    endloop
  endfacet
  facet normal -1 -0 0
    outer loop
      vertex -2.5 -8.80171 -21.2492
      vertex -2.5 -32 -29
      vertex -2.5 -10.8421 -20.2842
    endloop
  endfacet
  facet normal -1 -0 0
    outer loop
      vertex -2.5 -6.67654 -22.0096
      vertex -2.5 -32 -29
      vertex -2.5 -8.80171 -21.2492
    endloop
  endfacet
  facet normal -1 -0 0
    outer loop
      vertex -2.5 -4.48708 -22.5581
      vertex -2.5 -32 -29
      vertex -2.5 -6.67654 -22.0096
    endloop
  endfacet
  facet normal -1 -0 0
    outer loop
      vertex -2.5 -2.25438 -22.8892
      vertex -2.5 -32 -29
      vertex -2.5 -4.48708 -22.5581
    endloop
  endfacet
  facet normal 1 -0 0
    outer loop
      vertex 2.5 -41.5007 -0.801374
      vertex 2.5 -22.5581 -4.48708
      vertex 2.5 -41.4294 -0.650561
    endloop
  endfacet
  facet normal 1 -0 0
    outer loop
      vertex 2.5 -41.5865 -0.944468
      vertex 2.5 -22.5581 -4.48708
      vertex 2.5 -41.5007 -0.801374
    endloop
  endfacet
  facet normal 1 -0 0
    outer loop
      vertex 2.5 -41.6859 -1.07847
      vertex 2.5 -22.5581 -4.48708
      vertex 2.5 -41.5865 -0.944468
    endloop
  endfacet
  facet normal 1 0 0
    outer loop
      vertex 2.5 -22.5581 -4.48708
      vertex 2.5 -41.6859 -1.07847
      vertex 2.5 -22.0096 -6.67654
    endloop
  endfacet
  facet normal 1 -0 0
    outer loop
      vertex 2.5 -41.7979 -1.20208
      vertex 2.5 -22.0096 -6.67654
      vertex 2.5 -41.6859 -1.07847
    endloop
  endfacet
  facet normal 1 -0 0
    outer loop
      vertex 2.5 -41.9215 -1.31412
      vertex 2.5 -22.0096 -6.67654
      vertex 2.5 -41.7979 -1.20208
    endloop
  endfacet
  facet normal 1 -0 0
    outer loop
      vertex 2.5 -42.0555 -1.4135
      vertex 2.5 -22.0096 -6.67654
      vertex 2.5 -41.9215 -1.31412
    endloop
  endfacet
  facet normal 1 0 0
    outer loop
      vertex 2.5 -22.0096 -6.67654
      vertex 2.5 -42.0555 -1.4135
      vertex 2.5 -21.2492 -8.80171
    endloop
  endfacet
  facet normal 1 -0 0
    outer loop
      vertex 2.5 -42.1986 -1.49927
      vertex 2.5 -21.2492 -8.80171
      vertex 2.5 -42.0555 -1.4135
    endloop
  endfacet
  facet normal 1 0 0
    outer loop
      vertex 2.5 -21.2492 -8.80171
      vertex 2.5 -42.1986 -1.49927
      vertex 2.5 -37.6576 -28.4428
    endloop
  endfacet
  facet normal 1 0 0
    outer loop
      vertex 2.5 -37.6576 -28.4428
      vertex 2.5 -42.1986 -1.49927
      vertex 2.5 -40.4182 -27.7513
    endloop
  endfacet
  facet normal 1 -0 0
    outer loop
      vertex 2.5 -42.3494 -1.57059
      vertex 2.5 -40.4182 -27.7513
      vertex 2.5 -42.1986 -1.49927
    endloop
  endfacet
  facet normal 1 0 0
    outer loop
      vertex 2.5 -43.0978 -26.7925
      vertex 2.5 -42.3494 -1.57059
      vertex 2.5 -42.5065 -1.6268
    endloop
  endfacet
  facet normal 1 0 0
    outer loop
      vertex 2.5 -45.6705 -25.5757
      vertex 2.5 -42.5065 -1.6268
      vertex 2.5 -42.6683 -1.66733
    endloop
  endfacet
  facet normal 1 0 0
    outer loop
      vertex 2.5 -48.1115 -24.1126
      vertex 2.5 -42.6683 -1.66733
      vertex 2.5 -42.8334 -1.69181
    endloop
  endfacet
  facet normal 1 0 0
    outer loop
      vertex 2.5 -50.3974 -22.4173
      vertex 2.5 -42.8334 -1.69181
      vertex 2.5 -43 -1.7
    endloop
  endfacet
  facet normal 1 0 0
    outer loop
      vertex 2.5 -42.3494 -1.57059
      vertex 2.5 -43.0978 -26.7925
      vertex 2.5 -40.4182 -27.7513
    endloop
  endfacet
  facet normal 1 0 0
    outer loop
      vertex 2.5 -50.3974 -22.4173
      vertex 2.5 -43 -1.7
      vertex 2.5 -43.1666 -1.69181
    endloop
  endfacet
  facet normal 1 0 0
    outer loop
      vertex 2.5 -52.5061 -20.5061
      vertex 2.5 -43.1666 -1.69181
      vertex 2.5 -43.3317 -1.66733
    endloop
  endfacet
  facet normal 1 0 0
    outer loop
      vertex 2.5 -54.4173 -18.3974
      vertex 2.5 -43.3317 -1.66733
      vertex 2.5 -43.4935 -1.6268
    endloop
  endfacet
  facet normal 1 0 0
    outer loop
      vertex 2.5 -54.4173 -18.3974
      vertex 2.5 -43.4935 -1.6268
      vertex 2.5 -43.6506 -1.57059
    endloop
  endfacet
  facet normal 1 0 0
    outer loop
      vertex 2.5 -56.1126 -16.1115
      vertex 2.5 -43.6506 -1.57059
      vertex 2.5 -43.8014 -1.49927
    endloop
  endfacet
  facet normal 1 0 0
    outer loop
      vertex 2.5 -57.5757 -13.6705
      vertex 2.5 -43.8014 -1.49927
      vertex 2.5 -43.9445 -1.4135
    endloop
  endfacet
  facet normal 1 0 0
    outer loop
      vertex 2.5 -57.5757 -13.6705
      vertex 2.5 -43.9445 -1.4135
      vertex 2.5 -44.0785 -1.31412
    endloop
  endfacet
  facet normal 1 0 0
    outer loop
      vertex 2.5 -58.7925 -11.0978
      vertex 2.5 -44.0785 -1.31412
      vertex 2.5 -44.2021 -1.20208
    endloop
  endfacet
  facet normal 1 0 0
    outer loop
      vertex 2.5 -58.7925 -11.0978
      vertex 2.5 -44.2021 -1.20208
      vertex 2.5 -44.3141 -1.07847
    endloop
  endfacet
  facet normal 1 0 0
    outer loop
      vertex 2.5 -59.7513 -8.41824
      vertex 2.5 -44.3141 -1.07847
      vertex 2.5 -44.4135 -0.944468
    endloop
  endfacet
  facet normal 1 0 0
    outer loop
      vertex 2.5 -59.7513 -8.41824
      vertex 2.5 -44.4135 -0.944468
      vertex 2.5 -44.4993 -0.801374
    endloop
  endfacet
  facet normal 1 0 0
    outer loop
      vertex 2.5 -60.4428 -5.65761
      vertex 2.5 -44.4993 -0.801374
      vertex 2.5 -44.5706 -0.650561
    endloop
  endfacet
  facet normal 1 0 0
    outer loop
      vertex 2.5 -60.4428 -5.65761
      vertex 2.5 -44.5706 -0.650561
      vertex 2.5 -44.6268 -0.493484
    endloop
  endfacet
  facet normal 1 0 0
    outer loop
      vertex 2.5 -60.8604 -2.84248
      vertex 2.5 -44.6268 -0.493484
      vertex 2.5 -44.6673 -0.331653
    endloop
  endfacet
  facet normal 1 0 0
    outer loop
      vertex 2.5 -60.8604 -2.84248
      vertex 2.5 -44.6673 -0.331653
      vertex 2.5 -44.6918 -0.166629
    endloop
  endfacet
  facet normal 1 0 0
    outer loop
      vertex 2.5 -42.5065 -1.6268
      vertex 2.5 -45.6705 -25.5757
      vertex 2.5 -43.0978 -26.7925
    endloop
  endfacet
  facet normal 1 -0 0
    outer loop
      vertex 2.5 -61 0
      vertex 2.5 -44.6918 -0.166629
      vertex 2.5 -44.7 0
    endloop
  endfacet
  facet normal 1 -0 0
    outer loop
      vertex 2.5 -59.7513 8.41824
      vertex 2.5 -44.3141 1.07847
      vertex 2.5 -58.7925 11.0978
    endloop
  endfacet
  facet normal 1 0 0
    outer loop
      vertex 2.5 -44.3141 1.07847
      vertex 2.5 -59.7513 8.41824
      vertex 2.5 -44.4135 0.944468
    endloop
  endfacet
  facet normal 1 0 0
    outer loop
      vertex 2.5 -42.6683 -1.66733
      vertex 2.5 -48.1115 -24.1126
      vertex 2.5 -45.6705 -25.5757
    endloop
  endfacet
  facet normal 1 0 0
    outer loop
      vertex 2.5 -44.4135 0.944468
      vertex 2.5 -59.7513 8.41824
      vertex 2.5 -44.4993 0.801374
    endloop
  endfacet
  facet normal 1 0 0
    outer loop
      vertex 2.5 -42.8334 -1.69181
      vertex 2.5 -50.3974 -22.4173
      vertex 2.5 -48.1115 -24.1126
    endloop
  endfacet
  facet normal 1 -0 0
    outer loop
      vertex 2.5 -60.4428 5.65761
      vertex 2.5 -44.4993 0.801374
      vertex 2.5 -59.7513 8.41824
    endloop
  endfacet
  facet normal 1 0 0
    outer loop
      vertex 2.5 -43.1666 -1.69181
      vertex 2.5 -52.5061 -20.5061
      vertex 2.5 -50.3974 -22.4173
    endloop
  endfacet
  facet normal 1 0 0
    outer loop
      vertex 2.5 -44.4993 0.801374
      vertex 2.5 -60.4428 5.65761
      vertex 2.5 -44.5706 0.650561
    endloop
  endfacet
  facet normal 1 0 0
    outer loop
      vertex 2.5 -43.3317 -1.66733
      vertex 2.5 -54.4173 -18.3974
      vertex 2.5 -52.5061 -20.5061
    endloop
  endfacet
  facet normal 1 0 0
    outer loop
      vertex 2.5 -44.5706 0.650561
      vertex 2.5 -60.4428 5.65761
      vertex 2.5 -44.6268 0.493484
    endloop
  endfacet
  facet normal 1 0 0
    outer loop
      vertex 2.5 -43.6506 -1.57059
      vertex 2.5 -56.1126 -16.1115
      vertex 2.5 -54.4173 -18.3974
    endloop
  endfacet
  facet normal 1 -0 0
    outer loop
      vertex 2.5 -60.8604 2.84248
      vertex 2.5 -44.6268 0.493484
      vertex 2.5 -60.4428 5.65761
    endloop
  endfacet
  facet normal 1 0 0
    outer loop
      vertex 2.5 -43.8014 -1.49927
      vertex 2.5 -57.5757 -13.6705
      vertex 2.5 -56.1126 -16.1115
    endloop
  endfacet
  facet normal 1 0 0
    outer loop
      vertex 2.5 -44.6268 0.493484
      vertex 2.5 -60.8604 2.84248
      vertex 2.5 -44.6673 0.331653
    endloop
  endfacet
  facet normal 1 0 0
    outer loop
      vertex 2.5 -44.0785 -1.31412
      vertex 2.5 -58.7925 -11.0978
      vertex 2.5 -57.5757 -13.6705
    endloop
  endfacet
  facet normal 1 0 0
    outer loop
      vertex 2.5 -44.6673 0.331653
      vertex 2.5 -60.8604 2.84248
      vertex 2.5 -44.6918 0.166629
    endloop
  endfacet
  facet normal 1 0 0
    outer loop
      vertex 2.5 -44.3141 -1.07847
      vertex 2.5 -59.7513 -8.41824
      vertex 2.5 -58.7925 -11.0978
    endloop
  endfacet
  facet normal 1 0 0
    outer loop
      vertex 2.5 -61 0
      vertex 2.5 -44.6918 0.166629
      vertex 2.5 -60.8604 2.84248
    endloop
  endfacet
  facet normal 1 0 0
    outer loop
      vertex 2.5 -44.4993 -0.801374
      vertex 2.5 -60.4428 -5.65761
      vertex 2.5 -59.7513 -8.41824
    endloop
  endfacet
  facet normal 1 0 0
    outer loop
      vertex 2.5 -44.6918 0.166629
      vertex 2.5 -61 0
      vertex 2.5 -44.7 0
    endloop
  endfacet
  facet normal 1 0 0
    outer loop
      vertex 2.5 -44.6268 -0.493484
      vertex 2.5 -60.8604 -2.84248
      vertex 2.5 -60.4428 -5.65761
    endloop
  endfacet
  facet normal 1 0 0
    outer loop
      vertex 2.5 -44.6918 -0.166629
      vertex 2.5 -61 0
      vertex 2.5 -60.8604 -2.84248
    endloop
  endfacet
  facet normal 1 0 0
    outer loop
      vertex 2.5 41.9215 -1.31412
      vertex 2.5 22.0096 -6.67654
      vertex 2.5 42.0555 -1.4135
    endloop
  endfacet
  facet normal 1 0 0
    outer loop
      vertex 2.5 21.2492 -8.80171
      vertex 2.5 42.0555 -1.4135
      vertex 2.5 22.0096 -6.67654
    endloop
  endfacet
  facet normal 1 0 0
    outer loop
      vertex 2.5 42.0555 -1.4135
      vertex 2.5 21.2492 -8.80171
      vertex 2.5 34.8425 -28.8604
    endloop
  endfacet
  facet normal 1 0 0
    outer loop
      vertex 2.5 34.8425 -28.8604
      vertex 2.5 21.2492 -8.80171
      vertex 2.5 32 -29
    endloop
  endfacet
  facet normal 1 -0 0
    outer loop
      vertex 2.5 20.2842 -10.8421
      vertex 2.5 32 -29
      vertex 2.5 21.2492 -8.80171
    endloop
  endfacet
  facet normal 1 -0 0
    outer loop
      vertex 2.5 19.1238 -12.7781
      vertex 2.5 32 -29
      vertex 2.5 20.2842 -10.8421
    endloop
  endfacet
  facet normal 1 -0 0
    outer loop
      vertex 2.5 17.7792 -14.591
      vertex 2.5 32 -29
      vertex 2.5 19.1238 -12.7781
    endloop
  endfacet
  facet normal 1 -0 0
    outer loop
      vertex 2.5 16.2634 -16.2634
      vertex 2.5 32 -29
      vertex 2.5 17.7792 -14.591
    endloop
  endfacet
  facet normal 1 -0 0
    outer loop
      vertex 2.5 14.591 -17.7792
      vertex 2.5 32 -29
      vertex 2.5 16.2634 -16.2634
    endloop
  endfacet
  facet normal 1 -0 0
    outer loop
      vertex 2.5 12.7781 -19.1238
      vertex 2.5 32 -29
      vertex 2.5 14.591 -17.7792
    endloop
  endfacet
  facet normal 1 -0 0
    outer loop
      vertex 2.5 10.8421 -20.2842
      vertex 2.5 32 -29
      vertex 2.5 12.7781 -19.1238
    endloop
  endfacet
  facet normal 1 -0 0
    outer loop
      vertex 2.5 8.80171 -21.2492
      vertex 2.5 32 -29
      vertex 2.5 10.8421 -20.2842
    endloop
  endfacet
  facet normal 1 -0 0
    outer loop
      vertex 2.5 6.67654 -22.0096
      vertex 2.5 32 -29
      vertex 2.5 8.80171 -21.2492
    endloop
  endfacet
  facet normal 1 -0 0
    outer loop
      vertex 2.5 4.48708 -22.5581
      vertex 2.5 32 -29
      vertex 2.5 6.67654 -22.0096
    endloop
  endfacet
  facet normal 1 -0 0
    outer loop
      vertex 2.5 2.25438 -22.8892
      vertex 2.5 32 -29
      vertex 2.5 4.48708 -22.5581
    endloop
  endfacet
  facet normal 1 -0 0
    outer loop
      vertex 2.5 0 -23
      vertex 2.5 32 -29
      vertex 2.5 2.25438 -22.8892
    endloop
  endfacet
  facet normal 1 0 0
    outer loop
      vertex 2.5 -32 -29
      vertex 2.5 0 -23
      vertex 2.5 -2.25438 -22.8892
    endloop
  endfacet
  facet normal 1 0 0
    outer loop
      vertex 2.5 -32 -29
      vertex 2.5 -2.25438 -22.8892
      vertex 2.5 -4.48708 -22.5581
    endloop
  endfacet
  facet normal 1 0 0
    outer loop
      vertex 2.5 -22.0096 6.67654
      vertex 2.5 -41.6859 1.07847
      vertex 2.5 -22.5581 4.48708
    endloop
  endfacet
  facet normal 1 0 -0
    outer loop
      vertex 2.5 -41.5007 0.801374
      vertex 2.5 -22.5581 4.48708
      vertex 2.5 -41.5865 0.944468
    endloop
  endfacet
  facet normal 1 0 0
    outer loop
      vertex 2.5 -22.5581 4.48708
      vertex 2.5 -41.4294 0.650561
      vertex 2.5 -22.8892 2.25438
    endloop
  endfacet
  facet normal 1 0 0
    outer loop
      vertex 2.5 0 -23
      vertex 2.5 -32 -29
      vertex 2.5 32 -29
    endloop
  endfacet
  facet normal 1 0 0
    outer loop
      vertex 2.5 -6.67654 -22.0096
      vertex 2.5 -32 -29
      vertex 2.5 -4.48708 -22.5581
    endloop
  endfacet
  facet normal 1 0 0
    outer loop
      vertex 2.5 -8.80171 -21.2492
      vertex 2.5 -32 -29
      vertex 2.5 -6.67654 -22.0096
    endloop
  endfacet
  facet normal 1 0 0
    outer loop
      vertex 2.5 -10.8421 -20.2842
      vertex 2.5 -32 -29
      vertex 2.5 -8.80171 -21.2492
    endloop
  endfacet
  facet normal 1 0 0
    outer loop
      vertex 2.5 -12.7781 -19.1238
      vertex 2.5 -32 -29
      vertex 2.5 -10.8421 -20.2842
    endloop
  endfacet
  facet normal 1 0 0
    outer loop
      vertex 2.5 -14.591 -17.7792
      vertex 2.5 -32 -29
      vertex 2.5 -12.7781 -19.1238
    endloop
  endfacet
  facet normal 1 0 0
    outer loop
      vertex 2.5 -16.2634 -16.2634
      vertex 2.5 -32 -29
      vertex 2.5 -14.591 -17.7792
    endloop
  endfacet
  facet normal 1 0 0
    outer loop
      vertex 2.5 -17.7792 -14.591
      vertex 2.5 -32 -29
      vertex 2.5 -16.2634 -16.2634
    endloop
  endfacet
  facet normal 1 0 0
    outer loop
      vertex 2.5 -19.1238 -12.7781
      vertex 2.5 -32 -29
      vertex 2.5 -17.7792 -14.591
    endloop
  endfacet
  facet normal 1 0 0
    outer loop
      vertex 2.5 -20.2842 -10.8421
      vertex 2.5 -32 -29
      vertex 2.5 -19.1238 -12.7781
    endloop
  endfacet
  facet normal 1 0 0
    outer loop
      vertex 2.5 -21.2492 -8.80171
      vertex 2.5 -32 -29
      vertex 2.5 -20.2842 -10.8421
    endloop
  endfacet
  facet normal 1 -0 0
    outer loop
      vertex 2.5 -41.3732 -0.493484
      vertex 2.5 -22.8892 -2.25438
      vertex 2.5 -41.3327 -0.331653
    endloop
  endfacet
  facet normal 1 0 -0
    outer loop
      vertex 2.5 -41.3327 0.331653
      vertex 2.5 -22.8892 2.25438
      vertex 2.5 -41.3732 0.493484
    endloop
  endfacet
  facet normal 1 0 0
    outer loop
      vertex 2.5 -41.9215 1.31412
      vertex 2.5 -32 29
      vertex 2.5 -34.8425 28.8604
    endloop
  endfacet
  facet normal 1 -0 0
    outer loop
      vertex 2.5 -41.4294 -0.650561
      vertex 2.5 -22.8892 -2.25438
      vertex 2.5 -41.3732 -0.493484
    endloop
  endfacet
  facet normal 1 0 0
    outer loop
      vertex 2.5 -42.0555 1.4135
      vertex 2.5 -34.8425 28.8604
      vertex 2.5 -37.6576 28.4428
    endloop
  endfacet
  facet normal 1 0 0
    outer loop
      vertex 2.5 -21.2492 -8.80171
      vertex 2.5 -34.8425 -28.8604
      vertex 2.5 -32 -29
    endloop
  endfacet
  facet normal 1 0 0
    outer loop
      vertex 2.5 -42.1986 1.49927
      vertex 2.5 -37.6576 28.4428
      vertex 2.5 -40.4182 27.7513
    endloop
  endfacet
  facet normal 1 0 0
    outer loop
      vertex 2.5 -21.2492 -8.80171
      vertex 2.5 -37.6576 -28.4428
      vertex 2.5 -34.8425 -28.8604
    endloop
  endfacet
  facet normal 1 0 0
    outer loop
      vertex 2.5 -22.8892 -2.25438
      vertex 2.5 -41.4294 -0.650561
      vertex 2.5 -22.5581 -4.48708
    endloop
  endfacet
  facet normal 1 -0 0
    outer loop
      vertex 2.5 -41.3327 -0.331653
      vertex 2.5 -22.8892 -2.25438
      vertex 2.5 -41.3082 -0.166629
    endloop
  endfacet
  facet normal 1 0 0
    outer loop
      vertex 2.5 -23 0
      vertex 2.5 -41.3082 -0.166629
      vertex 2.5 -22.8892 -2.25438
    endloop
  endfacet
  facet normal 1 0 0
    outer loop
      vertex 2.5 -41.3082 -0.166629
      vertex 2.5 -23 0
      vertex 2.5 -41.3 0
    endloop
  endfacet
  facet normal 1 0 -0
    outer loop
      vertex 2.5 -41.3 0
      vertex 2.5 -23 0
      vertex 2.5 -41.3082 0.166629
    endloop
  endfacet
  facet normal 1 -0 -0
    outer loop
      vertex 2.5 -41.3082 0.166629
      vertex 2.5 -23 0
      vertex 2.5 -41.3327 0.331653
    endloop
  endfacet
  facet normal 1 0 0
    outer loop
      vertex 2.5 -22.8892 2.25438
      vertex 2.5 -41.3327 0.331653
      vertex 2.5 -23 0
    endloop
  endfacet
  facet normal 1 0 -0
    outer loop
      vertex 2.5 -41.3732 0.493484
      vertex 2.5 -22.8892 2.25438
      vertex 2.5 -41.4294 0.650561
    endloop
  endfacet
  facet normal 1 0 -0
    outer loop
      vertex 2.5 -41.4294 0.650561
      vertex 2.5 -22.5581 4.48708
      vertex 2.5 -41.5007 0.801374
    endloop
  endfacet
  facet normal 1 0 -0
    outer loop
      vertex 2.5 -41.5865 0.944468
      vertex 2.5 -22.5581 4.48708
      vertex 2.5 -41.6859 1.07847
    endloop
  endfacet
  facet normal 1 0 0
    outer loop
      vertex 2.5 -34.8425 28.8604
      vertex 2.5 -42.0555 1.4135
      vertex 2.5 -41.9215 1.31412
    endloop
  endfacet
  facet normal 1 0 0
    outer loop
      vertex 2.5 -37.6576 28.4428
      vertex 2.5 -42.1986 1.49927
      vertex 2.5 -42.0555 1.4135
    endloop
  endfacet
  facet normal 1 0 0
    outer loop
      vertex 2.5 -40.4182 27.7513
      vertex 2.5 -42.3494 1.57059
      vertex 2.5 -42.1986 1.49927
    endloop
  endfacet
  facet normal 1 -0 0
    outer loop
      vertex 2.5 -43.0978 26.7925
      vertex 2.5 -42.3494 1.57059
      vertex 2.5 -40.4182 27.7513
    endloop
  endfacet
  facet normal 1 0 0
    outer loop
      vertex 2.5 -42.3494 1.57059
      vertex 2.5 -43.0978 26.7925
      vertex 2.5 -42.5065 1.6268
    endloop
  endfacet
  facet normal 1 -0 0
    outer loop
      vertex 2.5 -45.6705 25.5757
      vertex 2.5 -42.5065 1.6268
      vertex 2.5 -43.0978 26.7925
    endloop
  endfacet
  facet normal 1 0 0
    outer loop
      vertex 2.5 -42.5065 1.6268
      vertex 2.5 -45.6705 25.5757
      vertex 2.5 -42.6683 1.66733
    endloop
  endfacet
  facet normal 1 -0 0
    outer loop
      vertex 2.5 -48.1115 24.1126
      vertex 2.5 -42.6683 1.66733
      vertex 2.5 -45.6705 25.5757
    endloop
  endfacet
  facet normal 1 0 0
    outer loop
      vertex 2.5 -42.6683 1.66733
      vertex 2.5 -48.1115 24.1126
      vertex 2.5 -42.8334 1.69181
    endloop
  endfacet
  facet normal 1 -0 0
    outer loop
      vertex 2.5 -50.3974 22.4173
      vertex 2.5 -42.8334 1.69181
      vertex 2.5 -48.1115 24.1126
    endloop
  endfacet
  facet normal 1 0 0
    outer loop
      vertex 2.5 -42.8334 1.69181
      vertex 2.5 -50.3974 22.4173
      vertex 2.5 -43 1.7
    endloop
  endfacet
  facet normal 1 0 0
    outer loop
      vertex 2.5 -43 1.7
      vertex 2.5 -50.3974 22.4173
      vertex 2.5 -43.1666 1.69181
    endloop
  endfacet
  facet normal 1 -0 0
    outer loop
      vertex 2.5 -52.5061 20.5061
      vertex 2.5 -43.1666 1.69181
      vertex 2.5 -50.3974 22.4173
    endloop
  endfacet
  facet normal 1 0 0
    outer loop
      vertex 2.5 -43.1666 1.69181
      vertex 2.5 -52.5061 20.5061
      vertex 2.5 -43.3317 1.66733
    endloop
  endfacet
  facet normal 1 -0 0
    outer loop
      vertex 2.5 -54.4173 18.3974
      vertex 2.5 -43.3317 1.66733
      vertex 2.5 -52.5061 20.5061
    endloop
  endfacet
  facet normal 1 0 0
    outer loop
      vertex 2.5 -43.3317 1.66733
      vertex 2.5 -54.4173 18.3974
      vertex 2.5 -43.4935 1.6268
    endloop
  endfacet
  facet normal 1 0 0
    outer loop
      vertex 2.5 -43.4935 1.6268
      vertex 2.5 -54.4173 18.3974
      vertex 2.5 -43.6506 1.57059
    endloop
  endfacet
  facet normal 1 -0 0
    outer loop
      vertex 2.5 -56.1126 16.1115
      vertex 2.5 -43.6506 1.57059
      vertex 2.5 -54.4173 18.3974
    endloop
  endfacet
  facet normal 1 0 0
    outer loop
      vertex 2.5 -43.6506 1.57059
      vertex 2.5 -56.1126 16.1115
      vertex 2.5 -43.8014 1.49927
    endloop
  endfacet
  facet normal 1 -0 0
    outer loop
      vertex 2.5 -57.5757 13.6705
      vertex 2.5 -43.8014 1.49927
      vertex 2.5 -56.1126 16.1115
    endloop
  endfacet
  facet normal 1 0 0
    outer loop
      vertex 2.5 -43.8014 1.49927
      vertex 2.5 -57.5757 13.6705
      vertex 2.5 -43.9445 1.4135
    endloop
  endfacet
  facet normal 1 0 0
    outer loop
      vertex 2.5 -43.9445 1.4135
      vertex 2.5 -57.5757 13.6705
      vertex 2.5 -44.0785 1.31412
    endloop
  endfacet
  facet normal 1 -0 0
    outer loop
      vertex 2.5 -58.7925 11.0978
      vertex 2.5 -44.0785 1.31412
      vertex 2.5 -57.5757 13.6705
    endloop
  endfacet
  facet normal 1 0 0
    outer loop
      vertex 2.5 -44.2021 1.20208
      vertex 2.5 -58.7925 11.0978
      vertex 2.5 -44.3141 1.07847
    endloop
  endfacet
  facet normal 1 0 0
    outer loop
      vertex 2.5 -44.0785 1.31412
      vertex 2.5 -58.7925 11.0978
      vertex 2.5 -44.2021 1.20208
    endloop
  endfacet
  facet normal 1 -0 0
    outer loop
      vertex 2.5 44.6918 0.166629
      vertex 2.5 61 0
      vertex 2.5 60.8604 2.84248
    endloop
  endfacet
  facet normal 1 0 0
    outer loop
      vertex 2.5 44.6268 0.493484
      vertex 2.5 60.8604 2.84248
      vertex 2.5 60.4428 5.65761
    endloop
  endfacet
  facet normal 1 0 0
    outer loop
      vertex 2.5 61 0
      vertex 2.5 44.6918 0.166629
      vertex 2.5 44.7 0
    endloop
  endfacet
  facet normal 1 0 0
    outer loop
      vertex 2.5 44.4993 0.801374
      vertex 2.5 60.4428 5.65761
      vertex 2.5 59.7513 8.41824
    endloop
  endfacet
  facet normal 1 0 0
    outer loop
      vertex 2.5 44.6918 -0.166629
      vertex 2.5 61 0
      vertex 2.5 44.7 0
    endloop
  endfacet
  facet normal 1 0 0
    outer loop
      vertex 2.5 44.3141 1.07847
      vertex 2.5 59.7513 8.41824
      vertex 2.5 58.7925 11.0978
    endloop
  endfacet
  facet normal 1 0 0
    outer loop
      vertex 2.5 61 0
      vertex 2.5 44.6918 -0.166629
      vertex 2.5 60.8604 -2.84248
    endloop
  endfacet
  facet normal 1 0 0
    outer loop
      vertex 2.5 44.0785 1.31412
      vertex 2.5 58.7925 11.0978
      vertex 2.5 57.5757 13.6705
    endloop
  endfacet
  facet normal 1 -0 0
    outer loop
      vertex 2.5 44.6673 -0.331653
      vertex 2.5 60.8604 -2.84248
      vertex 2.5 44.6918 -0.166629
    endloop
  endfacet
  facet normal 1 0 0
    outer loop
      vertex 2.5 43.8014 1.49927
      vertex 2.5 57.5757 13.6705
      vertex 2.5 56.1126 16.1115
    endloop
  endfacet
  facet normal 1 -0 0
    outer loop
      vertex 2.5 44.6268 -0.493484
      vertex 2.5 60.8604 -2.84248
      vertex 2.5 44.6673 -0.331653
    endloop
  endfacet
  facet normal 1 0 0
    outer loop
      vertex 2.5 43.6506 1.57059
      vertex 2.5 56.1126 16.1115
      vertex 2.5 54.4173 18.3974
    endloop
  endfacet
  facet normal 1 0 0
    outer loop
      vertex 2.5 60.8604 -2.84248
      vertex 2.5 44.6268 -0.493484
      vertex 2.5 60.4428 -5.65761
    endloop
  endfacet
  facet normal 1 0 0
    outer loop
      vertex 2.5 43.3317 1.66733
      vertex 2.5 54.4173 18.3974
      vertex 2.5 52.5061 20.5061
    endloop
  endfacet
  facet normal 1 -0 0
    outer loop
      vertex 2.5 44.5706 -0.650561
      vertex 2.5 60.4428 -5.65761
      vertex 2.5 44.6268 -0.493484
    endloop
  endfacet
  facet normal 1 0 0
    outer loop
      vertex 2.5 43.1666 1.69181
      vertex 2.5 52.5061 20.5061
      vertex 2.5 50.3974 22.4173
    endloop
  endfacet
  facet normal 1 -0 0
    outer loop
      vertex 2.5 44.4993 -0.801374
      vertex 2.5 60.4428 -5.65761
      vertex 2.5 44.5706 -0.650561
    endloop
  endfacet
  facet normal 1 0 0
    outer loop
      vertex 2.5 42.8334 1.69181
      vertex 2.5 50.3974 22.4173
      vertex 2.5 48.1115 24.1126
    endloop
  endfacet
  facet normal 1 -0 0
    outer loop
      vertex 2.5 44.4135 -0.944468
      vertex 2.5 59.7513 -8.41824
      vertex 2.5 44.4993 -0.801374
    endloop
  endfacet
  facet normal 1 0 0
    outer loop
      vertex 2.5 42.6683 1.66733
      vertex 2.5 48.1115 24.1126
      vertex 2.5 45.6705 25.5757
    endloop
  endfacet
  facet normal 1 -0 0
    outer loop
      vertex 2.5 44.3141 -1.07847
      vertex 2.5 59.7513 -8.41824
      vertex 2.5 44.4135 -0.944468
    endloop
  endfacet
  facet normal 1 0 0
    outer loop
      vertex 2.5 59.7513 -8.41824
      vertex 2.5 44.3141 -1.07847
      vertex 2.5 58.7925 -11.0978
    endloop
  endfacet
  facet normal 1 0 0
    outer loop
      vertex 2.5 60.4428 -5.65761
      vertex 2.5 44.4993 -0.801374
      vertex 2.5 59.7513 -8.41824
    endloop
  endfacet
  facet normal 1 0 0
    outer loop
      vertex 2.5 60.8604 2.84248
      vertex 2.5 44.6673 0.331653
      vertex 2.5 44.6918 0.166629
    endloop
  endfacet
  facet normal 1 0 0
    outer loop
      vertex 2.5 60.8604 2.84248
      vertex 2.5 44.6268 0.493484
      vertex 2.5 44.6673 0.331653
    endloop
  endfacet
  facet normal 1 0 0
    outer loop
      vertex 2.5 60.4428 5.65761
      vertex 2.5 44.5706 0.650561
      vertex 2.5 44.6268 0.493484
    endloop
  endfacet
  facet normal 1 0 0
    outer loop
      vertex 2.5 60.4428 5.65761
      vertex 2.5 44.4993 0.801374
      vertex 2.5 44.5706 0.650561
    endloop
  endfacet
  facet normal 1 0 0
    outer loop
      vertex 2.5 59.7513 8.41824
      vertex 2.5 44.4135 0.944468
      vertex 2.5 44.4993 0.801374
    endloop
  endfacet
  facet normal 1 0 0
    outer loop
      vertex 2.5 59.7513 8.41824
      vertex 2.5 44.3141 1.07847
      vertex 2.5 44.4135 0.944468
    endloop
  endfacet
  facet normal 1 0 0
    outer loop
      vertex 2.5 58.7925 11.0978
      vertex 2.5 44.2021 1.20208
      vertex 2.5 44.3141 1.07847
    endloop
  endfacet
  facet normal 1 0 0
    outer loop
      vertex 2.5 58.7925 11.0978
      vertex 2.5 44.0785 1.31412
      vertex 2.5 44.2021 1.20208
    endloop
  endfacet
  facet normal 1 0 0
    outer loop
      vertex 2.5 57.5757 13.6705
      vertex 2.5 43.9445 1.4135
      vertex 2.5 44.0785 1.31412
    endloop
  endfacet
  facet normal 1 0 0
    outer loop
      vertex 2.5 57.5757 13.6705
      vertex 2.5 43.8014 1.49927
      vertex 2.5 43.9445 1.4135
    endloop
  endfacet
  facet normal 1 0 0
    outer loop
      vertex 2.5 56.1126 16.1115
      vertex 2.5 43.6506 1.57059
      vertex 2.5 43.8014 1.49927
    endloop
  endfacet
  facet normal 1 0 0
    outer loop
      vertex 2.5 54.4173 18.3974
      vertex 2.5 43.4935 1.6268
      vertex 2.5 43.6506 1.57059
    endloop
  endfacet
  facet normal 1 0 0
    outer loop
      vertex 2.5 54.4173 18.3974
      vertex 2.5 43.3317 1.66733
      vertex 2.5 43.4935 1.6268
    endloop
  endfacet
  facet normal 1 0 0
    outer loop
      vertex 2.5 52.5061 20.5061
      vertex 2.5 43.1666 1.69181
      vertex 2.5 43.3317 1.66733
    endloop
  endfacet
  facet normal 1 0 0
    outer loop
      vertex 2.5 42.5065 1.6268
      vertex 2.5 45.6705 25.5757
      vertex 2.5 43.0978 26.7925
    endloop
  endfacet
  facet normal 1 0 0
    outer loop
      vertex 2.5 50.3974 22.4173
      vertex 2.5 43 1.7
      vertex 2.5 43.1666 1.69181
    endloop
  endfacet
  facet normal 1 0 0
    outer loop
      vertex 2.5 50.3974 22.4173
      vertex 2.5 42.8334 1.69181
      vertex 2.5 43 1.7
    endloop
  endfacet
  facet normal 1 0 0
    outer loop
      vertex 2.5 48.1115 24.1126
      vertex 2.5 42.6683 1.66733
      vertex 2.5 42.8334 1.69181
    endloop
  endfacet
  facet normal 1 0 0
    outer loop
      vertex 2.5 45.6705 25.5757
      vertex 2.5 42.5065 1.6268
      vertex 2.5 42.6683 1.66733
    endloop
  endfacet
  facet normal 1 0 0
    outer loop
      vertex 2.5 43.0978 26.7925
      vertex 2.5 42.3494 1.57059
      vertex 2.5 42.5065 1.6268
    endloop
  endfacet
  facet normal 1 0 0
    outer loop
      vertex 2.5 40.4182 27.7513
      vertex 2.5 42.3494 1.57059
      vertex 2.5 43.0978 26.7925
    endloop
  endfacet
  facet normal 1 0 0
    outer loop
      vertex 2.5 42.3494 1.57059
      vertex 2.5 40.4182 27.7513
      vertex 2.5 42.1986 1.49927
    endloop
  endfacet
  facet normal 1 0 0
    outer loop
      vertex 2.5 37.6576 28.4428
      vertex 2.5 42.1986 1.49927
      vertex 2.5 40.4182 27.7513
    endloop
  endfacet
  facet normal 1 -0 0
    outer loop
      vertex 2.5 21.2492 8.80171
      vertex 2.5 42.1986 1.49927
      vertex 2.5 37.6576 28.4428
    endloop
  endfacet
  facet normal 1 0 0
    outer loop
      vertex 2.5 42.1986 1.49927
      vertex 2.5 21.2492 8.80171
      vertex 2.5 42.0555 1.4135
    endloop
  endfacet
  facet normal 1 -0 -0
    outer loop
      vertex 2.5 22.0096 6.67654
      vertex 2.5 42.0555 1.4135
      vertex 2.5 21.2492 8.80171
    endloop
  endfacet
  facet normal 1 0 0
    outer loop
      vertex 2.5 42.0555 1.4135
      vertex 2.5 22.0096 6.67654
      vertex 2.5 41.9215 1.31412
    endloop
  endfacet
  facet normal 1 0 0
    outer loop
      vertex 2.5 41.9215 1.31412
      vertex 2.5 22.0096 6.67654
      vertex 2.5 41.7979 1.20208
    endloop
  endfacet
  facet normal 1 0 0
    outer loop
      vertex 2.5 41.7979 1.20208
      vertex 2.5 22.0096 6.67654
      vertex 2.5 41.6859 1.07847
    endloop
  endfacet
  facet normal 1 -0 -0
    outer loop
      vertex 2.5 22.5581 4.48708
      vertex 2.5 41.6859 1.07847
      vertex 2.5 22.0096 6.67654
    endloop
  endfacet
  facet normal 1 0 0
    outer loop
      vertex 2.5 41.6859 1.07847
      vertex 2.5 22.5581 4.48708
      vertex 2.5 41.5865 0.944468
    endloop
  endfacet
  facet normal 1 0 0
    outer loop
      vertex 2.5 41.5007 0.801374
      vertex 2.5 22.5581 4.48708
      vertex 2.5 41.4294 0.650561
    endloop
  endfacet
  facet normal 1 0 0
    outer loop
      vertex 2.5 41.5865 0.944468
      vertex 2.5 22.5581 4.48708
      vertex 2.5 41.5007 0.801374
    endloop
  endfacet
  facet normal 1 -0 0
    outer loop
      vertex 2.5 44.2021 -1.20208
      vertex 2.5 58.7925 -11.0978
      vertex 2.5 44.3141 -1.07847
    endloop
  endfacet
  facet normal 1 -0 0
    outer loop
      vertex 2.5 44.0785 -1.31412
      vertex 2.5 58.7925 -11.0978
      vertex 2.5 44.2021 -1.20208
    endloop
  endfacet
  facet normal 1 0 0
    outer loop
      vertex 2.5 58.7925 -11.0978
      vertex 2.5 44.0785 -1.31412
      vertex 2.5 57.5757 -13.6705
    endloop
  endfacet
  facet normal 1 -0 0
    outer loop
      vertex 2.5 43.9445 -1.4135
      vertex 2.5 57.5757 -13.6705
      vertex 2.5 44.0785 -1.31412
    endloop
  endfacet
  facet normal 1 -0 0
    outer loop
      vertex 2.5 43.8014 -1.49927
      vertex 2.5 57.5757 -13.6705
      vertex 2.5 43.9445 -1.4135
    endloop
  endfacet
  facet normal 1 0 0
    outer loop
      vertex 2.5 57.5757 -13.6705
      vertex 2.5 43.8014 -1.49927
      vertex 2.5 56.1126 -16.1115
    endloop
  endfacet
  facet normal 1 -0 0
    outer loop
      vertex 2.5 43.6506 -1.57059
      vertex 2.5 56.1126 -16.1115
      vertex 2.5 43.8014 -1.49927
    endloop
  endfacet
  facet normal 1 0 0
    outer loop
      vertex 2.5 56.1126 -16.1115
      vertex 2.5 43.6506 -1.57059
      vertex 2.5 54.4173 -18.3974
    endloop
  endfacet
  facet normal 1 -0 0
    outer loop
      vertex 2.5 43.4935 -1.6268
      vertex 2.5 54.4173 -18.3974
      vertex 2.5 43.6506 -1.57059
    endloop
  endfacet
  facet normal 1 -0 0
    outer loop
      vertex 2.5 43.3317 -1.66733
      vertex 2.5 54.4173 -18.3974
      vertex 2.5 43.4935 -1.6268
    endloop
  endfacet
  facet normal 1 0 0
    outer loop
      vertex 2.5 54.4173 -18.3974
      vertex 2.5 43.3317 -1.66733
      vertex 2.5 52.5061 -20.5061
    endloop
  endfacet
  facet normal 1 -0 0
    outer loop
      vertex 2.5 43.1666 -1.69181
      vertex 2.5 52.5061 -20.5061
      vertex 2.5 43.3317 -1.66733
    endloop
  endfacet
  facet normal 1 0 0
    outer loop
      vertex 2.5 52.5061 -20.5061
      vertex 2.5 43.1666 -1.69181
      vertex 2.5 50.3974 -22.4173
    endloop
  endfacet
  facet normal 1 -0 0
    outer loop
      vertex 2.5 43 -1.7
      vertex 2.5 50.3974 -22.4173
      vertex 2.5 43.1666 -1.69181
    endloop
  endfacet
  facet normal 1 0 0
    outer loop
      vertex 2.5 42.8334 -1.69181
      vertex 2.5 50.3974 -22.4173
      vertex 2.5 43 -1.7
    endloop
  endfacet
  facet normal 1 0 0
    outer loop
      vertex 2.5 50.3974 -22.4173
      vertex 2.5 42.8334 -1.69181
      vertex 2.5 48.1115 -24.1126
    endloop
  endfacet
  facet normal 1 0 0
    outer loop
      vertex 2.5 42.6683 -1.66733
      vertex 2.5 48.1115 -24.1126
      vertex 2.5 42.8334 -1.69181
    endloop
  endfacet
  facet normal 1 0 0
    outer loop
      vertex 2.5 48.1115 -24.1126
      vertex 2.5 42.6683 -1.66733
      vertex 2.5 45.6705 -25.5757
    endloop
  endfacet
  facet normal 1 0 0
    outer loop
      vertex 2.5 42.5065 -1.6268
      vertex 2.5 45.6705 -25.5757
      vertex 2.5 42.6683 -1.66733
    endloop
  endfacet
  facet normal 1 0 0
    outer loop
      vertex 2.5 45.6705 -25.5757
      vertex 2.5 42.5065 -1.6268
      vertex 2.5 43.0978 -26.7925
    endloop
  endfacet
  facet normal 1 0 0
    outer loop
      vertex 2.5 42.3494 -1.57059
      vertex 2.5 43.0978 -26.7925
      vertex 2.5 42.5065 -1.6268
    endloop
  endfacet
  facet normal 1 0 0
    outer loop
      vertex 2.5 40.4182 -27.7513
      vertex 2.5 42.3494 -1.57059
      vertex 2.5 42.1986 -1.49927
    endloop
  endfacet
  facet normal 1 0 0
    outer loop
      vertex 2.5 37.6576 -28.4428
      vertex 2.5 42.1986 -1.49927
      vertex 2.5 42.0555 -1.4135
    endloop
  endfacet
  facet normal 1 0 0
    outer loop
      vertex 2.5 41.7979 -1.20208
      vertex 2.5 22.0096 -6.67654
      vertex 2.5 41.9215 -1.31412
    endloop
  endfacet
  facet normal 1 0 0
    outer loop
      vertex 2.5 41.5865 -0.944468
      vertex 2.5 22.5581 -4.48708
      vertex 2.5 41.6859 -1.07847
    endloop
  endfacet
  facet normal 1 0 0
    outer loop
      vertex 2.5 41.5007 -0.801374
      vertex 2.5 22.5581 -4.48708
      vertex 2.5 41.5865 -0.944468
    endloop
  endfacet
  facet normal 1 0 0
    outer loop
      vertex 2.5 41.4294 -0.650561
      vertex 2.5 22.5581 -4.48708
      vertex 2.5 41.5007 -0.801374
    endloop
  endfacet
  facet normal 1 0 0
    outer loop
      vertex 2.5 22.5581 -4.48708
      vertex 2.5 41.4294 -0.650561
      vertex 2.5 22.8892 -2.25438
    endloop
  endfacet
  facet normal 1 0 0
    outer loop
      vertex 2.5 41.3732 -0.493484
      vertex 2.5 22.8892 -2.25438
      vertex 2.5 41.4294 -0.650561
    endloop
  endfacet
  facet normal 1 0 0
    outer loop
      vertex 2.5 41.3327 -0.331653
      vertex 2.5 22.8892 -2.25438
      vertex 2.5 41.3732 -0.493484
    endloop
  endfacet
  facet normal 1 0 0
    outer loop
      vertex 2.5 22.8892 -2.25438
      vertex 2.5 41.3327 -0.331653
      vertex 2.5 23 0
    endloop
  endfacet
  facet normal 1 0 0
    outer loop
      vertex 2.5 23 0
      vertex 2.5 41.3327 -0.331653
      vertex 2.5 41.3082 -0.166629
    endloop
  endfacet
  facet normal 1 0 0
    outer loop
      vertex 2.5 42.3494 -1.57059
      vertex 2.5 40.4182 -27.7513
      vertex 2.5 43.0978 -26.7925
    endloop
  endfacet
  facet normal 1 -0 0
    outer loop
      vertex 2.5 23 0
      vertex 2.5 41.3082 -0.166629
      vertex 2.5 41.3 0
    endloop
  endfacet
  facet normal 1 0 0
    outer loop
      vertex 2.5 41.4294 0.650561
      vertex 2.5 22.8892 2.25438
      vertex 2.5 41.3732 0.493484
    endloop
  endfacet
  facet normal 1 -0 -0
    outer loop
      vertex 2.5 22.8892 2.25438
      vertex 2.5 41.4294 0.650561
      vertex 2.5 22.5581 4.48708
    endloop
  endfacet
  facet normal 1 0 0
    outer loop
      vertex 2.5 22.0096 -6.67654
      vertex 2.5 41.6859 -1.07847
      vertex 2.5 22.5581 -4.48708
    endloop
  endfacet
  facet normal 1 0 0
    outer loop
      vertex 2.5 21.2492 8.80171
      vertex 2.5 37.6576 28.4428
      vertex 2.5 34.8425 28.8604
    endloop
  endfacet
  facet normal 1 0 0
    outer loop
      vertex 2.5 42.1986 -1.49927
      vertex 2.5 37.6576 -28.4428
      vertex 2.5 40.4182 -27.7513
    endloop
  endfacet
  facet normal 1 0 0
    outer loop
      vertex 2.5 21.2492 8.80171
      vertex 2.5 34.8425 28.8604
      vertex 2.5 32 29
    endloop
  endfacet
  facet normal 1 0 0
    outer loop
      vertex 2.5 42.0555 -1.4135
      vertex 2.5 34.8425 -28.8604
      vertex 2.5 37.6576 -28.4428
    endloop
  endfacet
  facet normal 1 0 0
    outer loop
      vertex 2.5 41.6859 -1.07847
      vertex 2.5 22.0096 -6.67654
      vertex 2.5 41.7979 -1.20208
    endloop
  endfacet
  facet normal 1 0 0
    outer loop
      vertex 2.5 41.3082 0.166629
      vertex 2.5 23 0
      vertex 2.5 41.3 0
    endloop
  endfacet
  facet normal 1 0 -0
    outer loop
      vertex 2.5 23 0
      vertex 2.5 41.3082 0.166629
      vertex 2.5 22.8892 2.25438
    endloop
  endfacet
  facet normal 1 0 0
    outer loop
      vertex 2.5 41.3327 0.331653
      vertex 2.5 22.8892 2.25438
      vertex 2.5 41.3082 0.166629
    endloop
  endfacet
  facet normal 1 0 0
    outer loop
      vertex 2.5 41.3732 0.493484
      vertex 2.5 22.8892 2.25438
      vertex 2.5 41.3327 0.331653
    endloop
  endfacet
  facet normal 1 0 0
    outer loop
      vertex 2.5 32 29
      vertex 2.5 20.2842 10.8421
      vertex 2.5 21.2492 8.80171
    endloop
  endfacet
  facet normal 1 0 0
    outer loop
      vertex 2.5 32 29
      vertex 2.5 19.1238 12.7781
      vertex 2.5 20.2842 10.8421
    endloop
  endfacet
  facet normal 1 0 0
    outer loop
      vertex 2.5 32 29
      vertex 2.5 17.7792 14.591
      vertex 2.5 19.1238 12.7781
    endloop
  endfacet
  facet normal 1 0 0
    outer loop
      vertex 2.5 32 29
      vertex 2.5 16.2634 16.2634
      vertex 2.5 17.7792 14.591
    endloop
  endfacet
  facet normal 1 0 0
    outer loop
      vertex 2.5 32 29
      vertex 2.5 14.591 17.7792
      vertex 2.5 16.2634 16.2634
    endloop
  endfacet
  facet normal 1 0 0
    outer loop
      vertex 2.5 32 29
      vertex 2.5 12.7781 19.1238
      vertex 2.5 14.591 17.7792
    endloop
  endfacet
  facet normal 1 0 0
    outer loop
      vertex 2.5 32 29
      vertex 2.5 10.8421 20.2842
      vertex 2.5 12.7781 19.1238
    endloop
  endfacet
  facet normal 1 0 0
    outer loop
      vertex 2.5 32 29
      vertex 2.5 8.80171 21.2492
      vertex 2.5 10.8421 20.2842
    endloop
  endfacet
  facet normal 1 0 0
    outer loop
      vertex 2.5 32 29
      vertex 2.5 6.67654 22.0096
      vertex 2.5 8.80171 21.2492
    endloop
  endfacet
  facet normal 1 0 0
    outer loop
      vertex 2.5 32 29
      vertex 2.5 4.48708 22.5581
      vertex 2.5 6.67654 22.0096
    endloop
  endfacet
  facet normal 1 0 0
    outer loop
      vertex 2.5 32 29
      vertex 2.5 2.25438 22.8892
      vertex 2.5 4.48708 22.5581
    endloop
  endfacet
  facet normal 1 0 0
    outer loop
      vertex 2.5 32 29
      vertex 2.5 0 23
      vertex 2.5 2.25438 22.8892
    endloop
  endfacet
  facet normal 1 -0 0
    outer loop
      vertex 2.5 -32 29
      vertex 2.5 0 23
      vertex 2.5 32 29
    endloop
  endfacet
  facet normal 1 0 0
    outer loop
      vertex 2.5 0 23
      vertex 2.5 -32 29
      vertex 2.5 -2.25438 22.8892
    endloop
  endfacet
  facet normal 1 0 -0
    outer loop
      vertex 2.5 -41.6859 1.07847
      vertex 2.5 -22.0096 6.67654
      vertex 2.5 -41.7979 1.20208
    endloop
  endfacet
  facet normal 1 0 -0
    outer loop
      vertex 2.5 -41.7979 1.20208
      vertex 2.5 -22.0096 6.67654
      vertex 2.5 -41.9215 1.31412
    endloop
  endfacet
  facet normal 1 0 0
    outer loop
      vertex 2.5 -21.2492 8.80171
      vertex 2.5 -41.9215 1.31412
      vertex 2.5 -22.0096 6.67654
    endloop
  endfacet
  facet normal 1 0 0
    outer loop
      vertex 2.5 -41.9215 1.31412
      vertex 2.5 -21.2492 8.80171
      vertex 2.5 -32 29
    endloop
  endfacet
  facet normal 1 0 0
    outer loop
      vertex 2.5 -20.2842 10.8421
      vertex 2.5 -32 29
      vertex 2.5 -21.2492 8.80171
    endloop
  endfacet
  facet normal 1 0 0
    outer loop
      vertex 2.5 -19.1238 12.7781
      vertex 2.5 -32 29
      vertex 2.5 -20.2842 10.8421
    endloop
  endfacet
  facet normal 1 0 0
    outer loop
      vertex 2.5 -17.7792 14.591
      vertex 2.5 -32 29
      vertex 2.5 -19.1238 12.7781
    endloop
  endfacet
  facet normal 1 0 0
    outer loop
      vertex 2.5 -16.2634 16.2634
      vertex 2.5 -32 29
      vertex 2.5 -17.7792 14.591
    endloop
  endfacet
  facet normal 1 0 0
    outer loop
      vertex 2.5 -14.591 17.7792
      vertex 2.5 -32 29
      vertex 2.5 -16.2634 16.2634
    endloop
  endfacet
  facet normal 1 0 0
    outer loop
      vertex 2.5 -12.7781 19.1238
      vertex 2.5 -32 29
      vertex 2.5 -14.591 17.7792
    endloop
  endfacet
  facet normal 1 0 0
    outer loop
      vertex 2.5 -10.8421 20.2842
      vertex 2.5 -32 29
      vertex 2.5 -12.7781 19.1238
    endloop
  endfacet
  facet normal 1 0 0
    outer loop
      vertex 2.5 -8.80171 21.2492
      vertex 2.5 -32 29
      vertex 2.5 -10.8421 20.2842
    endloop
  endfacet
  facet normal 1 0 0
    outer loop
      vertex 2.5 -6.67654 22.0096
      vertex 2.5 -32 29
      vertex 2.5 -8.80171 21.2492
    endloop
  endfacet
  facet normal 1 0 0
    outer loop
      vertex 2.5 -4.48708 22.5581
      vertex 2.5 -32 29
      vertex 2.5 -6.67654 22.0096
    endloop
  endfacet
  facet normal 1 0 0
    outer loop
      vertex 2.5 -2.25438 22.8892
      vertex 2.5 -32 29
      vertex 2.5 -4.48708 22.5581
    endloop
  endfacet
  facet normal 0 -0.989176 -0.146736
    outer loop
      vertex -2.5 -60.4428 -5.65761
      vertex 2.5 -60.8604 -2.84248
      vertex -2.5 -60.8604 -2.84248
    endloop
  endfacet
  facet normal 0 -0.989176 -0.146736
    outer loop
      vertex 2.5 -60.8604 -2.84248
      vertex -2.5 -60.4428 -5.65761
      vertex 2.5 -60.4428 -5.65761
    endloop
  endfacet
  facet normal 0 -0.970031 -0.24298
    outer loop
      vertex -2.5 -59.7513 -8.41824
      vertex 2.5 -60.4428 -5.65761
      vertex -2.5 -60.4428 -5.65761
    endloop
  endfacet
  facet normal 0 -0.970031 -0.24298
    outer loop
      vertex 2.5 -60.4428 -5.65761
      vertex -2.5 -59.7513 -8.41824
      vertex 2.5 -59.7513 -8.41824
    endloop
  endfacet
  facet normal 0 -0.94154 -0.336902
    outer loop
      vertex -2.5 -58.7925 -11.0978
      vertex 2.5 -59.7513 -8.41824
      vertex -2.5 -59.7513 -8.41824
    endloop
  endfacet
  facet normal 0 -0.94154 -0.336902
    outer loop
      vertex 2.5 -59.7513 -8.41824
      vertex -2.5 -58.7925 -11.0978
      vertex 2.5 -58.7925 -11.0978
    endloop
  endfacet
  facet normal 0 -0.903989 -0.427556
    outer loop
      vertex -2.5 -57.5757 -13.6705
      vertex 2.5 -58.7925 -11.0978
      vertex -2.5 -58.7925 -11.0978
    endloop
  endfacet
  facet normal 0 -0.903989 -0.427556
    outer loop
      vertex 2.5 -58.7925 -11.0978
      vertex -2.5 -57.5757 -13.6705
      vertex 2.5 -57.5757 -13.6705
    endloop
  endfacet
  facet normal 0 -0.857725 -0.514108
    outer loop
      vertex -2.5 -56.1126 -16.1115
      vertex 2.5 -57.5757 -13.6705
      vertex -2.5 -57.5757 -13.6705
    endloop
  endfacet
  facet normal 0 -0.857725 -0.514108
    outer loop
      vertex 2.5 -57.5757 -13.6705
      vertex -2.5 -56.1126 -16.1115
      vertex 2.5 -56.1126 -16.1115
    endloop
  endfacet
  facet normal 0 -0.803214 -0.59569
    outer loop
      vertex -2.5 -54.4173 -18.3974
      vertex 2.5 -56.1126 -16.1115
      vertex -2.5 -56.1126 -16.1115
    endloop
  endfacet
  facet normal 0 -0.803214 -0.59569
    outer loop
      vertex 2.5 -56.1126 -16.1115
      vertex -2.5 -54.4173 -18.3974
      vertex 2.5 -54.4173 -18.3974
    endloop
  endfacet
  facet normal 0 -0.740954 -0.671556
    outer loop
      vertex -2.5 -52.5061 -20.5061
      vertex 2.5 -54.4173 -18.3974
      vertex -2.5 -54.4173 -18.3974
    endloop
  endfacet
  facet normal 0 -0.740954 -0.671556
    outer loop
      vertex 2.5 -54.4173 -18.3974
      vertex -2.5 -52.5061 -20.5061
      vertex 2.5 -52.5061 -20.5061
    endloop
  endfacet
  facet normal 0 -0.671556 -0.740954
    outer loop
      vertex -2.5 -52.5061 -20.5061
      vertex 2.5 -50.3974 -22.4173
      vertex 2.5 -52.5061 -20.5061
    endloop
  endfacet
  facet normal -0 -0.671556 -0.740954
    outer loop
      vertex 2.5 -50.3974 -22.4173
      vertex -2.5 -52.5061 -20.5061
      vertex -2.5 -50.3974 -22.4173
    endloop
  endfacet
  facet normal 0 -0.59569 -0.803214
    outer loop
      vertex -2.5 -50.3974 -22.4173
      vertex 2.5 -48.1115 -24.1126
      vertex 2.5 -50.3974 -22.4173
    endloop
  endfacet
  facet normal -0 -0.59569 -0.803214
    outer loop
      vertex 2.5 -48.1115 -24.1126
      vertex -2.5 -50.3974 -22.4173
      vertex -2.5 -48.1115 -24.1126
    endloop
  endfacet
  facet normal 0 -0.514108 -0.857725
    outer loop
      vertex -2.5 -48.1115 -24.1126
      vertex 2.5 -45.6705 -25.5757
      vertex 2.5 -48.1115 -24.1126
    endloop
  endfacet
  facet normal -0 -0.514108 -0.857725
    outer loop
      vertex 2.5 -45.6705 -25.5757
      vertex -2.5 -48.1115 -24.1126
      vertex -2.5 -45.6705 -25.5757
    endloop
  endfacet
  facet normal 0 -0.427556 -0.903989
    outer loop
      vertex -2.5 -45.6705 -25.5757
      vertex 2.5 -43.0978 -26.7925
      vertex 2.5 -45.6705 -25.5757
    endloop
  endfacet
  facet normal -0 -0.427556 -0.903989
    outer loop
      vertex 2.5 -43.0978 -26.7925
      vertex -2.5 -45.6705 -25.5757
      vertex -2.5 -43.0978 -26.7925
    endloop
  endfacet
  facet normal 0 -0.336897 -0.941541
    outer loop
      vertex -2.5 -43.0978 -26.7925
      vertex 2.5 -40.4182 -27.7513
      vertex 2.5 -43.0978 -26.7925
    endloop
  endfacet
  facet normal -0 -0.336897 -0.941541
    outer loop
      vertex 2.5 -40.4182 -27.7513
      vertex -2.5 -43.0978 -26.7925
      vertex -2.5 -40.4182 -27.7513
    endloop
  endfacet
  facet normal 0 -0.242982 -0.970031
    outer loop
      vertex -2.5 -40.4182 -27.7513
      vertex 2.5 -37.6576 -28.4428
      vertex 2.5 -40.4182 -27.7513
    endloop
  endfacet
  facet normal -0 -0.242982 -0.970031
    outer loop
      vertex 2.5 -37.6576 -28.4428
      vertex -2.5 -40.4182 -27.7513
      vertex -2.5 -37.6576 -28.4428
    endloop
  endfacet
  facet normal 0 -0.146737 -0.989176
    outer loop
      vertex -2.5 -37.6576 -28.4428
      vertex 2.5 -34.8425 -28.8604
      vertex 2.5 -37.6576 -28.4428
    endloop
  endfacet
  facet normal -0 -0.146737 -0.989176
    outer loop
      vertex 2.5 -34.8425 -28.8604
      vertex -2.5 -37.6576 -28.4428
      vertex -2.5 -34.8425 -28.8604
    endloop
  endfacet
  facet normal 0 -0.0490526 -0.998796
    outer loop
      vertex -2.5 -34.8425 -28.8604
      vertex 2.5 -32 -29
      vertex 2.5 -34.8425 -28.8604
    endloop
  endfacet
  facet normal -0 -0.0490526 -0.998796
    outer loop
      vertex 2.5 -32 -29
      vertex -2.5 -34.8425 -28.8604
      vertex -2.5 -32 -29
    endloop
  endfacet
  facet normal 0 0 -1
    outer loop
      vertex -2.5 -32 -29
      vertex 2.5 32 -29
      vertex 2.5 -32 -29
    endloop
  endfacet
  facet normal -0 0 -1
    outer loop
      vertex 2.5 32 -29
      vertex -2.5 -32 -29
      vertex -2.5 32 -29
    endloop
  endfacet
  facet normal 0 0.0490526 -0.998796
    outer loop
      vertex -2.5 32 -29
      vertex 2.5 34.8425 -28.8604
      vertex 2.5 32 -29
    endloop
  endfacet
  facet normal 0 0.0490526 -0.998796
    outer loop
      vertex 2.5 34.8425 -28.8604
      vertex -2.5 32 -29
      vertex -2.5 34.8425 -28.8604
    endloop
  endfacet
  facet normal 0 0.146737 -0.989176
    outer loop
      vertex -2.5 34.8425 -28.8604
      vertex 2.5 37.6576 -28.4428
      vertex 2.5 34.8425 -28.8604
    endloop
  endfacet
  facet normal 0 0.146737 -0.989176
    outer loop
      vertex 2.5 37.6576 -28.4428
      vertex -2.5 34.8425 -28.8604
      vertex -2.5 37.6576 -28.4428
    endloop
  endfacet
  facet normal 0 0.242982 -0.970031
    outer loop
      vertex -2.5 37.6576 -28.4428
      vertex 2.5 40.4182 -27.7513
      vertex 2.5 37.6576 -28.4428
    endloop
  endfacet
  facet normal 0 0.242982 -0.970031
    outer loop
      vertex 2.5 40.4182 -27.7513
      vertex -2.5 37.6576 -28.4428
      vertex -2.5 40.4182 -27.7513
    endloop
  endfacet
  facet normal 0 0.336897 -0.941541
    outer loop
      vertex -2.5 40.4182 -27.7513
      vertex 2.5 43.0978 -26.7925
      vertex 2.5 40.4182 -27.7513
    endloop
  endfacet
  facet normal 0 0.336897 -0.941541
    outer loop
      vertex 2.5 43.0978 -26.7925
      vertex -2.5 40.4182 -27.7513
      vertex -2.5 43.0978 -26.7925
    endloop
  endfacet
  facet normal 0 0.427556 -0.903989
    outer loop
      vertex -2.5 43.0978 -26.7925
      vertex 2.5 45.6705 -25.5757
      vertex 2.5 43.0978 -26.7925
    endloop
  endfacet
  facet normal 0 0.427556 -0.903989
    outer loop
      vertex 2.5 45.6705 -25.5757
      vertex -2.5 43.0978 -26.7925
      vertex -2.5 45.6705 -25.5757
    endloop
  endfacet
  facet normal 0 0.514108 -0.857725
    outer loop
      vertex -2.5 45.6705 -25.5757
      vertex 2.5 48.1115 -24.1126
      vertex 2.5 45.6705 -25.5757
    endloop
  endfacet
  facet normal 0 0.514108 -0.857725
    outer loop
      vertex 2.5 48.1115 -24.1126
      vertex -2.5 45.6705 -25.5757
      vertex -2.5 48.1115 -24.1126
    endloop
  endfacet
  facet normal 0 0.59569 -0.803214
    outer loop
      vertex -2.5 48.1115 -24.1126
      vertex 2.5 50.3974 -22.4173
      vertex 2.5 48.1115 -24.1126
    endloop
  endfacet
  facet normal 0 0.59569 -0.803214
    outer loop
      vertex 2.5 50.3974 -22.4173
      vertex -2.5 48.1115 -24.1126
      vertex -2.5 50.3974 -22.4173
    endloop
  endfacet
  facet normal 0 0.671556 -0.740954
    outer loop
      vertex -2.5 50.3974 -22.4173
      vertex 2.5 52.5061 -20.5061
      vertex 2.5 50.3974 -22.4173
    endloop
  endfacet
  facet normal 0 0.671556 -0.740954
    outer loop
      vertex 2.5 52.5061 -20.5061
      vertex -2.5 50.3974 -22.4173
      vertex -2.5 52.5061 -20.5061
    endloop
  endfacet
  facet normal 0 0.740954 -0.671556
    outer loop
      vertex 2.5 52.5061 -20.5061
      vertex -2.5 54.4173 -18.3974
      vertex 2.5 54.4173 -18.3974
    endloop
  endfacet
  facet normal 0 0.740954 -0.671556
    outer loop
      vertex -2.5 54.4173 -18.3974
      vertex 2.5 52.5061 -20.5061
      vertex -2.5 52.5061 -20.5061
    endloop
  endfacet
  facet normal 0 0.803214 -0.59569
    outer loop
      vertex 2.5 54.4173 -18.3974
      vertex -2.5 56.1126 -16.1115
      vertex 2.5 56.1126 -16.1115
    endloop
  endfacet
  facet normal 0 0.803214 -0.59569
    outer loop
      vertex -2.5 56.1126 -16.1115
      vertex 2.5 54.4173 -18.3974
      vertex -2.5 54.4173 -18.3974
    endloop
  endfacet
  facet normal 0 0.857725 -0.514108
    outer loop
      vertex 2.5 56.1126 -16.1115
      vertex -2.5 57.5757 -13.6705
      vertex 2.5 57.5757 -13.6705
    endloop
  endfacet
  facet normal 0 0.857725 -0.514108
    outer loop
      vertex -2.5 57.5757 -13.6705
      vertex 2.5 56.1126 -16.1115
      vertex -2.5 56.1126 -16.1115
    endloop
  endfacet
  facet normal 0 0.903989 -0.427556
    outer loop
      vertex 2.5 57.5757 -13.6705
      vertex -2.5 58.7925 -11.0978
      vertex 2.5 58.7925 -11.0978
    endloop
  endfacet
  facet normal 0 0.903989 -0.427556
    outer loop
      vertex -2.5 58.7925 -11.0978
      vertex 2.5 57.5757 -13.6705
      vertex -2.5 57.5757 -13.6705
    endloop
  endfacet
  facet normal 0 0.94154 -0.336902
    outer loop
      vertex 2.5 58.7925 -11.0978
      vertex -2.5 59.7513 -8.41824
      vertex 2.5 59.7513 -8.41824
    endloop
  endfacet
  facet normal 0 0.94154 -0.336902
    outer loop
      vertex -2.5 59.7513 -8.41824
      vertex 2.5 58.7925 -11.0978
      vertex -2.5 58.7925 -11.0978
    endloop
  endfacet
  facet normal 0 0.970031 -0.24298
    outer loop
      vertex 2.5 59.7513 -8.41824
      vertex -2.5 60.4428 -5.65761
      vertex 2.5 60.4428 -5.65761
    endloop
  endfacet
  facet normal 0 0.970031 -0.24298
    outer loop
      vertex -2.5 60.4428 -5.65761
      vertex 2.5 59.7513 -8.41824
      vertex -2.5 59.7513 -8.41824
    endloop
  endfacet
  facet normal 0 0.989176 -0.146736
    outer loop
      vertex 2.5 60.4428 -5.65761
      vertex -2.5 60.8604 -2.84248
      vertex 2.5 60.8604 -2.84248
    endloop
  endfacet
  facet normal 0 0.989176 -0.146736
    outer loop
      vertex -2.5 60.8604 -2.84248
      vertex 2.5 60.4428 -5.65761
      vertex -2.5 60.4428 -5.65761
    endloop
  endfacet
  facet normal 0 0.998796 -0.0490529
    outer loop
      vertex 2.5 60.8604 -2.84248
      vertex -2.5 61 0
      vertex 2.5 61 0
    endloop
  endfacet
  facet normal 0 0.998796 -0.0490529
    outer loop
      vertex -2.5 61 0
      vertex 2.5 60.8604 -2.84248
      vertex -2.5 60.8604 -2.84248
    endloop
  endfacet
  facet normal 0 0.998796 0.0490529
    outer loop
      vertex 2.5 61 0
      vertex -2.5 60.8604 2.84248
      vertex 2.5 60.8604 2.84248
    endloop
  endfacet
  facet normal 0 0.998796 0.0490529
    outer loop
      vertex -2.5 60.8604 2.84248
      vertex 2.5 61 0
      vertex -2.5 61 0
    endloop
  endfacet
  facet normal 0 0.989176 0.146736
    outer loop
      vertex 2.5 60.8604 2.84248
      vertex -2.5 60.4428 5.65761
      vertex 2.5 60.4428 5.65761
    endloop
  endfacet
  facet normal 0 0.989176 0.146736
    outer loop
      vertex -2.5 60.4428 5.65761
      vertex 2.5 60.8604 2.84248
      vertex -2.5 60.8604 2.84248
    endloop
  endfacet
  facet normal 0 0.970031 0.24298
    outer loop
      vertex 2.5 60.4428 5.65761
      vertex -2.5 59.7513 8.41824
      vertex 2.5 59.7513 8.41824
    endloop
  endfacet
  facet normal 0 0.970031 0.24298
    outer loop
      vertex -2.5 59.7513 8.41824
      vertex 2.5 60.4428 5.65761
      vertex -2.5 60.4428 5.65761
    endloop
  endfacet
  facet normal 0 0.94154 0.336902
    outer loop
      vertex 2.5 59.7513 8.41824
      vertex -2.5 58.7925 11.0978
      vertex 2.5 58.7925 11.0978
    endloop
  endfacet
  facet normal 0 0.94154 0.336902
    outer loop
      vertex -2.5 58.7925 11.0978
      vertex 2.5 59.7513 8.41824
      vertex -2.5 59.7513 8.41824
    endloop
  endfacet
  facet normal 0 0.903989 0.427556
    outer loop
      vertex 2.5 58.7925 11.0978
      vertex -2.5 57.5757 13.6705
      vertex 2.5 57.5757 13.6705
    endloop
  endfacet
  facet normal 0 0.903989 0.427556
    outer loop
      vertex -2.5 57.5757 13.6705
      vertex 2.5 58.7925 11.0978
      vertex -2.5 58.7925 11.0978
    endloop
  endfacet
  facet normal 0 0.857725 0.514108
    outer loop
      vertex 2.5 57.5757 13.6705
      vertex -2.5 56.1126 16.1115
      vertex 2.5 56.1126 16.1115
    endloop
  endfacet
  facet normal 0 0.857725 0.514108
    outer loop
      vertex -2.5 56.1126 16.1115
      vertex 2.5 57.5757 13.6705
      vertex -2.5 57.5757 13.6705
    endloop
  endfacet
  facet normal 0 0.803214 0.59569
    outer loop
      vertex 2.5 56.1126 16.1115
      vertex -2.5 54.4173 18.3974
      vertex 2.5 54.4173 18.3974
    endloop
  endfacet
  facet normal 0 0.803214 0.59569
    outer loop
      vertex -2.5 54.4173 18.3974
      vertex 2.5 56.1126 16.1115
      vertex -2.5 56.1126 16.1115
    endloop
  endfacet
  facet normal 0 0.740954 0.671556
    outer loop
      vertex 2.5 54.4173 18.3974
      vertex -2.5 52.5061 20.5061
      vertex 2.5 52.5061 20.5061
    endloop
  endfacet
  facet normal 0 0.740954 0.671556
    outer loop
      vertex -2.5 52.5061 20.5061
      vertex 2.5 54.4173 18.3974
      vertex -2.5 54.4173 18.3974
    endloop
  endfacet
  facet normal -0 0.671556 0.740954
    outer loop
      vertex -2.5 52.5061 20.5061
      vertex 2.5 50.3974 22.4173
      vertex 2.5 52.5061 20.5061
    endloop
  endfacet
  facet normal 0 0.671556 0.740954
    outer loop
      vertex 2.5 50.3974 22.4173
      vertex -2.5 52.5061 20.5061
      vertex -2.5 50.3974 22.4173
    endloop
  endfacet
  facet normal -0 0.59569 0.803214
    outer loop
      vertex -2.5 50.3974 22.4173
      vertex 2.5 48.1115 24.1126
      vertex 2.5 50.3974 22.4173
    endloop
  endfacet
  facet normal 0 0.59569 0.803214
    outer loop
      vertex 2.5 48.1115 24.1126
      vertex -2.5 50.3974 22.4173
      vertex -2.5 48.1115 24.1126
    endloop
  endfacet
  facet normal -0 0.514108 0.857725
    outer loop
      vertex -2.5 48.1115 24.1126
      vertex 2.5 45.6705 25.5757
      vertex 2.5 48.1115 24.1126
    endloop
  endfacet
  facet normal 0 0.514108 0.857725
    outer loop
      vertex 2.5 45.6705 25.5757
      vertex -2.5 48.1115 24.1126
      vertex -2.5 45.6705 25.5757
    endloop
  endfacet
  facet normal -0 0.427556 0.903989
    outer loop
      vertex -2.5 45.6705 25.5757
      vertex 2.5 43.0978 26.7925
      vertex 2.5 45.6705 25.5757
    endloop
  endfacet
  facet normal 0 0.427556 0.903989
    outer loop
      vertex 2.5 43.0978 26.7925
      vertex -2.5 45.6705 25.5757
      vertex -2.5 43.0978 26.7925
    endloop
  endfacet
  facet normal -0 0.336897 0.941541
    outer loop
      vertex -2.5 43.0978 26.7925
      vertex 2.5 40.4182 27.7513
      vertex 2.5 43.0978 26.7925
    endloop
  endfacet
  facet normal 0 0.336897 0.941541
    outer loop
      vertex 2.5 40.4182 27.7513
      vertex -2.5 43.0978 26.7925
      vertex -2.5 40.4182 27.7513
    endloop
  endfacet
  facet normal -0 0.242982 0.970031
    outer loop
      vertex -2.5 40.4182 27.7513
      vertex 2.5 37.6576 28.4428
      vertex 2.5 40.4182 27.7513
    endloop
  endfacet
  facet normal 0 0.242982 0.970031
    outer loop
      vertex 2.5 37.6576 28.4428
      vertex -2.5 40.4182 27.7513
      vertex -2.5 37.6576 28.4428
    endloop
  endfacet
  facet normal -0 0.146737 0.989176
    outer loop
      vertex -2.5 37.6576 28.4428
      vertex 2.5 34.8425 28.8604
      vertex 2.5 37.6576 28.4428
    endloop
  endfacet
  facet normal 0 0.146737 0.989176
    outer loop
      vertex 2.5 34.8425 28.8604
      vertex -2.5 37.6576 28.4428
      vertex -2.5 34.8425 28.8604
    endloop
  endfacet
  facet normal -0 0.0490526 0.998796
    outer loop
      vertex -2.5 34.8425 28.8604
      vertex 2.5 32 29
      vertex 2.5 34.8425 28.8604
    endloop
  endfacet
  facet normal 0 0.0490526 0.998796
    outer loop
      vertex 2.5 32 29
      vertex -2.5 34.8425 28.8604
      vertex -2.5 32 29
    endloop
  endfacet
  facet normal -0 0 1
    outer loop
      vertex -2.5 32 29
      vertex 2.5 -32 29
      vertex 2.5 32 29
    endloop
  endfacet
  facet normal 0 0 1
    outer loop
      vertex 2.5 -32 29
      vertex -2.5 32 29
      vertex -2.5 -32 29
    endloop
  endfacet
  facet normal 0 -0.0490526 0.998796
    outer loop
      vertex -2.5 -32 29
      vertex 2.5 -34.8425 28.8604
      vertex 2.5 -32 29
    endloop
  endfacet
  facet normal 0 -0.0490526 0.998796
    outer loop
      vertex 2.5 -34.8425 28.8604
      vertex -2.5 -32 29
      vertex -2.5 -34.8425 28.8604
    endloop
  endfacet
  facet normal 0 -0.146737 0.989176
    outer loop
      vertex -2.5 -34.8425 28.8604
      vertex 2.5 -37.6576 28.4428
      vertex 2.5 -34.8425 28.8604
    endloop
  endfacet
  facet normal 0 -0.146737 0.989176
    outer loop
      vertex 2.5 -37.6576 28.4428
      vertex -2.5 -34.8425 28.8604
      vertex -2.5 -37.6576 28.4428
    endloop
  endfacet
  facet normal 0 -0.242982 0.970031
    outer loop
      vertex -2.5 -37.6576 28.4428
      vertex 2.5 -40.4182 27.7513
      vertex 2.5 -37.6576 28.4428
    endloop
  endfacet
  facet normal 0 -0.242982 0.970031
    outer loop
      vertex 2.5 -40.4182 27.7513
      vertex -2.5 -37.6576 28.4428
      vertex -2.5 -40.4182 27.7513
    endloop
  endfacet
  facet normal 0 -0.336897 0.941541
    outer loop
      vertex -2.5 -40.4182 27.7513
      vertex 2.5 -43.0978 26.7925
      vertex 2.5 -40.4182 27.7513
    endloop
  endfacet
  facet normal 0 -0.336897 0.941541
    outer loop
      vertex 2.5 -43.0978 26.7925
      vertex -2.5 -40.4182 27.7513
      vertex -2.5 -43.0978 26.7925
    endloop
  endfacet
  facet normal 0 -0.427556 0.903989
    outer loop
      vertex -2.5 -43.0978 26.7925
      vertex 2.5 -45.6705 25.5757
      vertex 2.5 -43.0978 26.7925
    endloop
  endfacet
  facet normal 0 -0.427556 0.903989
    outer loop
      vertex 2.5 -45.6705 25.5757
      vertex -2.5 -43.0978 26.7925
      vertex -2.5 -45.6705 25.5757
    endloop
  endfacet
  facet normal 0 -0.514108 0.857725
    outer loop
      vertex -2.5 -45.6705 25.5757
      vertex 2.5 -48.1115 24.1126
      vertex 2.5 -45.6705 25.5757
    endloop
  endfacet
  facet normal 0 -0.514108 0.857725
    outer loop
      vertex 2.5 -48.1115 24.1126
      vertex -2.5 -45.6705 25.5757
      vertex -2.5 -48.1115 24.1126
    endloop
  endfacet
  facet normal 0 -0.59569 0.803214
    outer loop
      vertex -2.5 -48.1115 24.1126
      vertex 2.5 -50.3974 22.4173
      vertex 2.5 -48.1115 24.1126
    endloop
  endfacet
  facet normal 0 -0.59569 0.803214
    outer loop
      vertex 2.5 -50.3974 22.4173
      vertex -2.5 -48.1115 24.1126
      vertex -2.5 -50.3974 22.4173
    endloop
  endfacet
  facet normal 0 -0.671556 0.740954
    outer loop
      vertex -2.5 -50.3974 22.4173
      vertex 2.5 -52.5061 20.5061
      vertex 2.5 -50.3974 22.4173
    endloop
  endfacet
  facet normal 0 -0.671556 0.740954
    outer loop
      vertex 2.5 -52.5061 20.5061
      vertex -2.5 -50.3974 22.4173
      vertex -2.5 -52.5061 20.5061
    endloop
  endfacet
  facet normal 0 -0.740954 0.671556
    outer loop
      vertex -2.5 -54.4173 18.3974
      vertex 2.5 -52.5061 20.5061
      vertex -2.5 -52.5061 20.5061
    endloop
  endfacet
  facet normal 0 -0.740954 0.671556
    outer loop
      vertex 2.5 -52.5061 20.5061
      vertex -2.5 -54.4173 18.3974
      vertex 2.5 -54.4173 18.3974
    endloop
  endfacet
  facet normal 0 -0.803214 0.59569
    outer loop
      vertex -2.5 -56.1126 16.1115
      vertex 2.5 -54.4173 18.3974
      vertex -2.5 -54.4173 18.3974
    endloop
  endfacet
  facet normal 0 -0.803214 0.59569
    outer loop
      vertex 2.5 -54.4173 18.3974
      vertex -2.5 -56.1126 16.1115
      vertex 2.5 -56.1126 16.1115
    endloop
  endfacet
  facet normal 0 -0.857725 0.514108
    outer loop
      vertex -2.5 -57.5757 13.6705
      vertex 2.5 -56.1126 16.1115
      vertex -2.5 -56.1126 16.1115
    endloop
  endfacet
  facet normal 0 -0.857725 0.514108
    outer loop
      vertex 2.5 -56.1126 16.1115
      vertex -2.5 -57.5757 13.6705
      vertex 2.5 -57.5757 13.6705
    endloop
  endfacet
  facet normal 0 -0.903989 0.427556
    outer loop
      vertex -2.5 -58.7925 11.0978
      vertex 2.5 -57.5757 13.6705
      vertex -2.5 -57.5757 13.6705
    endloop
  endfacet
  facet normal 0 -0.903989 0.427556
    outer loop
      vertex 2.5 -57.5757 13.6705
      vertex -2.5 -58.7925 11.0978
      vertex 2.5 -58.7925 11.0978
    endloop
  endfacet
  facet normal 0 -0.94154 0.336902
    outer loop
      vertex -2.5 -59.7513 8.41824
      vertex 2.5 -58.7925 11.0978
      vertex -2.5 -58.7925 11.0978
    endloop
  endfacet
  facet normal 0 -0.94154 0.336902
    outer loop
      vertex 2.5 -58.7925 11.0978
      vertex -2.5 -59.7513 8.41824
      vertex 2.5 -59.7513 8.41824
    endloop
  endfacet
  facet normal 0 -0.970031 0.24298
    outer loop
      vertex -2.5 -60.4428 5.65761
      vertex 2.5 -59.7513 8.41824
      vertex -2.5 -59.7513 8.41824
    endloop
  endfacet
  facet normal 0 -0.970031 0.24298
    outer loop
      vertex 2.5 -59.7513 8.41824
      vertex -2.5 -60.4428 5.65761
      vertex 2.5 -60.4428 5.65761
    endloop
  endfacet
  facet normal 0 -0.989176 0.146736
    outer loop
      vertex -2.5 -60.8604 2.84248
      vertex 2.5 -60.4428 5.65761
      vertex -2.5 -60.4428 5.65761
    endloop
  endfacet
  facet normal 0 -0.989176 0.146736
    outer loop
      vertex 2.5 -60.4428 5.65761
      vertex -2.5 -60.8604 2.84248
      vertex 2.5 -60.8604 2.84248
    endloop
  endfacet
  facet normal 0 -0.998796 0.0490529
    outer loop
      vertex -2.5 -61 0
      vertex 2.5 -60.8604 2.84248
      vertex -2.5 -60.8604 2.84248
    endloop
  endfacet
  facet normal 0 -0.998796 0.0490529
    outer loop
      vertex 2.5 -60.8604 2.84248
      vertex -2.5 -61 0
      vertex 2.5 -61 0
    endloop
  endfacet
  facet normal 0 -0.998796 -0.0490529
    outer loop
      vertex -2.5 -60.8604 -2.84248
      vertex 2.5 -61 0
      vertex -2.5 -61 0
    endloop
  endfacet
  facet normal 0 -0.998796 -0.0490529
    outer loop
      vertex 2.5 -61 0
      vertex -2.5 -60.8604 -2.84248
      vertex 2.5 -60.8604 -2.84248
    endloop
  endfacet
  facet normal 0 0.989182 -0.146692
    outer loop
      vertex 2.5 -22.8892 2.25438
      vertex -2.5 -22.5581 4.48708
      vertex 2.5 -22.5581 4.48708
    endloop
  endfacet
  facet normal 0 0.989182 -0.146692
    outer loop
      vertex -2.5 -22.5581 4.48708
      vertex 2.5 -22.8892 2.25438
      vertex -2.5 -22.8892 2.25438
    endloop
  endfacet
  facet normal 0 0.970024 -0.243009
    outer loop
      vertex 2.5 -22.5581 4.48708
      vertex -2.5 -22.0096 6.67654
      vertex 2.5 -22.0096 6.67654
    endloop
  endfacet
  facet normal 0 0.970024 -0.243009
    outer loop
      vertex -2.5 -22.0096 6.67654
      vertex 2.5 -22.5581 4.48708
      vertex -2.5 -22.5581 4.48708
    endloop
  endfacet
  facet normal 0 0.941544 -0.336891
    outer loop
      vertex 2.5 -22.0096 6.67654
      vertex -2.5 -21.2492 8.80171
      vertex 2.5 -21.2492 8.80171
    endloop
  endfacet
  facet normal 0 0.941544 -0.336891
    outer loop
      vertex -2.5 -21.2492 8.80171
      vertex 2.5 -22.0096 6.67654
      vertex -2.5 -22.0096 6.67654
    endloop
  endfacet
  facet normal 0 0.903995 -0.427543
    outer loop
      vertex 2.5 -21.2492 8.80171
      vertex -2.5 -20.2842 10.8421
      vertex 2.5 -20.2842 10.8421
    endloop
  endfacet
  facet normal 0 0.903995 -0.427543
    outer loop
      vertex -2.5 -20.2842 10.8421
      vertex 2.5 -21.2492 8.80171
      vertex -2.5 -21.2492 8.80171
    endloop
  endfacet
  facet normal 0 0.857727 -0.514105
    outer loop
      vertex 2.5 -20.2842 10.8421
      vertex -2.5 -19.1238 12.7781
      vertex 2.5 -19.1238 12.7781
    endloop
  endfacet
  facet normal 0 0.857727 -0.514105
    outer loop
      vertex -2.5 -19.1238 12.7781
      vertex 2.5 -20.2842 10.8421
      vertex -2.5 -20.2842 10.8421
    endloop
  endfacet
  facet normal 0 0.803194 -0.595717
    outer loop
      vertex 2.5 -19.1238 12.7781
      vertex -2.5 -17.7792 14.591
      vertex 2.5 -17.7792 14.591
    endloop
  endfacet
  facet normal 0 0.803194 -0.595717
    outer loop
      vertex -2.5 -17.7792 14.591
      vertex 2.5 -19.1238 12.7781
      vertex -2.5 -19.1238 12.7781
    endloop
  endfacet
  facet normal 0 0.740946 -0.671565
    outer loop
      vertex 2.5 -17.7792 14.591
      vertex -2.5 -16.2634 16.2634
      vertex 2.5 -16.2634 16.2634
    endloop
  endfacet
  facet normal 0 0.740946 -0.671565
    outer loop
      vertex -2.5 -16.2634 16.2634
      vertex 2.5 -17.7792 14.591
      vertex -2.5 -17.7792 14.591
    endloop
  endfacet
  facet normal 0 0.671565 -0.740946
    outer loop
      vertex -2.5 -16.2634 16.2634
      vertex 2.5 -14.591 17.7792
      vertex 2.5 -16.2634 16.2634
    endloop
  endfacet
  facet normal 0 0.671565 -0.740946
    outer loop
      vertex 2.5 -14.591 17.7792
      vertex -2.5 -16.2634 16.2634
      vertex -2.5 -14.591 17.7792
    endloop
  endfacet
  facet normal 0 0.595717 -0.803194
    outer loop
      vertex -2.5 -14.591 17.7792
      vertex 2.5 -12.7781 19.1238
      vertex 2.5 -14.591 17.7792
    endloop
  endfacet
  facet normal 0 0.595717 -0.803194
    outer loop
      vertex 2.5 -12.7781 19.1238
      vertex -2.5 -14.591 17.7792
      vertex -2.5 -12.7781 19.1238
    endloop
  endfacet
  facet normal 0 0.514105 -0.857727
    outer loop
      vertex -2.5 -12.7781 19.1238
      vertex 2.5 -10.8421 20.2842
      vertex 2.5 -12.7781 19.1238
    endloop
  endfacet
  facet normal 0 0.514105 -0.857727
    outer loop
      vertex 2.5 -10.8421 20.2842
      vertex -2.5 -12.7781 19.1238
      vertex -2.5 -10.8421 20.2842
    endloop
  endfacet
  facet normal 0 0.427543 -0.903995
    outer loop
      vertex -2.5 -10.8421 20.2842
      vertex 2.5 -8.80171 21.2492
      vertex 2.5 -10.8421 20.2842
    endloop
  endfacet
  facet normal 0 0.427543 -0.903995
    outer loop
      vertex 2.5 -8.80171 21.2492
      vertex -2.5 -10.8421 20.2842
      vertex -2.5 -8.80171 21.2492
    endloop
  endfacet
  facet normal 0 0.336891 -0.941544
    outer loop
      vertex -2.5 -8.80171 21.2492
      vertex 2.5 -6.67654 22.0096
      vertex 2.5 -8.80171 21.2492
    endloop
  endfacet
  facet normal 0 0.336891 -0.941544
    outer loop
      vertex 2.5 -6.67654 22.0096
      vertex -2.5 -8.80171 21.2492
      vertex -2.5 -6.67654 22.0096
    endloop
  endfacet
  facet normal 0 0.243009 -0.970024
    outer loop
      vertex -2.5 -6.67654 22.0096
      vertex 2.5 -4.48708 22.5581
      vertex 2.5 -6.67654 22.0096
    endloop
  endfacet
  facet normal 0 0.243009 -0.970024
    outer loop
      vertex 2.5 -4.48708 22.5581
      vertex -2.5 -6.67654 22.0096
      vertex -2.5 -4.48708 22.5581
    endloop
  endfacet
  facet normal 0 0.146692 -0.989182
    outer loop
      vertex -2.5 -4.48708 22.5581
      vertex 2.5 -2.25438 22.8892
      vertex 2.5 -4.48708 22.5581
    endloop
  endfacet
  facet normal 0 0.146692 -0.989182
    outer loop
      vertex 2.5 -2.25438 22.8892
      vertex -2.5 -4.48708 22.5581
      vertex -2.5 -2.25438 22.8892
    endloop
  endfacet
  facet normal 0 0.0490895 -0.998794
    outer loop
      vertex -2.5 -2.25438 22.8892
      vertex 2.5 0 23
      vertex 2.5 -2.25438 22.8892
    endloop
  endfacet
  facet normal 0 0.0490895 -0.998794
    outer loop
      vertex 2.5 0 23
      vertex -2.5 -2.25438 22.8892
      vertex -2.5 0 23
    endloop
  endfacet
  facet normal 0 -0.0490895 -0.998794
    outer loop
      vertex -2.5 0 23
      vertex 2.5 2.25438 22.8892
      vertex 2.5 0 23
    endloop
  endfacet
  facet normal -0 -0.0490895 -0.998794
    outer loop
      vertex 2.5 2.25438 22.8892
      vertex -2.5 0 23
      vertex -2.5 2.25438 22.8892
    endloop
  endfacet
  facet normal 0 -0.146692 -0.989182
    outer loop
      vertex -2.5 2.25438 22.8892
      vertex 2.5 4.48708 22.5581
      vertex 2.5 2.25438 22.8892
    endloop
  endfacet
  facet normal -0 -0.146692 -0.989182
    outer loop
      vertex 2.5 4.48708 22.5581
      vertex -2.5 2.25438 22.8892
      vertex -2.5 4.48708 22.5581
    endloop
  endfacet
  facet normal 0 -0.243009 -0.970024
    outer loop
      vertex -2.5 4.48708 22.5581
      vertex 2.5 6.67654 22.0096
      vertex 2.5 4.48708 22.5581
    endloop
  endfacet
  facet normal -0 -0.243009 -0.970024
    outer loop
      vertex 2.5 6.67654 22.0096
      vertex -2.5 4.48708 22.5581
      vertex -2.5 6.67654 22.0096
    endloop
  endfacet
  facet normal 0 -0.336891 -0.941544
    outer loop
      vertex -2.5 6.67654 22.0096
      vertex 2.5 8.80171 21.2492
      vertex 2.5 6.67654 22.0096
    endloop
  endfacet
  facet normal -0 -0.336891 -0.941544
    outer loop
      vertex 2.5 8.80171 21.2492
      vertex -2.5 6.67654 22.0096
      vertex -2.5 8.80171 21.2492
    endloop
  endfacet
  facet normal 0 -0.427543 -0.903995
    outer loop
      vertex -2.5 8.80171 21.2492
      vertex 2.5 10.8421 20.2842
      vertex 2.5 8.80171 21.2492
    endloop
  endfacet
  facet normal -0 -0.427543 -0.903995
    outer loop
      vertex 2.5 10.8421 20.2842
      vertex -2.5 8.80171 21.2492
      vertex -2.5 10.8421 20.2842
    endloop
  endfacet
  facet normal 0 -0.514105 -0.857727
    outer loop
      vertex -2.5 10.8421 20.2842
      vertex 2.5 12.7781 19.1238
      vertex 2.5 10.8421 20.2842
    endloop
  endfacet
  facet normal -0 -0.514105 -0.857727
    outer loop
      vertex 2.5 12.7781 19.1238
      vertex -2.5 10.8421 20.2842
      vertex -2.5 12.7781 19.1238
    endloop
  endfacet
  facet normal 0 -0.595717 -0.803194
    outer loop
      vertex -2.5 12.7781 19.1238
      vertex 2.5 14.591 17.7792
      vertex 2.5 12.7781 19.1238
    endloop
  endfacet
  facet normal -0 -0.595717 -0.803194
    outer loop
      vertex 2.5 14.591 17.7792
      vertex -2.5 12.7781 19.1238
      vertex -2.5 14.591 17.7792
    endloop
  endfacet
  facet normal 0 -0.671565 -0.740946
    outer loop
      vertex -2.5 14.591 17.7792
      vertex 2.5 16.2634 16.2634
      vertex 2.5 14.591 17.7792
    endloop
  endfacet
  facet normal -0 -0.671565 -0.740946
    outer loop
      vertex 2.5 16.2634 16.2634
      vertex -2.5 14.591 17.7792
      vertex -2.5 16.2634 16.2634
    endloop
  endfacet
  facet normal 0 -0.740946 -0.671565
    outer loop
      vertex -2.5 17.7792 14.591
      vertex 2.5 16.2634 16.2634
      vertex -2.5 16.2634 16.2634
    endloop
  endfacet
  facet normal 0 -0.740946 -0.671565
    outer loop
      vertex 2.5 16.2634 16.2634
      vertex -2.5 17.7792 14.591
      vertex 2.5 17.7792 14.591
    endloop
  endfacet
  facet normal 0 -0.803194 -0.595717
    outer loop
      vertex -2.5 19.1238 12.7781
      vertex 2.5 17.7792 14.591
      vertex -2.5 17.7792 14.591
    endloop
  endfacet
  facet normal 0 -0.803194 -0.595717
    outer loop
      vertex 2.5 17.7792 14.591
      vertex -2.5 19.1238 12.7781
      vertex 2.5 19.1238 12.7781
    endloop
  endfacet
  facet normal 0 -0.857727 -0.514105
    outer loop
      vertex -2.5 20.2842 10.8421
      vertex 2.5 19.1238 12.7781
      vertex -2.5 19.1238 12.7781
    endloop
  endfacet
  facet normal 0 -0.857727 -0.514105
    outer loop
      vertex 2.5 19.1238 12.7781
      vertex -2.5 20.2842 10.8421
      vertex 2.5 20.2842 10.8421
    endloop
  endfacet
  facet normal 0 -0.903995 -0.427543
    outer loop
      vertex -2.5 21.2492 8.80171
      vertex 2.5 20.2842 10.8421
      vertex -2.5 20.2842 10.8421
    endloop
  endfacet
  facet normal 0 -0.903995 -0.427543
    outer loop
      vertex 2.5 20.2842 10.8421
      vertex -2.5 21.2492 8.80171
      vertex 2.5 21.2492 8.80171
    endloop
  endfacet
  facet normal 0 -0.941544 -0.336891
    outer loop
      vertex -2.5 22.0096 6.67654
      vertex 2.5 21.2492 8.80171
      vertex -2.5 21.2492 8.80171
    endloop
  endfacet
  facet normal 0 -0.941544 -0.336891
    outer loop
      vertex 2.5 21.2492 8.80171
      vertex -2.5 22.0096 6.67654
      vertex 2.5 22.0096 6.67654
    endloop
  endfacet
  facet normal 0 -0.970024 -0.243009
    outer loop
      vertex -2.5 22.5581 4.48708
      vertex 2.5 22.0096 6.67654
      vertex -2.5 22.0096 6.67654
    endloop
  endfacet
  facet normal 0 -0.970024 -0.243009
    outer loop
      vertex 2.5 22.0096 6.67654
      vertex -2.5 22.5581 4.48708
      vertex 2.5 22.5581 4.48708
    endloop
  endfacet
  facet normal 0 -0.989182 -0.146692
    outer loop
      vertex -2.5 22.8892 2.25438
      vertex 2.5 22.5581 4.48708
      vertex -2.5 22.5581 4.48708
    endloop
  endfacet
  facet normal 0 -0.989182 -0.146692
    outer loop
      vertex 2.5 22.5581 4.48708
      vertex -2.5 22.8892 2.25438
      vertex 2.5 22.8892 2.25438
    endloop
  endfacet
  facet normal 0 -0.998794 -0.0490895
    outer loop
      vertex -2.5 23 0
      vertex 2.5 22.8892 2.25438
      vertex -2.5 22.8892 2.25438
    endloop
  endfacet
  facet normal 0 -0.998794 -0.0490895
    outer loop
      vertex 2.5 22.8892 2.25438
      vertex -2.5 23 0
      vertex 2.5 23 0
    endloop
  endfacet
  facet normal 0 -0.998794 0.0490895
    outer loop
      vertex -2.5 22.8892 -2.25438
      vertex 2.5 23 0
      vertex -2.5 23 0
    endloop
  endfacet
  facet normal 0 -0.998794 0.0490895
    outer loop
      vertex 2.5 23 0
      vertex -2.5 22.8892 -2.25438
      vertex 2.5 22.8892 -2.25438
    endloop
  endfacet
  facet normal 0 -0.989182 0.146692
    outer loop
      vertex -2.5 22.5581 -4.48708
      vertex 2.5 22.8892 -2.25438
      vertex -2.5 22.8892 -2.25438
    endloop
  endfacet
  facet normal 0 -0.989182 0.146692
    outer loop
      vertex 2.5 22.8892 -2.25438
      vertex -2.5 22.5581 -4.48708
      vertex 2.5 22.5581 -4.48708
    endloop
  endfacet
  facet normal 0 -0.970024 0.243009
    outer loop
      vertex -2.5 22.0096 -6.67654
      vertex 2.5 22.5581 -4.48708
      vertex -2.5 22.5581 -4.48708
    endloop
  endfacet
  facet normal 0 -0.970024 0.243009
    outer loop
      vertex 2.5 22.5581 -4.48708
      vertex -2.5 22.0096 -6.67654
      vertex 2.5 22.0096 -6.67654
    endloop
  endfacet
  facet normal 0 -0.941544 0.336891
    outer loop
      vertex -2.5 21.2492 -8.80171
      vertex 2.5 22.0096 -6.67654
      vertex -2.5 22.0096 -6.67654
    endloop
  endfacet
  facet normal 0 -0.941544 0.336891
    outer loop
      vertex 2.5 22.0096 -6.67654
      vertex -2.5 21.2492 -8.80171
      vertex 2.5 21.2492 -8.80171
    endloop
  endfacet
  facet normal 0 -0.903995 0.427543
    outer loop
      vertex -2.5 20.2842 -10.8421
      vertex 2.5 21.2492 -8.80171
      vertex -2.5 21.2492 -8.80171
    endloop
  endfacet
  facet normal 0 -0.903995 0.427543
    outer loop
      vertex 2.5 21.2492 -8.80171
      vertex -2.5 20.2842 -10.8421
      vertex 2.5 20.2842 -10.8421
    endloop
  endfacet
  facet normal 0 -0.857727 0.514105
    outer loop
      vertex -2.5 19.1238 -12.7781
      vertex 2.5 20.2842 -10.8421
      vertex -2.5 20.2842 -10.8421
    endloop
  endfacet
  facet normal 0 -0.857727 0.514105
    outer loop
      vertex 2.5 20.2842 -10.8421
      vertex -2.5 19.1238 -12.7781
      vertex 2.5 19.1238 -12.7781
    endloop
  endfacet
  facet normal 0 -0.803194 0.595717
    outer loop
      vertex -2.5 17.7792 -14.591
      vertex 2.5 19.1238 -12.7781
      vertex -2.5 19.1238 -12.7781
    endloop
  endfacet
  facet normal 0 -0.803194 0.595717
    outer loop
      vertex 2.5 19.1238 -12.7781
      vertex -2.5 17.7792 -14.591
      vertex 2.5 17.7792 -14.591
    endloop
  endfacet
  facet normal 0 -0.740946 0.671565
    outer loop
      vertex -2.5 16.2634 -16.2634
      vertex 2.5 17.7792 -14.591
      vertex -2.5 17.7792 -14.591
    endloop
  endfacet
  facet normal 0 -0.740946 0.671565
    outer loop
      vertex 2.5 17.7792 -14.591
      vertex -2.5 16.2634 -16.2634
      vertex 2.5 16.2634 -16.2634
    endloop
  endfacet
  facet normal 0 -0.671565 0.740946
    outer loop
      vertex -2.5 16.2634 -16.2634
      vertex 2.5 14.591 -17.7792
      vertex 2.5 16.2634 -16.2634
    endloop
  endfacet
  facet normal 0 -0.671565 0.740946
    outer loop
      vertex 2.5 14.591 -17.7792
      vertex -2.5 16.2634 -16.2634
      vertex -2.5 14.591 -17.7792
    endloop
  endfacet
  facet normal 0 -0.595717 0.803194
    outer loop
      vertex -2.5 14.591 -17.7792
      vertex 2.5 12.7781 -19.1238
      vertex 2.5 14.591 -17.7792
    endloop
  endfacet
  facet normal 0 -0.595717 0.803194
    outer loop
      vertex 2.5 12.7781 -19.1238
      vertex -2.5 14.591 -17.7792
      vertex -2.5 12.7781 -19.1238
    endloop
  endfacet
  facet normal 0 -0.514105 0.857727
    outer loop
      vertex -2.5 12.7781 -19.1238
      vertex 2.5 10.8421 -20.2842
      vertex 2.5 12.7781 -19.1238
    endloop
  endfacet
  facet normal 0 -0.514105 0.857727
    outer loop
      vertex 2.5 10.8421 -20.2842
      vertex -2.5 12.7781 -19.1238
      vertex -2.5 10.8421 -20.2842
    endloop
  endfacet
  facet normal 0 -0.427543 0.903995
    outer loop
      vertex -2.5 10.8421 -20.2842
      vertex 2.5 8.80171 -21.2492
      vertex 2.5 10.8421 -20.2842
    endloop
  endfacet
  facet normal 0 -0.427543 0.903995
    outer loop
      vertex 2.5 8.80171 -21.2492
      vertex -2.5 10.8421 -20.2842
      vertex -2.5 8.80171 -21.2492
    endloop
  endfacet
  facet normal 0 -0.336891 0.941544
    outer loop
      vertex -2.5 8.80171 -21.2492
      vertex 2.5 6.67654 -22.0096
      vertex 2.5 8.80171 -21.2492
    endloop
  endfacet
  facet normal 0 -0.336891 0.941544
    outer loop
      vertex 2.5 6.67654 -22.0096
      vertex -2.5 8.80171 -21.2492
      vertex -2.5 6.67654 -22.0096
    endloop
  endfacet
  facet normal 0 -0.243009 0.970024
    outer loop
      vertex -2.5 6.67654 -22.0096
      vertex 2.5 4.48708 -22.5581
      vertex 2.5 6.67654 -22.0096
    endloop
  endfacet
  facet normal 0 -0.243009 0.970024
    outer loop
      vertex 2.5 4.48708 -22.5581
      vertex -2.5 6.67654 -22.0096
      vertex -2.5 4.48708 -22.5581
    endloop
  endfacet
  facet normal 0 -0.146692 0.989182
    outer loop
      vertex -2.5 4.48708 -22.5581
      vertex 2.5 2.25438 -22.8892
      vertex 2.5 4.48708 -22.5581
    endloop
  endfacet
  facet normal 0 -0.146692 0.989182
    outer loop
      vertex 2.5 2.25438 -22.8892
      vertex -2.5 4.48708 -22.5581
      vertex -2.5 2.25438 -22.8892
    endloop
  endfacet
  facet normal 0 -0.0490895 0.998794
    outer loop
      vertex -2.5 2.25438 -22.8892
      vertex 2.5 0 -23
      vertex 2.5 2.25438 -22.8892
    endloop
  endfacet
  facet normal 0 -0.0490895 0.998794
    outer loop
      vertex 2.5 0 -23
      vertex -2.5 2.25438 -22.8892
      vertex -2.5 0 -23
    endloop
  endfacet
  facet normal -0 0.0490895 0.998794
    outer loop
      vertex -2.5 0 -23
      vertex 2.5 -2.25438 -22.8892
      vertex 2.5 0 -23
    endloop
  endfacet
  facet normal 0 0.0490895 0.998794
    outer loop
      vertex 2.5 -2.25438 -22.8892
      vertex -2.5 0 -23
      vertex -2.5 -2.25438 -22.8892
    endloop
  endfacet
  facet normal -0 0.146692 0.989182
    outer loop
      vertex -2.5 -2.25438 -22.8892
      vertex 2.5 -4.48708 -22.5581
      vertex 2.5 -2.25438 -22.8892
    endloop
  endfacet
  facet normal 0 0.146692 0.989182
    outer loop
      vertex 2.5 -4.48708 -22.5581
      vertex -2.5 -2.25438 -22.8892
      vertex -2.5 -4.48708 -22.5581
    endloop
  endfacet
  facet normal -0 0.243009 0.970024
    outer loop
      vertex -2.5 -4.48708 -22.5581
      vertex 2.5 -6.67654 -22.0096
      vertex 2.5 -4.48708 -22.5581
    endloop
  endfacet
  facet normal 0 0.243009 0.970024
    outer loop
      vertex 2.5 -6.67654 -22.0096
      vertex -2.5 -4.48708 -22.5581
      vertex -2.5 -6.67654 -22.0096
    endloop
  endfacet
  facet normal -0 0.336891 0.941544
    outer loop
      vertex -2.5 -6.67654 -22.0096
      vertex 2.5 -8.80171 -21.2492
      vertex 2.5 -6.67654 -22.0096
    endloop
  endfacet
  facet normal 0 0.336891 0.941544
    outer loop
      vertex 2.5 -8.80171 -21.2492
      vertex -2.5 -6.67654 -22.0096
      vertex -2.5 -8.80171 -21.2492
    endloop
  endfacet
  facet normal -0 0.427543 0.903995
    outer loop
      vertex -2.5 -8.80171 -21.2492
      vertex 2.5 -10.8421 -20.2842
      vertex 2.5 -8.80171 -21.2492
    endloop
  endfacet
  facet normal 0 0.427543 0.903995
    outer loop
      vertex 2.5 -10.8421 -20.2842
      vertex -2.5 -8.80171 -21.2492
      vertex -2.5 -10.8421 -20.2842
    endloop
  endfacet
  facet normal -0 0.514105 0.857727
    outer loop
      vertex -2.5 -10.8421 -20.2842
      vertex 2.5 -12.7781 -19.1238
      vertex 2.5 -10.8421 -20.2842
    endloop
  endfacet
  facet normal 0 0.514105 0.857727
    outer loop
      vertex 2.5 -12.7781 -19.1238
      vertex -2.5 -10.8421 -20.2842
      vertex -2.5 -12.7781 -19.1238
    endloop
  endfacet
  facet normal -0 0.595717 0.803194
    outer loop
      vertex -2.5 -12.7781 -19.1238
      vertex 2.5 -14.591 -17.7792
      vertex 2.5 -12.7781 -19.1238
    endloop
  endfacet
  facet normal 0 0.595717 0.803194
    outer loop
      vertex 2.5 -14.591 -17.7792
      vertex -2.5 -12.7781 -19.1238
      vertex -2.5 -14.591 -17.7792
    endloop
  endfacet
  facet normal -0 0.671565 0.740946
    outer loop
      vertex -2.5 -14.591 -17.7792
      vertex 2.5 -16.2634 -16.2634
      vertex 2.5 -14.591 -17.7792
    endloop
  endfacet
  facet normal 0 0.671565 0.740946
    outer loop
      vertex 2.5 -16.2634 -16.2634
      vertex -2.5 -14.591 -17.7792
      vertex -2.5 -16.2634 -16.2634
    endloop
  endfacet
  facet normal 0 0.740946 0.671565
    outer loop
      vertex 2.5 -16.2634 -16.2634
      vertex -2.5 -17.7792 -14.591
      vertex 2.5 -17.7792 -14.591
    endloop
  endfacet
  facet normal 0 0.740946 0.671565
    outer loop
      vertex -2.5 -17.7792 -14.591
      vertex 2.5 -16.2634 -16.2634
      vertex -2.5 -16.2634 -16.2634
    endloop
  endfacet
  facet normal 0 0.803194 0.595717
    outer loop
      vertex 2.5 -17.7792 -14.591
      vertex -2.5 -19.1238 -12.7781
      vertex 2.5 -19.1238 -12.7781
    endloop
  endfacet
  facet normal 0 0.803194 0.595717
    outer loop
      vertex -2.5 -19.1238 -12.7781
      vertex 2.5 -17.7792 -14.591
      vertex -2.5 -17.7792 -14.591
    endloop
  endfacet
  facet normal 0 0.857727 0.514105
    outer loop
      vertex 2.5 -19.1238 -12.7781
      vertex -2.5 -20.2842 -10.8421
      vertex 2.5 -20.2842 -10.8421
    endloop
  endfacet
  facet normal 0 0.857727 0.514105
    outer loop
      vertex -2.5 -20.2842 -10.8421
      vertex 2.5 -19.1238 -12.7781
      vertex -2.5 -19.1238 -12.7781
    endloop
  endfacet
  facet normal 0 0.903995 0.427543
    outer loop
      vertex 2.5 -20.2842 -10.8421
      vertex -2.5 -21.2492 -8.80171
      vertex 2.5 -21.2492 -8.80171
    endloop
  endfacet
  facet normal 0 0.903995 0.427543
    outer loop
      vertex -2.5 -21.2492 -8.80171
      vertex 2.5 -20.2842 -10.8421
      vertex -2.5 -20.2842 -10.8421
    endloop
  endfacet
  facet normal 0 0.941544 0.336891
    outer loop
      vertex 2.5 -21.2492 -8.80171
      vertex -2.5 -22.0096 -6.67654
      vertex 2.5 -22.0096 -6.67654
    endloop
  endfacet
  facet normal 0 0.941544 0.336891
    outer loop
      vertex -2.5 -22.0096 -6.67654
      vertex 2.5 -21.2492 -8.80171
      vertex -2.5 -21.2492 -8.80171
    endloop
  endfacet
  facet normal 0 0.970024 0.243009
    outer loop
      vertex 2.5 -22.0096 -6.67654
      vertex -2.5 -22.5581 -4.48708
      vertex 2.5 -22.5581 -4.48708
    endloop
  endfacet
  facet normal 0 0.970024 0.243009
    outer loop
      vertex -2.5 -22.5581 -4.48708
      vertex 2.5 -22.0096 -6.67654
      vertex -2.5 -22.0096 -6.67654
    endloop
  endfacet
  facet normal 0 0.989182 0.146692
    outer loop
      vertex 2.5 -22.5581 -4.48708
      vertex -2.5 -22.8892 -2.25438
      vertex 2.5 -22.8892 -2.25438
    endloop
  endfacet
  facet normal 0 0.989182 0.146692
    outer loop
      vertex -2.5 -22.8892 -2.25438
      vertex 2.5 -22.5581 -4.48708
      vertex -2.5 -22.5581 -4.48708
    endloop
  endfacet
  facet normal 0 0.998794 0.0490895
    outer loop
      vertex 2.5 -22.8892 -2.25438
      vertex -2.5 -23 0
      vertex 2.5 -23 0
    endloop
  endfacet
  facet normal 0 0.998794 0.0490895
    outer loop
      vertex -2.5 -23 0
      vertex 2.5 -22.8892 -2.25438
      vertex -2.5 -22.8892 -2.25438
    endloop
  endfacet
  facet normal 0 0.998794 -0.0490895
    outer loop
      vertex 2.5 -23 0
      vertex -2.5 -22.8892 2.25438
      vertex 2.5 -22.8892 2.25438
    endloop
  endfacet
  facet normal 0 0.998794 -0.0490895
    outer loop
      vertex -2.5 -22.8892 2.25438
      vertex 2.5 -23 0
      vertex -2.5 -23 0
    endloop
  endfacet
endsolid OpenSCAD_Model
