solid OpenSCAD_Model
  facet normal 0.998791 0 -0.0491602
    outer loop
      vertex -19.6918 -4 -11.8334
      vertex -19.7 4 -12
      vertex -19.6918 4 -11.8334
    endloop
  endfacet
  facet normal 0.998791 0 -0.0491602
    outer loop
      vertex -19.7 4 -12
      vertex -19.6918 -4 -11.8334
      vertex -19.7 -4 -12
    endloop
  endfacet
  facet normal 0.671478 0 -0.741024
    outer loop
      vertex -19.2021 -4 -10.7979
      vertex -19.0785 4 -10.6859
      vertex -19.0785 -4 -10.6859
    endloop
  endfacet
  facet normal 0.671478 0 -0.741024
    outer loop
      vertex -19.0785 4 -10.6859
      vertex -19.2021 -4 -10.7979
      vertex -19.2021 4 -10.7979
    endloop
  endfacet
  facet normal 0.33683 0 -0.941566
    outer loop
      vertex -18.6506 -4 -10.4294
      vertex -18.4935 4 -10.3732
      vertex -18.4935 -4 -10.3732
    endloop
  endfacet
  facet normal 0.33683 0 -0.941566
    outer loop
      vertex -18.4935 4 -10.3732
      vertex -18.6506 -4 -10.4294
      vertex -18.6506 4 -10.4294
    endloop
  endfacet
  facet normal -0.0491602 0 0.998791
    outer loop
      vertex -18 4 -13.7
      vertex -17.8334 -4 -13.6918
      vertex -17.8334 4 -13.6918
    endloop
  endfacet
  facet normal -0.0491602 0 0.998791
    outer loop
      vertex -17.8334 -4 -13.6918
      vertex -18 4 -13.7
      vertex -18 -4 -13.7
    endloop
  endfacet
  facet normal 0.904043 0 -0.427442
    outer loop
      vertex -19.4993 -4 -11.1986
      vertex -19.5706 4 -11.3494
      vertex -19.4993 4 -11.1986
    endloop
  endfacet
  facet normal 0.904043 0 -0.427442
    outer loop
      vertex -19.5706 4 -11.3494
      vertex -19.4993 -4 -11.1986
      vertex -19.5706 -4 -11.3494
    endloop
  endfacet
  facet normal 0.741024 0 -0.671478
    outer loop
      vertex -19.2021 -4 -10.7979
      vertex -19.3141 4 -10.9215
      vertex -19.2021 4 -10.7979
    endloop
  endfacet
  facet normal 0.741024 0 -0.671478
    outer loop
      vertex -19.3141 4 -10.9215
      vertex -19.2021 -4 -10.7979
      vertex -19.3141 -4 -10.9215
    endloop
  endfacet
  facet normal -0.803154 0 0.595772
    outer loop
      vertex -16.6859 -4 -13.0785
      vertex -16.5865 4 -12.9445
      vertex -16.6859 4 -13.0785
    endloop
  endfacet
  facet normal -0.803154 0 0.595772
    outer loop
      vertex -16.5865 4 -12.9445
      vertex -16.6859 -4 -13.0785
      vertex -16.5865 -4 -12.9445
    endloop
  endfacet
  facet normal 0.671478 0 0.741024
    outer loop
      vertex -19.2021 4 -13.2021
      vertex -19.0785 -4 -13.3141
      vertex -19.0785 4 -13.3141
    endloop
  endfacet
  facet normal 0.671478 0 0.741024
    outer loop
      vertex -19.0785 -4 -13.3141
      vertex -19.2021 4 -13.2021
      vertex -19.2021 -4 -13.2021
    endloop
  endfacet
  facet normal 0.970072 0 -0.242818
    outer loop
      vertex -19.6268 -4 -11.5065
      vertex -19.6673 4 -11.6683
      vertex -19.6268 4 -11.5065
    endloop
  endfacet
  facet normal 0.970072 0 -0.242818
    outer loop
      vertex -19.6673 4 -11.6683
      vertex -19.6268 -4 -11.5065
      vertex -19.6673 -4 -11.6683
    endloop
  endfacet
  facet normal 0.803154 0 -0.595772
    outer loop
      vertex -19.3141 -4 -10.9215
      vertex -19.4135 4 -11.0555
      vertex -19.3141 4 -10.9215
    endloop
  endfacet
  facet normal 0.803154 0 -0.595772
    outer loop
      vertex -19.4135 4 -11.0555
      vertex -19.3141 -4 -10.9215
      vertex -19.4135 -4 -11.0555
    endloop
  endfacet
  facet normal 0.941566 0 -0.33683
    outer loop
      vertex -19.5706 -4 -11.3494
      vertex -19.6268 4 -11.5065
      vertex -19.5706 4 -11.3494
    endloop
  endfacet
  facet normal 0.941566 0 -0.33683
    outer loop
      vertex -19.6268 4 -11.5065
      vertex -19.5706 -4 -11.3494
      vertex -19.6268 -4 -11.5065
    endloop
  endfacet
  facet normal 0.514231 0 -0.857652
    outer loop
      vertex -18.9445 -4 -10.5865
      vertex -18.8014 4 -10.5007
      vertex -18.8014 -4 -10.5007
    endloop
  endfacet
  facet normal 0.514231 0 -0.857652
    outer loop
      vertex -18.8014 4 -10.5007
      vertex -18.9445 -4 -10.5865
      vertex -18.9445 4 -10.5865
    endloop
  endfacet
  facet normal 0.427442 0 -0.904043
    outer loop
      vertex -18.8014 -4 -10.5007
      vertex -18.6506 4 -10.4294
      vertex -18.6506 -4 -10.4294
    endloop
  endfacet
  facet normal 0.427442 0 -0.904043
    outer loop
      vertex -18.6506 4 -10.4294
      vertex -18.8014 -4 -10.5007
      vertex -18.8014 4 -10.5007
    endloop
  endfacet
  facet normal -0.514231 0 0.857652
    outer loop
      vertex -17.1986 4 -13.4993
      vertex -17.0555 -4 -13.4135
      vertex -17.0555 4 -13.4135
    endloop
  endfacet
  facet normal -0.514231 0 0.857652
    outer loop
      vertex -17.0555 -4 -13.4135
      vertex -17.1986 4 -13.4993
      vertex -17.1986 -4 -13.4993
    endloop
  endfacet
  facet normal 0.33683 0 0.941566
    outer loop
      vertex -18.6506 4 -13.5706
      vertex -18.4935 -4 -13.6268
      vertex -18.4935 4 -13.6268
    endloop
  endfacet
  facet normal 0.33683 0 0.941566
    outer loop
      vertex -18.4935 -4 -13.6268
      vertex -18.6506 4 -13.5706
      vertex -18.6506 -4 -13.5706
    endloop
  endfacet
  facet normal 0.857652 -0 0.514231
    outer loop
      vertex -19.4993 -4 -12.8014
      vertex -19.4135 4 -12.9445
      vertex -19.4993 4 -12.8014
    endloop
  endfacet
  facet normal 0.857652 0 0.514231
    outer loop
      vertex -19.4135 4 -12.9445
      vertex -19.4993 -4 -12.8014
      vertex -19.4135 -4 -12.9445
    endloop
  endfacet
  facet normal 0.904043 -0 0.427442
    outer loop
      vertex -19.5706 -4 -12.6506
      vertex -19.4993 4 -12.8014
      vertex -19.5706 4 -12.6506
    endloop
  endfacet
  facet normal 0.904043 0 0.427442
    outer loop
      vertex -19.4993 4 -12.8014
      vertex -19.5706 -4 -12.6506
      vertex -19.4993 -4 -12.8014
    endloop
  endfacet
  facet normal 0.970072 -0 0.242818
    outer loop
      vertex -19.6673 -4 -12.3317
      vertex -19.6268 4 -12.4935
      vertex -19.6673 4 -12.3317
    endloop
  endfacet
  facet normal 0.970072 0 0.242818
    outer loop
      vertex -19.6268 4 -12.4935
      vertex -19.6673 -4 -12.3317
      vertex -19.6268 -4 -12.4935
    endloop
  endfacet
  facet normal 0.941566 -0 0.33683
    outer loop
      vertex -19.6268 -4 -12.4935
      vertex -19.5706 4 -12.6506
      vertex -19.6268 4 -12.4935
    endloop
  endfacet
  facet normal 0.941566 0 0.33683
    outer loop
      vertex -19.5706 4 -12.6506
      vertex -19.6268 -4 -12.4935
      vertex -19.5706 -4 -12.6506
    endloop
  endfacet
  facet normal 0.998791 -0 0.0491602
    outer loop
      vertex -19.7 -4 -12
      vertex -19.6918 4 -12.1666
      vertex -19.7 4 -12
    endloop
  endfacet
  facet normal 0.998791 0 0.0491602
    outer loop
      vertex -19.6918 4 -12.1666
      vertex -19.7 -4 -12
      vertex -19.6918 -4 -12.1666
    endloop
  endfacet
  facet normal 0.857652 0 -0.514231
    outer loop
      vertex -19.4135 -4 -11.0555
      vertex -19.4993 4 -11.1986
      vertex -19.4135 4 -11.0555
    endloop
  endfacet
  facet normal 0.857652 0 -0.514231
    outer loop
      vertex -19.4993 4 -11.1986
      vertex -19.4135 -4 -11.0555
      vertex -19.4993 -4 -11.1986
    endloop
  endfacet
  facet normal 0.989168 0 -0.146788
    outer loop
      vertex -19.6673 -4 -11.6683
      vertex -19.6918 4 -11.8334
      vertex -19.6673 4 -11.6683
    endloop
  endfacet
  facet normal 0.989168 0 -0.146788
    outer loop
      vertex -19.6918 4 -11.8334
      vertex -19.6673 -4 -11.6683
      vertex -19.6918 -4 -11.8334
    endloop
  endfacet
  facet normal 0.595772 0 -0.803154
    outer loop
      vertex -19.0785 -4 -10.6859
      vertex -18.9445 4 -10.5865
      vertex -18.9445 -4 -10.5865
    endloop
  endfacet
  facet normal 0.595772 0 -0.803154
    outer loop
      vertex -18.9445 4 -10.5865
      vertex -19.0785 -4 -10.6859
      vertex -19.0785 4 -10.6859
    endloop
  endfacet
  facet normal 0.24306 0 -0.970011
    outer loop
      vertex -18.4935 -4 -10.3732
      vertex -18.45 4 -10.3623
      vertex -18.45 -4 -10.3623
    endloop
  endfacet
  facet normal 0.24306 0 -0.970011
    outer loop
      vertex -18.45 4 -10.3623
      vertex -18.4935 -4 -10.3732
      vertex -18.4935 4 -10.3732
    endloop
  endfacet
  facet normal -0.146788 0 0.989168
    outer loop
      vertex -17.8334 4 -13.6918
      vertex -17.6683 -4 -13.6673
      vertex -17.6683 4 -13.6673
    endloop
  endfacet
  facet normal -0.146788 0 0.989168
    outer loop
      vertex -17.6683 -4 -13.6673
      vertex -17.8334 4 -13.6918
      vertex -17.8334 -4 -13.6918
    endloop
  endfacet
  facet normal -0.427442 0 0.904043
    outer loop
      vertex -17.3494 4 -13.5706
      vertex -17.1986 -4 -13.4993
      vertex -17.1986 4 -13.4993
    endloop
  endfacet
  facet normal -0.427442 0 0.904043
    outer loop
      vertex -17.1986 -4 -13.4993
      vertex -17.3494 4 -13.5706
      vertex -17.3494 -4 -13.5706
    endloop
  endfacet
  facet normal -0.671478 0 0.741024
    outer loop
      vertex -16.9215 4 -13.3141
      vertex -16.7979 -4 -13.2021
      vertex -16.7979 4 -13.2021
    endloop
  endfacet
  facet normal -0.671478 0 0.741024
    outer loop
      vertex -16.7979 -4 -13.2021
      vertex -16.9215 4 -13.3141
      vertex -16.9215 -4 -13.3141
    endloop
  endfacet
  facet normal -0.741024 0 0.671478
    outer loop
      vertex -16.7979 -4 -13.2021
      vertex -16.6859 4 -13.0785
      vertex -16.7979 4 -13.2021
    endloop
  endfacet
  facet normal -0.741024 0 0.671478
    outer loop
      vertex -16.6859 4 -13.0785
      vertex -16.7979 -4 -13.2021
      vertex -16.6859 -4 -13.0785
    endloop
  endfacet
  facet normal -0.595772 0 0.803154
    outer loop
      vertex -17.0555 4 -13.4135
      vertex -16.9215 -4 -13.3141
      vertex -16.9215 4 -13.3141
    endloop
  endfacet
  facet normal -0.595772 0 0.803154
    outer loop
      vertex -16.9215 -4 -13.3141
      vertex -17.0555 4 -13.4135
      vertex -17.0555 -4 -13.4135
    endloop
  endfacet
  facet normal -0.857652 0 0.514231
    outer loop
      vertex -16.5865 -4 -12.9445
      vertex -16.5007 4 -12.8014
      vertex -16.5865 4 -12.9445
    endloop
  endfacet
  facet normal -0.857652 0 0.514231
    outer loop
      vertex -16.5007 4 -12.8014
      vertex -16.5865 -4 -12.9445
      vertex -16.5007 -4 -12.8014
    endloop
  endfacet
  facet normal -0.904043 0 0.427442
    outer loop
      vertex -16.5007 -4 -12.8014
      vertex -16.4294 4 -12.6506
      vertex -16.5007 4 -12.8014
    endloop
  endfacet
  facet normal -0.904043 0 0.427442
    outer loop
      vertex -16.4294 4 -12.6506
      vertex -16.5007 -4 -12.8014
      vertex -16.4294 -4 -12.6506
    endloop
  endfacet
  facet normal -0.94153 0 0.336929
    outer loop
      vertex -16.4294 -4 -12.6506
      vertex -16.3934 4 -12.55
      vertex -16.4294 4 -12.6506
    endloop
  endfacet
  facet normal -0.94153 0 0.336929
    outer loop
      vertex -16.3934 4 -12.55
      vertex -16.4294 -4 -12.6506
      vertex -16.3934 -4 -12.55
    endloop
  endfacet
  facet normal 0.595772 0 0.803154
    outer loop
      vertex -19.0785 4 -13.3141
      vertex -18.9445 -4 -13.4135
      vertex -18.9445 4 -13.4135
    endloop
  endfacet
  facet normal 0.595772 0 0.803154
    outer loop
      vertex -18.9445 -4 -13.4135
      vertex -19.0785 4 -13.3141
      vertex -19.0785 -4 -13.3141
    endloop
  endfacet
  facet normal 0.514231 0 0.857652
    outer loop
      vertex -18.9445 4 -13.4135
      vertex -18.8014 -4 -13.4993
      vertex -18.8014 4 -13.4993
    endloop
  endfacet
  facet normal 0.514231 0 0.857652
    outer loop
      vertex -18.8014 -4 -13.4993
      vertex -18.9445 4 -13.4135
      vertex -18.9445 -4 -13.4135
    endloop
  endfacet
  facet normal 0.427442 0 0.904043
    outer loop
      vertex -18.8014 4 -13.4993
      vertex -18.6506 -4 -13.5706
      vertex -18.6506 4 -13.5706
    endloop
  endfacet
  facet normal 0.427442 0 0.904043
    outer loop
      vertex -18.6506 -4 -13.5706
      vertex -18.8014 4 -13.4993
      vertex -18.8014 -4 -13.4993
    endloop
  endfacet
  facet normal 0.242818 0 0.970072
    outer loop
      vertex -18.4935 4 -13.6268
      vertex -18.3317 -4 -13.6673
      vertex -18.3317 4 -13.6673
    endloop
  endfacet
  facet normal 0.242818 0 0.970072
    outer loop
      vertex -18.3317 -4 -13.6673
      vertex -18.4935 4 -13.6268
      vertex -18.4935 -4 -13.6268
    endloop
  endfacet
  facet normal 0.146788 0 0.989168
    outer loop
      vertex -18.3317 4 -13.6673
      vertex -18.1666 -4 -13.6918
      vertex -18.1666 4 -13.6918
    endloop
  endfacet
  facet normal 0.146788 0 0.989168
    outer loop
      vertex -18.1666 -4 -13.6918
      vertex -18.3317 4 -13.6673
      vertex -18.3317 -4 -13.6673
    endloop
  endfacet
  facet normal 0.0491602 0 0.998791
    outer loop
      vertex -18.1666 4 -13.6918
      vertex -18 -4 -13.7
      vertex -18 4 -13.7
    endloop
  endfacet
  facet normal 0.0491602 0 0.998791
    outer loop
      vertex -18 -4 -13.7
      vertex -18.1666 4 -13.6918
      vertex -18.1666 -4 -13.6918
    endloop
  endfacet
  facet normal 0.803154 -0 0.595772
    outer loop
      vertex -19.4135 -4 -12.9445
      vertex -19.3141 4 -13.0785
      vertex -19.4135 4 -12.9445
    endloop
  endfacet
  facet normal 0.803154 0 0.595772
    outer loop
      vertex -19.3141 4 -13.0785
      vertex -19.4135 -4 -12.9445
      vertex -19.3141 -4 -13.0785
    endloop
  endfacet
  facet normal 0.741024 -0 0.671478
    outer loop
      vertex -19.3141 -4 -13.0785
      vertex -19.2021 4 -13.2021
      vertex -19.3141 4 -13.0785
    endloop
  endfacet
  facet normal 0.741024 0 0.671478
    outer loop
      vertex -19.2021 4 -13.2021
      vertex -19.3141 -4 -13.0785
      vertex -19.2021 -4 -13.2021
    endloop
  endfacet
  facet normal 0.989168 -0 0.146788
    outer loop
      vertex -19.6918 -4 -12.1666
      vertex -19.6673 4 -12.3317
      vertex -19.6918 4 -12.1666
    endloop
  endfacet
  facet normal 0.989168 0 0.146788
    outer loop
      vertex -19.6673 4 -12.3317
      vertex -19.6918 -4 -12.1666
      vertex -19.6673 -4 -12.3317
    endloop
  endfacet
  facet normal -0.242818 0 0.970072
    outer loop
      vertex -17.6683 4 -13.6673
      vertex -17.5065 -4 -13.6268
      vertex -17.5065 4 -13.6268
    endloop
  endfacet
  facet normal -0.242818 0 0.970072
    outer loop
      vertex -17.5065 -4 -13.6268
      vertex -17.6683 4 -13.6673
      vertex -17.6683 -4 -13.6673
    endloop
  endfacet
  facet normal -0.33683 0 0.941566
    outer loop
      vertex -17.5065 4 -13.6268
      vertex -17.3494 -4 -13.5706
      vertex -17.3494 4 -13.5706
    endloop
  endfacet
  facet normal -0.33683 0 0.941566
    outer loop
      vertex -17.3494 -4 -13.5706
      vertex -17.5065 4 -13.6268
      vertex -17.5065 -4 -13.6268
    endloop
  endfacet
  facet normal -0.998791 0 -0.0491602
    outer loop
      vertex 19.7 -4 -12
      vertex 19.6918 4 -11.8334
      vertex 19.7 4 -12
    endloop
  endfacet
  facet normal -0.998791 -0 -0.0491602
    outer loop
      vertex 19.6918 4 -11.8334
      vertex 19.7 -4 -12
      vertex 19.6918 -4 -11.8334
    endloop
  endfacet
  facet normal -0.989168 0 -0.146788
    outer loop
      vertex 19.6918 -4 -11.8334
      vertex 19.6673 4 -11.6683
      vertex 19.6918 4 -11.8334
    endloop
  endfacet
  facet normal -0.989168 -0 -0.146788
    outer loop
      vertex 19.6673 4 -11.6683
      vertex 19.6918 -4 -11.8334
      vertex 19.6673 -4 -11.6683
    endloop
  endfacet
  facet normal -0.671478 0 -0.741024
    outer loop
      vertex 19.0785 -4 -10.6859
      vertex 19.2021 4 -10.7979
      vertex 19.2021 -4 -10.7979
    endloop
  endfacet
  facet normal -0.671478 0 -0.741024
    outer loop
      vertex 19.2021 4 -10.7979
      vertex 19.0785 -4 -10.6859
      vertex 19.0785 4 -10.6859
    endloop
  endfacet
  facet normal -0.0491602 0 0.998791
    outer loop
      vertex 18 4 -13.7
      vertex 18.1666 -4 -13.6918
      vertex 18.1666 4 -13.6918
    endloop
  endfacet
  facet normal -0.0491602 0 0.998791
    outer loop
      vertex 18.1666 -4 -13.6918
      vertex 18 4 -13.7
      vertex 18 -4 -13.7
    endloop
  endfacet
  facet normal -0.904043 0 -0.427442
    outer loop
      vertex 19.5706 -4 -11.3494
      vertex 19.4993 4 -11.1986
      vertex 19.5706 4 -11.3494
    endloop
  endfacet
  facet normal -0.904043 -0 -0.427442
    outer loop
      vertex 19.4993 4 -11.1986
      vertex 19.5706 -4 -11.3494
      vertex 19.4993 -4 -11.1986
    endloop
  endfacet
  facet normal -0.427442 0 -0.904043
    outer loop
      vertex 18.6506 -4 -10.4294
      vertex 18.8014 4 -10.5007
      vertex 18.8014 -4 -10.5007
    endloop
  endfacet
  facet normal -0.427442 0 -0.904043
    outer loop
      vertex 18.8014 4 -10.5007
      vertex 18.6506 -4 -10.4294
      vertex 18.6506 4 -10.4294
    endloop
  endfacet
  facet normal -0.741024 0 0.671478
    outer loop
      vertex 19.2021 -4 -13.2021
      vertex 19.3141 4 -13.0785
      vertex 19.2021 4 -13.2021
    endloop
  endfacet
  facet normal -0.741024 0 0.671478
    outer loop
      vertex 19.3141 4 -13.0785
      vertex 19.2021 -4 -13.2021
      vertex 19.3141 -4 -13.0785
    endloop
  endfacet
  facet normal -0.970072 0 0.242818
    outer loop
      vertex 19.6268 -4 -12.4935
      vertex 19.6673 4 -12.3317
      vertex 19.6268 4 -12.4935
    endloop
  endfacet
  facet normal -0.970072 0 0.242818
    outer loop
      vertex 19.6673 4 -12.3317
      vertex 19.6268 -4 -12.4935
      vertex 19.6673 -4 -12.3317
    endloop
  endfacet
  facet normal -0.970072 0 -0.242818
    outer loop
      vertex 19.6673 -4 -11.6683
      vertex 19.6268 4 -11.5065
      vertex 19.6673 4 -11.6683
    endloop
  endfacet
  facet normal -0.970072 -0 -0.242818
    outer loop
      vertex 19.6268 4 -11.5065
      vertex 19.6673 -4 -11.6683
      vertex 19.6268 -4 -11.5065
    endloop
  endfacet
  facet normal -0.941566 0 -0.33683
    outer loop
      vertex 19.6268 -4 -11.5065
      vertex 19.5706 4 -11.3494
      vertex 19.6268 4 -11.5065
    endloop
  endfacet
  facet normal -0.941566 -0 -0.33683
    outer loop
      vertex 19.5706 4 -11.3494
      vertex 19.6268 -4 -11.5065
      vertex 19.5706 -4 -11.3494
    endloop
  endfacet
  facet normal -0.24306 0 -0.970011
    outer loop
      vertex 18.45 -4 -10.3623
      vertex 18.4935 4 -10.3732
      vertex 18.4935 -4 -10.3732
    endloop
  endfacet
  facet normal -0.24306 0 -0.970011
    outer loop
      vertex 18.4935 4 -10.3732
      vertex 18.45 -4 -10.3623
      vertex 18.45 4 -10.3623
    endloop
  endfacet
  facet normal -0.803154 0 0.595772
    outer loop
      vertex 19.3141 -4 -13.0785
      vertex 19.4135 4 -12.9445
      vertex 19.3141 4 -13.0785
    endloop
  endfacet
  facet normal -0.803154 0 0.595772
    outer loop
      vertex 19.4135 4 -12.9445
      vertex 19.3141 -4 -13.0785
      vertex 19.4135 -4 -12.9445
    endloop
  endfacet
  facet normal -0.857652 0 0.514231
    outer loop
      vertex 19.4135 -4 -12.9445
      vertex 19.4993 4 -12.8014
      vertex 19.4135 4 -12.9445
    endloop
  endfacet
  facet normal -0.857652 0 0.514231
    outer loop
      vertex 19.4993 4 -12.8014
      vertex 19.4135 -4 -12.9445
      vertex 19.4993 -4 -12.8014
    endloop
  endfacet
  facet normal -0.904043 0 0.427442
    outer loop
      vertex 19.4993 -4 -12.8014
      vertex 19.5706 4 -12.6506
      vertex 19.4993 4 -12.8014
    endloop
  endfacet
  facet normal -0.904043 0 0.427442
    outer loop
      vertex 19.5706 4 -12.6506
      vertex 19.4993 -4 -12.8014
      vertex 19.5706 -4 -12.6506
    endloop
  endfacet
  facet normal 0.671478 0 0.741024
    outer loop
      vertex 16.7979 4 -13.2021
      vertex 16.9215 -4 -13.3141
      vertex 16.9215 4 -13.3141
    endloop
  endfacet
  facet normal 0.671478 0 0.741024
    outer loop
      vertex 16.9215 -4 -13.3141
      vertex 16.7979 4 -13.2021
      vertex 16.7979 -4 -13.2021
    endloop
  endfacet
  facet normal 0.595772 0 0.803154
    outer loop
      vertex 16.9215 4 -13.3141
      vertex 17.0555 -4 -13.4135
      vertex 17.0555 4 -13.4135
    endloop
  endfacet
  facet normal 0.595772 0 0.803154
    outer loop
      vertex 17.0555 -4 -13.4135
      vertex 16.9215 4 -13.3141
      vertex 16.9215 -4 -13.3141
    endloop
  endfacet
  facet normal 0.33683 0 0.941566
    outer loop
      vertex 17.3494 4 -13.5706
      vertex 17.5065 -4 -13.6268
      vertex 17.5065 4 -13.6268
    endloop
  endfacet
  facet normal 0.33683 0 0.941566
    outer loop
      vertex 17.5065 -4 -13.6268
      vertex 17.3494 4 -13.5706
      vertex 17.3494 -4 -13.5706
    endloop
  endfacet
  facet normal 0.803154 -0 0.595772
    outer loop
      vertex 16.5865 -4 -12.9445
      vertex 16.6859 4 -13.0785
      vertex 16.5865 4 -12.9445
    endloop
  endfacet
  facet normal 0.803154 0 0.595772
    outer loop
      vertex 16.6859 4 -13.0785
      vertex 16.5865 -4 -12.9445
      vertex 16.6859 -4 -13.0785
    endloop
  endfacet
  facet normal 0.904043 -0 0.427442
    outer loop
      vertex 16.4294 -4 -12.6506
      vertex 16.5007 4 -12.8014
      vertex 16.4294 4 -12.6506
    endloop
  endfacet
  facet normal 0.904043 0 0.427442
    outer loop
      vertex 16.5007 4 -12.8014
      vertex 16.4294 -4 -12.6506
      vertex 16.5007 -4 -12.8014
    endloop
  endfacet
  facet normal 0.857652 -0 0.514231
    outer loop
      vertex 16.5007 -4 -12.8014
      vertex 16.5865 4 -12.9445
      vertex 16.5007 4 -12.8014
    endloop
  endfacet
  facet normal 0.857652 0 0.514231
    outer loop
      vertex 16.5865 4 -12.9445
      vertex 16.5007 -4 -12.8014
      vertex 16.5865 -4 -12.9445
    endloop
  endfacet
  facet normal 0.94153 -0 0.336929
    outer loop
      vertex 16.3934 -4 -12.55
      vertex 16.4294 4 -12.6506
      vertex 16.3934 4 -12.55
    endloop
  endfacet
  facet normal 0.94153 0 0.336929
    outer loop
      vertex 16.4294 4 -12.6506
      vertex 16.3934 -4 -12.55
      vertex 16.4294 -4 -12.6506
    endloop
  endfacet
  facet normal -0.741024 0 -0.671478
    outer loop
      vertex 19.3141 -4 -10.9215
      vertex 19.2021 4 -10.7979
      vertex 19.3141 4 -10.9215
    endloop
  endfacet
  facet normal -0.741024 -0 -0.671478
    outer loop
      vertex 19.2021 4 -10.7979
      vertex 19.3141 -4 -10.9215
      vertex 19.2021 -4 -10.7979
    endloop
  endfacet
  facet normal -0.857652 0 -0.514231
    outer loop
      vertex 19.4993 -4 -11.1986
      vertex 19.4135 4 -11.0555
      vertex 19.4993 4 -11.1986
    endloop
  endfacet
  facet normal -0.857652 -0 -0.514231
    outer loop
      vertex 19.4135 4 -11.0555
      vertex 19.4993 -4 -11.1986
      vertex 19.4135 -4 -11.0555
    endloop
  endfacet
  facet normal -0.803154 0 -0.595772
    outer loop
      vertex 19.4135 -4 -11.0555
      vertex 19.3141 4 -10.9215
      vertex 19.4135 4 -11.0555
    endloop
  endfacet
  facet normal -0.803154 -0 -0.595772
    outer loop
      vertex 19.3141 4 -10.9215
      vertex 19.4135 -4 -11.0555
      vertex 19.3141 -4 -10.9215
    endloop
  endfacet
  facet normal -0.33683 0 -0.941566
    outer loop
      vertex 18.4935 -4 -10.3732
      vertex 18.6506 4 -10.4294
      vertex 18.6506 -4 -10.4294
    endloop
  endfacet
  facet normal -0.33683 0 -0.941566
    outer loop
      vertex 18.6506 4 -10.4294
      vertex 18.4935 -4 -10.3732
      vertex 18.4935 4 -10.3732
    endloop
  endfacet
  facet normal -0.595772 0 -0.803154
    outer loop
      vertex 18.9445 -4 -10.5865
      vertex 19.0785 4 -10.6859
      vertex 19.0785 -4 -10.6859
    endloop
  endfacet
  facet normal -0.595772 0 -0.803154
    outer loop
      vertex 19.0785 4 -10.6859
      vertex 18.9445 -4 -10.5865
      vertex 18.9445 4 -10.5865
    endloop
  endfacet
  facet normal -0.514231 0 -0.857652
    outer loop
      vertex 18.8014 -4 -10.5007
      vertex 18.9445 4 -10.5865
      vertex 18.9445 -4 -10.5865
    endloop
  endfacet
  facet normal -0.514231 0 -0.857652
    outer loop
      vertex 18.9445 4 -10.5865
      vertex 18.8014 -4 -10.5007
      vertex 18.8014 4 -10.5007
    endloop
  endfacet
  facet normal -0.146788 0 0.989168
    outer loop
      vertex 18.1666 4 -13.6918
      vertex 18.3317 -4 -13.6673
      vertex 18.3317 4 -13.6673
    endloop
  endfacet
  facet normal -0.146788 0 0.989168
    outer loop
      vertex 18.3317 -4 -13.6673
      vertex 18.1666 4 -13.6918
      vertex 18.1666 -4 -13.6918
    endloop
  endfacet
  facet normal -0.427442 0 0.904043
    outer loop
      vertex 18.6506 4 -13.5706
      vertex 18.8014 -4 -13.4993
      vertex 18.8014 4 -13.4993
    endloop
  endfacet
  facet normal -0.427442 0 0.904043
    outer loop
      vertex 18.8014 -4 -13.4993
      vertex 18.6506 4 -13.5706
      vertex 18.6506 -4 -13.5706
    endloop
  endfacet
  facet normal -0.33683 0 0.941566
    outer loop
      vertex 18.4935 4 -13.6268
      vertex 18.6506 -4 -13.5706
      vertex 18.6506 4 -13.5706
    endloop
  endfacet
  facet normal -0.33683 0 0.941566
    outer loop
      vertex 18.6506 -4 -13.5706
      vertex 18.4935 4 -13.6268
      vertex 18.4935 -4 -13.6268
    endloop
  endfacet
  facet normal -0.671478 0 0.741024
    outer loop
      vertex 19.0785 4 -13.3141
      vertex 19.2021 -4 -13.2021
      vertex 19.2021 4 -13.2021
    endloop
  endfacet
  facet normal -0.671478 0 0.741024
    outer loop
      vertex 19.2021 -4 -13.2021
      vertex 19.0785 4 -13.3141
      vertex 19.0785 -4 -13.3141
    endloop
  endfacet
  facet normal -0.514231 0 0.857652
    outer loop
      vertex 18.8014 4 -13.4993
      vertex 18.9445 -4 -13.4135
      vertex 18.9445 4 -13.4135
    endloop
  endfacet
  facet normal -0.514231 0 0.857652
    outer loop
      vertex 18.9445 -4 -13.4135
      vertex 18.8014 4 -13.4993
      vertex 18.8014 -4 -13.4993
    endloop
  endfacet
  facet normal -0.595772 0 0.803154
    outer loop
      vertex 18.9445 4 -13.4135
      vertex 19.0785 -4 -13.3141
      vertex 19.0785 4 -13.3141
    endloop
  endfacet
  facet normal -0.595772 0 0.803154
    outer loop
      vertex 19.0785 -4 -13.3141
      vertex 18.9445 4 -13.4135
      vertex 18.9445 -4 -13.4135
    endloop
  endfacet
  facet normal -0.941566 0 0.33683
    outer loop
      vertex 19.5706 -4 -12.6506
      vertex 19.6268 4 -12.4935
      vertex 19.5706 4 -12.6506
    endloop
  endfacet
  facet normal -0.941566 0 0.33683
    outer loop
      vertex 19.6268 4 -12.4935
      vertex 19.5706 -4 -12.6506
      vertex 19.6268 -4 -12.4935
    endloop
  endfacet
  facet normal -0.989168 0 0.146788
    outer loop
      vertex 19.6673 -4 -12.3317
      vertex 19.6918 4 -12.1666
      vertex 19.6673 4 -12.3317
    endloop
  endfacet
  facet normal -0.989168 0 0.146788
    outer loop
      vertex 19.6918 4 -12.1666
      vertex 19.6673 -4 -12.3317
      vertex 19.6918 -4 -12.1666
    endloop
  endfacet
  facet normal -0.998791 0 0.0491602
    outer loop
      vertex 19.6918 -4 -12.1666
      vertex 19.7 4 -12
      vertex 19.6918 4 -12.1666
    endloop
  endfacet
  facet normal -0.998791 0 0.0491602
    outer loop
      vertex 19.7 4 -12
      vertex 19.6918 -4 -12.1666
      vertex 19.7 -4 -12
    endloop
  endfacet
  facet normal 0.514231 0 0.857652
    outer loop
      vertex 17.0555 4 -13.4135
      vertex 17.1986 -4 -13.4993
      vertex 17.1986 4 -13.4993
    endloop
  endfacet
  facet normal 0.514231 0 0.857652
    outer loop
      vertex 17.1986 -4 -13.4993
      vertex 17.0555 4 -13.4135
      vertex 17.0555 -4 -13.4135
    endloop
  endfacet
  facet normal 0.427442 0 0.904043
    outer loop
      vertex 17.1986 4 -13.4993
      vertex 17.3494 -4 -13.5706
      vertex 17.3494 4 -13.5706
    endloop
  endfacet
  facet normal 0.427442 0 0.904043
    outer loop
      vertex 17.3494 -4 -13.5706
      vertex 17.1986 4 -13.4993
      vertex 17.1986 -4 -13.4993
    endloop
  endfacet
  facet normal 0.242818 0 0.970072
    outer loop
      vertex 17.5065 4 -13.6268
      vertex 17.6683 -4 -13.6673
      vertex 17.6683 4 -13.6673
    endloop
  endfacet
  facet normal 0.242818 0 0.970072
    outer loop
      vertex 17.6683 -4 -13.6673
      vertex 17.5065 4 -13.6268
      vertex 17.5065 -4 -13.6268
    endloop
  endfacet
  facet normal 0.146788 0 0.989168
    outer loop
      vertex 17.6683 4 -13.6673
      vertex 17.8334 -4 -13.6918
      vertex 17.8334 4 -13.6918
    endloop
  endfacet
  facet normal 0.146788 0 0.989168
    outer loop
      vertex 17.8334 -4 -13.6918
      vertex 17.6683 4 -13.6673
      vertex 17.6683 -4 -13.6673
    endloop
  endfacet
  facet normal 0.0491602 0 0.998791
    outer loop
      vertex 17.8334 4 -13.6918
      vertex 18 -4 -13.7
      vertex 18 4 -13.7
    endloop
  endfacet
  facet normal 0.0491602 0 0.998791
    outer loop
      vertex 18 -4 -13.7
      vertex 17.8334 4 -13.6918
      vertex 17.8334 -4 -13.6918
    endloop
  endfacet
  facet normal 0.741024 -0 0.671478
    outer loop
      vertex 16.6859 -4 -13.0785
      vertex 16.7979 4 -13.2021
      vertex 16.6859 4 -13.0785
    endloop
  endfacet
  facet normal 0.741024 0 0.671478
    outer loop
      vertex 16.7979 4 -13.2021
      vertex 16.6859 -4 -13.0785
      vertex 16.7979 -4 -13.2021
    endloop
  endfacet
  facet normal -0.242818 0 0.970072
    outer loop
      vertex 18.3317 4 -13.6673
      vertex 18.4935 -4 -13.6268
      vertex 18.4935 4 -13.6268
    endloop
  endfacet
  facet normal -0.242818 0 0.970072
    outer loop
      vertex 18.4935 -4 -13.6268
      vertex 18.3317 4 -13.6673
      vertex 18.3317 -4 -13.6673
    endloop
  endfacet
  facet normal -0.904088 -0.427347 0
    outer loop
      vertex -22.6458 -2.41418 -17
      vertex -22.7716 -2.14804 17
      vertex -22.7716 -2.14804 -17
    endloop
  endfacet
  facet normal -0.904088 -0.427347 0
    outer loop
      vertex -22.7716 -2.14804 17
      vertex -22.6458 -2.41418 -17
      vertex -22.6458 -2.41418 17
    endloop
  endfacet
  facet normal 0.941523 0.33695 0
    outer loop
      vertex 22.8708 1.87085 17
      vertex 22.7716 2.14804 -17
      vertex 22.7716 2.14804 17
    endloop
  endfacet
  facet normal 0.941523 0.33695 0
    outer loop
      vertex 22.7716 2.14804 -17
      vertex 22.8708 1.87085 17
      vertex 22.8708 1.87085 -17
    endloop
  endfacet
  facet normal -0.941523 -0.33695 0
    outer loop
      vertex -22.7716 -2.14804 -17
      vertex -22.8708 -1.87085 17
      vertex -22.8708 -1.87085 -17
    endloop
  endfacet
  facet normal -0.941523 -0.33695 0
    outer loop
      vertex -22.8708 -1.87085 17
      vertex -22.7716 -2.14804 -17
      vertex -22.7716 -2.14804 17
    endloop
  endfacet
  facet normal -0.0490904 0.998794 0
    outer loop
      vertex -20 4 -17
      vertex -20.294 3.98555 17
      vertex -20 4 17
    endloop
  endfacet
  facet normal -0.0490904 0.998794 0
    outer loop
      vertex -20.294 3.98555 17
      vertex -20 4 -17
      vertex -20.294 3.98555 -17
    endloop
  endfacet
  facet normal -0.904088 0.427347 0
    outer loop
      vertex -22.7716 2.14804 -17
      vertex -22.6458 2.41418 17
      vertex -22.6458 2.41418 -17
    endloop
  endfacet
  facet normal -0.904088 0.427347 0
    outer loop
      vertex -22.6458 2.41418 17
      vertex -22.7716 2.14804 -17
      vertex -22.7716 2.14804 17
    endloop
  endfacet
  facet normal 0.0490904 0.998794 -0
    outer loop
      vertex 20.294 3.98555 -17
      vertex 20 4 17
      vertex 20.294 3.98555 17
    endloop
  endfacet
  facet normal 0.0490904 0.998794 0
    outer loop
      vertex 20 4 17
      vertex 20.294 3.98555 -17
      vertex 20 4 -17
    endloop
  endfacet
  facet normal 0 1 0
    outer loop
      vertex 20 4 17
      vertex 18.45 4 12.55
      vertex -20 4 17
    endloop
  endfacet
  facet normal 0 1 -0
    outer loop
      vertex 19.5706 4 -11.3494
      vertex 18.45 4 12.55
      vertex 20 4 17
    endloop
  endfacet
  facet normal 0 1 0
    outer loop
      vertex 18.45 4 12.55
      vertex 18.4935 4 -10.3732
      vertex 18.45 4 -10.3623
    endloop
  endfacet
  facet normal 0 1 0
    outer loop
      vertex 18.45 4 12.55
      vertex 18.6506 4 -10.4294
      vertex 18.4935 4 -10.3732
    endloop
  endfacet
  facet normal 0 1 0
    outer loop
      vertex 18.45 4 12.55
      vertex 18.8014 4 -10.5007
      vertex 18.6506 4 -10.4294
    endloop
  endfacet
  facet normal 0 1 0
    outer loop
      vertex 18.45 4 12.55
      vertex 18.9445 4 -10.5865
      vertex 18.8014 4 -10.5007
    endloop
  endfacet
  facet normal 0 1 0
    outer loop
      vertex 18.45 4 12.55
      vertex 19.0785 4 -10.6859
      vertex 18.9445 4 -10.5865
    endloop
  endfacet
  facet normal 0 1 0
    outer loop
      vertex 18.45 4 12.55
      vertex 19.2021 4 -10.7979
      vertex 19.0785 4 -10.6859
    endloop
  endfacet
  facet normal 0 1 0
    outer loop
      vertex 18.45 4 12.55
      vertex 19.3141 4 -10.9215
      vertex 19.2021 4 -10.7979
    endloop
  endfacet
  facet normal 0 1 0
    outer loop
      vertex 18.45 4 12.55
      vertex 19.4135 4 -11.0555
      vertex 19.3141 4 -10.9215
    endloop
  endfacet
  facet normal 0 1 0
    outer loop
      vertex 18.45 4 12.55
      vertex 19.4993 4 -11.1986
      vertex 19.4135 4 -11.0555
    endloop
  endfacet
  facet normal 0 1 0
    outer loop
      vertex 18.45 4 12.55
      vertex 19.5706 4 -11.3494
      vertex 19.4993 4 -11.1986
    endloop
  endfacet
  facet normal 0 1 0
    outer loop
      vertex 20 4 17
      vertex 19.6268 4 -11.5065
      vertex 19.5706 4 -11.3494
    endloop
  endfacet
  facet normal 0 1 0
    outer loop
      vertex 20 4 17
      vertex 19.6673 4 -11.6683
      vertex 19.6268 4 -11.5065
    endloop
  endfacet
  facet normal 0 1 0
    outer loop
      vertex 20 4 17
      vertex 19.6918 4 -11.8334
      vertex 19.6673 4 -11.6683
    endloop
  endfacet
  facet normal 0 1 0
    outer loop
      vertex 20 4 17
      vertex 19.7 4 -12
      vertex 19.6918 4 -11.8334
    endloop
  endfacet
  facet normal 0 1 0
    outer loop
      vertex -17.6683 4 -13.6673
      vertex -20 4 -17
      vertex -17.8334 4 -13.6918
    endloop
  endfacet
  facet normal 0 1 0
    outer loop
      vertex 18.1666 4 -13.6918
      vertex 20 4 -17
      vertex 18 4 -13.7
    endloop
  endfacet
  facet normal 0 1 0
    outer loop
      vertex 18.3317 4 -13.6673
      vertex 20 4 -17
      vertex 18.1666 4 -13.6918
    endloop
  endfacet
  facet normal 0 1 0
    outer loop
      vertex 18.4935 4 -13.6268
      vertex 20 4 -17
      vertex 18.3317 4 -13.6673
    endloop
  endfacet
  facet normal 0 1 0
    outer loop
      vertex 18.6506 4 -13.5706
      vertex 20 4 -17
      vertex 18.4935 4 -13.6268
    endloop
  endfacet
  facet normal 0 1 0
    outer loop
      vertex 18.8014 4 -13.4993
      vertex 20 4 -17
      vertex 18.6506 4 -13.5706
    endloop
  endfacet
  facet normal 0 1 0
    outer loop
      vertex 18.9445 4 -13.4135
      vertex 20 4 -17
      vertex 18.8014 4 -13.4993
    endloop
  endfacet
  facet normal 0 1 0
    outer loop
      vertex 19.0785 4 -13.3141
      vertex 20 4 -17
      vertex 18.9445 4 -13.4135
    endloop
  endfacet
  facet normal 0 1 0
    outer loop
      vertex 19.2021 4 -13.2021
      vertex 20 4 -17
      vertex 19.0785 4 -13.3141
    endloop
  endfacet
  facet normal 0 1 0
    outer loop
      vertex 19.3141 4 -13.0785
      vertex 20 4 -17
      vertex 19.2021 4 -13.2021
    endloop
  endfacet
  facet normal 0 1 0
    outer loop
      vertex 19.4135 4 -12.9445
      vertex 20 4 -17
      vertex 19.3141 4 -13.0785
    endloop
  endfacet
  facet normal 0 1 0
    outer loop
      vertex 19.4993 4 -12.8014
      vertex 20 4 -17
      vertex 19.4135 4 -12.9445
    endloop
  endfacet
  facet normal 0 1 0
    outer loop
      vertex 19.5706 4 -12.6506
      vertex 20 4 -17
      vertex 19.4993 4 -12.8014
    endloop
  endfacet
  facet normal 0 1 0
    outer loop
      vertex 19.6268 4 -12.4935
      vertex 20 4 -17
      vertex 19.5706 4 -12.6506
    endloop
  endfacet
  facet normal 0 1 0
    outer loop
      vertex 19.6673 4 -12.3317
      vertex 20 4 -17
      vertex 19.6268 4 -12.4935
    endloop
  endfacet
  facet normal 0 1 0
    outer loop
      vertex 19.6918 4 -12.1666
      vertex 20 4 -17
      vertex 19.6673 4 -12.3317
    endloop
  endfacet
  facet normal 0 1 0
    outer loop
      vertex 19.7 4 -12
      vertex 20 4 -17
      vertex 19.6918 4 -12.1666
    endloop
  endfacet
  facet normal 0 1 -0
    outer loop
      vertex 20 4 -17
      vertex 19.7 4 -12
      vertex 20 4 17
    endloop
  endfacet
  facet normal 0 1 -0
    outer loop
      vertex -18.45 4 12.55
      vertex -20 4 17
      vertex 18.45 4 12.55
    endloop
  endfacet
  facet normal 0 1 0
    outer loop
      vertex -18.4935 4 -10.3732
      vertex -18.45 4 12.55
      vertex -18.45 4 -10.3623
    endloop
  endfacet
  facet normal 0 1 0
    outer loop
      vertex -18.6506 4 -10.4294
      vertex -18.45 4 12.55
      vertex -18.4935 4 -10.3732
    endloop
  endfacet
  facet normal 0 1 0
    outer loop
      vertex -18.8014 4 -10.5007
      vertex -18.45 4 12.55
      vertex -18.6506 4 -10.4294
    endloop
  endfacet
  facet normal 0 1 0
    outer loop
      vertex -18.9445 4 -10.5865
      vertex -18.45 4 12.55
      vertex -18.8014 4 -10.5007
    endloop
  endfacet
  facet normal 0 1 0
    outer loop
      vertex -19.0785 4 -10.6859
      vertex -18.45 4 12.55
      vertex -18.9445 4 -10.5865
    endloop
  endfacet
  facet normal 0 1 0
    outer loop
      vertex -19.2021 4 -10.7979
      vertex -18.45 4 12.55
      vertex -19.0785 4 -10.6859
    endloop
  endfacet
  facet normal 0 1 0
    outer loop
      vertex -19.3141 4 -10.9215
      vertex -18.45 4 12.55
      vertex -19.2021 4 -10.7979
    endloop
  endfacet
  facet normal 0 1 0
    outer loop
      vertex -19.4135 4 -11.0555
      vertex -18.45 4 12.55
      vertex -19.3141 4 -10.9215
    endloop
  endfacet
  facet normal 0 1 0
    outer loop
      vertex -19.4993 4 -11.1986
      vertex -18.45 4 12.55
      vertex -19.4135 4 -11.0555
    endloop
  endfacet
  facet normal 0 1 0
    outer loop
      vertex -19.5706 4 -11.3494
      vertex -18.45 4 12.55
      vertex -19.4993 4 -11.1986
    endloop
  endfacet
  facet normal 0 1 0
    outer loop
      vertex -18.45 4 12.55
      vertex -19.5706 4 -11.3494
      vertex -20 4 17
    endloop
  endfacet
  facet normal 0 1 -0
    outer loop
      vertex -19.6268 4 -11.5065
      vertex -20 4 17
      vertex -19.5706 4 -11.3494
    endloop
  endfacet
  facet normal 0 1 -0
    outer loop
      vertex -19.6673 4 -11.6683
      vertex -20 4 17
      vertex -19.6268 4 -11.5065
    endloop
  endfacet
  facet normal 0 1 -0
    outer loop
      vertex -19.6918 4 -11.8334
      vertex -20 4 17
      vertex -19.6673 4 -11.6683
    endloop
  endfacet
  facet normal 0 1 -0
    outer loop
      vertex -19.7 4 -12
      vertex -20 4 17
      vertex -19.6918 4 -11.8334
    endloop
  endfacet
  facet normal 0 1 0
    outer loop
      vertex -17.8334 4 -13.6918
      vertex -20 4 -17
      vertex -18 4 -13.7
    endloop
  endfacet
  facet normal 0 1 0
    outer loop
      vertex -19.7 4 -12
      vertex -20 4 -17
      vertex -20 4 17
    endloop
  endfacet
  facet normal 0 1 0
    outer loop
      vertex -19.6918 4 -12.1666
      vertex -20 4 -17
      vertex -19.7 4 -12
    endloop
  endfacet
  facet normal 0 1 0
    outer loop
      vertex -19.6673 4 -12.3317
      vertex -20 4 -17
      vertex -19.6918 4 -12.1666
    endloop
  endfacet
  facet normal 0 1 0
    outer loop
      vertex -19.6268 4 -12.4935
      vertex -20 4 -17
      vertex -19.6673 4 -12.3317
    endloop
  endfacet
  facet normal 0 1 0
    outer loop
      vertex -19.5706 4 -12.6506
      vertex -20 4 -17
      vertex -19.6268 4 -12.4935
    endloop
  endfacet
  facet normal 0 1 0
    outer loop
      vertex -19.4993 4 -12.8014
      vertex -20 4 -17
      vertex -19.5706 4 -12.6506
    endloop
  endfacet
  facet normal 0 1 0
    outer loop
      vertex -19.4135 4 -12.9445
      vertex -20 4 -17
      vertex -19.4993 4 -12.8014
    endloop
  endfacet
  facet normal 0 1 0
    outer loop
      vertex -19.3141 4 -13.0785
      vertex -20 4 -17
      vertex -19.4135 4 -12.9445
    endloop
  endfacet
  facet normal 0 1 0
    outer loop
      vertex -19.2021 4 -13.2021
      vertex -20 4 -17
      vertex -19.3141 4 -13.0785
    endloop
  endfacet
  facet normal 0 1 0
    outer loop
      vertex -19.0785 4 -13.3141
      vertex -20 4 -17
      vertex -19.2021 4 -13.2021
    endloop
  endfacet
  facet normal 0 1 0
    outer loop
      vertex -18.9445 4 -13.4135
      vertex -20 4 -17
      vertex -19.0785 4 -13.3141
    endloop
  endfacet
  facet normal 0 1 0
    outer loop
      vertex -18.8014 4 -13.4993
      vertex -20 4 -17
      vertex -18.9445 4 -13.4135
    endloop
  endfacet
  facet normal 0 1 0
    outer loop
      vertex -18.6506 4 -13.5706
      vertex -20 4 -17
      vertex -18.8014 4 -13.4993
    endloop
  endfacet
  facet normal 0 1 0
    outer loop
      vertex -18.4935 4 -13.6268
      vertex -20 4 -17
      vertex -18.6506 4 -13.5706
    endloop
  endfacet
  facet normal 0 1 0
    outer loop
      vertex -18.3317 4 -13.6673
      vertex -20 4 -17
      vertex -18.4935 4 -13.6268
    endloop
  endfacet
  facet normal 0 1 0
    outer loop
      vertex -18.1666 4 -13.6918
      vertex -20 4 -17
      vertex -18.3317 4 -13.6673
    endloop
  endfacet
  facet normal 0 1 0
    outer loop
      vertex -18 4 -13.7
      vertex -20 4 -17
      vertex -18.1666 4 -13.6918
    endloop
  endfacet
  facet normal 0 1 0
    outer loop
      vertex 16.4294 4 -12.6506
      vertex -16.3934 4 -12.55
      vertex 16.3934 4 -12.55
    endloop
  endfacet
  facet normal 0 1 0
    outer loop
      vertex 16.4294 4 -12.6506
      vertex -16.4294 4 -12.6506
      vertex -16.3934 4 -12.55
    endloop
  endfacet
  facet normal 0 1 0
    outer loop
      vertex 16.5007 4 -12.8014
      vertex -16.4294 4 -12.6506
      vertex 16.4294 4 -12.6506
    endloop
  endfacet
  facet normal 0 1 0
    outer loop
      vertex 16.5007 4 -12.8014
      vertex -16.5007 4 -12.8014
      vertex -16.4294 4 -12.6506
    endloop
  endfacet
  facet normal 0 1 0
    outer loop
      vertex 16.5865 4 -12.9445
      vertex -16.5007 4 -12.8014
      vertex 16.5007 4 -12.8014
    endloop
  endfacet
  facet normal 0 1 0
    outer loop
      vertex 16.5865 4 -12.9445
      vertex -16.5865 4 -12.9445
      vertex -16.5007 4 -12.8014
    endloop
  endfacet
  facet normal 0 1 0
    outer loop
      vertex 16.6859 4 -13.0785
      vertex -16.5865 4 -12.9445
      vertex 16.5865 4 -12.9445
    endloop
  endfacet
  facet normal 0 1 0
    outer loop
      vertex 16.6859 4 -13.0785
      vertex -16.6859 4 -13.0785
      vertex -16.5865 4 -12.9445
    endloop
  endfacet
  facet normal 0 1 0
    outer loop
      vertex 16.7979 4 -13.2021
      vertex -16.6859 4 -13.0785
      vertex 16.6859 4 -13.0785
    endloop
  endfacet
  facet normal 0 1 0
    outer loop
      vertex 16.7979 4 -13.2021
      vertex -16.7979 4 -13.2021
      vertex -16.6859 4 -13.0785
    endloop
  endfacet
  facet normal 0 1 0
    outer loop
      vertex 20 4 -17
      vertex 16.7979 4 -13.2021
      vertex 16.9215 4 -13.3141
    endloop
  endfacet
  facet normal 0 1 0
    outer loop
      vertex 16.7979 4 -13.2021
      vertex 20 4 -17
      vertex -16.7979 4 -13.2021
    endloop
  endfacet
  facet normal 0 1 0
    outer loop
      vertex 20 4 -17
      vertex 16.9215 4 -13.3141
      vertex 17.0555 4 -13.4135
    endloop
  endfacet
  facet normal 0 1 0
    outer loop
      vertex -20 4 -17
      vertex -16.7979 4 -13.2021
      vertex 20 4 -17
    endloop
  endfacet
  facet normal 0 1 0
    outer loop
      vertex 20 4 -17
      vertex 17.0555 4 -13.4135
      vertex 17.1986 4 -13.4993
    endloop
  endfacet
  facet normal 0 1 0
    outer loop
      vertex -16.7979 4 -13.2021
      vertex -20 4 -17
      vertex -16.9215 4 -13.3141
    endloop
  endfacet
  facet normal 0 1 0
    outer loop
      vertex 20 4 -17
      vertex 17.1986 4 -13.4993
      vertex 17.3494 4 -13.5706
    endloop
  endfacet
  facet normal 0 1 0
    outer loop
      vertex -16.9215 4 -13.3141
      vertex -20 4 -17
      vertex -17.0555 4 -13.4135
    endloop
  endfacet
  facet normal 0 1 0
    outer loop
      vertex 20 4 -17
      vertex 17.3494 4 -13.5706
      vertex 17.5065 4 -13.6268
    endloop
  endfacet
  facet normal 0 1 0
    outer loop
      vertex -17.0555 4 -13.4135
      vertex -20 4 -17
      vertex -17.1986 4 -13.4993
    endloop
  endfacet
  facet normal 0 1 0
    outer loop
      vertex 20 4 -17
      vertex 17.5065 4 -13.6268
      vertex 17.6683 4 -13.6673
    endloop
  endfacet
  facet normal 0 1 0
    outer loop
      vertex -17.1986 4 -13.4993
      vertex -20 4 -17
      vertex -17.3494 4 -13.5706
    endloop
  endfacet
  facet normal 0 1 0
    outer loop
      vertex 20 4 -17
      vertex 17.6683 4 -13.6673
      vertex 17.8334 4 -13.6918
    endloop
  endfacet
  facet normal 0 1 0
    outer loop
      vertex -17.3494 4 -13.5706
      vertex -20 4 -17
      vertex -17.5065 4 -13.6268
    endloop
  endfacet
  facet normal 0 1 0
    outer loop
      vertex 20 4 -17
      vertex 17.8334 4 -13.6918
      vertex 18 4 -13.7
    endloop
  endfacet
  facet normal 0 1 0
    outer loop
      vertex -17.5065 4 -13.6268
      vertex -20 4 -17
      vertex -17.6683 4 -13.6673
    endloop
  endfacet
  facet normal 0 -1 0
    outer loop
      vertex -20 -4 17
      vertex -18.45 -4 12.55
      vertex 20 -4 17
    endloop
  endfacet
  facet normal 0 -1 0
    outer loop
      vertex -19.5706 -4 -11.3494
      vertex -18.45 -4 12.55
      vertex -20 -4 17
    endloop
  endfacet
  facet normal 0 -1 -0
    outer loop
      vertex -18.45 -4 12.55
      vertex -18.4935 -4 -10.3732
      vertex -18.45 -4 -10.3623
    endloop
  endfacet
  facet normal 0 -1 0
    outer loop
      vertex -18.45 -4 12.55
      vertex -18.6506 -4 -10.4294
      vertex -18.4935 -4 -10.3732
    endloop
  endfacet
  facet normal 0 -1 0
    outer loop
      vertex -18.45 -4 12.55
      vertex -18.8014 -4 -10.5007
      vertex -18.6506 -4 -10.4294
    endloop
  endfacet
  facet normal 0 -1 0
    outer loop
      vertex -18.45 -4 12.55
      vertex -18.9445 -4 -10.5865
      vertex -18.8014 -4 -10.5007
    endloop
  endfacet
  facet normal 0 -1 0
    outer loop
      vertex -18.45 -4 12.55
      vertex -19.0785 -4 -10.6859
      vertex -18.9445 -4 -10.5865
    endloop
  endfacet
  facet normal 0 -1 0
    outer loop
      vertex -18.45 -4 12.55
      vertex -19.2021 -4 -10.7979
      vertex -19.0785 -4 -10.6859
    endloop
  endfacet
  facet normal 0 -1 0
    outer loop
      vertex -18.45 -4 12.55
      vertex -19.3141 -4 -10.9215
      vertex -19.2021 -4 -10.7979
    endloop
  endfacet
  facet normal 0 -1 0
    outer loop
      vertex -18.45 -4 12.55
      vertex -19.4135 -4 -11.0555
      vertex -19.3141 -4 -10.9215
    endloop
  endfacet
  facet normal 0 -1 0
    outer loop
      vertex -18.45 -4 12.55
      vertex -19.4993 -4 -11.1986
      vertex -19.4135 -4 -11.0555
    endloop
  endfacet
  facet normal 0 -1 0
    outer loop
      vertex -18.45 -4 12.55
      vertex -19.5706 -4 -11.3494
      vertex -19.4993 -4 -11.1986
    endloop
  endfacet
  facet normal 0 -1 0
    outer loop
      vertex -20 -4 17
      vertex -19.6268 -4 -11.5065
      vertex -19.5706 -4 -11.3494
    endloop
  endfacet
  facet normal 0 -1 0
    outer loop
      vertex -20 -4 17
      vertex -19.6673 -4 -11.6683
      vertex -19.6268 -4 -11.5065
    endloop
  endfacet
  facet normal 0 -1 0
    outer loop
      vertex -20 -4 17
      vertex -19.6918 -4 -11.8334
      vertex -19.6673 -4 -11.6683
    endloop
  endfacet
  facet normal 0 -1 0
    outer loop
      vertex -20 -4 17
      vertex -19.7 -4 -12
      vertex -19.6918 -4 -11.8334
    endloop
  endfacet
  facet normal 0 -1 0
    outer loop
      vertex 17.6683 -4 -13.6673
      vertex 20 -4 -17
      vertex 17.8334 -4 -13.6918
    endloop
  endfacet
  facet normal 0 -1 -0
    outer loop
      vertex -18.1666 -4 -13.6918
      vertex -20 -4 -17
      vertex -18 -4 -13.7
    endloop
  endfacet
  facet normal 0 -1 -0
    outer loop
      vertex -18.3317 -4 -13.6673
      vertex -20 -4 -17
      vertex -18.1666 -4 -13.6918
    endloop
  endfacet
  facet normal 0 -1 -0
    outer loop
      vertex -18.4935 -4 -13.6268
      vertex -20 -4 -17
      vertex -18.3317 -4 -13.6673
    endloop
  endfacet
  facet normal 0 -1 -0
    outer loop
      vertex -18.6506 -4 -13.5706
      vertex -20 -4 -17
      vertex -18.4935 -4 -13.6268
    endloop
  endfacet
  facet normal 0 -1 -0
    outer loop
      vertex -18.8014 -4 -13.4993
      vertex -20 -4 -17
      vertex -18.6506 -4 -13.5706
    endloop
  endfacet
  facet normal 0 -1 -0
    outer loop
      vertex -18.9445 -4 -13.4135
      vertex -20 -4 -17
      vertex -18.8014 -4 -13.4993
    endloop
  endfacet
  facet normal 0 -1 -0
    outer loop
      vertex -19.0785 -4 -13.3141
      vertex -20 -4 -17
      vertex -18.9445 -4 -13.4135
    endloop
  endfacet
  facet normal 0 -1 -0
    outer loop
      vertex -19.2021 -4 -13.2021
      vertex -20 -4 -17
      vertex -19.0785 -4 -13.3141
    endloop
  endfacet
  facet normal 0 -1 -0
    outer loop
      vertex -19.3141 -4 -13.0785
      vertex -20 -4 -17
      vertex -19.2021 -4 -13.2021
    endloop
  endfacet
  facet normal 0 -1 -0
    outer loop
      vertex -19.4135 -4 -12.9445
      vertex -20 -4 -17
      vertex -19.3141 -4 -13.0785
    endloop
  endfacet
  facet normal 0 -1 -0
    outer loop
      vertex -19.4993 -4 -12.8014
      vertex -20 -4 -17
      vertex -19.4135 -4 -12.9445
    endloop
  endfacet
  facet normal 0 -1 -0
    outer loop
      vertex -19.5706 -4 -12.6506
      vertex -20 -4 -17
      vertex -19.4993 -4 -12.8014
    endloop
  endfacet
  facet normal 0 -1 -0
    outer loop
      vertex -19.6268 -4 -12.4935
      vertex -20 -4 -17
      vertex -19.5706 -4 -12.6506
    endloop
  endfacet
  facet normal 0 -1 -0
    outer loop
      vertex -19.6673 -4 -12.3317
      vertex -20 -4 -17
      vertex -19.6268 -4 -12.4935
    endloop
  endfacet
  facet normal 0 -1 -0
    outer loop
      vertex -19.6918 -4 -12.1666
      vertex -20 -4 -17
      vertex -19.6673 -4 -12.3317
    endloop
  endfacet
  facet normal 0 -1 -0
    outer loop
      vertex -19.7 -4 -12
      vertex -20 -4 -17
      vertex -19.6918 -4 -12.1666
    endloop
  endfacet
  facet normal 0 -1 0
    outer loop
      vertex -20 -4 -17
      vertex -19.7 -4 -12
      vertex -20 -4 17
    endloop
  endfacet
  facet normal 0 -1 0
    outer loop
      vertex 18.45 -4 12.55
      vertex 20 -4 17
      vertex -18.45 -4 12.55
    endloop
  endfacet
  facet normal 0 -1 0
    outer loop
      vertex 18.4935 -4 -10.3732
      vertex 18.45 -4 12.55
      vertex 18.45 -4 -10.3623
    endloop
  endfacet
  facet normal 0 -1 0
    outer loop
      vertex 18.6506 -4 -10.4294
      vertex 18.45 -4 12.55
      vertex 18.4935 -4 -10.3732
    endloop
  endfacet
  facet normal 0 -1 0
    outer loop
      vertex 18.8014 -4 -10.5007
      vertex 18.45 -4 12.55
      vertex 18.6506 -4 -10.4294
    endloop
  endfacet
  facet normal 0 -1 0
    outer loop
      vertex 18.9445 -4 -10.5865
      vertex 18.45 -4 12.55
      vertex 18.8014 -4 -10.5007
    endloop
  endfacet
  facet normal 0 -1 0
    outer loop
      vertex 19.0785 -4 -10.6859
      vertex 18.45 -4 12.55
      vertex 18.9445 -4 -10.5865
    endloop
  endfacet
  facet normal 0 -1 0
    outer loop
      vertex 19.2021 -4 -10.7979
      vertex 18.45 -4 12.55
      vertex 19.0785 -4 -10.6859
    endloop
  endfacet
  facet normal 0 -1 0
    outer loop
      vertex 19.3141 -4 -10.9215
      vertex 18.45 -4 12.55
      vertex 19.2021 -4 -10.7979
    endloop
  endfacet
  facet normal 0 -1 0
    outer loop
      vertex 19.4135 -4 -11.0555
      vertex 18.45 -4 12.55
      vertex 19.3141 -4 -10.9215
    endloop
  endfacet
  facet normal 0 -1 0
    outer loop
      vertex 19.4993 -4 -11.1986
      vertex 18.45 -4 12.55
      vertex 19.4135 -4 -11.0555
    endloop
  endfacet
  facet normal 0 -1 0
    outer loop
      vertex 19.5706 -4 -11.3494
      vertex 18.45 -4 12.55
      vertex 19.4993 -4 -11.1986
    endloop
  endfacet
  facet normal 0 -1 0
    outer loop
      vertex 18.45 -4 12.55
      vertex 19.5706 -4 -11.3494
      vertex 20 -4 17
    endloop
  endfacet
  facet normal 0 -1 0
    outer loop
      vertex 19.6268 -4 -11.5065
      vertex 20 -4 17
      vertex 19.5706 -4 -11.3494
    endloop
  endfacet
  facet normal 0 -1 0
    outer loop
      vertex 19.6673 -4 -11.6683
      vertex 20 -4 17
      vertex 19.6268 -4 -11.5065
    endloop
  endfacet
  facet normal 0 -1 0
    outer loop
      vertex 19.6918 -4 -11.8334
      vertex 20 -4 17
      vertex 19.6673 -4 -11.6683
    endloop
  endfacet
  facet normal 0 -1 0
    outer loop
      vertex 19.7 -4 -12
      vertex 20 -4 17
      vertex 19.6918 -4 -11.8334
    endloop
  endfacet
  facet normal 0 -1 0
    outer loop
      vertex 17.8334 -4 -13.6918
      vertex 20 -4 -17
      vertex 18 -4 -13.7
    endloop
  endfacet
  facet normal 0 -1 0
    outer loop
      vertex 19.7 -4 -12
      vertex 20 -4 -17
      vertex 20 -4 17
    endloop
  endfacet
  facet normal 0 -1 0
    outer loop
      vertex 19.6918 -4 -12.1666
      vertex 20 -4 -17
      vertex 19.7 -4 -12
    endloop
  endfacet
  facet normal 0 -1 0
    outer loop
      vertex 19.6673 -4 -12.3317
      vertex 20 -4 -17
      vertex 19.6918 -4 -12.1666
    endloop
  endfacet
  facet normal 0 -1 0
    outer loop
      vertex 19.6268 -4 -12.4935
      vertex 20 -4 -17
      vertex 19.6673 -4 -12.3317
    endloop
  endfacet
  facet normal 0 -1 0
    outer loop
      vertex 19.5706 -4 -12.6506
      vertex 20 -4 -17
      vertex 19.6268 -4 -12.4935
    endloop
  endfacet
  facet normal 0 -1 0
    outer loop
      vertex 19.4993 -4 -12.8014
      vertex 20 -4 -17
      vertex 19.5706 -4 -12.6506
    endloop
  endfacet
  facet normal 0 -1 0
    outer loop
      vertex 19.4135 -4 -12.9445
      vertex 20 -4 -17
      vertex 19.4993 -4 -12.8014
    endloop
  endfacet
  facet normal 0 -1 0
    outer loop
      vertex 19.3141 -4 -13.0785
      vertex 20 -4 -17
      vertex 19.4135 -4 -12.9445
    endloop
  endfacet
  facet normal 0 -1 0
    outer loop
      vertex 19.2021 -4 -13.2021
      vertex 20 -4 -17
      vertex 19.3141 -4 -13.0785
    endloop
  endfacet
  facet normal 0 -1 0
    outer loop
      vertex 19.0785 -4 -13.3141
      vertex 20 -4 -17
      vertex 19.2021 -4 -13.2021
    endloop
  endfacet
  facet normal 0 -1 0
    outer loop
      vertex 18.9445 -4 -13.4135
      vertex 20 -4 -17
      vertex 19.0785 -4 -13.3141
    endloop
  endfacet
  facet normal 0 -1 0
    outer loop
      vertex 18.8014 -4 -13.4993
      vertex 20 -4 -17
      vertex 18.9445 -4 -13.4135
    endloop
  endfacet
  facet normal 0 -1 0
    outer loop
      vertex 18.6506 -4 -13.5706
      vertex 20 -4 -17
      vertex 18.8014 -4 -13.4993
    endloop
  endfacet
  facet normal 0 -1 0
    outer loop
      vertex 18.4935 -4 -13.6268
      vertex 20 -4 -17
      vertex 18.6506 -4 -13.5706
    endloop
  endfacet
  facet normal 0 -1 0
    outer loop
      vertex 18.3317 -4 -13.6673
      vertex 20 -4 -17
      vertex 18.4935 -4 -13.6268
    endloop
  endfacet
  facet normal 0 -1 0
    outer loop
      vertex 18.1666 -4 -13.6918
      vertex 20 -4 -17
      vertex 18.3317 -4 -13.6673
    endloop
  endfacet
  facet normal 0 -1 0
    outer loop
      vertex 18 -4 -13.7
      vertex 20 -4 -17
      vertex 18.1666 -4 -13.6918
    endloop
  endfacet
  facet normal 0 -1 0
    outer loop
      vertex -16.4294 -4 -12.6506
      vertex 16.3934 -4 -12.55
      vertex -16.3934 -4 -12.55
    endloop
  endfacet
  facet normal 0 -1 0
    outer loop
      vertex -16.4294 -4 -12.6506
      vertex 16.4294 -4 -12.6506
      vertex 16.3934 -4 -12.55
    endloop
  endfacet
  facet normal 0 -1 0
    outer loop
      vertex -16.5007 -4 -12.8014
      vertex 16.4294 -4 -12.6506
      vertex -16.4294 -4 -12.6506
    endloop
  endfacet
  facet normal 0 -1 0
    outer loop
      vertex -16.5007 -4 -12.8014
      vertex 16.5007 -4 -12.8014
      vertex 16.4294 -4 -12.6506
    endloop
  endfacet
  facet normal 0 -1 0
    outer loop
      vertex -16.5865 -4 -12.9445
      vertex 16.5007 -4 -12.8014
      vertex -16.5007 -4 -12.8014
    endloop
  endfacet
  facet normal 0 -1 0
    outer loop
      vertex -16.5865 -4 -12.9445
      vertex 16.5865 -4 -12.9445
      vertex 16.5007 -4 -12.8014
    endloop
  endfacet
  facet normal 0 -1 0
    outer loop
      vertex -16.6859 -4 -13.0785
      vertex 16.5865 -4 -12.9445
      vertex -16.5865 -4 -12.9445
    endloop
  endfacet
  facet normal 0 -1 0
    outer loop
      vertex -16.6859 -4 -13.0785
      vertex 16.6859 -4 -13.0785
      vertex 16.5865 -4 -12.9445
    endloop
  endfacet
  facet normal 0 -1 0
    outer loop
      vertex -16.7979 -4 -13.2021
      vertex 16.6859 -4 -13.0785
      vertex -16.6859 -4 -13.0785
    endloop
  endfacet
  facet normal 0 -1 0
    outer loop
      vertex -16.7979 -4 -13.2021
      vertex 16.7979 -4 -13.2021
      vertex 16.6859 -4 -13.0785
    endloop
  endfacet
  facet normal 0 -1 0
    outer loop
      vertex -20 -4 -17
      vertex -16.7979 -4 -13.2021
      vertex -16.9215 -4 -13.3141
    endloop
  endfacet
  facet normal 0 -1 -0
    outer loop
      vertex -16.7979 -4 -13.2021
      vertex -20 -4 -17
      vertex 16.7979 -4 -13.2021
    endloop
  endfacet
  facet normal 0 -1 0
    outer loop
      vertex -20 -4 -17
      vertex -16.9215 -4 -13.3141
      vertex -17.0555 -4 -13.4135
    endloop
  endfacet
  facet normal 0 -1 0
    outer loop
      vertex 20 -4 -17
      vertex 16.7979 -4 -13.2021
      vertex -20 -4 -17
    endloop
  endfacet
  facet normal 0 -1 0
    outer loop
      vertex -20 -4 -17
      vertex -17.0555 -4 -13.4135
      vertex -17.1986 -4 -13.4993
    endloop
  endfacet
  facet normal 0 -1 0
    outer loop
      vertex 16.7979 -4 -13.2021
      vertex 20 -4 -17
      vertex 16.9215 -4 -13.3141
    endloop
  endfacet
  facet normal 0 -1 0
    outer loop
      vertex -20 -4 -17
      vertex -17.1986 -4 -13.4993
      vertex -17.3494 -4 -13.5706
    endloop
  endfacet
  facet normal 0 -1 0
    outer loop
      vertex 16.9215 -4 -13.3141
      vertex 20 -4 -17
      vertex 17.0555 -4 -13.4135
    endloop
  endfacet
  facet normal 0 -1 0
    outer loop
      vertex -20 -4 -17
      vertex -17.3494 -4 -13.5706
      vertex -17.5065 -4 -13.6268
    endloop
  endfacet
  facet normal 0 -1 0
    outer loop
      vertex 17.0555 -4 -13.4135
      vertex 20 -4 -17
      vertex 17.1986 -4 -13.4993
    endloop
  endfacet
  facet normal 0 -1 0
    outer loop
      vertex -20 -4 -17
      vertex -17.5065 -4 -13.6268
      vertex -17.6683 -4 -13.6673
    endloop
  endfacet
  facet normal 0 -1 0
    outer loop
      vertex 17.1986 -4 -13.4993
      vertex 20 -4 -17
      vertex 17.3494 -4 -13.5706
    endloop
  endfacet
  facet normal 0 -1 0
    outer loop
      vertex -20 -4 -17
      vertex -17.6683 -4 -13.6673
      vertex -17.8334 -4 -13.6918
    endloop
  endfacet
  facet normal 0 -1 0
    outer loop
      vertex 17.3494 -4 -13.5706
      vertex 20 -4 -17
      vertex 17.5065 -4 -13.6268
    endloop
  endfacet
  facet normal 0 -1 0
    outer loop
      vertex -20 -4 -17
      vertex -17.8334 -4 -13.6918
      vertex -18 -4 -13.7
    endloop
  endfacet
  facet normal 0 -1 0
    outer loop
      vertex 17.5065 -4 -13.6268
      vertex 20 -4 -17
      vertex 17.6683 -4 -13.6673
    endloop
  endfacet
  facet normal -0.998786 0.0492532 0
    outer loop
      vertex -23 1 -17
      vertex -22.9855 1.29404 17
      vertex -22.9855 1.29404 -17
    endloop
  endfacet
  facet normal -0.998786 0.0492532 0
    outer loop
      vertex -22.9855 1.29404 17
      vertex -23 1 -17
      vertex -23 1 17
    endloop
  endfacet
  facet normal 0 0 -1
    outer loop
      vertex 20 -4 -17
      vertex 23 -1 -17
      vertex 22.9855 -1.29404 -17
    endloop
  endfacet
  facet normal -0 0 -1
    outer loop
      vertex 23 -1 -17
      vertex 20 -4 -17
      vertex 23 1 -17
    endloop
  endfacet
  facet normal 0 0 -1
    outer loop
      vertex 20 -4 -17
      vertex 22.9855 -1.29404 -17
      vertex 22.9424 -1.58527 -17
    endloop
  endfacet
  facet normal 0 0 -1
    outer loop
      vertex 20 4 -17
      vertex 23 1 -17
      vertex 20 -4 -17
    endloop
  endfacet
  facet normal 0 0 -1
    outer loop
      vertex 20 -4 -17
      vertex 22.9424 -1.58527 -17
      vertex 22.8708 -1.87085 -17
    endloop
  endfacet
  facet normal 0 0 -1
    outer loop
      vertex 23 1 -17
      vertex 20 4 -17
      vertex 22.9855 1.29404 -17
    endloop
  endfacet
  facet normal 0 0 -1
    outer loop
      vertex 20 -4 -17
      vertex 22.8708 -1.87085 -17
      vertex 22.7716 -2.14804 -17
    endloop
  endfacet
  facet normal 0 0 -1
    outer loop
      vertex 22.9855 1.29404 -17
      vertex 20 4 -17
      vertex 22.9424 1.58527 -17
    endloop
  endfacet
  facet normal 0 0 -1
    outer loop
      vertex 20 -4 -17
      vertex 22.7716 -2.14804 -17
      vertex 22.6458 -2.41418 -17
    endloop
  endfacet
  facet normal 0 0 -1
    outer loop
      vertex 22.9424 1.58527 -17
      vertex 20 4 -17
      vertex 22.8708 1.87085 -17
    endloop
  endfacet
  facet normal 0 0 -1
    outer loop
      vertex 20 -4 -17
      vertex 22.6458 -2.41418 -17
      vertex 22.4944 -2.6667 -17
    endloop
  endfacet
  facet normal 0 0 -1
    outer loop
      vertex 22.8708 1.87085 -17
      vertex 20 4 -17
      vertex 22.7716 2.14804 -17
    endloop
  endfacet
  facet normal 0 0 -1
    outer loop
      vertex 20 -4 -17
      vertex 22.4944 -2.6667 -17
      vertex 22.319 -2.90317 -17
    endloop
  endfacet
  facet normal 0 0 -1
    outer loop
      vertex 22.7716 2.14804 -17
      vertex 20 4 -17
      vertex 22.6458 2.41418 -17
    endloop
  endfacet
  facet normal 0 0 -1
    outer loop
      vertex 20 -4 -17
      vertex 22.319 -2.90317 -17
      vertex 22.1213 -3.12131 -17
    endloop
  endfacet
  facet normal 0 0 -1
    outer loop
      vertex 22.6458 2.41418 -17
      vertex 20 4 -17
      vertex 22.4944 2.6667 -17
    endloop
  endfacet
  facet normal 0 0 -1
    outer loop
      vertex 20 -4 -17
      vertex 22.1213 -3.12131 -17
      vertex 21.9032 -3.31903 -17
    endloop
  endfacet
  facet normal 0 0 -1
    outer loop
      vertex 22.4944 2.6667 -17
      vertex 20 4 -17
      vertex 22.319 2.90317 -17
    endloop
  endfacet
  facet normal 0 0 -1
    outer loop
      vertex 20 -4 -17
      vertex 21.9032 -3.31903 -17
      vertex 21.6667 -3.4944 -17
    endloop
  endfacet
  facet normal 0 0 -1
    outer loop
      vertex 22.319 2.90317 -17
      vertex 20 4 -17
      vertex 22.1213 3.12131 -17
    endloop
  endfacet
  facet normal 0 0 -1
    outer loop
      vertex 20 -4 -17
      vertex 21.6667 -3.4944 -17
      vertex 21.4142 -3.64575 -17
    endloop
  endfacet
  facet normal 0 0 -1
    outer loop
      vertex 22.1213 3.12131 -17
      vertex 20 4 -17
      vertex 21.9032 3.31903 -17
    endloop
  endfacet
  facet normal 0 0 -1
    outer loop
      vertex 20 -4 -17
      vertex 21.4142 -3.64575 -17
      vertex 21.148 -3.77164 -17
    endloop
  endfacet
  facet normal 0 0 -1
    outer loop
      vertex 21.9032 3.31903 -17
      vertex 20 4 -17
      vertex 21.6667 3.4944 -17
    endloop
  endfacet
  facet normal 0 0 -1
    outer loop
      vertex 20 -4 -17
      vertex 21.148 -3.77164 -17
      vertex 20.8708 -3.87082 -17
    endloop
  endfacet
  facet normal 0 0 -1
    outer loop
      vertex 21.6667 3.4944 -17
      vertex 20 4 -17
      vertex 21.4142 3.64575 -17
    endloop
  endfacet
  facet normal 0 0 -1
    outer loop
      vertex 20 -4 -17
      vertex 20.8708 -3.87082 -17
      vertex 20.5853 -3.94235 -17
    endloop
  endfacet
  facet normal 0 0 -1
    outer loop
      vertex 21.4142 3.64575 -17
      vertex 20 4 -17
      vertex 21.148 3.77164 -17
    endloop
  endfacet
  facet normal 0 0 -1
    outer loop
      vertex 20 -4 -17
      vertex 20.5853 -3.94235 -17
      vertex 20.294 -3.98555 -17
    endloop
  endfacet
  facet normal 0 0 -1
    outer loop
      vertex 21.148 3.77164 -17
      vertex 20 4 -17
      vertex 20.8708 3.87082 -17
    endloop
  endfacet
  facet normal 0 0 -1
    outer loop
      vertex 20.8708 3.87082 -17
      vertex 20 4 -17
      vertex 20.5853 3.94235 -17
    endloop
  endfacet
  facet normal 0 0 -1
    outer loop
      vertex 20.5853 3.94235 -17
      vertex 20 4 -17
      vertex 20.294 3.98555 -17
    endloop
  endfacet
  facet normal 0 0 -1
    outer loop
      vertex -20 -4 -17
      vertex 20 4 -17
      vertex 20 -4 -17
    endloop
  endfacet
  facet normal 0 0 -1
    outer loop
      vertex -20 -4 -17
      vertex -20 4 -17
      vertex 20 4 -17
    endloop
  endfacet
  facet normal 0 0 -1
    outer loop
      vertex -23 -1 -17
      vertex -20 -4 -17
      vertex -20.294 -3.98555 -17
    endloop
  endfacet
  facet normal 0 0 -1
    outer loop
      vertex -20 -4 -17
      vertex -23 -1 -17
      vertex -20 4 -17
    endloop
  endfacet
  facet normal 0 0 -1
    outer loop
      vertex -23 -1 -17
      vertex -20.294 -3.98555 -17
      vertex -20.5853 -3.94235 -17
    endloop
  endfacet
  facet normal 0 0 -1
    outer loop
      vertex -23 1 -17
      vertex -20 4 -17
      vertex -23 -1 -17
    endloop
  endfacet
  facet normal 0 0 -1
    outer loop
      vertex -23 -1 -17
      vertex -20.5853 -3.94235 -17
      vertex -20.8708 -3.87082 -17
    endloop
  endfacet
  facet normal 0 0 -1
    outer loop
      vertex -20 4 -17
      vertex -23 1 -17
      vertex -20.294 3.98555 -17
    endloop
  endfacet
  facet normal 0 0 -1
    outer loop
      vertex -23 -1 -17
      vertex -20.8708 -3.87082 -17
      vertex -21.148 -3.77164 -17
    endloop
  endfacet
  facet normal 0 0 -1
    outer loop
      vertex -20.294 3.98555 -17
      vertex -23 1 -17
      vertex -20.5853 3.94235 -17
    endloop
  endfacet
  facet normal 0 0 -1
    outer loop
      vertex -23 -1 -17
      vertex -21.148 -3.77164 -17
      vertex -21.4142 -3.64575 -17
    endloop
  endfacet
  facet normal 0 0 -1
    outer loop
      vertex -20.5853 3.94235 -17
      vertex -23 1 -17
      vertex -20.8708 3.87082 -17
    endloop
  endfacet
  facet normal 0 0 -1
    outer loop
      vertex -23 -1 -17
      vertex -21.4142 -3.64575 -17
      vertex -21.6667 -3.4944 -17
    endloop
  endfacet
  facet normal 0 0 -1
    outer loop
      vertex -20.8708 3.87082 -17
      vertex -23 1 -17
      vertex -21.148 3.77164 -17
    endloop
  endfacet
  facet normal 0 0 -1
    outer loop
      vertex -23 -1 -17
      vertex -21.6667 -3.4944 -17
      vertex -21.9032 -3.31903 -17
    endloop
  endfacet
  facet normal 0 0 -1
    outer loop
      vertex -21.148 3.77164 -17
      vertex -23 1 -17
      vertex -21.4142 3.64575 -17
    endloop
  endfacet
  facet normal 0 0 -1
    outer loop
      vertex -23 -1 -17
      vertex -21.9032 -3.31903 -17
      vertex -22.1213 -3.12131 -17
    endloop
  endfacet
  facet normal 0 0 -1
    outer loop
      vertex -21.4142 3.64575 -17
      vertex -23 1 -17
      vertex -21.6667 3.4944 -17
    endloop
  endfacet
  facet normal 0 0 -1
    outer loop
      vertex -23 -1 -17
      vertex -22.1213 -3.12131 -17
      vertex -22.319 -2.90317 -17
    endloop
  endfacet
  facet normal 0 0 -1
    outer loop
      vertex -21.6667 3.4944 -17
      vertex -23 1 -17
      vertex -21.9032 3.31903 -17
    endloop
  endfacet
  facet normal 0 0 -1
    outer loop
      vertex -23 -1 -17
      vertex -22.319 -2.90317 -17
      vertex -22.4944 -2.6667 -17
    endloop
  endfacet
  facet normal 0 0 -1
    outer loop
      vertex -21.9032 3.31903 -17
      vertex -23 1 -17
      vertex -22.1213 3.12131 -17
    endloop
  endfacet
  facet normal 0 0 -1
    outer loop
      vertex -23 -1 -17
      vertex -22.4944 -2.6667 -17
      vertex -22.6458 -2.41418 -17
    endloop
  endfacet
  facet normal 0 0 -1
    outer loop
      vertex -22.1213 3.12131 -17
      vertex -23 1 -17
      vertex -22.319 2.90317 -17
    endloop
  endfacet
  facet normal 0 0 -1
    outer loop
      vertex -23 -1 -17
      vertex -22.6458 -2.41418 -17
      vertex -22.7716 -2.14804 -17
    endloop
  endfacet
  facet normal 0 0 -1
    outer loop
      vertex -22.319 2.90317 -17
      vertex -23 1 -17
      vertex -22.4944 2.6667 -17
    endloop
  endfacet
  facet normal 0 0 -1
    outer loop
      vertex -23 -1 -17
      vertex -22.7716 -2.14804 -17
      vertex -22.8708 -1.87085 -17
    endloop
  endfacet
  facet normal 0 0 -1
    outer loop
      vertex -22.4944 2.6667 -17
      vertex -23 1 -17
      vertex -22.6458 2.41418 -17
    endloop
  endfacet
  facet normal 0 0 -1
    outer loop
      vertex -23 -1 -17
      vertex -22.8708 -1.87085 -17
      vertex -22.9424 -1.58527 -17
    endloop
  endfacet
  facet normal 0 0 -1
    outer loop
      vertex -22.6458 2.41418 -17
      vertex -23 1 -17
      vertex -22.7716 2.14804 -17
    endloop
  endfacet
  facet normal 0 0 -1
    outer loop
      vertex -23 -1 -17
      vertex -22.9424 -1.58527 -17
      vertex -22.9855 -1.29404 -17
    endloop
  endfacet
  facet normal 0 0 -1
    outer loop
      vertex -22.7716 2.14804 -17
      vertex -23 1 -17
      vertex -22.8708 1.87085 -17
    endloop
  endfacet
  facet normal 0 0 -1
    outer loop
      vertex -22.8708 1.87085 -17
      vertex -23 1 -17
      vertex -22.9424 1.58527 -17
    endloop
  endfacet
  facet normal 0 0 -1
    outer loop
      vertex -22.9424 1.58527 -17
      vertex -23 1 -17
      vertex -22.9855 1.29404 -17
    endloop
  endfacet
  facet normal 0.595633 0.803257 -0
    outer loop
      vertex 21.9032 3.31903 -17
      vertex 21.6667 3.4944 17
      vertex 21.9032 3.31903 17
    endloop
  endfacet
  facet normal 0.595633 0.803257 0
    outer loop
      vertex 21.6667 3.4944 17
      vertex 21.9032 3.31903 -17
      vertex 21.6667 3.4944 -17
    endloop
  endfacet
  facet normal -0.595633 0.803257 0
    outer loop
      vertex -21.6667 3.4944 -17
      vertex -21.9032 3.31903 17
      vertex -21.6667 3.4944 17
    endloop
  endfacet
  facet normal -0.595633 0.803257 0
    outer loop
      vertex -21.9032 3.31903 17
      vertex -21.6667 3.4944 -17
      vertex -21.9032 3.31903 -17
    endloop
  endfacet
  facet normal -1 0 0
    outer loop
      vertex -23 -1 -17
      vertex -23 1 17
      vertex -23 1 -17
    endloop
  endfacet
  facet normal -1 -0 0
    outer loop
      vertex -23 1 17
      vertex -23 -1 -17
      vertex -23 -1 17
    endloop
  endfacet
  facet normal 0 0 1
    outer loop
      vertex 20 4 17
      vertex 23 1 17
      vertex 22.9855 1.29404 17
    endloop
  endfacet
  facet normal 0 0 1
    outer loop
      vertex 23 1 17
      vertex 20 4 17
      vertex 23 -1 17
    endloop
  endfacet
  facet normal 0 0 1
    outer loop
      vertex 20 4 17
      vertex 22.9855 1.29404 17
      vertex 22.9424 1.58527 17
    endloop
  endfacet
  facet normal 0 0 1
    outer loop
      vertex 20 -4 17
      vertex 23 -1 17
      vertex 20 4 17
    endloop
  endfacet
  facet normal 0 0 1
    outer loop
      vertex 20 4 17
      vertex 22.9424 1.58527 17
      vertex 22.8708 1.87085 17
    endloop
  endfacet
  facet normal 0 0 1
    outer loop
      vertex 23 -1 17
      vertex 20 -4 17
      vertex 22.9855 -1.29404 17
    endloop
  endfacet
  facet normal 0 0 1
    outer loop
      vertex 20 4 17
      vertex 22.8708 1.87085 17
      vertex 22.7716 2.14804 17
    endloop
  endfacet
  facet normal 0 0 1
    outer loop
      vertex 22.9855 -1.29404 17
      vertex 20 -4 17
      vertex 22.9424 -1.58527 17
    endloop
  endfacet
  facet normal 0 0 1
    outer loop
      vertex 20 4 17
      vertex 22.7716 2.14804 17
      vertex 22.6458 2.41418 17
    endloop
  endfacet
  facet normal 0 0 1
    outer loop
      vertex 22.9424 -1.58527 17
      vertex 20 -4 17
      vertex 22.8708 -1.87085 17
    endloop
  endfacet
  facet normal 0 0 1
    outer loop
      vertex 20 4 17
      vertex 22.6458 2.41418 17
      vertex 22.4944 2.6667 17
    endloop
  endfacet
  facet normal 0 0 1
    outer loop
      vertex 22.8708 -1.87085 17
      vertex 20 -4 17
      vertex 22.7716 -2.14804 17
    endloop
  endfacet
  facet normal 0 0 1
    outer loop
      vertex 20 4 17
      vertex 22.4944 2.6667 17
      vertex 22.319 2.90317 17
    endloop
  endfacet
  facet normal 0 0 1
    outer loop
      vertex 22.7716 -2.14804 17
      vertex 20 -4 17
      vertex 22.6458 -2.41418 17
    endloop
  endfacet
  facet normal 0 0 1
    outer loop
      vertex 20 4 17
      vertex 22.319 2.90317 17
      vertex 22.1213 3.12131 17
    endloop
  endfacet
  facet normal 0 0 1
    outer loop
      vertex 22.6458 -2.41418 17
      vertex 20 -4 17
      vertex 22.4944 -2.6667 17
    endloop
  endfacet
  facet normal 0 0 1
    outer loop
      vertex 20 4 17
      vertex 22.1213 3.12131 17
      vertex 21.9032 3.31903 17
    endloop
  endfacet
  facet normal 0 0 1
    outer loop
      vertex 22.4944 -2.6667 17
      vertex 20 -4 17
      vertex 22.319 -2.90317 17
    endloop
  endfacet
  facet normal 0 0 1
    outer loop
      vertex 20 4 17
      vertex 21.9032 3.31903 17
      vertex 21.6667 3.4944 17
    endloop
  endfacet
  facet normal 0 0 1
    outer loop
      vertex 22.319 -2.90317 17
      vertex 20 -4 17
      vertex 22.1213 -3.12131 17
    endloop
  endfacet
  facet normal 0 0 1
    outer loop
      vertex 20 4 17
      vertex 21.6667 3.4944 17
      vertex 21.4142 3.64575 17
    endloop
  endfacet
  facet normal 0 0 1
    outer loop
      vertex 22.1213 -3.12131 17
      vertex 20 -4 17
      vertex 21.9032 -3.31903 17
    endloop
  endfacet
  facet normal 0 0 1
    outer loop
      vertex 20 4 17
      vertex 21.4142 3.64575 17
      vertex 21.148 3.77164 17
    endloop
  endfacet
  facet normal 0 0 1
    outer loop
      vertex 21.9032 -3.31903 17
      vertex 20 -4 17
      vertex 21.6667 -3.4944 17
    endloop
  endfacet
  facet normal 0 0 1
    outer loop
      vertex 20 4 17
      vertex 21.148 3.77164 17
      vertex 20.8708 3.87082 17
    endloop
  endfacet
  facet normal 0 0 1
    outer loop
      vertex 21.6667 -3.4944 17
      vertex 20 -4 17
      vertex 21.4142 -3.64575 17
    endloop
  endfacet
  facet normal 0 0 1
    outer loop
      vertex 20 4 17
      vertex 20.8708 3.87082 17
      vertex 20.5853 3.94235 17
    endloop
  endfacet
  facet normal 0 0 1
    outer loop
      vertex 21.4142 -3.64575 17
      vertex 20 -4 17
      vertex 21.148 -3.77164 17
    endloop
  endfacet
  facet normal 0 0 1
    outer loop
      vertex 20 4 17
      vertex 20.5853 3.94235 17
      vertex 20.294 3.98555 17
    endloop
  endfacet
  facet normal 0 0 1
    outer loop
      vertex 21.148 -3.77164 17
      vertex 20 -4 17
      vertex 20.8708 -3.87082 17
    endloop
  endfacet
  facet normal 0 0 1
    outer loop
      vertex 20.8708 -3.87082 17
      vertex 20 -4 17
      vertex 20.5853 -3.94235 17
    endloop
  endfacet
  facet normal 0 0 1
    outer loop
      vertex 20.5853 -3.94235 17
      vertex 20 -4 17
      vertex 20.294 -3.98555 17
    endloop
  endfacet
  facet normal -0 0 1
    outer loop
      vertex -20 4 17
      vertex 20 -4 17
      vertex 20 4 17
    endloop
  endfacet
  facet normal 0 0 1
    outer loop
      vertex -20 4 17
      vertex -20 -4 17
      vertex 20 -4 17
    endloop
  endfacet
  facet normal 0 0 1
    outer loop
      vertex -23 1 17
      vertex -20 4 17
      vertex -20.294 3.98555 17
    endloop
  endfacet
  facet normal 0 0 1
    outer loop
      vertex -20 4 17
      vertex -23 1 17
      vertex -20 -4 17
    endloop
  endfacet
  facet normal 0 0 1
    outer loop
      vertex -23 1 17
      vertex -20.294 3.98555 17
      vertex -20.5853 3.94235 17
    endloop
  endfacet
  facet normal -0 0 1
    outer loop
      vertex -23 -1 17
      vertex -20 -4 17
      vertex -23 1 17
    endloop
  endfacet
  facet normal 0 0 1
    outer loop
      vertex -23 1 17
      vertex -20.5853 3.94235 17
      vertex -20.8708 3.87082 17
    endloop
  endfacet
  facet normal 0 0 1
    outer loop
      vertex -20 -4 17
      vertex -23 -1 17
      vertex -20.294 -3.98555 17
    endloop
  endfacet
  facet normal 0 0 1
    outer loop
      vertex -23 1 17
      vertex -20.8708 3.87082 17
      vertex -21.148 3.77164 17
    endloop
  endfacet
  facet normal 0 0 1
    outer loop
      vertex -20.294 -3.98555 17
      vertex -23 -1 17
      vertex -20.5853 -3.94235 17
    endloop
  endfacet
  facet normal 0 0 1
    outer loop
      vertex -23 1 17
      vertex -21.148 3.77164 17
      vertex -21.4142 3.64575 17
    endloop
  endfacet
  facet normal 0 0 1
    outer loop
      vertex -20.5853 -3.94235 17
      vertex -23 -1 17
      vertex -20.8708 -3.87082 17
    endloop
  endfacet
  facet normal 0 0 1
    outer loop
      vertex -23 1 17
      vertex -21.4142 3.64575 17
      vertex -21.6667 3.4944 17
    endloop
  endfacet
  facet normal 0 0 1
    outer loop
      vertex -20.8708 -3.87082 17
      vertex -23 -1 17
      vertex -21.148 -3.77164 17
    endloop
  endfacet
  facet normal 0 0 1
    outer loop
      vertex -23 1 17
      vertex -21.6667 3.4944 17
      vertex -21.9032 3.31903 17
    endloop
  endfacet
  facet normal 0 0 1
    outer loop
      vertex -21.148 -3.77164 17
      vertex -23 -1 17
      vertex -21.4142 -3.64575 17
    endloop
  endfacet
  facet normal 0 0 1
    outer loop
      vertex -23 1 17
      vertex -21.9032 3.31903 17
      vertex -22.1213 3.12131 17
    endloop
  endfacet
  facet normal 0 0 1
    outer loop
      vertex -21.4142 -3.64575 17
      vertex -23 -1 17
      vertex -21.6667 -3.4944 17
    endloop
  endfacet
  facet normal 0 0 1
    outer loop
      vertex -23 1 17
      vertex -22.1213 3.12131 17
      vertex -22.319 2.90317 17
    endloop
  endfacet
  facet normal 0 0 1
    outer loop
      vertex -21.6667 -3.4944 17
      vertex -23 -1 17
      vertex -21.9032 -3.31903 17
    endloop
  endfacet
  facet normal 0 0 1
    outer loop
      vertex -23 1 17
      vertex -22.319 2.90317 17
      vertex -22.4944 2.6667 17
    endloop
  endfacet
  facet normal 0 0 1
    outer loop
      vertex -21.9032 -3.31903 17
      vertex -23 -1 17
      vertex -22.1213 -3.12131 17
    endloop
  endfacet
  facet normal 0 0 1
    outer loop
      vertex -23 1 17
      vertex -22.4944 2.6667 17
      vertex -22.6458 2.41418 17
    endloop
  endfacet
  facet normal 0 0 1
    outer loop
      vertex -22.1213 -3.12131 17
      vertex -23 -1 17
      vertex -22.319 -2.90317 17
    endloop
  endfacet
  facet normal 0 0 1
    outer loop
      vertex -23 1 17
      vertex -22.6458 2.41418 17
      vertex -22.7716 2.14804 17
    endloop
  endfacet
  facet normal 0 0 1
    outer loop
      vertex -22.319 -2.90317 17
      vertex -23 -1 17
      vertex -22.4944 -2.6667 17
    endloop
  endfacet
  facet normal 0 0 1
    outer loop
      vertex -23 1 17
      vertex -22.7716 2.14804 17
      vertex -22.8708 1.87085 17
    endloop
  endfacet
  facet normal 0 0 1
    outer loop
      vertex -22.4944 -2.6667 17
      vertex -23 -1 17
      vertex -22.6458 -2.41418 17
    endloop
  endfacet
  facet normal 0 0 1
    outer loop
      vertex -23 1 17
      vertex -22.8708 1.87085 17
      vertex -22.9424 1.58527 17
    endloop
  endfacet
  facet normal 0 0 1
    outer loop
      vertex -22.6458 -2.41418 17
      vertex -23 -1 17
      vertex -22.7716 -2.14804 17
    endloop
  endfacet
  facet normal 0 0 1
    outer loop
      vertex -23 1 17
      vertex -22.9424 1.58527 17
      vertex -22.9855 1.29404 17
    endloop
  endfacet
  facet normal 0 0 1
    outer loop
      vertex -22.7716 -2.14804 17
      vertex -23 -1 17
      vertex -22.8708 -1.87085 17
    endloop
  endfacet
  facet normal 0 0 1
    outer loop
      vertex -22.8708 -1.87085 17
      vertex -23 -1 17
      vertex -22.9424 -1.58527 17
    endloop
  endfacet
  facet normal 0 0 1
    outer loop
      vertex -22.9424 -1.58527 17
      vertex -23 -1 17
      vertex -22.9855 -1.29404 17
    endloop
  endfacet
  facet normal 0.0490904 -0.998794 0
    outer loop
      vertex 20 -4 -17
      vertex 20.294 -3.98555 17
      vertex 20 -4 17
    endloop
  endfacet
  facet normal 0.0490904 -0.998794 0
    outer loop
      vertex 20.294 -3.98555 17
      vertex 20 -4 -17
      vertex 20.294 -3.98555 -17
    endloop
  endfacet
  facet normal 0.803172 0.595747 0
    outer loop
      vertex 22.4944 2.6667 17
      vertex 22.319 2.90317 -17
      vertex 22.319 2.90317 17
    endloop
  endfacet
  facet normal 0.803172 0.595747 0
    outer loop
      vertex 22.319 2.90317 -17
      vertex 22.4944 2.6667 17
      vertex 22.4944 2.6667 -17
    endloop
  endfacet
  facet normal 0.336879 0.941548 -0
    outer loop
      vertex 21.148 3.77164 -17
      vertex 20.8708 3.87082 17
      vertex 21.148 3.77164 17
    endloop
  endfacet
  facet normal 0.336879 0.941548 0
    outer loop
      vertex 20.8708 3.87082 17
      vertex 21.148 3.77164 -17
      vertex 20.8708 3.87082 -17
    endloop
  endfacet
  facet normal 0.243031 0.970018 -0
    outer loop
      vertex 20.8708 3.87082 -17
      vertex 20.5853 3.94235 17
      vertex 20.8708 3.87082 17
    endloop
  endfacet
  facet normal 0.243031 0.970018 0
    outer loop
      vertex 20.5853 3.94235 17
      vertex 20.8708 3.87082 -17
      vertex 20.5853 3.94235 -17
    endloop
  endfacet
  facet normal 0.427518 0.904007 -0
    outer loop
      vertex 21.4142 3.64575 -17
      vertex 21.148 3.77164 17
      vertex 21.4142 3.64575 17
    endloop
  endfacet
  facet normal 0.427518 0.904007 0
    outer loop
      vertex 21.148 3.77164 17
      vertex 21.4142 3.64575 -17
      vertex 21.148 3.77164 -17
    endloop
  endfacet
  facet normal -0.336879 0.941548 0
    outer loop
      vertex -20.8708 3.87082 -17
      vertex -21.148 3.77164 17
      vertex -20.8708 3.87082 17
    endloop
  endfacet
  facet normal -0.336879 0.941548 0
    outer loop
      vertex -21.148 3.77164 17
      vertex -20.8708 3.87082 -17
      vertex -21.148 3.77164 -17
    endloop
  endfacet
  facet normal -0.740969 0.671539 0
    outer loop
      vertex -22.319 2.90317 -17
      vertex -22.1213 3.12131 17
      vertex -22.1213 3.12131 -17
    endloop
  endfacet
  facet normal -0.740969 0.671539 0
    outer loop
      vertex -22.1213 3.12131 17
      vertex -22.319 2.90317 -17
      vertex -22.319 2.90317 17
    endloop
  endfacet
  facet normal -0.803172 0.595747 0
    outer loop
      vertex -22.4944 2.6667 -17
      vertex -22.319 2.90317 17
      vertex -22.319 2.90317 -17
    endloop
  endfacet
  facet normal -0.803172 0.595747 0
    outer loop
      vertex -22.319 2.90317 17
      vertex -22.4944 2.6667 -17
      vertex -22.4944 2.6667 17
    endloop
  endfacet
  facet normal -0.671644 0.740874 0
    outer loop
      vertex -21.9032 3.31903 -17
      vertex -22.1213 3.12131 17
      vertex -21.9032 3.31903 17
    endloop
  endfacet
  facet normal -0.671644 0.740874 0
    outer loop
      vertex -22.1213 3.12131 17
      vertex -21.9032 3.31903 -17
      vertex -22.1213 3.12131 -17
    endloop
  endfacet
  facet normal -0.969978 0.243191 0
    outer loop
      vertex -22.9424 1.58527 -17
      vertex -22.8708 1.87085 17
      vertex -22.8708 1.87085 -17
    endloop
  endfacet
  facet normal -0.969978 0.243191 0
    outer loop
      vertex -22.8708 1.87085 17
      vertex -22.9424 1.58527 -17
      vertex -22.9424 1.58527 17
    endloop
  endfacet
  facet normal -0.941523 0.33695 0
    outer loop
      vertex -22.8708 1.87085 -17
      vertex -22.7716 2.14804 17
      vertex -22.7716 2.14804 -17
    endloop
  endfacet
  facet normal -0.941523 0.33695 0
    outer loop
      vertex -22.7716 2.14804 17
      vertex -22.8708 1.87085 -17
      vertex -22.8708 1.87085 17
    endloop
  endfacet
  facet normal -0.989226 0.146398 0
    outer loop
      vertex -22.9855 1.29404 -17
      vertex -22.9424 1.58527 17
      vertex -22.9424 1.58527 -17
    endloop
  endfacet
  facet normal -0.989226 0.146398 0
    outer loop
      vertex -22.9424 1.58527 17
      vertex -22.9855 1.29404 -17
      vertex -22.9855 1.29404 17
    endloop
  endfacet
  facet normal 0.998786 0.0492532 0
    outer loop
      vertex 23 1 17
      vertex 22.9855 1.29404 -17
      vertex 22.9855 1.29404 17
    endloop
  endfacet
  facet normal 0.998786 0.0492532 0
    outer loop
      vertex 22.9855 1.29404 -17
      vertex 23 1 17
      vertex 23 1 -17
    endloop
  endfacet
  facet normal 0.803172 -0.595747 0
    outer loop
      vertex 22.319 -2.90317 17
      vertex 22.4944 -2.6667 -17
      vertex 22.4944 -2.6667 17
    endloop
  endfacet
  facet normal 0.803172 -0.595747 0
    outer loop
      vertex 22.4944 -2.6667 -17
      vertex 22.319 -2.90317 17
      vertex 22.319 -2.90317 -17
    endloop
  endfacet
  facet normal 0.904088 -0.427347 0
    outer loop
      vertex 22.6458 -2.41418 17
      vertex 22.7716 -2.14804 -17
      vertex 22.7716 -2.14804 17
    endloop
  endfacet
  facet normal 0.904088 -0.427347 0
    outer loop
      vertex 22.7716 -2.14804 -17
      vertex 22.6458 -2.41418 17
      vertex 22.6458 -2.41418 -17
    endloop
  endfacet
  facet normal 0.671644 -0.740874 0
    outer loop
      vertex 21.9032 -3.31903 -17
      vertex 22.1213 -3.12131 17
      vertex 21.9032 -3.31903 17
    endloop
  endfacet
  facet normal 0.671644 -0.740874 0
    outer loop
      vertex 22.1213 -3.12131 17
      vertex 21.9032 -3.31903 -17
      vertex 22.1213 -3.12131 -17
    endloop
  endfacet
  facet normal 0.941523 -0.33695 0
    outer loop
      vertex 22.7716 -2.14804 17
      vertex 22.8708 -1.87085 -17
      vertex 22.8708 -1.87085 17
    endloop
  endfacet
  facet normal 0.941523 -0.33695 0
    outer loop
      vertex 22.8708 -1.87085 -17
      vertex 22.7716 -2.14804 17
      vertex 22.7716 -2.14804 -17
    endloop
  endfacet
  facet normal 0.989226 -0.146398 0
    outer loop
      vertex 22.9424 -1.58527 17
      vertex 22.9855 -1.29404 -17
      vertex 22.9855 -1.29404 17
    endloop
  endfacet
  facet normal 0.989226 -0.146398 0
    outer loop
      vertex 22.9855 -1.29404 -17
      vertex 22.9424 -1.58527 17
      vertex 22.9424 -1.58527 -17
    endloop
  endfacet
  facet normal 1 -0 0
    outer loop
      vertex 23 -1 17
      vertex 23 1 -17
      vertex 23 1 17
    endloop
  endfacet
  facet normal 1 0 0
    outer loop
      vertex 23 1 -17
      vertex 23 -1 17
      vertex 23 -1 -17
    endloop
  endfacet
  facet normal -0.243031 -0.970018 0
    outer loop
      vertex -20.8708 -3.87082 -17
      vertex -20.5853 -3.94235 17
      vertex -20.8708 -3.87082 17
    endloop
  endfacet
  facet normal -0.243031 -0.970018 -0
    outer loop
      vertex -20.5853 -3.94235 17
      vertex -20.8708 -3.87082 -17
      vertex -20.5853 -3.94235 -17
    endloop
  endfacet
  facet normal -0.0490904 -0.998794 0
    outer loop
      vertex -20.294 -3.98555 -17
      vertex -20 -4 17
      vertex -20.294 -3.98555 17
    endloop
  endfacet
  facet normal -0.0490904 -0.998794 -0
    outer loop
      vertex -20 -4 17
      vertex -20.294 -3.98555 -17
      vertex -20 -4 -17
    endloop
  endfacet
  facet normal -0.857661 -0.514216 0
    outer loop
      vertex -22.4944 -2.6667 -17
      vertex -22.6458 -2.41418 17
      vertex -22.6458 -2.41418 -17
    endloop
  endfacet
  facet normal -0.857661 -0.514216 0
    outer loop
      vertex -22.6458 -2.41418 17
      vertex -22.4944 -2.6667 -17
      vertex -22.4944 -2.6667 17
    endloop
  endfacet
  facet normal 0.857661 0.514216 0
    outer loop
      vertex 22.6458 2.41418 17
      vertex 22.4944 2.6667 -17
      vertex 22.4944 2.6667 17
    endloop
  endfacet
  facet normal 0.857661 0.514216 0
    outer loop
      vertex 22.4944 2.6667 -17
      vertex 22.6458 2.41418 17
      vertex 22.6458 2.41418 -17
    endloop
  endfacet
  facet normal 0.904088 0.427347 0
    outer loop
      vertex 22.7716 2.14804 17
      vertex 22.6458 2.41418 -17
      vertex 22.6458 2.41418 17
    endloop
  endfacet
  facet normal 0.904088 0.427347 0
    outer loop
      vertex 22.6458 2.41418 -17
      vertex 22.7716 2.14804 17
      vertex 22.7716 2.14804 -17
    endloop
  endfacet
  facet normal 0.671644 0.740874 -0
    outer loop
      vertex 22.1213 3.12131 -17
      vertex 21.9032 3.31903 17
      vertex 22.1213 3.12131 17
    endloop
  endfacet
  facet normal 0.671644 0.740874 0
    outer loop
      vertex 21.9032 3.31903 17
      vertex 22.1213 3.12131 -17
      vertex 21.9032 3.31903 -17
    endloop
  endfacet
  facet normal 0.740969 0.671539 0
    outer loop
      vertex 22.319 2.90317 17
      vertex 22.1213 3.12131 -17
      vertex 22.1213 3.12131 17
    endloop
  endfacet
  facet normal 0.740969 0.671539 0
    outer loop
      vertex 22.1213 3.12131 -17
      vertex 22.319 2.90317 17
      vertex 22.319 2.90317 -17
    endloop
  endfacet
  facet normal 0.146696 0.989182 -0
    outer loop
      vertex 20.5853 3.94235 -17
      vertex 20.294 3.98555 17
      vertex 20.5853 3.94235 17
    endloop
  endfacet
  facet normal 0.146696 0.989182 0
    outer loop
      vertex 20.294 3.98555 17
      vertex 20.5853 3.94235 -17
      vertex 20.294 3.98555 -17
    endloop
  endfacet
  facet normal 0.514121 0.857718 -0
    outer loop
      vertex 21.6667 3.4944 -17
      vertex 21.4142 3.64575 17
      vertex 21.6667 3.4944 17
    endloop
  endfacet
  facet normal 0.514121 0.857718 0
    outer loop
      vertex 21.4142 3.64575 17
      vertex 21.6667 3.4944 -17
      vertex 21.4142 3.64575 -17
    endloop
  endfacet
  facet normal -0.243031 0.970018 0
    outer loop
      vertex -20.5853 3.94235 -17
      vertex -20.8708 3.87082 17
      vertex -20.5853 3.94235 17
    endloop
  endfacet
  facet normal -0.243031 0.970018 0
    outer loop
      vertex -20.8708 3.87082 17
      vertex -20.5853 3.94235 -17
      vertex -20.8708 3.87082 -17
    endloop
  endfacet
  facet normal -0.146696 0.989182 0
    outer loop
      vertex -20.294 3.98555 -17
      vertex -20.5853 3.94235 17
      vertex -20.294 3.98555 17
    endloop
  endfacet
  facet normal -0.146696 0.989182 0
    outer loop
      vertex -20.5853 3.94235 17
      vertex -20.294 3.98555 -17
      vertex -20.5853 3.94235 -17
    endloop
  endfacet
  facet normal -0.427518 0.904007 0
    outer loop
      vertex -21.148 3.77164 -17
      vertex -21.4142 3.64575 17
      vertex -21.148 3.77164 17
    endloop
  endfacet
  facet normal -0.427518 0.904007 0
    outer loop
      vertex -21.4142 3.64575 17
      vertex -21.148 3.77164 -17
      vertex -21.4142 3.64575 -17
    endloop
  endfacet
  facet normal -0.514121 0.857718 0
    outer loop
      vertex -21.4142 3.64575 -17
      vertex -21.6667 3.4944 17
      vertex -21.4142 3.64575 17
    endloop
  endfacet
  facet normal -0.514121 0.857718 0
    outer loop
      vertex -21.6667 3.4944 17
      vertex -21.4142 3.64575 -17
      vertex -21.6667 3.4944 -17
    endloop
  endfacet
  facet normal -0.857661 0.514216 0
    outer loop
      vertex -22.6458 2.41418 -17
      vertex -22.4944 2.6667 17
      vertex -22.4944 2.6667 -17
    endloop
  endfacet
  facet normal -0.857661 0.514216 0
    outer loop
      vertex -22.4944 2.6667 17
      vertex -22.6458 2.41418 -17
      vertex -22.6458 2.41418 17
    endloop
  endfacet
  facet normal -0.989226 -0.146398 0
    outer loop
      vertex -22.9424 -1.58527 -17
      vertex -22.9855 -1.29404 17
      vertex -22.9855 -1.29404 -17
    endloop
  endfacet
  facet normal -0.989226 -0.146398 0
    outer loop
      vertex -22.9855 -1.29404 17
      vertex -22.9424 -1.58527 -17
      vertex -22.9424 -1.58527 17
    endloop
  endfacet
  facet normal -0.998786 -0.0492532 0
    outer loop
      vertex -22.9855 -1.29404 -17
      vertex -23 -1 17
      vertex -23 -1 -17
    endloop
  endfacet
  facet normal -0.998786 -0.0492532 0
    outer loop
      vertex -23 -1 17
      vertex -22.9855 -1.29404 -17
      vertex -22.9855 -1.29404 17
    endloop
  endfacet
  facet normal -0.969978 -0.243191 0
    outer loop
      vertex -22.8708 -1.87085 -17
      vertex -22.9424 -1.58527 17
      vertex -22.9424 -1.58527 -17
    endloop
  endfacet
  facet normal -0.969978 -0.243191 0
    outer loop
      vertex -22.9424 -1.58527 17
      vertex -22.8708 -1.87085 -17
      vertex -22.8708 -1.87085 17
    endloop
  endfacet
  facet normal 0.336879 -0.941548 0
    outer loop
      vertex 20.8708 -3.87082 -17
      vertex 21.148 -3.77164 17
      vertex 20.8708 -3.87082 17
    endloop
  endfacet
  facet normal 0.336879 -0.941548 0
    outer loop
      vertex 21.148 -3.77164 17
      vertex 20.8708 -3.87082 -17
      vertex 21.148 -3.77164 -17
    endloop
  endfacet
  facet normal 0.146696 -0.989182 0
    outer loop
      vertex 20.294 -3.98555 -17
      vertex 20.5853 -3.94235 17
      vertex 20.294 -3.98555 17
    endloop
  endfacet
  facet normal 0.146696 -0.989182 0
    outer loop
      vertex 20.5853 -3.94235 17
      vertex 20.294 -3.98555 -17
      vertex 20.5853 -3.94235 -17
    endloop
  endfacet
  facet normal 0.243031 -0.970018 0
    outer loop
      vertex 20.5853 -3.94235 -17
      vertex 20.8708 -3.87082 17
      vertex 20.5853 -3.94235 17
    endloop
  endfacet
  facet normal 0.243031 -0.970018 0
    outer loop
      vertex 20.8708 -3.87082 17
      vertex 20.5853 -3.94235 -17
      vertex 20.8708 -3.87082 -17
    endloop
  endfacet
  facet normal 0.427518 -0.904007 0
    outer loop
      vertex 21.148 -3.77164 -17
      vertex 21.4142 -3.64575 17
      vertex 21.148 -3.77164 17
    endloop
  endfacet
  facet normal 0.427518 -0.904007 0
    outer loop
      vertex 21.4142 -3.64575 17
      vertex 21.148 -3.77164 -17
      vertex 21.4142 -3.64575 -17
    endloop
  endfacet
  facet normal 0.595633 -0.803257 0
    outer loop
      vertex 21.6667 -3.4944 -17
      vertex 21.9032 -3.31903 17
      vertex 21.6667 -3.4944 17
    endloop
  endfacet
  facet normal 0.595633 -0.803257 0
    outer loop
      vertex 21.9032 -3.31903 17
      vertex 21.6667 -3.4944 -17
      vertex 21.9032 -3.31903 -17
    endloop
  endfacet
  facet normal 0.514121 -0.857718 0
    outer loop
      vertex 21.4142 -3.64575 -17
      vertex 21.6667 -3.4944 17
      vertex 21.4142 -3.64575 17
    endloop
  endfacet
  facet normal 0.514121 -0.857718 0
    outer loop
      vertex 21.6667 -3.4944 17
      vertex 21.4142 -3.64575 -17
      vertex 21.6667 -3.4944 -17
    endloop
  endfacet
  facet normal 0.857661 -0.514216 0
    outer loop
      vertex 22.4944 -2.6667 17
      vertex 22.6458 -2.41418 -17
      vertex 22.6458 -2.41418 17
    endloop
  endfacet
  facet normal 0.857661 -0.514216 0
    outer loop
      vertex 22.6458 -2.41418 -17
      vertex 22.4944 -2.6667 17
      vertex 22.4944 -2.6667 -17
    endloop
  endfacet
  facet normal 0.740969 -0.671539 0
    outer loop
      vertex 22.1213 -3.12131 17
      vertex 22.319 -2.90317 -17
      vertex 22.319 -2.90317 17
    endloop
  endfacet
  facet normal 0.740969 -0.671539 0
    outer loop
      vertex 22.319 -2.90317 -17
      vertex 22.1213 -3.12131 17
      vertex 22.1213 -3.12131 -17
    endloop
  endfacet
  facet normal 0.969978 -0.243191 0
    outer loop
      vertex 22.8708 -1.87085 17
      vertex 22.9424 -1.58527 -17
      vertex 22.9424 -1.58527 17
    endloop
  endfacet
  facet normal 0.969978 -0.243191 0
    outer loop
      vertex 22.9424 -1.58527 -17
      vertex 22.8708 -1.87085 17
      vertex 22.8708 -1.87085 -17
    endloop
  endfacet
  facet normal 0.998786 -0.0492532 0
    outer loop
      vertex 22.9855 -1.29404 17
      vertex 23 -1 -17
      vertex 23 -1 17
    endloop
  endfacet
  facet normal 0.998786 -0.0492532 0
    outer loop
      vertex 23 -1 -17
      vertex 22.9855 -1.29404 17
      vertex 22.9855 -1.29404 -17
    endloop
  endfacet
  facet normal 0.969978 0.243191 0
    outer loop
      vertex 22.9424 1.58527 17
      vertex 22.8708 1.87085 -17
      vertex 22.8708 1.87085 17
    endloop
  endfacet
  facet normal 0.969978 0.243191 0
    outer loop
      vertex 22.8708 1.87085 -17
      vertex 22.9424 1.58527 17
      vertex 22.9424 1.58527 -17
    endloop
  endfacet
  facet normal -0.336879 -0.941548 0
    outer loop
      vertex -21.148 -3.77164 -17
      vertex -20.8708 -3.87082 17
      vertex -21.148 -3.77164 17
    endloop
  endfacet
  facet normal -0.336879 -0.941548 -0
    outer loop
      vertex -20.8708 -3.87082 17
      vertex -21.148 -3.77164 -17
      vertex -20.8708 -3.87082 -17
    endloop
  endfacet
  facet normal -0.514121 -0.857718 0
    outer loop
      vertex -21.6667 -3.4944 -17
      vertex -21.4142 -3.64575 17
      vertex -21.6667 -3.4944 17
    endloop
  endfacet
  facet normal -0.514121 -0.857718 -0
    outer loop
      vertex -21.4142 -3.64575 17
      vertex -21.6667 -3.4944 -17
      vertex -21.4142 -3.64575 -17
    endloop
  endfacet
  facet normal -0.427518 -0.904007 0
    outer loop
      vertex -21.4142 -3.64575 -17
      vertex -21.148 -3.77164 17
      vertex -21.4142 -3.64575 17
    endloop
  endfacet
  facet normal -0.427518 -0.904007 -0
    outer loop
      vertex -21.148 -3.77164 17
      vertex -21.4142 -3.64575 -17
      vertex -21.148 -3.77164 -17
    endloop
  endfacet
  facet normal -0.146696 -0.989182 0
    outer loop
      vertex -20.5853 -3.94235 -17
      vertex -20.294 -3.98555 17
      vertex -20.5853 -3.94235 17
    endloop
  endfacet
  facet normal -0.146696 -0.989182 -0
    outer loop
      vertex -20.294 -3.98555 17
      vertex -20.5853 -3.94235 -17
      vertex -20.294 -3.98555 -17
    endloop
  endfacet
  facet normal -0.595633 -0.803257 0
    outer loop
      vertex -21.9032 -3.31903 -17
      vertex -21.6667 -3.4944 17
      vertex -21.9032 -3.31903 17
    endloop
  endfacet
  facet normal -0.595633 -0.803257 -0
    outer loop
      vertex -21.6667 -3.4944 17
      vertex -21.9032 -3.31903 -17
      vertex -21.6667 -3.4944 -17
    endloop
  endfacet
  facet normal -0.740969 -0.671539 0
    outer loop
      vertex -22.1213 -3.12131 -17
      vertex -22.319 -2.90317 17
      vertex -22.319 -2.90317 -17
    endloop
  endfacet
  facet normal -0.740969 -0.671539 0
    outer loop
      vertex -22.319 -2.90317 17
      vertex -22.1213 -3.12131 -17
      vertex -22.1213 -3.12131 17
    endloop
  endfacet
  facet normal -0.671644 -0.740874 0
    outer loop
      vertex -22.1213 -3.12131 -17
      vertex -21.9032 -3.31903 17
      vertex -22.1213 -3.12131 17
    endloop
  endfacet
  facet normal -0.671644 -0.740874 -0
    outer loop
      vertex -21.9032 -3.31903 17
      vertex -22.1213 -3.12131 -17
      vertex -21.9032 -3.31903 -17
    endloop
  endfacet
  facet normal -0.803172 -0.595747 0
    outer loop
      vertex -22.319 -2.90317 -17
      vertex -22.4944 -2.6667 17
      vertex -22.4944 -2.6667 -17
    endloop
  endfacet
  facet normal -0.803172 -0.595747 0
    outer loop
      vertex -22.4944 -2.6667 17
      vertex -22.319 -2.90317 -17
      vertex -22.319 -2.90317 17
    endloop
  endfacet
  facet normal 0.989226 0.146398 0
    outer loop
      vertex 22.9855 1.29404 17
      vertex 22.9424 1.58527 -17
      vertex 22.9424 1.58527 17
    endloop
  endfacet
  facet normal 0.989226 0.146398 0
    outer loop
      vertex 22.9424 1.58527 -17
      vertex 22.9855 1.29404 17
      vertex 22.9855 1.29404 -17
    endloop
  endfacet
  facet normal 1 -0 0
    outer loop
      vertex -18.45 -4 12.55
      vertex -18.45 4 -10.3623
      vertex -18.45 4 12.55
    endloop
  endfacet
  facet normal 1 0 0
    outer loop
      vertex -18.45 4 -10.3623
      vertex -18.45 -4 12.55
      vertex -18.45 -4 -10.3623
    endloop
  endfacet
  facet normal 0 0 -1
    outer loop
      vertex -18.45 -4 12.55
      vertex 18.45 4 12.55
      vertex 18.45 -4 12.55
    endloop
  endfacet
  facet normal -0 0 -1
    outer loop
      vertex 18.45 4 12.55
      vertex -18.45 -4 12.55
      vertex -18.45 4 12.55
    endloop
  endfacet
  facet normal -1 0 0
    outer loop
      vertex 18.45 -4 -10.3623
      vertex 18.45 4 12.55
      vertex 18.45 4 -10.3623
    endloop
  endfacet
  facet normal -1 -0 0
    outer loop
      vertex 18.45 4 12.55
      vertex 18.45 -4 -10.3623
      vertex 18.45 -4 12.55
    endloop
  endfacet
  facet normal -0 0 1
    outer loop
      vertex -16.3934 4 -12.55
      vertex 16.3934 -4 -12.55
      vertex 16.3934 4 -12.55
    endloop
  endfacet
  facet normal 0 0 1
    outer loop
      vertex 16.3934 -4 -12.55
      vertex -16.3934 4 -12.55
      vertex -16.3934 -4 -12.55
    endloop
  endfacet
endsolid OpenSCAD_Model
